TCGA_patient,CD79B,TP63,HMOX1,CD40,GSR,CD79A,NKG7,NFE2L2,PARK7,EPCAM,CAT,JCHAIN,TXN,SOD1,MS4A1,CD3D,MZB1,CD19,NQO1,KRT5,LST1,GPX1,B_lineage_marker_module,NRF2_redox_marker_module,Squamous_epithelial_module
TCGA-18-3406,2.3557210837366656,7.050569172552961,4.583771786075068,5.309238045049916,4.652968268874645,6.420735023419019,4.613673086675296,6.696400070479834,7.513928098867406,5.733058720554992,5.444693567242178,11.721402866271616,8.820066606568002,7.945262976048848,1.9531907273403677,5.240745546733317,7.0290353891273485,2.014676649643325,4.088073735675614,12.469584917161066,4.61793316664953,8.310974886747637,5.257714254941179,6.317776487213978,8.417737603423006
TCGA-18-3407,2.7452803648970754,9.06742118417128,6.000777493255573,4.658817001896605,7.817301556927978,7.185270914323008,4.152645851218814,8.12404219412531,7.29530517747505,7.915657132916927,6.012050139731359,10.487865451554946,10.324449029464096,8.011069556881614,2.47793631599449,4.148901574395426,6.689236250950314,2.327802315376529,8.456278427745596,11.636537304040065,2.795039599624365,8.529882228539197,5.224601230713281,7.9094813283338405,9.539871873709425
TCGA-18-3408,1.4326922167871696,8.738781682823795,5.65451001095134,4.4066591117780565,9.27651713717397,3.9424582039463902,3.834792104764455,8.496352091561517,7.622201939809835,8.340360644358789,7.25141802640242,10.372876048924368,11.20981490795309,8.563589455537388,2.0968690337528155,5.420613770710282,4.090633284130468,0.9796595517158244,8.974849627264314,10.375159904389015,4.656902464654363,6.737846270971268,3.9031210644335848,8.270612190976914,9.151434077190533
TCGA-18-3409,1.3850444259596073,8.413101101078054,7.0735771221217085,4.985008518596685,6.338265730996859,2.763793976079338,3.631779477952857,6.633793001274341,8.025170575734906,7.102374687004541,6.858638763843111,7.719557895577807,8.574907196630118,8.176838356203604,0.5261689953446452,4.810910901297373,3.2757669449317075,0.4072983601037884,5.660352509670921,11.450086247209734,4.74857930589137,9.508932691625478,3.0089484452276545,7.353163171545768,8.988520678430776
TCGA-18-3410,2.7573219985692967,6.0614846055003895,5.981658606888423,7.658669929812457,6.946465359240863,6.002234446064686,6.630802961682624,6.587384494793321,8.143213295071812,6.726880250396236,6.436395072153356,9.928946604847406,8.545109660642783,8.458592808341916,1.543891765994185,6.2499098565760125,6.123748955383479,1.871331124817165,6.827801244815356,12.710766190898733,4.462497364767375,10.23413531213136,5.126592117926954,7.502192819875923,8.499710348931787
TCGA-18-3411,1.6080522204669492,8.034115549164868,7.455514635178914,4.68500383040852,9.525664288454724,4.322627632358066,5.131774665496417,7.313876167453226,7.812029016445648,9.478245220293458,6.347135885889933,9.978589204715153,10.815524275937625,8.397065770597127,1.3894566781666653,4.218517708544898,5.423282341110974,1.1190241031422743,10.36459574021162,11.066678731210873,4.528915074392194,10.520082947418928,4.075148001481229,8.842432463892763,9.526346500223065
TCGA-18-3412,1.5031960609474675,8.416055620654205,5.666847467450383,4.63080150587439,6.99266421222474,4.147982295018093,4.388988516564941,7.774671112326884,7.505709946509314,9.452694058210662,5.965551126303777,8.57785855119182,11.143873659686436,8.72793304406405,1.5821224067987452,4.065460296760623,4.109828565307087,1.3054452785535526,10.348546256978784,13.745071219491225,3.8299611564106297,9.773890366711898,3.6938906662415936,8.29924715571837,10.53794029945203
TCGA-18-3414,1.9316452401803976,7.080603305460163,5.698518545368774,5.070445145369733,7.516969324234811,4.375456535876662,5.245727625395904,7.467270512504075,7.934100687906719,6.006724395329241,6.79606167913627,7.7396206389280735,9.437126595546037,8.103662860368011,2.1474695219891893,4.568287534062428,3.541341368618248,1.1207500533349255,6.68922087263437,12.264783675178355,4.231555290356041,9.422132272626664,3.7038183577567465,7.641370332802376,8.450703791989254
TCGA-18-3415,2.404112910375825,8.670492321326064,8.71135448484112,5.480904885240443,8.73946368826601,5.034167284210525,6.3481173135359095,7.81338551792325,7.900221374504336,8.262424700791634,6.548259359607737,10.164095245261212,11.518911283532942,8.714874670297785,2.169347807979567,5.799732332592257,5.862823299823681,1.8006203911160377,9.543386068624766,12.6821752003795,4.554306424154548,9.934695765829389,4.702295974858184,8.940541354865374,9.871697407499065
TCGA-18-3416,2.4814022827632454,8.216665355990758,5.899091019543621,5.630990748627919,8.743416677466941,6.284515983991007,7.966470844113361,8.963347246776788,8.245700533330146,9.445653464459584,6.481009869774299,8.447134484377871,12.118776295085222,8.884047770308584,3.770459076793153,7.057441607322799,6.684239467841824,3.277300420365284,7.959328517239983,13.787372569468458,4.533650555123537,8.865728631953495,5.225148923537186,8.489343253518616,10.483230463306265
TCGA-18-3417,1.8285097272987505,6.692964147187067,5.705778895538212,5.899840258089369,6.310285582218365,5.812772876002657,4.325055351278738,6.328913636586685,8.057664710914521,7.82352264783015,5.477003739982128,9.839334034269742,8.787722048018118,7.62793508394068,0.8186051837299659,4.485677988817941,5.868499107952471,0.9679801258199748,6.5384838442698365,12.484525842674731,4.033713713841312,9.114046818573083,4.433648759023276,6.986271206140888,9.000337545897315
TCGA-18-3419,2.5722105933123083,7.725837251187515,5.19503256501146,7.724684374370771,6.286992006364927,6.196006976599033,5.316218164925378,6.710492380933111,7.612827224198861,8.693321769914885,5.541778103566852,9.053527354936184,8.062140604836065,8.529943117640245,1.9362139010064088,5.109644723950879,7.261097302245752,2.7680148974294068,1.4909808036743912,12.113834838000098,3.711428827501353,9.871923405956188,5.358822199985695,6.461160373497905,9.510997953034165
TCGA-18-3421,0.9529299061698016,6.504388398557766,5.325015762528355,5.557587766122066,7.319440909975938,2.5401760953196604,6.1773098989669775,7.120335349940474,8.708778349436566,7.0756609791093386,6.50701442271417,7.852368455387147,8.958689003801254,8.479196197824509,0.7016821202952829,5.907078133774117,2.63243109122906,0.3012364407652316,5.326091470371521,11.083189429526463,4.612841964724471,10.072677013275788,2.9340588393268923,7.388557516304001,8.221079602397856
TCGA-18-4083,2.342810721492896,8.127531140234304,5.1500803232582735,5.643221264262875,6.045545629818917,6.041786168910725,4.848442670524269,8.209652697219948,7.0280419683154,7.3975377361901025,5.769195180657098,9.28900699241045,8.573730490313736,7.56666372395779,1.4779881081016517,4.364299274852493,6.4257076997827465,2.9044455612921607,5.39844272504847,12.025258870440243,2.696795087799139,8.067173495758759,4.874995216607644,6.847560533254124,9.183442582288217
TCGA-18-4086,3.067242885074143,8.60196944701953,8.668265236691399,4.957190284194014,9.039559283100813,6.876636040729237,5.09451056123034,7.739434996514096,7.84598988954151,8.099335185122433,6.613858697442546,10.323442355135557,11.093833608015292,7.90016098241946,2.9030961310531773,4.473579127789302,6.872855840586941,2.579518089309823,9.263318502371344,12.0201693581771,3.6874414737306016,8.925086767702856,5.368568803726127,8.655439759282226,9.573824663439687
TCGA-18-4721,2.905100543696123,7.944925777811655,6.842898400554493,4.756825822805778,7.900627747490591,7.302817107895473,6.267914025222144,8.162593745064658,7.522244895832044,8.301084133532672,6.051428659826895,11.05482162152435,10.517781669920014,7.921881986370006,3.050188223311478,5.816602266318022,6.927258853976057,2.7403879324683533,8.960324329693163,11.413232508706198,4.075087603210964,8.489042314406445,5.5339143008110865,8.105822356665783,9.219747473350175
TCGA-18-5592,1.4464679860973255,9.643419347720792,5.026392860951786,3.2998600607742685,8.050699216476207,4.440600116226164,5.436554981453429,8.111796601861684,6.989165126453224,8.188692191881811,7.186132071885159,6.443316558396398,11.126049368970587,8.910391792127815,0.7542033956763976,4.640383775379993,5.01341759363399,1.0229713991348162,8.326485216321643,13.579147271484548,2.480290976572629,8.382493043371428,3.202976729991337,8.140055021495789,10.470419603695717
TCGA-18-5595,0.5766672466367898,8.99295645822719,4.900219562778572,2.925999418556223,8.560625165310034,2.4128086179487034,3.730705160998762,7.861344396324132,8.06070079469635,8.92360530004104,7.527250223162706,7.118374262477713,11.411348808110557,8.906132380382212,0.1957255475120563,2.8423754882062875,2.7171006008831413,0.2375637183176756,9.865615592855702,14.214063894216956,2.126543418826141,9.028986507609986,2.3120342017617577,8.507690329566739,10.710208550828396
TCGA-21-1070,2.844707019610992,6.66831062769968,5.627455090379575,5.720292147784537,7.034230024223506,6.221413117400133,5.09647692544754,6.872864457178719,7.326249700837456,7.545313572953086,5.701587868355242,8.924506714844693,9.27786343311246,7.714123913959305,4.143083163449782,6.059299029412404,6.8667905504471625,3.177678651652009,6.811152451580954,12.072521000703937,4.300475201355117,8.957266911574566,5.414067337884187,7.249568018795541,8.762048400452233
TCGA-21-1071,1.1665226443281118,8.41916847920534,5.921541063313082,4.9162664351446175,9.364332765686196,4.336947446094452,4.6064363057260165,7.774186140918418,7.771647926157515,8.764001399825203,6.60009428314313,8.926021367285854,11.085820576073536,9.507398637407958,1.009275501574875,4.387334966125975,4.959607889253438,1.2677754782687938,10.02386729762546,11.26785733257461,3.583458910130769,8.463205964358522,3.7974881088500205,8.592555841065789,9.483675737201716
TCGA-21-1072,0.845590408847855,9.97104139719862,4.236040987977034,3.6361141496868026,9.979607825105054,3.6245922399164514,3.615333895551912,8.222796351598806,7.904600303631469,9.47899849140964,6.677943691164843,7.880933421261658,11.759288225162663,8.749746432820809,0.6747318093546646,3.026977066281044,3.663151032458266,0.5103543408136134,10.206778856062034,12.713160705610845,3.051006595884693,8.888801381641121,2.9764953431913304,8.590125468941546,10.721066864739702
TCGA-21-1075,0.5558161550616397,8.466217205266506,6.744615903467168,2.531518704975704,8.595939592758189,1.817254862810305,1.5720165131289408,8.569069884924568,7.886382481591276,8.319864015975348,7.221124998194215,7.34719702317425,10.812602268260443,8.928866534243797,0.2046415656104211,1.9395651105060463,2.7030785450261776,0.3460775345355971,9.334897610299466,11.078072464998035,2.3993625288014075,8.900680573609458,2.2150834844562994,8.638474670719663,9.28805122874663
TCGA-21-1076,2.9970304041590428,7.927505690654163,7.061399816741657,5.8044175952239545,6.07088838828512,6.406964320182134,5.2420917944784655,7.651962239599172,7.249604620388976,7.626811809115248,5.809582937472582,10.10846898251917,10.11737128814138,7.626032773910874,4.291021471111602,6.033413089858083,6.18562673678281,3.1193229730893206,7.315208446566461,10.460789960817316,5.238190707761313,9.55859587336575,5.558978926152576,7.651380220510374,8.671702486862243
TCGA-21-1077,2.503221507772837,7.997287326124988,6.611988240102891,6.379965723309982,7.753284953774906,6.967989344996086,3.212833886500308,8.31024058649135,7.822381539492392,9.088554527037257,5.530373561504743,11.101997330903265,10.397406602583189,8.776823839646461,2.5720650356225425,3.53538114445554,6.813505449815316,2.524991397534857,7.995044067858207,11.415445488997586,3.7375677936453817,8.970909433483378,5.551962255707841,8.04325891068064,9.500429114053278
TCGA-21-1078,0.3926471439642633,7.5015609569816,3.924042860994362,6.365062585201108,6.256110539459153,2.384795835446217,3.2754540944613217,7.255698051632833,7.789350402912713,5.459270945924665,7.707495111759958,6.925013160812998,8.892330912367658,8.277686323970693,0.0760117385696412,1.6692535865211644,2.2139071409750306,0.1325110397991954,7.748716821788612,4.653696359851434,1.9887028623432288,9.70918619372686,2.641421234966922,7.471408351962516,5.8715094209192324
TCGA-21-1079,1.1948435119995195,8.032214927085857,5.864589795118977,4.669746799125439,4.372067549433253,3.6796827663290737,3.111865963867557,6.555063021371712,7.841923443687285,4.381241835580287,7.31168747308146,6.10345777410633,9.077956477905342,7.145711076934048,0.0843364457233237,3.38355223995426,4.2769581351333565,0.7398481026993274,4.944553948813519,13.090286773383298,2.998664889503333,8.926126953804559,2.9641247907309096,6.774719537057859,8.501247845349814
TCGA-21-1080,1.594166328050996,8.08054947847739,5.384070535023275,4.741396872415068,6.065505534567047,4.312418314519981,4.998168418511514,7.392333738880412,8.216969397990015,7.682546611736898,4.893857263415047,7.786406865043206,10.427796909161415,8.707316678946693,2.04302947156641,4.486102932020961,4.744252606905698,1.8433005118901933,3.877282906349858,13.010434166807173,3.033951525798175,8.963511693669055,3.8664244243416497,6.9639594075016005,9.591176752340486
TCGA-21-1081,0.9393770465477952,7.809720547119972,4.705983429239139,3.4391044719241166,7.448995079962308,3.61953039353937,2.848798181244189,7.242669189974767,7.003017484913525,7.10651583126625,4.350978065299178,6.09166387208201,9.542890444685732,8.35015907580293,0.2750070474998697,2.5422085143228403,4.664602301490606,0.6483734021302281,7.30746495642521,11.649365228923685,2.6485114612739453,7.462840054767408,2.811094076459142,7.051497537019584,8.855200535769969
TCGA-21-1082,2.219431860890291,6.518240841981361,5.639709701947065,5.4689970387776405,6.183780263949385,6.588210915931807,4.653702091393462,6.235616020118625,7.241735332731317,7.125996113784092,4.335583296670125,8.8576336493601,8.54293318759807,7.697311646175945,2.1828511758865825,4.557557133898119,6.8239569365570425,2.531917887364275,2.724279182926837,12.129715245455143,3.644052382959452,8.467137209495935,4.953285637823963,6.228293813610248,8.591317400406865
TCGA-21-1083,2.3146965256562866,6.486231677981013,7.2039401328475865,6.4816719038943935,6.599612373376135,5.76866602507996,5.463622456851893,6.569731075594875,7.544758925847364,8.12653309423747,5.848547830706332,8.914182692140887,9.86243573807386,8.785983674473059,0.8245642120898271,4.685558966536357,5.60763509712073,2.440686483867197,9.017768279512543,12.00752935375889,3.285846056749425,8.741580240258003,4.62172899140704,7.828699918105299,8.873431375325792
TCGA-21-5782,3.259890114569871,7.7971907089928605,4.879176419642062,5.31638110255605,6.045825174901746,7.502358450859517,5.000374150505684,6.123264748283486,7.607017325953914,7.789553206804394,4.994774302959189,7.587832260832342,8.376828219788166,8.012553589484414,1.7959331473149636,4.462674036125981,7.3293712018031965,2.779301750205619,3.5912485544823345,12.709416352487716,3.1301895689413084,8.664015567026038,5.081581146877366,6.335960822070929,9.432053422761657
TCGA-21-5783,1.3784561339158168,7.0044227384921305,4.691601161585275,4.990437575108676,5.812169602561518,4.573259387418675,3.1185424601819003,6.171499084497854,7.868517010531102,7.506510704610114,6.730880385055068,8.23581751260313,9.368360875101317,8.01547303780467,0.8006618032449503,3.187799412524695,4.827509116694699,1.0982847957234223,5.566681226736119,12.215962923111386,3.351048760346597,8.952500147022592,3.7006323321013386,6.913645690045552,8.908965455404543
TCGA-21-5784,2.891671927988425,7.919287041208127,6.357448197215928,5.476994022475529,6.4275810326632135,7.139673106629709,5.657611425387483,7.331244807540799,7.830319982314402,5.6327277104960505,6.304567624134405,10.297304237364203,9.312150533614451,8.221205251942413,2.4930324181283408,4.890256979914988,7.098253209048805,2.52712039345895,4.86343302229035,12.657362243420849,4.794259890887401,9.519255677092168,5.417721330727709,7.292110768311716,8.736458998375008
TCGA-21-5786,2.1546804136914064,6.611349459401986,4.544948982157202,5.609622007822102,5.351706058422641,7.075628893194298,4.359190819538742,5.292527783105627,7.558553878972578,7.407379096061059,5.466441143293917,8.733679723851884,7.905166145952989,7.596761501801456,1.2083299657306903,4.177248098755316,6.779025907073738,1.9292986555680052,3.477431245486105,13.61049699631912,3.0431169877200617,8.836732080459136,4.784323652418875,6.058964367584884,9.209741850594055
TCGA-21-5787,2.447605643511622,1.4027767406791576,5.658956920641705,5.978666991722858,5.832586256917407,5.971065258629709,7.916656372980235,5.344100575979821,8.334515986319035,8.33337587567404,6.658721335352061,8.747674057128107,10.28498090889485,8.109582045406368,1.847155088893736,7.0703356552025065,5.609536319636803,1.8358432487387435,8.533306758031838,5.124985635702219,4.086061898437197,10.080391450039322,4.633935229751654,7.562828281407922,4.953712750685139
TCGA-21-A5DI,0.7798060127206756,7.364824531731847,4.324421800873836,6.723740115566865,5.895557106580637,1.954829095868468,4.173023466122965,8.151036840526585,7.807161046885205,6.757065929161296,5.898510696546727,3.241641913751617,9.584877401746072,7.930930669394575,0.8372974156630684,4.146467868119024,1.920560088363093,0.8184415757641648,6.502072772690467,13.166330649665396,2.442784293129422,8.787329610841116,2.3251880310997075,7.1343421124000015,9.096073703519513
TCGA-22-0940,2.4672533917061794,6.44640677851213,6.811852461964195,6.675115862342661,7.10770565184377,6.382815940880271,6.824118647046943,7.281644472546175,7.592855405297406,6.659409422032314,5.815465275710795,11.878348849848784,10.63485478403775,8.800725536777064,3.100187143698447,5.992111274901002,6.47156141987292,2.321206566969903,9.396944224085,12.42933000148808,4.81649731148601,9.447584568627429,5.613784167902738,8.16209712194902,8.511715400677508
TCGA-22-0944,1.490672809713238,8.27414096563499,5.947401996936795,4.047704146087456,7.529721796871623,5.050749816173793,2.6893662610703517,8.461593221302323,7.077291073721533,8.377155858803745,5.685595407396155,8.971448999723124,10.379042673970035,7.610942882373409,1.822281466295707,2.9439213265534856,4.930888694348599,1.689030727184873,8.212809573483321,11.304125572713742,1.9760703006957343,8.913883615030045,4.000396665646684,7.842623895920464,9.318474132384159
TCGA-22-1000,2.9855186460363625,6.667577104313956,6.536481913850492,6.083087818527472,5.755098547667425,7.003702295444282,5.251968986638594,6.877686590066402,7.383569519456784,5.638540175259815,5.7976744938407885,10.782425192914154,9.623792255925588,7.705275038516083,2.071899931565633,5.388027621033777,7.350140949352254,2.557459106410548,5.596312025891557,12.506037862674056,5.416826233469055,9.628618507354174,5.547747705750102,7.190117421639064,8.270718380749276
TCGA-22-1002,2.9829114584894443,7.031259540214343,5.665682690865258,5.277371099590302,5.280833857666178,6.390579990475604,5.027627380280929,7.326559818170322,7.335668147240279,6.889580621185121,6.613300319909812,9.60995160135251,8.385499201198169,7.698260852600898,3.707314953183108,4.171190811620531,5.705413979628617,2.6247559844996595,4.846207456511681,11.996127391077447,3.993855479702099,8.60463847251038,5.185471295317035,6.802622833679087,8.638989184158971
TCGA-22-1005,4.334546823855564,1.637471139884759,5.5775255080241175,5.2417601163432845,4.7244701964392695,8.49289266437233,6.053895480111149,5.04401372233859,6.747799577716039,7.186197455259005,4.784352167408705,10.675968408670755,7.534017233635591,6.843754009244248,4.609607234360142,6.019099183197402,8.827483076316966,4.639376888638463,4.581935679399006,4.839732889243428,3.690852855483693,8.284369304948049,6.688805030365358,5.921804727679697,4.554467161462397
TCGA-22-1011,3.919464036373556,7.155207837172425,5.236450523216914,5.769073492059458,6.6053372787276246,8.655279548925408,4.380632489933608,6.606160887012925,7.2423414558721,6.37050084686698,5.783178984804516,11.54070543704511,8.060952568090206,7.486737699200392,4.403124536614662,4.936039538116772,8.296454195260388,3.961447379138499,3.994434904396223,11.801613630955728,3.527745971281797,8.366000850924465,6.649364089345298,6.517406712046658,8.442440771665046
TCGA-22-1012,2.227433038036978,8.323367366707886,7.0165063484817125,5.67464707801851,6.630098178731432,5.309587308625556,4.821123426943073,7.1661982392770565,8.071235482263413,8.558396221686078,5.316373861274323,8.623422826596862,9.808456488550798,8.077114791662424,2.8997750172957306,4.415366576551097,5.468801594458565,2.4561227438382223,6.38992984892257,11.075859361170966,3.740042464686733,9.223454166466569,4.665684229552917,7.453516490420861,9.319207649854976
TCGA-22-1016,2.22490464410609,5.608832893220042,9.897819142459769,5.533852979413568,6.0075812451457296,4.585497400958862,4.923700665774331,6.723041075202224,7.70212696177295,7.519326452909217,6.498833254045011,8.528315011456833,8.568973776279302,7.289748719634302,2.6344306366501336,3.727964006963646,5.123649644098186,2.1905200469051342,4.945991546822538,11.748096848460882,4.7695813417102135,9.118952230213951,4.403024337655544,7.381367623725353,8.292085398196715
TCGA-22-1017,1.685626241250911,1.5399776571582264,7.166614027009298,5.097016573798296,5.74269342989132,5.417268569256008,5.217928625630823,6.587001870991315,8.244174952210269,9.89243686839869,6.983318572145896,9.596462984911796,9.528634021297703,7.789340620653823,1.8646516947115084,6.12100710958673,5.700914064867187,1.75411785955205,8.709138623578792,1.211136826982275,4.108407363733329,9.16876060739917,4.445151141192537,7.7094377216209145,4.214517117513064
TCGA-22-4591,1.3829438695689906,6.771358729655502,6.283984722206552,5.633480616874048,7.685971675528088,3.651212460175628,4.213355059044234,7.979800718773876,8.231492890695089,10.482041037631337,7.295137086172429,8.053265592290765,9.685160334530474,8.056632296530102,1.9432087085884464,4.451824332979937,3.5619370596224327,1.2577951343833698,9.08445338269796,11.562636678365646,2.978525141677095,9.08241306765046,3.6405490630719544,8.144194160511244,9.605345481884163
TCGA-22-4593,1.3002994736656384,7.123300965975868,5.395696924827155,6.221948595537787,6.399584698270235,4.2394820588439766,4.25068876926797,6.291087796666259,7.683846610275553,6.843905980620121,5.728138203418927,5.888704289518798,8.469040602965054,7.87909798139649,0.3400494728531664,3.64843092837903,3.765736285268873,0.9235675679325586,6.406155674398675,12.423034473860609,2.708981768862232,9.367065010938138,3.239969677660114,6.991983361610116,8.796747140152199
TCGA-22-4594,4.059268741009558,0.7175612770144881,5.608806286330198,4.583488997304853,7.569207009100663,7.733996901867275,5.370303799426338,5.458867545772614,7.605606928890867,8.672989579974605,6.251122579620199,11.602707957215296,8.954462718984873,7.621399896251266,3.582917233673434,5.4140915477090354,8.06656121903151,3.678376191506248,9.47954868682824,2.2516282113157544,4.218835403420281,8.961797519955747,6.186759605944025,7.488151530355475,3.8807263561016154
TCGA-22-4595,1.947890537797171,7.111888909962477,6.126310065085813,4.694362066416483,5.55250618480176,6.067406393983264,5.276630655861423,5.450439269653688,7.269041564646034,8.249509339347757,5.705073861252602,8.71458657167778,8.728530068557916,7.880842837044607,1.6399267127487973,4.482693423769153,6.29168090633456,2.23624768384352,1.9792571212158132,10.655114132896342,3.609152137629671,8.739660127051375,4.5131572675430816,6.270327441832947,8.672170794068858
TCGA-22-4596,3.733864075116582,2.384381422712236,7.545087259427482,6.273017872554971,6.185680251231864,6.563347303897488,5.599526088588318,5.991789385927109,7.584888861282422,8.089722707014452,6.5421419483914605,10.56669920491235,8.914352839345446,7.640523324193665,4.221699245969391,6.3398357539743495,6.511942365572802,3.282306353249859,7.511480690001186,5.337739631807244,6.004730587259137,9.965109955700244,5.878982345896205,7.537020706777307,5.2706145871779775
TCGA-22-4599,2.4987104139886647,8.516985077439658,5.821090253532458,5.680470644556009,7.242073687582606,6.150118921158334,6.2851118010161136,7.859199930462653,7.336822512245171,7.904151083527622,5.803035835669149,8.859999666152813,10.858071083023423,8.263805327834623,1.2043911629297803,6.402662495289646,6.924040484918515,1.7314873921985987,7.979002114250578,11.972212046529217,4.847395658352504,8.793668980888528,4.72131695512896,7.827493401655502,9.46444940249883
TCGA-22-4601,1.2316781617985106,7.870651380501164,5.470852440451444,6.507269784234451,7.418219469583865,4.483983410300573,3.7402152089182574,10.083660816259696,7.860733790320652,9.177954407092225,6.591091437198536,7.406245829815129,10.143569055837007,8.239721194877973,0.7838337802389753,4.0135962500276285,4.524145188754011,1.2822618665876495,8.160291977430653,10.114354530425832,2.9182335602263114,7.88763797688913,3.7456311459613283,7.999380546066038,9.054320106006408
TCGA-22-4604,2.3278597875422933,8.24117711207834,6.507287229645365,5.695350802253966,5.785608091003164,5.781682316525903,5.279553011380912,7.275317201044485,7.175009546072443,7.908346381731769,5.605491370706513,9.786413563200954,9.13731523361265,7.304592264130474,1.554294143442739,5.09820477480451,6.224867996075781,1.7849645667430236,4.00565149421928,11.681494419107738,4.189864084230107,9.228452680429603,4.736490453683523,6.856214445598942,9.277005970972615
TCGA-22-4605,1.768290206765957,8.306051205350457,7.399122376399334,5.87767064118137,7.247076831930817,4.631604888696342,3.786167671417862,7.999514135724803,7.5772981486922895,7.818662697747712,6.13527628437982,8.122235786056686,10.810912025627747,8.371516609149321,0.9777561632495924,4.239672989007127,5.451118776394947,0.7958500499419664,8.623883318523125,12.137749736866988,4.196071913977403,9.232958090153032,3.9463609303266947,8.227532458986,9.420821213321718
TCGA-22-4607,2.1092602526699427,6.576011118126639,5.358761953427742,5.765099750667857,7.435354395937793,5.478480040408615,3.3575942292208745,7.197621672282141,8.323012413636214,7.863631250506147,6.773428046570705,10.771608148570376,9.066580861115249,8.008329450886508,0.7099081711402665,3.796379713710512,5.722378585758322,1.1394040058065786,5.785968966777249,10.881945909476752,4.045250738411952,10.71512083056749,4.528019850717422,7.542645772195609,8.440529426036514
TCGA-22-4609,2.890563426598292,7.225838854472408,7.230104039923325,5.634578748495064,5.285417015658582,6.816632983361088,5.785767619687587,7.890740941328775,6.997434682692841,5.483906043627226,5.614212175712539,10.55619861100014,9.530895931439364,6.930293818050999,3.3634935093651888,5.73966991453872,7.488335046463727,2.934667462429694,5.584700988544738,11.613436020740032,4.477178643909224,9.096709620853108,5.669209969673313,7.145384316438928,8.107726972946555
TCGA-22-4613,3.0434145029384085,9.225660061219996,6.111559285567002,5.062920396986256,6.2167458581953055,6.692011448290938,5.352119366733817,8.479855831790198,7.865434495348426,8.854319244494796,5.80095683026052,9.378121201775508,9.204957930286591,7.98829840174438,3.29325275642788,5.177100564966336,6.530325177123619,2.85397569275014,6.59941153012037,11.337749665153996,4.0774395612874645,8.683471892855227,5.264860168041821,7.38565719510245,9.805909656956262
TCGA-22-5471,2.2947824686980725,7.366093988070074,5.954808162552813,7.080569197506156,6.899939321801455,5.058749412335524,7.742487298553786,7.359569486689871,7.827316025642163,8.499694037431702,4.756265419191423,8.229771035723159,9.931966208988984,8.4099785025405,1.652050465522303,6.5461088644566265,4.998524992239894,1.4869202737754608,6.887630057285295,12.493343812082584,4.671259399670884,9.783116600034688,4.400195406542939,7.497909219885628,9.453043945861454
TCGA-22-5472,0.8731044701240976,7.786619883900805,7.450467313884569,5.830448022249699,7.699306618959189,1.3057371035117435,5.3735542556315545,8.676727910414938,7.86787237770144,7.206418566747925,7.390107032938069,5.703324995547345,10.558327049853958,7.906002463721816,0.2042659452895602,3.945570249552925,1.4645637200965624,0.504061001309293,7.436923038634176,12.56264473882071,4.901272395761656,9.94413559983441,2.2693578940183285,8.38274962853014,9.185227729823147
TCGA-22-5473,1.532666056774233,8.881250421238832,7.60048683137601,4.959505884166206,7.967502953027859,4.754272890043437,4.959612525676952,8.713696502102646,7.646257719793343,9.464294558630092,5.691037175848292,7.913579988347268,10.879799484510842,8.767088651805908,0.7745867811831579,4.265669424866526,4.836439230496553,0.9833858431741084,8.611359419470217,13.425085399072792,3.273486050819792,9.801065024061838,3.6792052391692804,8.50400450527545,10.590210126313906
TCGA-22-5474,3.180163777829684,7.837394560345059,6.627938001346371,5.483374035406238,8.953248648857857,7.7428476723131485,6.86987757363649,7.98803419139484,7.204277684905027,8.897799180139394,6.6247018923626495,11.323616975241007,10.706875851848276,7.992497106998248,2.927024127350246,6.009394204210982,7.360018311351176,2.8922355756489004,9.24964633349118,8.08032615499029,4.152288899088339,9.103366761016575,5.844182925020057,8.4057885984145,8.271839965158248
TCGA-22-5477,1.4386122321008856,9.213911999913243,5.724008992060969,3.5916195826226045,9.467472278029696,4.478434737866736,4.8843683608623465,8.059384482549723,7.216810838626171,9.894639537029866,6.100452094900937,7.465532938793709,11.023363553143492,8.988166302617936,1.3691034958413129,4.627005589927204,3.818104075726476,1.405556763343757,8.918744597556433,10.535288014729552,3.227063305835854,8.58211337215838,3.3667091180422113,8.357963209127195,9.881279850557554
TCGA-22-5478,3.2731727052893174,5.836583138337634,5.888270795449452,7.055999265974254,6.566153005940213,6.465617010480555,4.4210078047593,6.149820268384687,8.269785445193909,8.47544648442949,6.166476448682267,8.678773005683272,7.890845494578855,8.340950306075737,3.822077473953288,4.700772609356865,5.344256843644299,3.1319022209197214,4.1020869865268,11.371716975414769,3.28968694280498,9.58159303199686,5.3959712179921,6.8357745422043585,8.561248866060632
TCGA-22-5479,2.8005789777983683,9.080763975053337,8.652085252309716,4.301660803726039,8.602715564928214,5.965932009070913,5.041133444011318,8.104482913998709,7.558389333353562,8.938174621030942,5.34085419653068,7.8542176215557715,10.711656478070296,8.264725012392887,2.5350078115983385,4.238672234135233,6.95934822575309,2.6052809717834817,9.137287052022105,12.645834255780947,3.2872654211050856,9.223902033123188,4.717432345898,8.504713562921975,10.221590950621742
TCGA-22-5480,3.035113598070464,7.957731232881166,5.573868308054562,6.8110882134318524,4.960697039304312,5.747833137520271,5.056475148766656,6.212195777212031,8.18047013953035,7.490888572796486,5.574649531199065,8.06081588112009,9.539817375162864,8.055715721308955,2.593305959250491,6.505505122321699,4.3998820100266745,2.161855443021349,3.119289768374752,11.645442867579495,4.420974130841191,8.732348917326847,4.687127748920171,6.471072804742924,9.031354224419049
TCGA-22-5481,2.239611894104057,0.4379734003380242,5.859343449659682,4.446223140174293,5.11841371802061,6.951343004498137,6.654058835065221,5.8715405915955845,8.99028127536032,8.79711644078936,6.2140975991014775,8.473567763748283,9.626677132543,9.659597981858177,0.8422145539609439,5.313031753891544,6.616306230074084,2.168256923208581,5.379121865152036,3.590745718931927,3.3823629129679094,8.642697601239936,4.533931929966911,7.046436242396313,4.2752785200197705
TCGA-22-5482,1.3789554611409065,9.726317798937236,5.549841643171319,3.8375598174368935,8.860378725740967,4.542963745102997,3.478480040408616,8.101745136380847,7.860265732319259,7.740540397793345,5.59150589059048,5.667571427630498,11.503895784504886,8.383464543288444,0.1968588013663559,3.331762533399275,5.324367792232084,0.8180324746580945,8.426758709305442,13.06680203471617,2.9459072972102525,8.831286339617082,3.10947278850969,8.156109596574932,10.177886743815584
TCGA-22-5483,1.4188915560074606,1.3941848472367853,7.286359074150354,4.919764342124791,8.351290422877133,3.721416409989807,4.542994688752224,7.194230888829633,8.139482285557458,10.595900535766356,5.267955212291271,8.3419435079426,11.066742225508865,8.831029130005831,0.158854029516618,4.414494132115238,4.885774453664189,0.6973290237937195,10.117050318941857,4.6958602240509695,3.885008107707766,9.062377015419248,3.449139046148456,8.397129286003024,5.561981869018037
TCGA-22-5485,0.501413666875781,8.746415562847508,7.036184604473827,6.625062955510163,8.741406985219507,0.9261512731998968,4.0145427597314045,7.231019525381475,8.369981577596784,7.679444911392397,6.539496951605923,2.3250409554952007,11.424423882434494,9.452290050272468,0.2253983373407441,3.700084549493092,0.5048745893984644,0.2021355808898485,10.138288569644445,12.498473154507062,3.746398766547143,9.270595282401995,1.6157253369585856,8.729213231429267,9.641444542915655
TCGA-22-5489,3.831208421349968,6.731920424628533,5.261745172668577,6.932878504773088,5.700467462009727,7.683657158575691,5.2622452161695845,6.051565695273376,7.524590293765844,7.433333390846487,5.670463640899337,10.24420956673528,8.442924011042747,7.896800409111359,3.530208111424627,5.5298552960017,7.517066991332125,3.382874720335105,4.118567376692638,11.726997293789715,4.09975807189362,8.811161765875138,6.16030049636084,6.494211941696612,8.630750369754912
TCGA-22-5491,1.8536364252695143,8.622007878836742,5.760045257037418,5.315968291478503,6.655741074759406,4.005813153804327,3.830681253917632,8.75651595985544,7.4195043405763,8.177780291226671,5.6128979773482754,9.579804108241396,10.497445909625998,7.969296143201165,1.7685442918389789,4.368845160431047,4.306502863293211,1.185866545311334,7.386538518963958,13.12081901861179,3.4955416762639167,9.998637954693605,4.002305097033895,7.829639849435658,9.973535729558401
TCGA-22-5492,3.144699025154139,7.217938316440347,6.740775135905996,5.40883072224974,6.827846963863419,6.631920588828315,6.063992529939574,6.954123010309014,7.829118261931976,7.174318524594928,6.653533001330876,11.248954830521049,9.556735756352078,7.490001251184112,2.7213507837227824,5.908291733680521,7.391659472531487,2.8206282983226023,6.39417284027995,12.434251972912469,4.421761894608084,9.13967285085428,5.624006245904302,7.469607601259966,8.942169604649248
TCGA-22-A5C4,1.1803388496247256,6.839661094038602,5.67464707801851,6.574031854884186,6.711164480636301,4.888100284563422,4.160395857795216,5.831157740543505,8.588467670021375,7.529378233539661,5.720160789935885,7.316982907053376,8.372860272881281,8.914127367549204,0.4575417624078072,3.7956838408356894,4.926564047229418,0.7346554334790052,3.776472512726626,10.78810670914296,2.9855550768093475,9.196735878499696,3.7254593056059915,6.7746657650988755,8.385715345573741
TCGA-33-4532,0.6443177783375773,8.100483107832707,6.045351226698723,4.126774670250051,8.712730579749989,2.953488750950979,3.7469468968422666,6.655484928265098,8.021562453471898,9.574189516161958,7.578262479969567,6.949808038750997,10.141738037663233,8.4800635217168,0.8291188963492606,3.429950657403768,3.260853687887856,1.107553970289646,9.46998240770996,13.74078826712744,2.727506641171621,9.4518787190455,2.838845113259481,8.316936487602359,10.471820297040702
TCGA-33-4533,1.2942531364445138,6.158932775333341,5.5240574053574605,5.050318845812199,6.353295058106977,3.6774856911695055,4.34157308312506,5.619542131308242,8.143866327504318,6.206942061560533,6.303247400296688,6.299700740544283,9.274239992709504,8.780431171671765,0.2802436958660168,3.4808467366726563,4.123119868421112,0.3781786552080416,4.100515171349362,10.13809026776076,3.807622826260577,8.44822700761048,3.0147572333522388,6.800444417301309,7.501321701551544
TCGA-33-4538,2.066812509899902,8.957331925554387,7.592460774815159,4.713019392994183,8.418450139296798,4.73759483263513,4.072791818106703,8.835386309988497,7.563696599433647,9.083486241614086,6.017625768901024,8.71412872334012,10.846071559376083,8.277287400130357,2.141269284946133,4.325156117741591,5.030203633946468,1.3747891107330774,8.717236008313803,13.258905262881054,2.920140827684878,9.161375041655694,4.111116784070716,8.483236625309676,10.433241143349841
TCGA-33-4547,2.058697469184754,7.7521578270519,5.435478583303152,5.865928709545995,6.816467871564352,5.79093881377582,3.548535267138451,7.716890094224374,7.785562975183669,7.431345491678801,5.714608206825962,10.122364058182326,8.435689010641958,7.448997556953511,2.01435529297707,3.8950214235262735,6.203330382169365,1.8754655448547093,6.880710010712553,11.227541821397963,3.7335170414061607,8.83528681899562,4.847297181527148,7.160516019152685,8.803681713376221
TCGA-33-4566,1.2343786893376147,5.810946879434768,11.24748728192445,4.790328945698501,5.779330645005714,4.1288130340159865,5.936736863270867,6.397138950353976,8.340205289578778,8.285492384484657,6.259263069937402,8.319241731756192,10.907869192334262,8.599851489160477,1.524765790386697,5.816699534710866,4.713640833039549,0.9492734500266086,9.123605158701382,6.730351931547425,4.344018883872807,9.850669426725975,3.6657774963230207,8.520651901767955,6.942263731822283
TCGA-33-4582,0.5799524688312953,8.016080629414663,4.8459566559629454,3.7801630920591047,5.864198528249552,4.09615219597052,3.69523664483248,7.325632863606463,8.691511134096658,8.344701581110712,6.623606455770896,7.275666393250343,9.61076870543398,8.267612106828002,0.332163687954531,3.5465364419397374,3.511822217659331,0.2872358652527741,8.481005024502435,11.663943853488751,2.5884927807420244,9.37383871383975,2.8375937029968425,7.549077381774254,9.341575354671376
TCGA-33-4583,1.661111097901239,8.129587496515901,6.34172250962232,3.7247812214667353,9.607962926279129,4.27044671389517,5.574625313579819,8.056412284868047,8.485714612905246,8.519272584964117,5.190958506213193,7.0598354614600325,12.354511831581409,9.722161503075698,2.368600746514095,4.810499658850161,3.4963984329156217,1.466809810695186,10.082022201057354,13.061889190550025,2.1872926814446005,8.221877564294745,3.435426212121154,8.697203665873987,9.903583090676682
TCGA-33-4586,0.6796039548362185,9.435073684769083,8.029764272879385,4.010448661063823,7.334070332675156,2.85644793924822,4.040909960249284,7.795727991997213,7.661434659855182,8.301709725482059,6.1725915214967175,7.739264184392781,11.485483684496971,8.84112872172124,0.6159812108147812,2.5460424782484417,3.1383721580757005,0.3879139243859477,9.17627140364339,12.887703578474314,2.941613419286828,9.193970051062475,2.775433147545353,8.503625997496568,10.208162329575151
TCGA-33-4587,1.2939589790286945,0.2495060209891469,4.998403135182222,5.443212110606779,7.202079734004405,4.063494313721498,3.647452670054246,7.465793300245737,8.33896318537114,9.62113611327464,6.274155412361103,7.639607695592679,8.796520535197365,9.0820609331176,0.3741770329898387,3.656118772084059,4.048201303823015,0.4639362795064075,7.05399645378629,9.356668523292509,2.748654438152313,7.815650353816724,3.3323696736098443,7.33608248221393,6.409103552518766
TCGA-33-4589,2.0950804919014145,7.189655575797601,4.911264941190994,5.443394474838584,6.280058060487876,5.317694793598185,6.077407514904623,5.2808227247721256,7.948984479546594,5.083077178218352,5.285280139501512,10.437315141049362,10.922347873504576,7.47848165833023,0.3778456102969654,6.098202668930916,6.619773932677365,1.2043911629297803,9.269743375446565,12.384182133060436,4.951853520139183,9.839873477837536,4.49935651532738,7.408484031383927,8.218971629025463
TCGA-33-6737,0.9889936403429814,1.2400700428257585,6.438658802520215,3.9715067676321327,8.653467796054594,2.664164228993481,4.8598999951306405,6.648553164042097,8.021093239474697,8.679305206115883,5.306787184865665,5.646833722995389,10.271577995379662,8.658581750767054,0.5188372424365119,4.186532250948412,2.968127625568686,0.6373783948722948,7.8947056166876655,3.212693837905154,3.4536624340649857,8.718601027886926,2.4851202318344967,7.823866667275484,4.377356362282265
TCGA-33-6738,2.370666485398131,3.839657315244639,6.39225215652683,6.312200462637678,7.321823495705132,6.340957425046603,4.024949036418533,6.974156430419446,8.456094809327867,9.8825241443834,5.374528313900271,8.352751464064857,10.21615398936764,9.50126098679945,1.6918914445250106,4.057276965073248,5.833160810449351,2.1171963291633,10.049904759020816,7.291695638874682,2.9019577730543045,8.658687779165735,4.716974917326419,8.061095988863164,7.004625699500907
TCGA-33-A4WN,2.722881286001116,8.567671690104746,6.686459907042266,3.856846292222708,7.298282564802946,6.664760145664932,3.4821125533062918,7.212460393364288,7.727763927270573,8.746336618535452,5.310939906909544,8.29254204688075,11.06005360030559,8.282740952843918,3.192509818941948,4.088913293362789,6.799495338290091,2.941575861818237,8.967169184057065,12.709844258839246,2.5502357884935725,8.637145781542795,4.924372969974255,7.931906536358552,10.007950855826481
TCGA-33-A5GW,0.186373777465944,8.149696827498161,4.901175837584171,3.275871213347637,7.771935084496151,1.1823744882758065,1.5431989001933328,9.072796372602369,7.025332277956991,7.684252093632068,5.861188666701813,4.310020132599068,11.655417306589063,9.090599677109251,0.1314577854790878,1.5104556216617642,0.5826523400339552,0.0599089890186851,9.653497712028,13.509356223084971,1.997147859877863,8.401982804005002,1.3898083894600262,8.301074182639478,9.7811017147384
TCGA-33-AAS8,3.135945227599064,9.381218254190491,5.8530824495315725,5.527955479209628,7.843059886854646,5.494005913886735,4.119547084925453,7.494497215728208,7.954691860823342,8.783052902565121,5.933355462321715,5.040024449003841,11.881972552357524,8.845546816741143,3.8998716692711457,3.9852544954165054,4.318092645739047,3.0833325239805083,8.975960284678532,11.8930809379095,3.310092863379876,8.888295152502435,4.357032558384281,8.214471227589472,10.019117364888372
TCGA-33-AASB,0.5737622955763231,1.2212584296778075,7.723129839333999,2.7401072461974745,8.619180784331036,1.543396895807572,2.580410838705085,5.768705718481272,7.71897118328582,9.60416363955393,5.001324867550936,3.7060442309642,10.802137789757143,9.065532461159323,0.1750454861109138,3.0863591818249,2.4919813301896667,0.3697177294135653,10.416533026859751,2.4895429356424734,1.7249121593156105,8.573260902465536,1.657150744894245,8.246225673742375,4.438321668291404
TCGA-33-AASD,0.4565959051262125,9.215038588747396,4.0229625246977925,4.182104295365401,8.127216422599362,0.4655043696295056,3.477716178793728,7.35826877559268,8.095926001900125,7.522557208251009,6.702688014738564,0.9646573883765778,10.657766732027335,9.37396113539148,0.0568609430467509,3.787641414483326,0.6411760598481866,0.193077821546367,9.363788279052203,12.98400663378536,2.699662673126637,8.560755071231146,0.9942823975627145,8.02092586941632,9.907200810261253
TCGA-33-AASI,3.3894016082156755,5.282628840532555,4.010197989565728,5.770659929009656,5.411524546315853,6.291167014860547,5.105623607083681,6.274546816977413,8.014107531682695,8.632862913749802,4.238794500960105,7.030530308202167,8.74624355947995,7.680161875700603,3.800578977798368,5.193704731414982,6.463118890378971,3.217292766285877,5.998497913783219,8.189234514304864,3.2929289554971324,9.68441323811071,5.1375356421073235,6.505547555111697,7.368242089529075
TCGA-33-AASJ,1.4287855898480517,9.33554176272973,5.285158049809672,2.7217226264371197,8.39090967914422,4.773859220383641,3.899088602015365,9.171146266748496,8.162755355606604,9.927601835890066,4.95571266993533,6.378244561233649,11.520555039507515,9.006194778183877,1.1534810985136996,4.034567892818214,5.504560014034884,1.033440622132633,7.951045703263733,12.741583821429147,1.9108093989599717,8.176682304415442,3.28487053322624,8.057175561376036,10.668242473349645
TCGA-33-AASL,1.3788999888717122,7.722314369578541,5.451240789825055,3.1057618751263374,5.974898657538867,4.140361489766177,4.99249200856842,7.708432125688282,7.09403333498712,7.894718953499223,4.043213249357733,6.411929541887191,11.109283827991591,8.405122737769453,0.7808140092968006,4.364432358016326,4.430827185557681,1.0963968041871577,6.4426748310681,11.872212181870886,3.2044537676745617,8.699834075279409,3.0492844135275794,7.229337536814811,9.163081834982883
TCGA-34-2596,4.055186975829106,9.829818805864702,6.606539944313978,5.096190155136477,8.842441805494268,7.113575491290503,4.924812503605781,8.832578029269037,7.645241233300776,9.107970794737914,5.953269895866724,8.25100135317893,11.496302752363096,9.064717709324691,5.107269393592545,5.177172340045499,5.443729301860525,4.056193323697853,8.745502232233397,13.407418585984171,3.5436319803119525,8.996768070682986,5.58902085636942,8.567265054943523,10.781736062195597
TCGA-34-2600,1.0119249484797086,8.542760660934062,5.134726123197596,5.170061249540115,5.7238424856217645,3.351501126636212,4.364789520555487,5.731471100040466,7.010473278237205,7.802541567636406,5.344771696861963,7.875444042082166,8.265998932770087,7.46466500002728,0.8200768210975132,3.170213511600436,3.205267382234509,0.7275284237832323,3.323787972127042,13.040346818011546,3.0518245044970738,8.513748121153114,3.1659719991219224,6.1878764289749135,9.795216348860672
TCGA-34-2608,3.423080604140897,7.463298755725957,6.427247465623434,5.63429703253046,7.890213196503162,7.6185088419056735,4.958810202642145,7.023993812487086,7.655778276613113,6.8223821768790405,6.147909052885682,10.98205794309011,9.492041235539949,7.781689528370248,3.0926810407128373,5.401384717885487,7.506578141639219,3.109410710156223,7.783628206478899,11.290916622152938,5.15156661217406,9.4966159377436,5.909516330596489,7.755417304454007,8.525532518252646
TCGA-34-5231,2.274947430770553,9.095213179554124,4.492788941514818,6.9015149696699325,6.7106094700009535,5.956523686511669,4.989107209583035,8.180484560799277,7.265705988488243,8.128991356967932,5.302721165341215,8.11797341606414,8.001577085389535,9.170774088143418,1.6987518877846766,4.730705160998761,5.791399953047265,2.5944291162094286,4.623796644616336,12.738266926642885,3.2337653768083383,8.459965562897255,4.7622200657225235,6.867839689837851,9.987490487721645
TCGA-34-5232,4.516973262552149,8.367187571689069,5.413235259462622,6.420541351037334,7.977780772330112,8.090319941052476,5.653977178636336,8.486792393567614,7.612333329537482,6.94792442564418,5.125213003315044,8.721692554485573,9.953087685324975,8.340875999720442,5.481224660476245,6.513119601820746,7.262169092911207,4.61143208899807,6.437720451263845,13.00212535223962,4.87498380591799,8.45938161527218,6.443478993073294,7.524260897532105,9.439079116524288
TCGA-34-5234,3.99463402790041,4.969495888591364,6.121570814539404,5.672173555572555,6.530201867653852,5.376398053496433,5.811984719351674,5.878212804384858,8.19205111197887,5.914198541497814,6.664848303363002,12.141810636008724,9.094276191076192,7.842954954233783,2.938304613614386,7.049931297887314,6.707901593864623,2.1784596973845582,6.89933758614795,9.22347588734632,6.56656250807523,11.168807105957532,5.57281173969167,7.525026203419571,6.7023901058118325
TCGA-34-5236,2.3345110701291047,8.361014273521604,8.907903132350802,5.580211827569556,6.037606252863148,5.489276387497704,3.634070458133498,7.010933094586651,7.605361727111215,7.9248433757619345,5.239894436345001,8.120654682109409,10.456439947446023,7.759032629415517,1.781989115864704,4.357594229220875,5.214513410080016,2.0218350272622385,8.645188624502419,11.569481693053053,4.492788941514818,8.98104918859005,4.363284502930391,7.879755913262452,9.285113114112198
TCGA-34-5239,2.721678885209468,7.0560350439417565,5.421549846674408,6.6077815477781945,6.4113109882293,6.982059226951078,6.23705887028091,6.220391871792974,7.638867390864083,6.2215503888631485,5.63486621632357,8.993177019446922,9.09232453178245,7.619603753028095,1.7704907921600954,6.02840118159917,6.402493668376015,2.0211243400356063,4.101969369810633,12.339230991781308,4.641505568322701,9.028639594570794,5.071257925708197,6.691332021526527,8.538938808195404
TCGA-34-5240,1.9852089473175536,8.281050468131706,7.170514983137671,6.521804561723942,9.253609024774011,4.408915617126214,3.65642772363686,7.824699127501256,8.546690770915246,9.03676018927426,7.864532845148121,8.715439025744955,11.4541367627607,9.55544040430007,2.03502559505459,4.063856669851362,4.044499038818947,1.1850419125132954,9.0660135546493,8.701092944622854,3.486650023021062,9.898267768114431,4.127990671185643,9.010901808798195,8.672967867342939
TCGA-34-5241,2.486946009302472,6.993488692249697,7.022796118895255,5.747312201376601,6.843596997208433,3.985035851425576,5.806700408361336,7.894421877121199,8.621539461898628,7.565130265394005,6.566679704763824,8.61967014015002,9.701161232013083,7.787448789822831,1.5354557994352918,6.087163663171591,4.565067034253172,1.1196881745191958,7.274665149371777,11.59536602920945,5.623802496183232,10.346566032683048,4.008453601494618,7.929666987734931,8.717994995617717
TCGA-34-5927,1.3691034958413129,8.264260081894417,5.157148835438323,4.957246013601685,6.078588487843349,4.808446834987954,4.035280789012954,8.631584518573419,8.043061196785535,9.093067577604474,5.751118217107466,8.021585216186798,9.22941776543691,7.906387969290109,0.9246320070096966,3.701038867035766,4.743800376718452,1.334568275666133,4.177869967258158,12.374494732882122,2.2768539452461667,8.346669296501574,3.737054602858862,6.909848132181163,9.910607464127004
TCGA-34-5928,1.2999479540600278,6.547975690154793,6.323456541696934,6.572031676583501,5.69373226449526,3.5087455542444745,5.00824484183213,6.293219643759629,7.966163952034814,7.791284030772417,5.674398504053745,6.764687179308457,8.704992621932108,7.999111003466703,0.856308489717443,4.710552992931087,2.7328335747409285,0.996244108115665,3.413282656288026,11.866471554674096,3.470263527555429,8.753391934880856,3.2472569338243567,6.606948146321657,8.735243758533768
TCGA-34-5929,1.2276794735401415,8.946877040218139,5.124191635034787,7.257017220482552,7.509255619791863,3.111498776705849,3.975767736458826,7.755493840977629,8.285374474460072,9.343975372058202,5.230668001563546,5.159508095099392,7.998339381787172,9.167867444004363,0.7982579326445,4.337925125960132,3.288535750293802,0.7472584859223782,3.295091156180298,12.352840385705765,3.492212122418458,8.629565722842848,3.084250819241231,6.8388091002728135,10.214564265994035
TCGA-34-7107,1.7206724707697092,9.6334588200892,6.579643288489967,3.86934830973407,7.421957085789801,5.641366837085116,4.260477368653417,9.59416670136358,6.983299188386144,7.494093144181413,5.2725271482102665,8.378644268803026,9.98642714841357,7.608515056624659,0.444561060372784,3.7347096202258383,5.346148470121575,1.435948564860534,7.510248304807236,13.360052423122731,3.340191934518835,8.784099869647841,3.833812854535259,7.844698075418365,10.16253479579778
TCGA-34-8454,3.1953790978700614,8.700106056331753,5.623875638766953,6.772880652601223,5.852201139926226,6.901402739050893,6.352516666940176,7.645628173318992,7.790207071492167,6.454786210993967,6.226184811913128,10.261462058994198,9.322050718754396,8.557000279863349,3.0560285389227517,6.030336078370959,6.649151250426037,3.282098737088853,5.310819969596828,13.75161657905234,4.653977178636336,8.628866895016778,5.731200439279145,7.145828453394581,9.635502948792686
TCGA-34-8455,1.8892009428167968,7.861373554982562,5.958012074734565,6.202950503483441,6.709785512151529,5.267670623080831,4.012228965533672,8.836313299359183,8.086459501143592,5.982482553465985,6.486556710408472,9.443508855183754,9.096703033164212,7.271470498150618,1.082293835951431,3.903934854016451,6.0914396178702255,1.4398358695279954,7.351573562749001,13.228601323096838,3.709213425207108,9.71665949589936,4.488128606844925,7.678384273327118,9.024152477181795
TCGA-34-8456,2.8182574946222485,7.627381399416652,5.765431314150574,6.0956923889801935,7.720913882799333,6.418527302101609,3.775229681680655,8.100903030885643,7.557146599333988,8.495689167369587,6.828804191123155,9.5820286696533,9.695541856508036,7.815715029494093,3.259558737549208,4.289067184060908,5.325048153404926,2.8568662069844315,7.565931460984186,11.742928996557495,3.480549496273871,8.635385836019417,5.193711279042274,7.766078325245555,9.288666521114578
TCGA-34-A5IX,0.718876684552556,6.434186178202763,6.204938862355852,5.3707013542447255,3.736009491957779,2.746205259063668,3.994778827734011,6.258784600352899,7.776585683547251,4.694740929799818,3.3871143494701474,5.993694738655281,9.163864492029909,7.408007832055417,0.8673429953597619,3.47814347326819,2.508022916737609,0.9251639321842048,1.995810106094576,11.794319927189296,3.85642801871191,8.857852888069967,2.732858268685401,5.876547827798318,7.64108234506396
TCGA-37-3783,2.211386061679429,6.714305972191655,5.802306973356146,5.900714683161348,5.551823595721256,4.197708157955851,6.453524163842374,6.345419440726775,7.8069935589841615,6.225756930395542,5.6507214843782965,10.471549430284853,9.536143843127968,8.63422586876442,1.2229899855093538,6.58813444310892,5.401558794204856,1.135469201674017,6.254977566932121,11.77519860541481,5.782544859619452,9.66558978785367,4.363053759209959,7.1801510701075815,8.238420502667337
TCGA-37-3789,1.6669383372920592,7.617327137780864,5.524348951049125,6.24010248950972,5.707107846564052,2.4580144586046933,5.639058473615957,6.534514552995228,7.94630568429168,7.185614844413443,4.9923968345709,7.9404657145268285,9.980718110893598,7.192460502610073,0.6569996814940363,6.080079872783866,3.128342897932024,0.8857305340014651,6.579466799761568,11.98459412079478,5.0632699524045295,9.50057661434416,3.282370587622975,7.001448776598588,8.929178700996362
TCGA-37-3792,2.3671194108452824,3.123798608462621,7.331968497215602,7.756448908628823,5.857097695918737,3.52605628821878,6.968776215016696,6.976412901002425,7.881302431957662,8.613404203333253,6.429251060147058,9.241972427726024,9.765181819726054,7.468153181198852,0.6738277517734518,6.570455341070044,4.089159131911238,0.7583884654793523,7.793766507464997,6.941415057851529,7.003353746138558,10.29424865559,4.058996054940422,7.7395100397829655,6.226205956549134
TCGA-37-4129,1.3591837899745112,0.5257682188879006,8.050562098697968,5.811910245809378,6.60096993540705,0.5835190838514874,2.150104700999506,5.782411186100576,8.54075381352214,8.771794153005462,6.601547961155605,2.812949959455749,7.580188457036579,8.769046044571242,0.2056427419454572,1.180911663368569,0.4573316254850136,0.0323830053116529,4.631034416507567,2.8866086733193974,3.226061471701168,9.033989781237391,1.6089886359761785,7.131218735089247,4.061390348404253
TCGA-37-4130,3.990119851856994,0.8421340801056231,6.726720885870502,5.326939958036967,7.255053126121075,6.588815058650945,8.410661221336094,5.552001960973625,7.491963698709773,9.316521847750796,6.0502012860937615,13.22808335983973,9.789237413781146,6.779732485413946,3.050658408975742,8.250023118794447,7.213454216081946,2.5671316599740703,8.589121905236498,2.68329221852398,6.743438221181474,10.36830302934737,5.995028930488056,7.63879651160474,4.2806493821268
TCGA-37-4132,2.9385492737660543,0.3176513849083635,5.337457777734553,4.73616106739823,7.221398616130719,6.603366710692272,5.718320523130021,5.4590840184148295,8.559735377445925,9.95484261514007,4.590805589497896,11.346691787533295,9.880314213674495,9.084046188454936,2.9859011232781283,5.571734443819247,7.178121030495927,2.466809810695186,8.793670606385495,3.2151038888650647,4.7025134883071535,9.181967441231654,5.465085829122728,7.443593056440573,4.495865962971165
TCGA-37-4133,2.4622879484709035,5.780142089838471,9.755716646525196,4.759560669251084,9.663626234815762,5.490794731851933,5.297114363145391,7.3524089652497295,8.01861414645906,9.461418463994134,7.3418381266483,10.770061749710536,11.83755954149856,8.813219392577217,1.9642137779469395,5.117911098328796,6.238106615244472,1.836489726110627,10.947349392960016,8.126688987661256,4.480555958672904,10.667986298871051,4.788787888369499,9.547463074893228,7.789416513831287
TCGA-37-4135,2.761880953629982,3.4127273385916426,5.68726789285589,6.169806775754648,5.877903722729424,4.502928842178794,4.73925405655682,5.141735228155155,8.395795017969673,8.369924887016035,6.306559367554097,10.2925973751901,9.231567529972915,7.81502906349085,1.0670879648011469,4.831264168180818,5.813570863009003,0.9180045185978744,9.553904944238132,5.922837688293949,5.171923352419919,10.528632653984126,4.503696756165936,7.517825050372574,5.901829971300542
TCGA-37-4141,1.96303014950119,1.65200456002422,7.495514494685714,6.054164727541761,7.091124333661165,5.399700896365211,5.660229843286101,6.024886999313179,8.5286978929307,9.75118786024244,5.657357040040864,9.390045322043129,8.842495234267199,8.800903134658922,1.9696386291599008,5.1002544375024765,5.524725052002365,1.6027894133248972,8.508861602082767,5.241916433930212,4.440653266155606,9.40647948473013,4.55772774141978,7.7284527904299924,5.548369618065625
TCGA-37-5819,2.701260710903974,0.5888045670155503,5.267809180103666,3.848938358571695,7.6290979318684755,6.99546755919662,5.124104764694398,5.0775891016626495,7.7775656873009185,8.723164660694218,5.600790090962347,8.547679242231105,9.85285967634884,8.450416173995391,1.6369609685181588,5.135707234269994,7.16818871551451,3.5198186419945974,9.819048142249544,2.8205057660445525,3.2141869891437618,7.2949055841238994,4.916902028132951,7.374064485164351,4.044158331251441
TCGA-37-A5EL,0.3689359321978999,7.582008716783965,3.798154227433595,5.553621614880408,7.425189882092345,0.5817850751801319,4.530239329873176,8.119805392878659,7.532472816842871,9.5239752995341,6.407624675566609,2.053841190267751,11.288826287063308,8.206019958255377,0.0,3.6981517881603376,1.9161708753397904,2.250900954821015,7.181501145569685,12.213147943456244,1.895961766854404,9.01208059756695,1.8178936632409994,7.679900270803316,9.773043986591436
TCGA-37-A5EM,1.6810443993024786,8.216849631518041,5.766619012111418,5.403519967377655,5.468928636277702,4.649580971917166,5.56389942658547,6.7938802801389055,6.963482215991684,7.654685430142595,4.756446907051769,7.06540320893279,9.976133613402263,8.258661660791901,0.7337014134586813,5.255697107589503,4.751795755617081,1.1428055100858352,6.09120263214385,10.57958050170502,4.5049571937792265,8.978383849743091,3.6325501752416693,7.011282073957613,8.817038521121885
TCGA-37-A5EN,2.8907774142533262,7.735271010605029,6.812758759719557,4.95258051822088,6.120360235506053,6.196974830943145,4.41837887599165,8.226522016478128,7.365441464301032,8.981491649023237,5.659496480151607,8.977402432877073,10.97333151673865,8.225833071748992,4.146834407529926,4.994679279409615,5.321282344359105,3.3852377445270005,7.911933009386954,9.665068496338264,3.38125568135433,8.310665944560244,5.124441384672922,7.780112629286274,8.79394371865551
TCGA-39-5011,2.6556266014999457,3.248701805069007,7.131163477414413,6.890834553314637,8.623517570463834,5.7291203865720695,7.40887911294154,6.256074675633932,8.347526588251831,9.703184641598158,6.879695965331599,8.424675237285326,11.577800123158475,8.381014659374463,3.316044344500358,6.70122189068949,4.993334704293833,2.331676557194749,9.686122820802478,5.938064618157252,5.70908657038769,10.341649243653146,4.905901769237274,8.60962981697904,6.296650354941472
TCGA-39-5016,3.3259763827678595,9.01565506342211,5.94298828834541,5.9979923559449935,8.391003370910452,5.798058293476096,5.931867400152797,9.4801243279921,7.769550267504504,9.09864457178896,6.607038785914212,8.221099857547568,11.147838413938755,8.240227020742012,4.287272809973556,6.03405500579813,3.613178007851592,2.952482674430476,8.643210078411188,13.2875030004522,4.48949797916707,9.987145606724209,4.885151483141734,8.55494698662229,10.46726754522109
TCGA-39-5019,2.8735376231931933,8.205829407939127,8.899020305168362,6.854085438679231,7.93641003407131,6.025372146952483,4.901161353300139,8.30848101711201,7.807347837377061,7.981819553102921,5.529258748025423,10.09759552268598,9.310001494746308,7.929482119999066,3.6138616434526782,5.20703384891224,5.842491148607374,2.5592715376048103,6.486070743735668,11.579254126674265,3.949656319725938,9.097259455078,5.409459294453678,7.936997989742018,9.255634362572104
TCGA-39-5021,2.8104225378391314,6.644555727245429,7.015494224202981,6.374119637385498,8.444193290051539,6.872138020895306,5.36318860246276,8.133520372469441,7.832652076415224,8.957866148239352,5.591670441946966,11.04126920170978,10.946578817145593,8.519397225254316,2.4288927617859155,5.720418021167444,6.981441700608005,2.456622187314871,8.608339107656537,8.723928812055707,4.184343777952908,9.1568415245884,5.566415149648358,8.302004375414471,8.108783562513496
TCGA-39-5022,3.940599024294411,5.848527800786428,6.204755015018154,5.705397390348491,7.4611331589200764,8.176718202807265,6.54052639607188,6.016304649086224,7.414847569500465,6.77199514947186,5.598588524663571,10.26796211569064,9.47904054166814,7.866793022707679,2.726831217032493,6.510389156907149,7.93983012153071,3.485581393358725,8.184762302579731,9.649628032297077,4.366741846314187,8.633984394109854,6.034702780723249,7.430670201094179,7.423383660851788
TCGA-39-5024,2.2057052924035685,7.201080003035794,4.350433597369458,5.803537037877417,5.785309908132157,5.058805681971831,4.7542301246752645,7.899090415161937,7.908748071452263,6.437598953376398,4.508308211626842,7.355772169767048,9.40212908833057,8.515023268548422,2.299332588580872,4.580561586442577,4.215523292765711,2.2772706596556422,6.115632576212862,13.191755140841012,3.083757999844866,8.673466323401545,4.173706674717442,6.906174173597974,8.943478032417735
TCGA-39-5027,0.3952822041322334,8.44627525613219,7.0257408829387655,3.361768359419153,7.155486149957719,1.3550162642195498,3.406536670205172,7.996953036274318,7.486608193975561,9.089085490706482,5.214253056484951,4.918266959092563,11.135762055717915,9.157508376790435,0.203389117367087,2.667233624755505,1.4019034716079584,0.2654368960490983,8.218772451152361,12.53013796500882,1.827127991097631,8.795616637577236,1.700151895983949,8.087511580861712,10.021832903949162
TCGA-39-5028,2.4424392936238637,7.542798958993109,5.062544854212179,5.257791363691366,5.633980399452431,6.50825908152834,4.375727589168341,6.797282809227256,7.800703861221684,5.932337604697967,5.968222109670967,10.33145633174962,9.242434829566724,7.697476377579486,1.4288927617859155,4.566498578595757,6.511033103131783,2.141269284946133,6.520899924658978,11.427501052746893,3.563414424014106,9.521289098058736,4.945877317208145,7.055516300303345,8.300879205479324
TCGA-39-5029,3.1860409264802643,8.415945378814461,5.664582391989876,5.659716242853158,6.135859062134628,6.83254068781363,6.114671025074316,7.483440144071303,7.996413039745104,7.392113885371355,5.108812966936292,9.445050861048308,9.738756692343207,7.744027182493127,3.260326813470302,5.550226551944784,6.695751673831524,2.5663280861329114,8.43456526471623,11.591517858594734,3.9987009898208967,9.606880418693166,5.377965041661442,7.489615515422229,9.133192374260183
TCGA-39-5030,3.91358836511289,6.946782317216956,5.696803432068924,6.65195721844941,5.562260744041784,8.25660593529475,6.2592969712104205,6.010043536333107,7.502862825156578,4.744069578430115,5.45738416258525,10.454678889442263,8.618888705814605,7.446740907235579,3.7089155745023534,6.21482033382139,7.9403923008049535,3.642782425174323,2.7906469432733507,11.493188373743145,4.17988521072698,8.629410173674268,6.366988672682992,6.276522325628359,7.728013423130072
TCGA-39-5031,2.8630463989120565,8.25124284891341,6.100916693412423,6.300391001174826,6.442193762960464,7.262934841412369,4.877160183744411,7.429440219183065,7.289554159770919,8.568044269096395,6.096691965779147,12.232353347982716,8.845906490620823,7.526287171832482,2.688829369389637,5.275133724870496,6.889074361152755,2.414703837469504,3.9183480674060176,12.46097510652968,4.083170810245442,9.13614497833063,5.807333308213409,6.936991168690632,9.76008740817983
TCGA-39-5034,2.5414652784912004,0.4892346345320175,5.238809783584663,3.889308041704665,7.895420780780797,6.766830998180781,4.647878581679114,5.322854728801855,7.728908226336263,9.470934779624262,7.271770209871243,9.560370668632642,8.898786983585875,8.14841099208458,1.1096948648259295,4.1965126237903965,7.094864155843499,2.075224549511728,10.316976234282151,1.3303862989063695,3.102271793423983,7.7505227649981565,4.719679793884349,7.605444059748665,3.763518571020883
TCGA-39-5035,2.9637145531131623,7.830698364539105,5.556735947914529,4.772841073901946,7.554648706932345,6.790558328043229,6.730315245070111,6.614618568684491,7.408948724774026,8.322187305864734,5.632265306837224,10.178220024077634,9.100299385912104,7.834143601640954,2.4733453352095784,5.925883144040158,7.208853742759388,2.5510729899403506,6.38951346685204,11.039799696934654,4.07790095028878,9.230172985733477,5.276943721006469,7.239049746313396,9.064228455779498
TCGA-39-5036,1.8673034537599211,8.339034917144344,5.99877318774614,5.453270634010623,9.200188972690013,5.277992183852975,4.609187604870425,8.611645281007963,8.11035175821928,9.14122457305242,6.737532642201078,8.02949043247489,11.964240279992008,8.609937754400162,1.750649377751032,4.200096258235585,4.876998173918796,1.226570182125558,10.3148230504441,12.611933874538948,3.0269947657803837,9.471017723965453,4.068896348270543,8.863519861555865,10.03073112157857
TCGA-39-5037,0.3719491041386278,8.835775680184343,7.202678260840661,5.363542568825072,8.034058308229103,1.890329949315372,2.307574244604612,8.751120560921484,7.924904524428744,9.08269886423644,5.096961774971308,4.700251045683816,10.85290234600483,8.56985978454739,0.4170558598131493,2.3465881929236394,1.6755901396324258,0.3878036645333289,9.299183286260302,12.082696768866944,2.8931291860172124,9.150178847430576,2.115217475991684,8.369617896150707,10.000390437762576
TCGA-39-5039,2.6722216529991045,6.134011421566076,7.433151419879373,6.236760467926178,6.514947548698071,6.11608399276377,4.411032976376367,7.096876411113452,8.273304673086535,6.565019799544464,6.443132526262708,9.17557050792166,9.431105589251036,7.473091205165101,2.1018517435049007,4.44387845719636,6.556040025314472,2.235788319473357,7.228703270275739,11.877846797570138,3.298130403730526,10.05396605385346,5.013473815700492,7.709371753062367,8.19229267289356
TCGA-39-5040,2.355213648395808,2.5806761441892663,6.696452931178023,3.517452081819864,6.370125910481008,6.110223327231704,3.781139357818096,6.764928634101915,7.805819309428375,9.905453346403414,5.073228984138997,9.10048521038022,9.804162004905177,8.143650043249833,3.874846136670841,3.9787356238350697,5.820360245446144,2.7910430389325165,3.3922074989689706,1.356369213716225,2.470693034722621,6.919189893217593,4.795660526982443,6.645493237530189,4.614166234769635
TCGA-43-2576,2.565962677281056,0.8839335617976027,6.837443761000192,5.0876580162002165,5.243798539979268,6.809998298571284,5.424257005654058,5.393889790212072,7.451054467867063,9.41839890597449,5.2318624493431045,9.99122760832186,8.188341576010815,7.082840943144625,0.9192256539749236,5.522903184024591,7.325282965513912,2.025666700388476,6.469710185934564,0.4020672498278254,4.603869617005689,10.100067926070125,4.960717417178819,6.818494396461846,3.5681332391999727
TCGA-43-2578,1.7507779888534918,3.312447358952275,6.246894477757423,6.115147718187499,7.147213067113487,5.505757575873902,5.013649842631836,5.255243895463777,8.260564871633926,9.703021426185554,6.167530546214513,8.134496656307267,8.821687895941226,8.123240430179838,1.6748221839618225,4.60028164903253,5.640493680238047,1.8830342356551515,8.757436348220516,6.139205473406094,3.651981606727412,9.076590625950882,4.386361434153883,7.449479660855207,6.384891419514641
TCGA-43-2581,2.058316495590823,1.336397656213539,7.417042353392818,4.408514869444548,5.712163787627525,6.418412610539363,5.387235003383801,6.756417550269266,7.48831094263931,9.850559108093483,5.856878653570912,10.961148534744474,8.95047103871423,7.842120876935086,1.265376882527973,4.863765039156152,6.362406765077742,1.6497993765880734,8.091244424864739,1.997581459713087,4.925163932184205,9.954797986525763,4.731996504930428,7.572642083987542,4.39484607467337
TCGA-43-3394,1.3476089677593068,8.417318787742635,5.938768021267001,4.576800250139721,7.559261593815594,4.403915289786049,3.294297254884324,9.38328027652236,7.788146034433709,8.817863047263648,6.914975843413039,9.66202048579794,10.612827776971288,8.60247915041954,0.8830733484512632,3.364740503481129,4.347077404324007,0.6828429347730692,8.093420205474862,11.442947278772577,3.50201228760469,9.27386342060182,3.700476954433051,8.297359536060688,9.559376371259619
TCGA-43-3920,1.983933016358921,6.335327821665111,5.425217582070819,5.079625579725536,6.307007677762087,5.530470325399191,6.01893233115973,6.766035889758967,7.722704404666675,6.738184156705561,6.377064734891471,11.232869256240924,9.125553470979758,7.807613167117785,1.302757715638036,6.079627712891059,6.189986605934193,1.7473873996527176,3.782827892074894,10.842349871944764,5.048214384608036,9.470113413932603,4.723861414135646,6.882679228573548,7.971953950105146
TCGA-43-5668,3.735348870185885,1.774122871757532,6.808054202029058,6.537935880360712,7.589137264583563,7.405229979762559,6.568007775813347,5.970027640623504,7.515074534940813,9.12040948692245,5.1018727489057385,10.960261984828175,8.766162805200274,7.461222399569544,4.236890548335801,6.209525498577685,5.851111866556835,3.539220861173239,6.8115480955142775,2.8309651372402493,4.510708792679504,9.325323896280215,6.037999998743315,7.229168631588272,4.57516583197341
TCGA-43-5670,0.1562671630518036,6.682441268979908,6.264855409985415,5.656736609042191,5.812577802402664,1.5293712052539286,1.7794698572951697,7.1579663274679,8.25821126394964,8.238781606119709,4.828656966723711,2.748761763166749,9.996067951813217,7.887429615914558,0.2149951346149232,1.7557848999163317,1.243181601644472,0.9439588230133358,7.323381779200765,12.25408262747842,1.8729469276679336,9.514716420826977,1.784753185683915,7.348206534291901,9.058435167526012
TCGA-43-6143,1.2058929275076706,8.140678976342663,6.125946536279979,5.126815961246853,7.938572208528202,5.218323957817265,4.026410567619773,7.981950237351706,7.678365627081924,8.451930219111578,5.59234042093514,7.873935590981548,9.14376303541356,9.215714993527731,0.7853412987051824,3.404589814090812,4.5159205616233695,1.2903654208508843,9.985243820209837,11.547131819628325,2.7439888231908527,8.120193286617457,3.7166565312475393,8.012965567357952,9.379913671694188
TCGA-43-6647,2.529945849783255,6.449916227346287,5.781044909354034,7.075981799017906,4.971074458112191,7.068134429064305,5.0188522353268565,5.549595247652055,7.451452639983239,4.903260057783016,7.043463718291785,8.692264679294109,7.650820554354457,8.317892377068336,1.7750505414831748,4.561020577829269,7.1596180862615135,2.1950955771772183,2.921836177660319,12.623080174068445,4.069736532467562,8.5680511114842,5.213727280297355,6.350472319247173,7.992085486399248
TCGA-43-6770,1.3184614651675828,8.994152294176121,6.735247313376799,4.720097843394663,7.489767697008256,4.237250121383587,3.499986164421874,8.589025249983264,7.351658361381903,8.870306147441918,6.677613945824932,7.424499729135934,10.421682275104704,8.55471930224616,1.0603241331511035,3.5531884510784093,4.443427629495143,1.015354834293464,7.615336102801945,13.848137005227745,3.738000356681368,8.848369742444596,3.459916536574497,8.116470203598832,10.570865148948595
TCGA-43-6771,0.6155104648841228,6.667775774164331,7.17448432004106,5.060912049587874,5.336558330768351,0.5799524688312953,4.70549692316802,6.45970209860076,7.254042194323235,5.288890061222084,5.233895727538261,1.8660771263093,9.20841703123515,7.39975813757411,0.1705660567920685,4.428832478550492,0.5936884087300691,0.1035312098779929,7.427653099831353,13.787596964136482,2.940411095073521,9.587829448665278,1.284319683573246,7.22853727428179,8.581420933174298
TCGA-43-6773,4.156736376899544,5.682590151163162,5.777740570982614,4.07295469936671,6.441682659735411,7.972930977647248,6.064359072698141,6.5778502449274905,6.614958613953436,6.474775098395845,4.940326518936812,10.156111904613214,10.385413132822793,7.325335140792901,3.879735168734864,5.160944383445134,8.643755918984933,4.274619494716038,7.700567335519408,11.32879142641882,3.3977618978518733,8.327522554874786,6.165263505851793,7.184554769824027,7.828718891992608
TCGA-43-7656,4.349620048177693,6.970386635051077,5.451507864290106,6.243975575410557,5.708195514660159,7.514317973574552,5.850649426240195,6.723666404629255,8.405829026463493,8.030891660603393,6.390409743623223,10.283532440219933,8.872073362652804,8.157156416293123,5.553984020820068,6.184246567655943,6.791536703305931,4.186429245164943,5.487177608389148,10.00052358637115,4.215647537176912,8.838811876216793,6.417628000953381,6.953624848844326,8.333933960675207
TCGA-43-7657,1.1719113465526856,7.938209914293372,5.468430177291903,6.146773324094766,5.445508217018006,4.771711303947512,2.488874866614148,6.991717971244757,7.781288232772301,8.288582350841143,5.1455307329851365,5.991356309289537,9.800907825017037,8.45019509684429,0.0677763720484927,2.30955456875698,4.857020537067647,0.7892701864317095,6.23697471176316,12.510591162687364,2.90097304437343,8.628953993695365,3.3994027684903356,7.021027340732457,9.579127809273961
TCGA-43-7658,1.7209788451443524,0.8531972547703564,6.083000565676004,4.508333568442438,6.189112917344774,3.366252263699564,7.092336425643161,6.80813917428683,9.108972877061772,9.291892902300695,6.240919142127139,6.399107846323851,10.661958779558416,8.827006962659096,1.0534589319415206,6.34212623953492,2.889843416918698,0.6679375279789245,6.177614874145024,6.152836459931756,4.453458316221187,9.073559181678814,2.9437017714927642,7.507663949684513,5.4326422056676025
TCGA-43-8115,2.752213367865143,6.882435188492732,5.985794130931821,5.230560414315763,6.319287350964479,7.013767069513299,5.818339311362854,6.475692905255616,7.438264569687897,8.874624547638136,6.327477195332721,9.701984239420613,8.075077973685028,7.868658988632214,2.706375831637021,5.94413691789008,6.532413592972486,2.417731019661532,4.430874007954688,10.408712603942467,4.557256903679084,9.13093395778342,5.193577933626551,6.826724563817498,8.721924113357778
TCGA-43-8116,3.213580582821337,8.232492400571378,4.462196319281554,5.662661255475094,5.517055177115428,7.202970087304314,4.751790400828986,7.14512716994949,7.961785367731084,7.491809013307709,6.584687460763408,8.10268227405022,8.382176559625572,8.127308781285047,3.348558207137156,4.948138251286154,7.503537170129825,3.548572256315594,3.8083850506560935,12.722911119783776,2.939790754900577,9.062981359506734,5.511794547604792,6.636239734772916,9.48240417788762
TCGA-43-8118,1.0164963198961956,8.146498416627045,7.738745547800136,4.816512671206655,6.948022579054042,1.648281355360752,3.872937080693185,8.051559170071073,7.434030177486372,7.991450418148329,6.335552927884983,5.382542757868694,9.616823756664704,7.33894937325377,0.6633901654518928,4.179304026196232,2.1116990721974203,1.561350578348369,6.246993255795817,12.682839555839802,4.126122115606088,9.338121741558794,2.4571818457614256,7.701846044010415,9.606929463538393
TCGA-43-A474,0.2801248919757295,8.7326989451717,7.641435481812769,3.375706740723043,8.706430745642033,0.630498665826265,1.545770726110136,9.671048290265638,7.4077869560364284,9.043954139582402,6.069803113948265,3.223190835122079,10.91388974673333,9.132626192853564,0.0865120465742818,1.2271865604314771,0.9031154175175926,0.0772429989324603,9.13970507820124,12.624515661015716,1.4897998029165234,9.20367248109737,1.225198799524493,8.809826391319277,10.133722915256605
TCGA-43-A475,2.2433339566276524,7.129789932135169,6.808853515804952,5.9322123893133645,8.758472749400532,5.9517626196148266,8.057379327102332,7.969979307627803,7.757209973795825,6.204756970964193,5.505335207324615,9.92175630639862,11.388300467200532,9.064887161733294,3.266036893995317,6.842068691792747,6.279586439211836,2.7169470094776864,8.41350988550989,12.249404096257134,4.936138503423968,9.180890534957072,5.187376516377043,8.386278603694837,8.527983666452165
TCGA-43-A56U,4.37666545751677,5.227590915626784,5.114342035791455,5.181166174269977,4.547011722312445,8.562145477963744,5.245518480464883,5.650313646457851,6.5280336460159685,5.540842523727693,4.793125962414743,9.801517603432265,7.906997591523002,6.551309903613679,6.008173116363526,5.877727074905806,8.939759319581281,5.465889597593789,4.686831048571194,10.687541378252352,4.091369795763858,7.846281434346258,6.905045249531622,5.8870266681288275,7.151991605868943
TCGA-43-A56V,1.757578022534634,7.842824249038292,5.447770926045536,3.921064945187733,6.533521300142668,5.622230497523231,3.5977814341846006,7.375499977330948,7.417824673134003,7.843967518193827,5.545162186266399,7.813800427022677,9.425504413457508,7.998098447500126,2.7935629945335823,3.462222499643781,5.954384779202184,2.4533858803664503,6.728150450815788,12.189156694666828,3.1767376473965445,8.72288879785572,4.330858220910071,7.222074562426837,9.291982820632983
TCGA-46-3765,2.938568092059279,8.865397685389478,6.876049069164114,5.371506590105539,7.19742706055808,7.323392588475936,4.366741846314187,8.474272165075101,7.667066113324059,8.70619035190362,5.691215888260729,11.862303492314936,10.579983288971276,8.283240719510232,2.604593257056665,4.635957491729315,7.011851169976124,2.6388384367240314,7.701700138347436,11.121663794331306,3.513503378589207,8.955414814802156,5.678721946673216,7.96991289308614,9.564417277208134
TCGA-46-3766,3.5029797448079445,5.654733398207618,6.620065832049704,5.770649358537468,5.267842881151271,7.862697481512811,5.780740533346228,6.632673916430743,7.567575868524113,6.413951124201677,7.262673686981836,12.234460873768844,8.01022596845477,7.263783736358293,4.290851958617426,6.034673529300271,7.355793308284977,3.279827839440884,5.553974808237472,9.953362302162647,4.959937038301551,9.097675840734595,6.328180080710051,6.963614583799836,7.340682274857315
TCGA-46-3767,3.609128492318088,6.531306594398728,6.491918817606786,6.186092444155789,5.88526685600054,7.394571589323818,4.922602241181938,6.72201511181204,7.585322378188611,6.940389951504168,6.666008070685059,12.340088122535434,8.354631551826714,7.6102061769655345,4.592803840399619,5.7283695255732185,6.626284345322392,3.1449273848567247,3.9617714793489855,12.136223755594044,4.681145626457807,9.229480495253044,6.270556602701695,6.865162319937338,8.535973433832313
TCGA-46-3768,0.8510393857087252,8.48688126749213,7.98857165229964,6.08578154655269,8.81618816234176,3.024177814301165,3.883073348451264,7.507049319501265,7.813715787559356,9.792408181622124,5.964130585803575,6.362620673011155,11.498450690491486,9.520471948357375,0.7506065048355924,3.5196551217557768,2.9701542193673705,0.4127273385916427,9.953156235281789,4.966421238163159,3.1562671630518038,9.474510269073477,2.92244392605262,8.840316107893795,7.748570229092471
TCGA-46-3769,1.6836515448124847,4.070552480604823,7.365725777023396,6.710437276906914,6.844433360383104,4.0930615016124365,5.837991162783564,6.4373842266103045,9.017582344900909,9.099476950159207,6.612060509253447,9.223423998035496,9.370827093023609,8.124800614702579,1.1940239958851295,5.739867000152818,4.4780657927763485,1.678387460140259,8.696334687463251,6.177750397977435,4.894614074335553,9.041754963116814,4.1515787957384385,7.811665153947063,6.449259942913822
TCGA-46-6025,0.662661255475094,8.75912719804398,4.441005334989953,3.52231944890936,8.32518940511581,3.502737941322272,4.146777396404239,6.539062628232507,7.100970291306528,7.306961213053352,5.795722797813045,5.802609418373687,10.751484642930636,7.801568042928381,0.0299828662157143,3.282083906219724,3.7411217769441,0.4967179879351771,9.546945377637597,13.415974748422766,2.1168970182882623,9.245622106061225,2.5368786707393434,7.805825041963645,9.8273543865067
TCGA-46-6026,1.1585955515008968,7.689763907474909,4.6957767246070965,6.025017717245058,5.653194761739843,3.1871026113937058,2.755336270815796,7.114362860121967,7.771560777149951,8.659686277183175,5.651929960474339,5.5949485792166005,7.770275378245903,8.020388854399135,1.5386374851706432,2.2143113486853343,2.7338749185750526,1.2712463739354585,3.2948706718614225,12.48991169143946,2.007626092376178,9.08734535229312,3.0727747481482024,6.411018070467854,9.613120625365848
TCGA-51-4079,2.272142661964176,9.459344931373542,6.8774092997205685,5.023463844820185,8.924889089087491,6.114616892754066,5.251082803316987,7.74803515104782,7.084655342422888,8.32276101079215,6.87716509284907,9.8103163290322,11.61583540632763,8.41099313492334,2.1120662083909965,4.429073596379995,6.398338398007207,1.9729499269942647,9.908402528947084,13.57646666729694,3.3119825778540286,8.818454358304653,4.8148420374233,8.647648007650957,10.452857536487544
TCGA-51-4080,0.443394474838584,8.896317568144887,4.891696227688125,5.419087135895361,8.161485142516621,2.1686099467891475,3.90967711325429,8.697085022876976,7.458533753465738,10.306615869602036,5.88105521134576,5.761928810119983,11.33065620616888,8.711481140410354,0.7207162425211314,2.561668285299749,2.122142584220448,0.5009040067013038,8.584253752999556,11.327637182411,2.907794401337916,8.256306830918822,2.4481118858694226,8.064252441865637,10.176856873385974
TCGA-51-4081,0.5558161550616397,8.626231405781544,6.838297566651428,4.862590248380162,8.550838730217238,1.9575803448474485,2.0854926421644686,7.292515819830655,7.360148277548462,9.107380039915595,6.766246636170205,4.802239754740926,10.893315335762834,8.473223147277164,0.0,2.0162823601299946,2.299010149498923,0.8823691558311588,8.562558026946428,12.208314814088997,2.0534241761617364,7.9141865797351185,2.1942294011943226,8.161397730323884,9.98064208659538
TCGA-51-6867,1.0399805976908814,8.155079795259928,6.83067238166364,6.814872097312817,8.093750831364297,3.986146947970543,6.263026891777555,8.391483338331307,7.615661267411287,8.65502654149928,7.297918634806965,8.86854756786762,9.99431128691743,8.296818953570025,1.2744704082273726,5.406356390087551,3.929734197583119,0.6913554919310606,8.479984328306587,6.15148949276864,2.772329091534554,8.445655119616815,3.800729615511916,8.228824359322132,7.653865276509283
TCGA-52-7622,2.9412190170939745,8.325004515526116,9.04507486706621,5.725473966015016,7.928212778751874,6.416778952919756,5.813758107911716,7.490265258313593,7.443861885142761,8.29321182537983,6.411539799255302,9.799183333562263,11.081726152614344,7.8922422554968605,4.486946009302471,5.541493156746028,6.138781709787375,3.421829204895305,9.461071546901987,11.38236264275137,4.597632475152123,9.041925491808804,5.561458884796594,8.544007268776122,9.333526327885773
TCGA-52-7809,1.9246320070096967,6.950539567309357,5.780879609662073,4.81649731148601,6.804240752203421,4.999603204301846,4.657234118688212,5.997678550151035,8.013289729069657,9.541595565988388,6.395909380155924,8.352669377685313,9.448428149944553,8.19235249395431,3.009705472283667,4.50467759063253,5.259336521688781,2.392564720732265,4.92968212882769,10.490649647352845,3.323557419888217,8.236468700824942,4.393572659312512,6.973204970715493,8.994261593550197
TCGA-52-7810,0.1450904768024198,8.008108112077322,4.560763858562241,3.878735149026925,5.191286276121396,1.094776556895597,2.2947530664452382,6.757379341218285,8.104076615761995,6.34347711263703,6.301075442845304,3.181929437690066,10.090008118307642,9.074767387007636,0.0801118598615981,1.5430503856483728,1.9313048436506688,0.1397314222437436,6.669242246317494,13.208681289809956,3.004789003697109,8.70674119494777,1.4930971065958596,7.168907983165971,9.186755504841436
TCGA-52-7811,1.389016059688509,8.1832423392981,6.344553350521227,5.148572165502666,7.629957617814145,4.521075870741973,4.199695898848836,7.172896495822358,7.6609835061689875,6.426633769026691,6.380564961365765,8.25452979753391,10.667041091408876,8.701566383595376,1.6059683588414584,3.9578403267062328,4.774971501971067,1.253081625407588,8.333155350310616,13.067425201025705,3.7169470094776864,9.007513971685997,3.8496021970981675,8.029656152815544,9.225767103116832
TCGA-52-7812,2.37798438835347,3.180163777829684,7.257698978658602,6.624054091110101,7.08385796846687,4.52118896760822,7.160515865603216,6.292524102108509,7.8970873126492656,9.729940683900423,6.01079550068015,8.864093883523543,10.4129974054508,9.125526350173374,1.6787480099633567,6.324932982539682,5.528621324764625,1.386479888596234,10.459469529869654,2.4453294308592763,4.171166787590742,9.182232196294892,4.425881507702792,8.228137753962855,5.118477964196461
TCGA-56-1622,0.3654685857781309,6.936557852483594,5.1200366896664224,2.559198104930227,6.829334582055211,3.233473961995102,3.243836613948664,8.588625073291984,7.463212096130838,8.5536477234359,7.402081750128431,6.919321011661096,9.343687406205463,9.3662207848472,0.1892869065836121,2.6140501755893624,3.341373823717336,1.057346290415799,6.412815391021765,11.664422706077437,1.8506394258933248,8.744269091786583,2.5236383835830436,7.725883846125384,9.051542760665642
TCGA-56-5897,2.733072282433836,7.5268739977392976,5.727386830928569,5.078268247139215,7.410261382383544,7.382740734262022,5.028600092016003,7.183344580268892,7.287221087099554,5.3108744877932175,7.193781597837347,9.633836766011935,9.863252425065784,7.976464455878539,1.949646982649385,5.060989844107322,7.391714456365274,3.013337191038349,8.894180230096486,12.96944064837401,4.170045221019974,8.77635341058972,5.311802379985717,7.87812811413111,8.60239637796884
TCGA-56-5898,1.629333303607704,7.83641082593693,6.8843683608623465,4.4295824906106045,7.354370170911886,4.057692867168346,4.841877539729867,8.222733571934308,7.335840512506147,7.1600145902923575,6.424515685304548,7.956372672124074,9.384445750826668,7.613133059248772,1.2329063010068304,4.478797118376344,4.138060820999332,0.862272841186562,7.183969780018224,11.53670453096013,4.256648389880677,9.351975870322049,3.4723173281004938,7.8024390311786,8.844376649063138
TCGA-56-6545,2.587028883059274,7.348173096677495,6.933185475735741,6.285243143716257,5.569545775286271,6.379211992644774,5.290391226216414,6.560363407558227,7.326922885344954,5.32167199378796,6.278750510989818,9.69570661613345,8.253069803400889,7.616206231946749,2.633803170792354,5.080188625954705,6.4473907479049,2.5474004716441443,2.796057784400833,13.030636568304708,4.394603313009238,8.722231362515206,5.225112146556451,6.591176293979217,8.566827219590055
TCGA-56-6546,2.9468431277595943,5.051702717704681,6.455743116870893,6.704737811920439,5.717347409961516,6.980074440630246,6.754732537707133,5.885254651935204,8.077191183199329,9.03264252371633,5.394496993044593,10.322933798637411,8.499448493418674,7.406292606349029,2.75157083740282,6.162490022842805,7.289786522061037,2.6782071514331487,4.406135261069322,4.798854092983932,4.547752106989736,8.441364373311727,5.667736241406386,6.525760363245119,6.294399778134981
TCGA-56-7221,0.7147510593430856,8.517849664544805,5.903905940650476,5.117990033672288,7.114586702693205,3.1544049835375008,1.6454711040372512,9.00010284471113,6.973766235235359,8.45221940933426,5.389845549858581,5.591329350994567,9.57969815398376,9.455388256111313,1.4285176251672376,1.803227036434928,2.795579950419571,0.819831652426537,6.89858204049944,11.457807621785776,2.169187435471827,8.339960427167867,2.8032006650801122,7.710258739459471,9.475958898554948
TCGA-56-7222,0.5280711645787354,8.68093929831691,4.275357246041136,6.683067594138005,7.114364942538487,4.321004474471124,1.6973290237937193,7.847376865308039,7.883113682411676,8.723705308093411,6.463123796094984,7.236257252379403,9.809231619677291,7.853621455748828,0.398788147633769,1.3226204223616846,3.927858537460776,0.6683006985386494,7.219384424436273,12.133348934632538,2.343549952738881,8.87152796284254,3.3947639813143518,7.431748539085947,9.845997847014287
TCGA-56-7223,0.4271770546821001,3.373634292357359,4.948427975360223,6.538070950283514,9.005022365001235,0.8659188145522124,2.668686467114165,8.296009019297495,7.773127994874664,10.240002761346837,5.260823585961156,2.153027043464823,10.571870556728896,9.292651321124351,0.2413520857706586,1.055334501751099,0.3323928690576164,0.3052117760781883,10.066864565222549,6.767588593752059,1.5720165131289408,8.184638344669908,1.5518786562698732,8.203288466670728,6.793741882485418
TCGA-56-7579,0.7107899063106593,8.966593409641684,6.627469682202997,5.151956205094281,6.861354943140957,2.6829328027172155,2.3996086221725115,8.390078220514239,7.5974157122871215,8.26130937314382,4.659142506202943,5.739850802350696,10.270379782988948,8.251866289216535,0.2542312073752226,2.4879236193037477,2.7034329774546686,0.3986787157650254,8.205877780787565,11.008471342019387,3.6617040019017297,8.677801374429427,2.5202675167239668,7.742996322435451,9.412124708268296
TCGA-56-7580,2.336169110464009,6.88513260560348,4.342149357211167,3.5915238425596323,5.534055375305465,6.610131599639923,4.2233993801283125,8.063464652568122,7.697818291589865,7.226614493101006,4.519252531419708,9.176313795666069,8.98400595710624,7.526190126950539,1.4654521274089756,4.439569949662739,6.940938409419707,2.3689917889081644,5.187787538051642,12.70729700511944,2.87982337249739,8.149314754201717,4.6413600962952115,6.538277536601825,8.93968136794131
TCGA-56-7582,1.0084868889654912,9.544084642065904,6.666276560335934,5.35568585093757,8.322102109481625,2.672085844372355,4.464981862274952,8.817150914998273,7.206485967591936,8.922846308734254,6.077779209188747,5.334264345263746,11.005433674188676,8.18294252302748,0.6831125218131676,3.723427500708537,2.4850145696904,0.474150461314303,8.981963932832208,13.219039585934722,3.2920160344066964,8.438536551963072,2.57325721176529,8.311523184502,10.561990178911627
TCGA-56-7730,0.9538984329190564,9.459710089283014,7.1934918491768185,3.224132910052057,8.948579823610624,2.8233417617631438,2.364180190035804,7.352388659931871,6.98869831847193,10.309809874565609,6.42278803541793,6.217882108838968,11.2867992108966,8.580063682139857,0.7808979772298271,2.108491002592243,3.5270703355126605,0.7127278288697012,8.687970136783989,10.661435461543023,2.2839217723076173,8.589324185971147,2.605707336455059,8.382675697991106,10.143651808463881
TCGA-56-7731,2.8204444960026733,6.060518690848039,6.843556799379909,5.9429132439827,6.198144438438663,6.584108653533921,4.380050601632809,7.409117646841153,7.868965119946524,7.012019960691244,6.609580641747376,9.45978343758061,9.204013765067398,8.289899462435462,2.77833475411992,4.915554362475519,6.812366015014928,2.730987682304059,5.469814360573474,11.609153292175977,4.446329024591776,9.395889677953726,5.304134040362688,7.427502099054646,8.227230647905087
TCGA-56-7822,1.1541943249927895,7.785034557377775,6.096902758522056,5.292159636895753,7.030082215875206,2.5111390814744183,3.528433793724743,6.9816323515472165,7.621696594461236,5.111127321884819,6.242549156473035,5.812629140117921,8.957209441420718,8.190874083529726,0.6690267655096306,3.1804979873683474,2.126543418826141,0.5359534005994318,4.812641974261298,13.180766368216055,3.290955142507595,8.668093589030597,2.585949395488012,7.122498196332481,8.692309415826216
TCGA-56-7823,0.8911858480244973,8.069296158214865,6.227746850919802,5.975311477976529,8.449144517486724,1.4870232131291174,3.894691673525577,8.208545059197396,7.325251479518845,8.98589827783971,5.7424616984886185,4.374079633038158,10.31733222311023,9.322165443780689,0.1576905135820534,2.868410209099136,1.619178216059069,0.4100154030570231,7.813381028300541,12.02268035153806,2.2382977275122875,9.064901708389211,2.1306406149809214,8.14320981620915,9.692624929197544
TCGA-56-8082,0.9920432761716568,8.556451641243195,4.762407287729079,4.973400044359968,6.147428817909711,3.879372496600271,3.046595827271592,8.837865997628018,8.089011315909074,8.68336696857139,6.198335024086827,7.3495023992978625,9.40196339782705,7.544210248888987,0.530670075491706,2.447605643511622,3.88494951674501,0.6014112767447879,4.981204207913548,14.08155884140559,2.54295136745747,8.412491094464302,3.173049869344466,7.035738259555941,10.440459150406724
TCGA-56-8083,1.2925461879503386,4.866680530564987,4.907587729751099,5.313293021628933,5.91408370448165,1.3924273382137218,2.49015934028372,5.922188331906927,7.998681811639666,8.355891510254427,6.08004361990506,5.434187846568455,8.4412485776496,7.650659741676748,0.1948435119995196,1.628960188798554,1.174534254694902,0.859731066521022,4.665478047626244,8.181167665412486,2.0618453070710694,8.461844883743185,2.2373661753681273,6.505391829592565,7.1345799020772995
TCGA-56-8201,2.434267925852858,6.436030212712039,7.066205462685981,7.37056710456153,5.99050338046345,5.6076765190164535,7.113733832768567,6.396156063216501,7.940755221829262,7.259352529907494,6.048820330963487,7.245257957556981,8.719713262488757,8.152499836021802,2.674234647793698,6.229739797619754,5.4712590079611125,2.3517696520240774,2.9671501586289786,11.49819695496978,5.169744653290207,9.876158069910764,4.7364332592523875,6.902150820547465,8.397859899196439
TCGA-56-8304,2.3103401206121505,7.857350922182919,4.782162153380288,5.267382232012565,7.416502837338629,6.343850157269848,4.9188775449230615,6.908092340818271,7.62142993514238,7.585799321664565,5.776667266306561,8.354643010951857,9.16439359785804,8.4338566381542,1.5228592551916975,4.326443869057256,6.668418425621052,2.461659517131106,3.991907269097232,12.918505518574277,2.7669131344097377,8.878611630366523,4.704164674112897,6.919024216664968,9.453885254140587
TCGA-56-8305,2.302465287332405,8.585008711306598,5.387424582006603,5.861660147026776,7.6355026521098175,6.352124664789651,2.4337072774958544,6.485782626600839,7.663022909190629,8.560981232453418,5.507011250237123,6.888924639655866,9.901302116274923,8.298516733170437,0.6009357518250642,2.9678879308185127,6.701693208354008,2.121413330915865,8.249811278035718,11.987331419179863,2.834872989189161,8.804791217765883,4.404173861414233,7.533767807025168,9.71110712097996
TCGA-56-8307,1.547005550843488,8.133576368727477,4.48231265731606,7.896281537794591,6.286992006364927,4.120119657055663,5.720349613082623,6.4860224599611405,8.12447547842629,6.453899437905402,5.5087455542444745,7.414418021826829,8.090211948953112,8.984891209325594,0.6408985206429528,4.973973969925587,4.579270675849132,2.830316178974223,3.5354557994352915,11.763913497282896,3.1241130382855165,8.270402794488472,4.1469014489981255,6.455629303761134,8.78379643463859
TCGA-56-8308,3.34455867643492,8.394902938816287,6.559505579313414,4.84456140923607,7.539583025178195,6.686524338458267,4.219137536074872,8.94927841164051,6.706750172465501,8.23679633685734,5.731585141283897,10.047931622463611,9.98796884158662,8.023135011786389,3.475694526305904,4.253830470301822,7.118650428620637,2.919168436337706,6.741448109893943,12.15513227230934,3.129348967210841,8.259592161126177,5.491012776836731,7.724012035226143,9.595610515994322
TCGA-56-8309,2.750113374712859,6.112285194018843,7.524432015111985,6.893232352657472,5.712807602268555,7.055710841467476,6.782223760212824,7.3030007515609725,7.91749978292035,4.635197168943411,5.953349060048911,9.827418767272931,8.460116326417191,8.090944971796416,2.5036540351455536,7.065223313644211,6.513478112476407,3.0029904906476803,4.800309762252855,11.855133761767034,5.447017083946625,9.292972194484742,5.506656853482911,7.1422415854927035,7.534205374909763
TCGA-56-8503,2.622251000148341,7.264958593971427,6.283008689974847,5.556723687866338,6.771249110351187,6.272415172500734,5.587608020170871,6.448005594713291,7.739799508110837,5.213833283099293,5.106787996402002,9.582880926555209,8.698262241903645,6.938264617143911,1.823545575430345,4.990183402105326,6.851933894392008,2.049142817328036,3.782492440107821,12.990544117295778,4.615451610841138,9.410594871851073,4.965556153460144,6.679833195305972,8.489778664788831
TCGA-56-8504,1.6196947136138455,8.177163368355883,5.930382532861941,5.278947462139673,8.497494610968594,4.623550857372489,5.336008392553036,7.861500729474422,7.777675485171791,9.338652603564498,7.468635445967137,7.456907975204936,10.268662580472716,9.127068842818746,1.9953759734745524,4.889921273129016,4.116872072912128,1.7178683127326626,9.397543725695003,13.233025041652748,3.4008794362821844,9.09711273017066,3.8298881953500405,8.456050149803652,10.249613671191042
TCGA-56-8622,2.6939217913370896,7.5803429970838865,5.597969100669989,4.1202192116249945,4.862848090315058,6.971378008129724,2.7317263227157818,6.413055814516768,8.317455125155409,6.05556660758795,7.718251330421117,7.641032960362952,8.282669609653817,7.2134824065445295,1.4821254640799908,3.4004969433469645,7.312313023551006,2.7886021947351414,3.6533810899685673,11.74695046471664,3.591906764696436,9.142232681206458,4.715656093402985,6.610486265412039,8.460953356462825
TCGA-56-8623,2.0114598572671016,2.532790713962916,7.7485705849290705,6.03799492975236,5.716826319044088,4.258345549686258,6.861068290455411,6.767176733621717,7.479957256092808,7.134239425199391,7.9929910027761455,8.662608210052785,8.641916264634226,7.771206184860285,1.52426431482084,5.659302376160185,4.305211776078188,0.8787645712673544,5.756492275449771,5.694222753391099,6.51887657416937,9.814377381963004,3.9540927441321263,7.526194593409788,5.1204176308511355
TCGA-56-8624,2.503145165950165,7.936496017938643,4.874501906067207,5.669857323650134,4.677051513867738,5.197539112938692,2.911193023032455,6.468301462192793,7.052302853105406,5.819399952154608,6.630939801097728,8.289130371061,8.749173884099747,7.444293525040869,3.4212367665605607,3.908640004497894,3.987948383646968,2.6076735603490566,5.846267642156314,12.11746749354892,3.350412380173853,8.32695388560976,4.525218669165225,6.627185452516519,8.624454487880724
TCGA-56-8625,3.062138985451908,6.903231130890004,6.892091040454996,6.1513332118587085,6.4152076821715145,6.713613341351856,6.796662640643271,6.640375098324074,7.600243731709339,7.968948969418408,6.376248702408273,9.712185803128476,8.945455541766863,7.623326978979675,2.8100934418645327,6.214427926020674,6.918550818242294,3.0519288849942354,2.434801674186104,10.381550737823462,5.0617977946561865,9.57605326898978,5.488549212413145,6.8629449984101605,8.41791027937729
TCGA-56-8626,0.895069909817214,8.135656963415459,6.129431400803847,6.415880327953338,5.483625554651736,3.623866861852698,4.103589955804073,7.313305720938109,7.622588519343005,5.801093971401111,7.097514936805752,6.231294153789491,8.120073507034268,7.448392218977142,1.3141744510896436,3.795185098594877,3.744989868804992,1.1156325762128625,4.636183769985731,12.158327621966215,4.255787732932358,8.959434302426557,3.3344154499314627,6.898495176452894,8.698359518927596
TCGA-56-8628,2.935195701021547,7.777167188905883,7.581126750211228,6.967734643587864,5.7225862440487525,6.369363530040926,5.956328526471119,7.679284442716043,7.558788037123117,8.576879215168407,6.551257601343915,8.663423968257856,7.929654318608881,7.826437897617549,3.699918034085431,5.412696857652141,6.327236451516996,3.1568657883514124,4.426828302218284,11.327543213203455,4.99861976283603,9.722598880183892,5.445676873837433,7.179971804618567,9.227196539092581
TCGA-56-8629,0.8723953935531242,6.771954226353302,6.3254547769810525,7.1121235649825865,7.604279674837578,3.1813570279852885,4.177319866495129,7.18777764258277,7.774237545068658,8.522818070696017,5.059143253708922,5.850901912028448,9.75795297563584,7.575995996440609,0.2895984221401878,3.855042867141099,3.15143672448432,0.4165155043474934,8.57236030530218,10.999412376601711,2.611998564488903,9.27904685652064,2.982046935645921,7.670251435251198,8.764728224550344
TCGA-56-A49D,1.6966615729185763,7.490002856236636,7.268183591973445,5.31695666818183,6.427250818439688,3.9479746716763424,6.087223079358365,6.663504024376013,8.000959411252538,7.205288889855452,6.4619083039366805,6.467850053946118,8.468426511514409,7.95544765453056,2.6786804137347486,5.6567566271106,3.1141337759524688,1.721853842163465,4.484080112808226,11.015094975548458,4.1382820410944605,8.747799577716039,3.56344442836765,7.059575074411883,8.570128907213515
TCGA-56-A4BW,1.1623389577245968,7.47844768159529,4.474150461314303,6.183329691257879,5.049569782949634,4.083792032493887,4.602017343788172,7.11230813344692,7.231397846025426,6.830862489450568,5.294091357288023,8.36512077979837,9.845322249480324,6.730487799263776,0.6184266166459309,4.499998916230892,4.516639255036566,1.440473877295558,5.451069308551006,13.181385914775426,3.3291523063549677,8.162658693533015,3.7671601728932553,6.514957223228375,9.163565361940428
TCGA-56-A4BX,0.5187365483139172,8.706447668404643,5.677730915404361,5.401954654298936,7.486445692714766,1.647913109543964,1.075258784055846,9.00096926683571,6.810801676455297,9.3803848697304,5.8047170171891125,3.880391667425117,10.632362471162716,8.938326375933986,0.0192037339730926,0.3203113709070413,1.136716384488312,0.5138949467649272,8.520694496166014,12.630970688252647,1.6038814828842078,8.723690292845593,1.8741158635440378,8.09811706603153,10.23926774212923
TCGA-56-A4BY,2.529046304896013,7.990957128783639,6.73718919456896,5.492606307085333,8.225704882094798,5.525520809095069,3.999134123186439,7.592388264673611,8.188465216156658,9.093888921822172,6.820953724159149,7.60036640179873,11.68502118164628,8.87277182612001,3.446044442596041,4.32513452552061,5.044350400664503,2.8312692359677176,9.250988566983857,6.939382923917586,2.7905426894964043,8.576449578088763,4.638457700300486,8.470183402291928,8.008076324841133
TCGA-56-A4ZJ,1.5775859297269663,7.521124566312925,6.969104430695102,6.393368146448533,6.265894417075723,2.963566601462235,4.816563869094465,6.437883541930247,7.771575302350135,6.657146923937548,6.389633920300403,6.897702691696868,8.785207884052566,7.315698451984236,1.49364733397521,4.715811022590113,2.657868623390838,0.7543744527125109,4.582423529106987,11.751950868507985,5.153691861220008,9.565889774754034,3.2483019684875947,7.038966993737413,8.643407452919485
TCGA-56-A4ZK,1.7424805617385732,7.308444611528112,5.959640343905136,6.730025796812942,8.15792945430595,5.426076856600817,5.633570706757935,8.210424420922344,6.89546501234094,7.567558376596281,5.545455676612174,8.79009496420107,10.616413757091069,8.375355746664756,1.5559142942433986,5.144552203398405,5.759752393768971,2.0938981625855515,8.253007854501961,12.38107778549496,4.582616214405355,8.87079561413188,4.585463289993045,7.998627858516908,9.085693591206452
TCGA-56-A5DR,0.8248900239793981,7.656437734848978,6.39375424960853,4.137896932389619,7.809274875776869,3.895176573921669,4.843506550519158,6.148267090191232,7.896544326755156,7.706739123204977,6.7898557293989725,6.227571663187147,10.878691857399913,8.77398314253047,1.3395935009653983,4.3680279574231085,3.760838351698221,1.2481097370980252,8.688591619147042,12.750576966162813,2.9185961351212693,8.630185567216367,3.062010969034211,8.014075516408674,9.371251274738922
TCGA-56-A5DS,3.3101365000884644,7.259454225030769,4.596768209336601,6.38977328959733,5.5981478079632,6.757135285780616,4.380029815566487,8.382305409748023,7.298911204877002,7.246098307821211,5.692329549506592,10.32272271081469,8.210027892247952,7.92942767492501,4.711533451422532,4.905764854380449,6.479891795805037,3.454662852202936,5.3224509770730135,11.861889511464312,4.070475200040519,8.182206617016094,5.917979412244515,6.73920801722706,8.78914734810543
TCGA-56-A62T,0.8854181778344232,9.073625854736022,5.522934560943456,5.2734748610798095,9.059601067354436,4.734048402827413,4.1359041970673465,6.663541026591669,7.549753099625603,6.970770844212823,5.55662253849321,5.047019183379836,11.137321958683582,7.9953273515311025,0.2176029765867879,3.027189445942975,4.53199272176743,0.9206744110416182,9.398282597046263,13.55035708486944,3.919053994255024,8.491529655937711,3.0871758192167595,7.978145094572678,9.864917927939429
TCGA-58-8386,1.275662668979405,7.270203738713754,7.837076607964761,5.939231280116376,4.990078996647636,3.702291837010269,5.019964279633282,6.377335486231679,7.506743150722639,5.725416704471667,7.220458622988552,7.5842357103372,9.58939834846821,7.360853227962955,1.1091599389611106,3.981733945649603,3.810124297801388,1.3069621241404556,6.224725252767593,12.49153386473558,4.431883664175808,8.992845740205466,3.5325239796208865,7.324096535404607,8.495718102640334
TCGA-58-8387,4.115149799471446,7.241468405310297,5.203612289312908,5.471476880990801,5.568846887866347,8.037760528398602,5.510860673967615,6.12730929723875,8.00343470703377,6.573169996837625,4.603988271399355,10.398809092630977,8.957611684429834,7.459415224282319,3.2932380397802623,5.779333271777026,8.243894198918236,3.888041819048708,2.0844725169369016,11.23548008055078,4.440048570135198,8.934882082684837,6.206910051319861,6.117517281768906,8.3500394942329
TCGA-58-8388,2.26570692600482,7.042705615629452,6.740024919193632,6.738820518522389,5.680673172287434,4.13296337393479,6.070998909494256,6.664679092705513,8.073524103451888,7.392135356916822,6.353469741273974,8.116396469182511,8.716015168283697,7.465995680451613,1.851519191169904,5.818743213520787,3.758953373466483,1.2213203067570513,3.822648579841321,10.177638043643563,4.436928034239587,9.240550465445862,4.012240022719707,6.835507102435381,8.204159672063279
TCGA-58-8390,0.8369743941020461,8.075710710867446,5.781826546563529,4.629916102384702,6.03176129368256,3.0547790315196197,5.488951967292394,6.9306663836029765,8.364199016598482,8.50651030791238,6.25685592765192,6.609913014181113,9.157128872330118,7.743562764475305,0.4645637200965623,4.0447263381441445,3.450234695242479,0.3207734769458704,6.784184628291794,12.360785014044486,4.57475547850367,8.777660035078394,2.7667363477817704,7.182955806459574,9.647668677608104
TCGA-58-8391,0.8194229453666945,8.889371932141266,4.573780469697281,3.0836558970806323,8.384445319103916,3.819606877872068,3.591092933634327,8.537531371219709,7.377143709281316,8.81083829982385,5.34317683046261,6.051483040530106,11.228887036554507,8.371334948723565,0.5810137351679657,3.468114071583634,4.010144268577678,0.5667664546221806,8.283399552545093,12.274387734293848,2.225429187559199,9.10343836545645,2.704584745602475,7.978249236720391,9.991532655419654
TCGA-58-8392,1.3402774047662542,8.633989115054366,6.295994789758981,3.392331162666103,6.783958157781009,4.120891025338125,2.8363281339239785,8.300238146985768,7.188606647490053,9.96137936672722,6.434866711266479,7.368309141461148,11.393881051229677,8.26900882696145,0.8852619743867944,2.4817122620033043,4.879764570588223,1.5038066609104026,7.46707972641644,13.04925140873678,2.778587076462,8.237821333087185,3.3558059914452927,7.897856092935873,10.548206630172789
TCGA-58-8393,2.166201252662703,8.6311210205587,7.470378238006769,6.16867211813223,8.74201598245084,5.413478997978217,6.884499019243384,6.879880947044581,7.590732996116569,7.191839959113837,6.75161635939547,8.96387173511919,10.505456392905971,8.547060321707951,2.5707300720398383,6.152872956599839,5.182517511097749,1.914028675171847,9.195790743576172,12.901224060903674,4.394246595722089,9.279069149647198,4.625642908885967,8.421408516841868,9.574728346858736
TCGA-58-A46J,2.487306258485174,6.9079241567393055,6.159992397017127,5.694128012849082,6.924493056747191,4.736090695067073,4.530626382522145,7.613907305840473,7.927527912772616,8.031916195486765,5.75769801812985,8.345106252952403,9.249700606119829,8.567799062114881,2.670568445619572,4.624843697167771,5.431492589813279,2.5559142942433986,5.442581947654116,12.878083242686875,4.22746384477705,9.768935918675176,4.560086649861426,7.43563853903733,9.272641198304315
TCGA-58-A46K,2.043204498565168,8.738598296663035,6.653127390995311,5.494412410094388,8.719104703552635,5.028003278472752,5.108273531472573,8.19086667779549,7.842080637955784,9.505300666080982,6.279027349752311,8.240043798650499,11.564758123623609,8.721873660168084,2.2611396248704363,4.732524281039005,5.784935784562166,1.876841056105372,10.0364700902687,11.721322883109853,2.660928616868756,8.235476251081682,4.38979720733154,8.550088030904728,9.98840728195129
TCGA-58-A46L,1.8724347958402232,8.177812176676488,5.603377096961198,5.138163241926973,5.44378565124426,4.4962769834469976,5.9436471040676055,7.373049574013409,6.984665675386836,8.026454280025883,5.2940950342885085,6.879840522602784,8.903837871480208,8.036126346341685,2.6822586566445032,5.197023993203391,4.681741597901612,2.019346088804812,6.07996684609556,12.286736268193032,3.649006064742665,8.251988389477905,3.9671516981668438,6.8732783512378415,9.497000908298467
TCGA-58-A46M,1.9430586388903976,10.731682289845486,5.449419409077613,6.036136239397877,7.066245294535077,5.356069842030619,6.6506166638084325,7.759271037030112,7.402767362667128,8.007931577040136,5.712766340716425,9.310664581433416,11.034084314608844,8.828008238935043,1.4760186997578248,5.170546028123487,5.994235753404838,1.895806700881836,9.2478299858607,7.482939416448742,3.892323018483679,8.223992506541627,4.573141493685258,7.9152021409131805,8.740851094444787
TCGA-58-A46N,0.4699901382210731,9.029383587495431,8.687463869741638,2.3310172360180967,7.897617389329572,2.45683242758934,3.992333381750935,8.365093651781956,7.543091383378553,8.522240971879146,5.824946015488581,5.187411462511499,11.506420750607305,8.146883272416014,0.3406192351293957,2.9851725078029867,2.6346397313059686,0.3067288670597715,8.038909115300058,12.561869990037154,1.9465437280250089,8.924060087427227,1.9610341568335923,8.423924269011543,10.037831516470577
TCGA-60-2695,2.584433415534617,0.6456094411834958,5.964893000948084,4.5580777932710825,7.365794003740359,5.788536944591039,5.87526893614607,6.625970330669412,8.466156829867609,8.776439941572056,5.787194747133541,8.57301089820435,9.623307040411886,8.075836369499418,3.2015240867185453,5.1187210190005175,5.765280130653714,2.1909308595626147,5.268632757992714,9.52828160218183,3.8633239851608505,8.544089666548802,4.665970589790852,7.156964739618028,6.316776994979127
TCGA-60-2696,2.6515683849255924,8.520764808636837,6.673323210900073,5.93204935677198,7.570836307558792,6.094098804566419,6.286722235637977,7.288642790893002,7.512105181645583,7.366624711308837,6.534936245099836,9.092491301188602,9.18192099232265,8.115122222215465,2.398788147633769,5.062799543312913,6.323316021031858,2.128425389028837,7.24583408753346,12.442946371908173,4.628382836678036,9.810566011753972,4.945819629306722,7.802647733534656,9.443445297284615
TCGA-60-2697,4.9581791613019845,3.087649530881857,7.144781605825941,5.691863535241792,7.084849834801328,8.545930541095984,6.283364360727596,6.224179225738651,7.481789746407792,6.95942357934997,6.553309811498903,12.216066722441054,8.679385793430297,7.4739678864207635,6.367926647880964,6.661665527545012,8.393403329015184,5.189998462321114,7.248515861173817,7.025305698014548,4.868153359414037,8.580777881929617,7.337624057042583,7.373720987602415,5.690792936082126
TCGA-60-2698,1.7016821202952832,6.879782946442294,7.641400075992687,5.244072650134318,6.605526928056794,4.314689275914248,6.334078379798845,7.334133814320178,7.580310582738615,8.459862313571685,6.429090339177399,9.77522408388617,9.343543290687244,7.533402157283469,1.2363395391683736,5.768816854195331,5.045421127465949,2.108256801567014,7.478242995286151,12.43813334277652,5.00049584120248,10.075917640743334,4.203669371204479,7.805157155193408,9.259259534263501
TCGA-60-2703,2.1869125162984435,6.696820120463711,4.774871379039001,5.37838330092077,5.985937544394242,6.352871495953414,2.740366343155438,6.098701675027826,7.710365638526174,8.347524816597852,6.08479563464266,8.15888684079593,8.740969035856049,7.475338662081274,1.9639919215699144,2.3022020511684738,6.57395765537948,2.5181070507688315,3.766022634238656,10.997070851228251,2.0919028971531284,8.042110231287522,4.733301540240968,6.371093349570904,8.68047192942994
TCGA-60-2704,2.8122106845018893,7.843249625868606,6.284978596206439,4.9698918438050415,6.109145309295789,7.408153931454604,4.651505243393283,7.110543861281728,6.892078893980821,7.073189344641633,6.414025567281369,10.842870594182545,8.944000712437052,7.003731524784737,3.84367236511821,4.9210220868483,6.891002310248366,2.9511214917495456,5.440699770737684,10.636829591923382,4.379821938430113,8.456039349505891,5.6741318887228855,6.970395586441336,8.517756187477874
TCGA-60-2706,2.103531209877993,1.105074594101117,7.113251462127468,5.257067208167299,9.258963809566332,9.406268155168224,5.862133953577224,6.783691060164132,7.406809598642844,9.404307310253552,6.583570229540842,9.460001001934538,9.84965170643682,9.280074072480522,1.9403547115332933,5.539447321266155,5.549838563487035,2.618778977625177,9.78164428984135,1.815862299921402,4.737713798170028,9.468221620474454,5.190834261113366,8.514883531328989,4.10841473475869
TCGA-60-2707,1.0592860487461908,7.435896074515837,6.848834478466113,6.1097721619276,7.297362937379543,4.560647708646917,4.138609712229137,7.152002868023932,7.364096999957159,6.680511433677185,6.368310887774613,8.27785041795772,9.64439078956235,7.044176605755208,0.6234923304277264,3.397638698806629,4.666302128173095,0.9079674059465318,7.282063513525727,12.55604886536811,3.9999008113062886,9.564689494293196,3.7436168859751118,7.6502289468475855,8.890818791187044
TCGA-60-2708,0.972030884141332,7.680289189317087,7.959067064135,5.230629578467504,5.690017533253479,2.198462722032182,2.264085987625156,6.588429815720917,7.613499975748901,7.112526039823871,5.919335314770417,4.667392600667106,9.067768575524344,7.685156654337312,0.1515990822693965,2.6222041365770887,1.481608942990055,0.2297109618470238,5.208380693610235,13.03086171799681,3.477884522027948,8.695399873247522,2.1330621103449423,7.101694440574903,9.274558982379256
TCGA-60-2709,3.038945319607906,7.649501217233805,7.288861461224661,5.413895289370971,7.358004095514257,7.419738596572305,5.573913739589211,6.761233405627455,7.286257409520081,8.277469207775269,6.004975471115073,10.369695594500255,10.07094096739192,7.862331740376215,2.558194150263728,5.665290432486588,6.638470668584126,2.466392198059672,7.525200522651257,9.411689566081142,4.524132648595805,9.531730199637066,5.415047402422709,7.800409732942238,8.446219997030072
TCGA-60-2710,2.4613451987782105,9.53211568341192,6.290606867297049,5.738040902817363,7.622527024982168,6.193318366346823,5.086847443013654,8.245079177395386,7.825625375638977,7.882367321547416,7.070681272346766,9.666747717011043,10.814964917641817,8.644576275537434,2.6151337575144287,4.7899535140845,5.477444198220993,2.1451230929792344,7.578911549123498,13.108612417330296,4.238549956947503,8.99765060909578,4.899593319095443,8.158124711677488,10.17436514076321
TCGA-60-2711,2.2372883685619223,7.252968130144116,4.602979397857305,6.1327372245947664,6.618356134121711,6.370945412576636,5.880776119355727,8.13136620653679,7.6609571310516,9.073240768644402,6.26200649521621,8.615959883461839,9.417041509237349,7.638313542195002,1.7271362864458135,5.369745642908732,6.35038409009432,1.876683921179048,6.637417522401511,11.484828834166697,3.39829563884343,8.500197351734156,4.75873359813062,7.225959769912505,9.270345910985071
TCGA-60-2712,3.7699726871733183,6.211532077631776,5.4934487960505125,5.422206084479708,4.965294839489623,7.727174415587063,5.903554114943532,5.597450724302304,6.950953585743731,5.932921012340815,5.58783001109913,10.569486534921191,7.674659788036182,6.994550308866418,3.8354592656895856,5.456066874276614,7.901592801907722,3.647314509547136,3.6142033398112248,11.594056009950307,4.088557177041749,8.538488888296545,6.1247437570436745,6.058240836993993,7.912836366640966
TCGA-60-2713,2.083519748820173,7.641319867757911,6.694708897408357,6.460467364102566,6.002193932492973,4.869185420232141,5.71245271434881,6.633387614963649,7.441104961515785,6.61813879132611,6.38880430840814,8.24882654481159,9.577684109597271,8.108337312457808,0.94343378387025,5.6260769572618194,5.545332109006768,1.4692087402488272,4.40235381698201,11.67706918130207,4.688023657054707,9.34755958490961,4.231424815870332,7.144378697152478,8.645509280128698
TCGA-60-2714,2.4274452684516525,0.7103491060869701,5.98505862838742,5.392351772251765,6.675985251639677,6.321974981714284,5.352345399823422,5.348706911939121,7.795060386090004,9.153748853057262,5.262000855660977,9.977990790892134,8.3002651493526,7.527730335141771,1.8543148804666016,5.870744455990031,7.105930502302501,2.3738430629183087,6.105715787251172,2.878744956507072,3.8909330217055422,9.625996440306755,5.064835894142464,6.8539324199599365,4.247614305217101
TCGA-60-2715,3.2044381167430545,5.780858617869723,7.332843068100085,6.076174256724248,6.054631448782967,5.897918042609179,5.467194690285149,6.761166905804404,7.429728931838223,9.053193897969956,6.550091075768154,10.21578742066645,8.333887472044253,7.594414186346589,3.1040682264637165,5.635844339290809,5.945790275697291,2.529945849783255,5.4005413450509,9.348331358532924,5.046469232761894,9.650378814921106,5.282017455526742,7.209744289602307,8.060794624790868
TCGA-60-2716,1.1495195214900291,8.371441246809008,3.99770790178788,4.208899576392849,6.793577299894922,1.8892788337055368,2.5258684234401816,8.866449956068347,8.013911078071766,7.698739388254826,6.6778182840834175,5.820909062213823,9.028322438648928,7.777889797060594,0.0160683686276536,1.944858445807539,1.8648497555622867,0.1107641218998074,4.836110965917862,13.097192844609808,2.057866124327988,9.31357147368944,2.1514698914131407,7.161431014643924,9.72245782655788
TCGA-60-2719,1.3628906426658602,9.084226941599145,5.997987841237672,6.206504526691726,7.539515562543172,4.888791946643142,4.705906041519202,8.140473461606533,8.43666116143072,8.889844329320493,7.312566253500862,9.58229443061408,8.001592284609496,8.325449380073461,1.0723802466772596,4.2348461650062665,4.6526298968407405,1.4771073893133662,4.182128137951912,12.031277014919665,3.50679233247149,9.170756315276916,4.177514154206596,7.333808654600003,10.001782761946433
TCGA-60-2720,3.512568237592363,5.16512406861164,5.351137124284612,6.196064042935697,4.984201967093343,7.371422950155612,5.1723074874279575,5.596637034102074,8.6273591454651,6.361273576138559,5.593362735503238,9.869297100243967,9.36129573096918,8.561980959761472,2.528271247103276,5.37163204093924,7.271974650367894,2.794769348313653,5.209593729128868,10.675242563279635,4.980665137122299,9.500374844705474,5.64919536810178,6.769823015693532,7.400546736009944
TCGA-60-2721,2.6222978621973576,8.145860327616106,5.412751045543811,5.934509424908942,5.607851069654091,6.505854417399594,6.35865471697705,8.088039803881859,7.244915593157828,6.900823345383424,5.272471161441884,10.186384920701654,7.600962504262474,7.585152593324884,2.105711597371331,5.8741969474983655,6.574457292652404,2.3587619534277424,4.944464929859955,12.760841157860428,3.946431437103716,8.885301942113333,5.183996781237004,6.674624381260287,9.269174943619985
TCGA-60-2722,0.8141812431704032,10.702980749268876,6.012631242563131,3.00115369461637,8.983644351368742,3.749834574412729,3.499820380647066,8.050961445137007,7.698463676641757,9.705891358112735,5.672872225333255,6.959609048360714,11.148738404391098,8.76721746136496,0.4985572480990167,3.014176730560741,2.859452788037189,0.4512243021266899,9.203866986157552,12.12695563218696,2.5356797411983685,8.844996313860113,2.6191446998318733,8.335616053771982,10.845275913189523
TCGA-60-2723,2.484292835511601,7.926021367285854,6.697985049511577,5.37237058577053,8.885009633482298,6.086662772342481,6.713665575110568,7.619089424416867,8.75437912976848,9.52753936510807,6.232259739274561,10.101282906008748,10.888641282670784,8.393544050702554,1.7743337581710412,5.738446301515686,6.521666389989601,1.811840904917425,8.162340972030224,13.085081175512496,3.996415864520589,9.6757282647476,4.878921450387346,8.319324802104557,10.179547302635475
TCGA-60-2724,1.1233351132530809,8.487231884047427,5.734528086612236,6.249210182351207,7.602565258776366,1.6848187375532226,1.8633834609803552,6.772391119689578,8.082039371068038,8.245860701840353,4.841419677868246,4.26262107461296,9.493640529700103,8.55130836533869,0.5061956922648138,2.8404028055866006,1.0071237237459942,0.4935448661999698,6.324016686769149,11.776047220328913,3.879382299748684,9.858633791291709,2.189549912854464,7.39731293950576,9.503046602072232
TCGA-60-2725,2.87552452224293,7.1241130382855165,7.262606042155149,5.796405672621643,6.348156273417507,6.554723906168375,6.055781326463972,6.89017792556618,7.794886290190389,6.701605887584554,6.692519260700577,10.634338694381729,8.172211463264327,7.460493575858398,3.511809569928462,5.710167236750793,6.595129153286957,2.496155523753611,4.742238015437339,12.375718087961104,5.268688893913721,9.88480989587569,5.494869577483387,7.181651556534396,8.733812337943725
TCGA-60-2726,3.456543339312471,6.732875622711744,4.480795047089215,6.483296636046474,6.15471686374234,5.3173547238996,5.683398902856899,7.903721001874397,7.842653937483242,7.793004974771005,4.859626718379706,9.465215585245478,9.164237702807275,8.865683479231215,3.3653005993965763,5.421603703070523,5.369804957292804,3.381338753208225,6.346235361461425,11.299248207189365,3.932136782309658,9.607644528103338,5.262693513485947,7.172832587836114,8.608376268224038
TCGA-63-5128,0.5431989001933327,8.649369720155775,8.016432803902351,3.343208816153504,7.453433622588387,3.202010167316432,2.183867583346083,7.879037311391022,6.83188230682548,7.524173403711444,5.219296324026247,6.503727170339368,9.386561151372906,7.61007917168753,0.2964280392343482,1.6205394927770855,3.248337484304212,0.2826177214813483,6.333692067221899,12.9495205614384,1.9373067233806407,8.712265950473796,2.4885040427175062,7.576349800333017,9.707687895101872
TCGA-63-5131,0.9217409860795004,7.872583776011261,6.310627322134697,6.37796357249601,6.328082470562099,2.8130936633823604,3.3641521686503477,7.515500369935041,8.075264668036304,8.095045141641036,7.343380282905493,6.290630825427605,8.510801742762055,4.913966465598342,0.6724706022824242,2.9087168529413567,3.286733323100201,1.1399933019033646,6.7263353416082285,12.495621519188305,3.2107628941863102,9.04311835511784,3.0718037535244953,7.086476543827974,9.487750145613534
TCGA-63-6202,2.291691955753756,0.7153662623791952,7.647495842499466,5.898384929123523,5.316265237686686,4.640846476097444,6.689030727184873,5.279036638722504,8.18696004242053,9.745631975197677,6.00444521142764,8.11325094112166,9.73266842286747,7.663288396433443,2.3382247199890127,6.076992984201909,4.019292707388985,1.9788911778694704,6.294604208344111,2.313478057653328,5.093357346294737,10.07361420725538,4.182940415334836,7.251427270654587,4.258158765076733
TCGA-63-7020,1.9385869101070436,6.918588979919223,7.048406222496843,6.221600654019139,7.891202255893947,5.3816225459566605,5.99334829212757,7.328197390286819,7.620759406192,7.155949548114523,6.721803270849036,8.836477733562315,9.107620136790624,7.560824986340842,1.489080459267015,5.044735079710755,5.417123390018177,1.7007060372584015,6.991746310827493,11.980401310199278,3.7562120360637214,9.391765787037494,4.4264568185983935,7.7551957950653865,8.684979946077675
TCGA-63-7021,3.029417546835092,8.034684532655676,7.39838543162366,5.191606076178566,5.073421809401035,7.005292185829076,4.998723552060659,7.3053467743054785,6.881044195580164,6.2671762030915765,4.060583537583567,8.202773747473007,9.11310400997536,6.996697184453476,1.8275345214883083,4.610203961853,8.430840145480376,3.095131141511113,7.018791048014111,11.759210065368388,3.2991713780479484,8.230681449405406,5.254656480685077,6.899626405595262,8.68702360037188
TCGA-63-7022,3.612057559563065,6.609465401427526,5.724183666685929,5.534344907753366,4.943307183344939,8.358626148545188,4.688700709416809,5.763034384710349,7.101496705963823,7.022013754418684,5.018758784567926,10.635423203685932,7.502325031822799,7.122203683881765,2.026941666630921,5.220295125447954,8.256662069425566,3.460493575858397,4.075019125185468,11.0158440335622,4.184970527894604,8.743804751647794,5.983507018780348,6.111579576480871,8.21577439646947
TCGA-63-7023,1.0913274776911015,6.986208397599402,4.391369054396711,4.459077459114996,5.965652704874229,4.23349697056798,5.217304400376001,6.781290200179854,7.64912322066488,8.359944102426745,6.274584088069959,5.342124461236788,9.419829170977936,7.749750789756049,0.558267634055736,4.447559361008662,4.300057813137686,0.8104019715399103,4.334496768390418,12.23014677109894,3.335926240928362,8.149207023762688,2.9706791124777427,6.633272475050981,9.192099757041696
TCGA-63-A5M9,1.790980504742052,7.808096688783534,5.120687855424674,4.563993967844709,8.55193892060235,4.859070067457015,4.739173031309495,7.850347510226258,7.547250075100423,10.843764920945686,7.285476201326349,7.43600022016067,10.78983372693131,9.31737982486861,3.192336217976358,4.659684850230985,5.008338976098428,2.258458622717901,10.258513860383026,8.761140305016887,3.599472529917402,8.662825719486866,4.158454082428163,8.47962545240618,9.13766730491537
TCGA-63-A5MB,1.4280351632819053,9.600182950391629,5.754139244058582,5.748979071870163,8.348705584285488,3.898575994538576,4.9385116364432005,7.785382497795791,7.327091806249538,9.730192610351551,5.702189311767212,6.817289403809959,11.13855141524916,8.645096013943052,2.789478870423928,4.770612361274889,3.781957652268322,3.431462502778629,8.480116853604716,11.091139345608306,3.5136802289902103,8.760892894198998,3.9851112369959263,8.076884226862873,10.140504968783828
TCGA-63-A5MG,2.748654438152313,6.551349898187675,4.948656909682863,5.781433157948172,6.624387533049018,7.923659074017809,3.386134955840597,6.852721751899775,6.808650189726342,5.477868336032064,4.858443578333893,10.15749283978612,8.395770174048991,7.59613309104033,2.7395241078540336,4.14752650577118,8.085675338428993,3.3999230137368595,1.7739119545131263,11.8181151032538,3.1896190096018406,8.23283436855281,5.833765995703471,6.160357420140101,7.949111112491181
TCGA-63-A5MH,0.8484777247699951,7.307727234148581,5.712094987021629,5.992738978465262,6.26438254532944,2.44235966663578,3.8915066791753,6.282860467944926,8.139438797331342,6.453696999550107,5.93644713732755,5.009082868966289,8.9802289933925,8.330715693257346,0.4693650537048434,3.41410846528136,2.359549281904314,0.4244921708892054,2.9956834975745865,12.124181455187344,2.675251386050259,8.655565426127962,2.5065808207622413,6.644747343496992,8.628535229628676
TCGA-63-A5MI,1.3111543154405667,8.03834563723374,3.8396069303793214,3.2740081421803517,6.231478490390045,4.824467472518917,3.0586108931106466,7.739621988967227,7.804014826299631,7.775038027182288,5.9563680252768485,7.252846112776936,9.32846041426436,7.9871013976741185,1.0556121566866925,2.754759256904405,4.692745207659598,1.5747796939380356,4.361936757572085,13.816931750478552,1.9597330674586435,8.291436416283267,3.4265161573144423,6.717001302600909,9.876771804964859
TCGA-63-A5MJ,0.9568744435476334,9.506566042874862,9.334000365513589,5.015149627840817,7.288727679514566,2.677079711166263,4.572253044872314,7.9408984859015135,7.387461633099925,8.533981815467772,5.596547589603401,4.866749757536982,11.30728114008121,9.33351139482307,0.5141980233475807,4.386990237773959,2.669366983655504,0.9652486568442346,9.254422085425029,12.781517356231875,2.9226165117977505,8.920571699673456,2.523523886277002,8.621995055066979,10.274021738191504
TCGA-63-A5ML,0.6743702543021138,8.842135023184609,6.603994203862879,6.013705666144309,9.373627115332198,2.7308138295867934,5.438366049193844,7.611123679409886,7.275426158084247,8.981607237295469,5.950890615953165,5.653831045069539,12.557773412200902,8.852543241860591,0.5368486504208304,4.84288331919893,2.760987340969717,0.5060941119063214,9.57737840836206,11.104360905485144,3.663617874314984,8.732724719059066,2.6966644140570892,8.657506924505094,9.642701055321742
TCGA-63-A5MM,2.296046199042135,5.821350516731015,6.0424057652574055,7.887553905029602,4.944244701478122,3.5898713256070724,6.414000189390292,6.583015051413793,7.441285102016005,6.236381637571148,5.192454584536961,5.542657367160675,10.01888852930209,8.030776368676854,2.1224739411756444,5.737475857289451,3.822913659316737,1.7580472818332336,7.164018918440872,12.221094297537707,4.8108800621797565,9.41732596166946,3.8599376684521567,7.174141235096944,8.09294215061329
TCGA-63-A5MN,3.415961429874483,4.190006366524929,6.285690729020372,6.217913120200186,5.087263396091543,7.542257275788684,6.003784360935861,5.280436731324155,7.178842096178365,8.276099739632041,4.843310563237735,9.705575715113785,8.937085988166748,6.683113925780472,2.683269757659125,6.29793055336409,7.724389700970801,3.1324781372382526,7.891168832259074,6.800897312124189,4.763719628148699,8.871093897771782,5.774549305263617,6.734895507956486,6.422334472760387
TCGA-63-A5MP,3.461908303936681,8.759099893653977,6.288910357650497,5.423752951032908,6.24712621555311,7.592862878318093,5.465380291266698,8.487928843235501,7.681463321121788,9.007085870808346,5.657808614624488,10.413109777313045,11.205788301958602,7.997915603999029,4.8338514904021865,6.010987904764356,7.149129269909933,4.419822009487777,7.495253845318906,11.954933503513235,3.851279308385775,8.858805955907721,6.184919525771519,7.779942217280982,9.907039755991853
TCGA-63-A5MR,1.7387246093348814,8.341127824927721,5.361891151679846,5.65875132107098,6.832181147742154,5.620146497339492,3.277583116491812,6.389670054373904,7.087782108279304,5.157686471960971,5.178790318941441,7.986207259667098,9.605172426538472,8.287901648723027,0.9869569625244012,3.420913515807847,5.92896007284874,1.83078264723125,6.419296174735764,13.191190951626826,2.809743695116745,8.516638073268926,4.250075624288121,7.073942624500441,8.89666841617184
TCGA-63-A5MS,2.837862529421237,6.925243466637836,5.631101371355997,4.866309615211681,5.523790887322697,6.9951848684928,4.248284346505114,6.757452683145124,7.455952663587833,7.397710566194893,5.156534148263741,9.482244883259742,8.537850872977478,7.205412063689836,2.8995623601546927,5.220225464062101,7.303224564222168,2.845008235805804,5.446769023449636,12.14408649987942,4.064960432286682,8.4912077467294,5.318485293795446,6.593764849616738,8.822346844237382
TCGA-63-A5MT,2.1684173991813047,7.459457849217763,5.359956836773845,6.165644674013538,5.993423022925651,4.841515287402922,3.333080194006724,6.912473828119334,7.960358795616573,7.983946123171247,7.460730279208724,7.323349350889316,10.744280698375432,8.2694109813082,2.506906554580693,3.838820698555793,4.666909941081364,1.882956006881632,6.958056168902727,11.2689543404536,4.3415801990235074,9.30834130568184,4.222242744861538,7.6258341401619685,8.904119437614204
TCGA-63-A5MU,1.0886843715333918,8.939066099545418,5.081616583314652,4.840433020044457,7.445802007258771,3.651855357066831,2.770152458962194,8.806933645128586,7.476751873466733,8.284598802478301,5.626880055044552,6.565287950262144,10.693188020329655,8.777923978835176,0.8821343485542176,2.8630067393733096,4.099715999160909,1.415001431451972,8.74955538503041,12.32890040092337,1.977573012719216,9.201586080906136,3.220444639724846,8.047935719480993,9.850855100982363
TCGA-63-A5MV,2.8805288085305696,7.463073920538196,6.338470768550819,5.767225739220961,5.319343356732758,6.210273908742817,4.038207889062723,7.36601703010898,8.118177487805738,7.679843190709104,5.646295166990564,9.986136990608337,8.564210474484494,7.464517161613919,3.854683905923161,5.119057313971822,5.970835252500664,3.13116141910465,5.2734748610798095,11.565605695756627,4.266396773024554,8.499280654391457,5.400120860661594,6.8089511842440995,8.902840935667976
TCGA-63-A5MW,0.8965431158558993,7.711262927967724,4.725473966015016,6.498844420804232,5.556220936165155,0.953302493409002,4.790944025212486,6.434769988392496,7.731771117782808,7.1451740542793525,6.93601008284535,1.4199702872083764,8.301757731200073,8.331810892762798,0.2463472769009146,4.333087351918637,0.8811947370968157,0.7806460587679859,3.083128250986448,11.574161552888558,3.500751073533101,8.835128882694697,1.6681211985776037,6.525537591382754,8.810199511711877
TCGA-63-A5MY,0.2933704842047526,8.722311295328028,8.462513724135414,7.1771693494884925,7.698845630806774,2.4971269151037,1.8172958002006252,7.355002164316395,8.004624982310595,8.029725629198138,7.652303636791758,4.55538058188337,9.488948353290146,8.848859197603138,0.3064955722596368,1.026091814341328,2.7178025248651263,0.5071095937817728,7.818164805990244,12.304049231111472,2.10114578420201,8.397731954607261,2.579207860226693,8.215296183442641,9.685362051879212
TCGA-66-2727,2.049038235053886,9.21324714511194,6.156214569230595,4.344530271334685,8.794985683333241,5.130300788359563,4.719884352063129,10.529224774846911,8.500798070346711,8.345969351051396,6.732687075463454,9.748918543953854,11.581249644022588,9.417658666082083,2.332278283056929,4.646899948621948,5.657960060521106,1.619084287543076,9.776153843119284,13.238564212207043,4.230994556570089,8.770174267986436,4.411730067117586,8.969793565510574,10.265926902790126
TCGA-66-2734,1.151923743035645,7.535889655035653,7.051373189397817,5.429927231406836,6.202793823345482,2.584986545438132,3.858985557021651,7.419896150253042,8.250855962723783,6.56730814275944,6.794857705273637,7.365639176928208,9.422087268675073,7.429225111619199,0.6222744313631227,3.05399753948633,3.2335353173740224,0.4969224660080712,6.477207792502319,12.289872150114634,5.290527618338316,9.37925120501246,2.9836012730791484,7.5220865307598785,8.797689982636577
TCGA-66-2737,2.293076146747669,8.46411931120163,5.943834612257281,5.832938103197958,8.327819377664698,5.79391928584746,5.172471513923602,7.413363904366189,7.401185869724092,8.231576409629971,7.112477039822839,9.945680413113616,10.519394276475916,8.573305595632196,1.77311018764759,4.9066982234446375,6.302492705004184,2.136650770160119,9.579871975207563,12.554145567330128,4.452812850436701,9.550544986324049,4.868266801674085,8.37757647096884,9.749947096053909
TCGA-66-2742,2.241169006515632,8.085164899321027,7.404474009110261,6.40078723744005,7.425825169016793,5.927126084010507,3.841832263163032,8.365128655578559,7.120780114696999,7.735803756956047,6.012320605167049,10.35020494354801,9.288013121263347,7.732640952241542,3.0345678928182136,3.908015459100658,5.916806229164807,2.079122064434,6.979864153722728,12.196524795504718,4.1406641516325005,8.879850628819424,5.135683351133031,7.761014661864962,9.339164483927265
TCGA-66-2744,3.920788724661653,6.115659623578518,7.098774300766719,6.664377592605179,5.442369620249639,6.788580010017262,6.8352899775452896,5.92031474036769,7.963030727681797,6.783395100154125,6.450619073206179,10.131800126048311,9.16185141305125,7.325246981463454,4.519258822757765,6.426994305491474,7.109859899565102,3.668992739281941,4.14432378429709,10.459937600267862,5.024767348790375,9.458937656946055,6.114808273562459,6.87530469629351,7.786330774666834
TCGA-66-2753,2.1697967561832483,8.342011534816304,5.305095010666697,6.82347424392202,6.907760759143576,5.844566430528137,3.945476611227647,6.982676489083336,8.153999337150063,8.420094121125656,7.250782551552747,9.013397772576925,8.462324762131407,7.769074153438273,3.1567201996518173,4.06528794926394,5.728168141316588,2.540746453041677,5.68751985824822,12.535168823240966,3.97227908341431,10.289480962508726,5.039552856745773,7.331839318346622,9.765758159727643
TCGA-66-2754,0.6519586530654107,0.3400494728531664,5.765964308502348,3.484486192573112,8.880679403833334,3.060185765046563,3.6543897111771706,5.824879843471529,8.562638920035184,9.573405392748247,5.99376039561268,7.049224516954993,10.606449723641328,8.570781673126103,0.5182329722534833,3.1767216928810496,3.7337231027394,0.5527705244390646,11.0713573745157,2.339622003430818,2.77450244510966,7.101188866020492,2.721511675296004,7.9768826985904395,4.084358956344078
TCGA-66-2755,2.802069108804548,6.572535012815567,6.191209276630334,7.987371463977425,5.672283894347392,5.51841239138138,7.943590846858109,6.192539407931907,8.130701313183781,5.841472515499603,6.4365266654729565,8.79062967676209,9.636328257644552,8.275969889014968,2.749684428854856,5.919945448708117,5.009683081138949,2.444481550408997,4.600245962167702,11.806399021251432,6.00460925325259,10.16936321783642,5.043190243046892,7.14680832138078,8.073468849855534
TCGA-66-2756,1.8536364252695143,2.0865460143190804,5.33895561100057,3.3232403503888337,6.423094054149902,5.353358581705844,5.042618074517006,5.568874242000763,7.933977395285273,9.977528223152907,6.468519782289652,9.733124833510232,8.605980948006971,8.991289408897831,1.064813887458505,4.220469264198076,5.45593869475356,2.025843846425816,9.98762613282541,1.1764504391190995,3.1472089960336023,8.704856751909269,4.115708088501758,7.511149616385046,4.413508225530362
TCGA-66-2757,2.6955039260734504,2.924897994112214,6.177220188114539,5.350599787940411,6.152881066845143,5.574782720838753,6.239976515947614,6.392793090219244,8.625370591868442,9.606294715978978,6.55077756254916,8.655557555423927,9.557527841225612,8.260077421882446,1.5083272292803207,5.237269245099501,6.123982723713753,1.623866861852698,5.702690784829165,9.3007362364401,4.447248568601776,9.282832674618898,4.504660115017615,7.259600078785526,7.277309648843764
TCGA-66-2758,2.5651096965318345,8.16336035331955,7.269174378488645,4.777151404525028,8.8597264082828,5.67918167708346,7.395543560610699,7.356740700426629,7.8835902710978,8.67230334421806,5.95845063570827,9.85048066110105,10.9332365328391,8.217350935798331,2.632919608117811,6.39743334368258,6.420266796938217,2.362806501698999,9.50946901762333,5.948649902028312,4.787019699405231,10.100935873279784,4.898273763713772,8.525635560305862,7.594771199855308
TCGA-66-2759,1.9559822847719373,9.714467744285882,5.420206152178229,4.757327332865351,7.215370884617855,5.808838074323474,5.393697627610903,8.94710095937405,7.878177238835667,7.857366475172914,5.1526174605323245,9.95198461657795,10.953874940453462,7.7752237546034655,1.966688859346756,5.037926863962256,5.811820358827904,1.9856097212439845,8.43903754715131,13.124146374559611,4.493589696747151,9.710060102225968,4.605464463993909,7.951686475142083,10.23199353133947
TCGA-66-2763,2.054327554426,8.042976959325848,5.755918393547619,6.161732523868713,6.07954665038375,6.062307391669319,4.533326617171478,7.023484914196396,7.864708021032752,6.760311444792957,6.259317688262882,9.970186006148154,8.336105271881703,8.31564230453823,2.669729794600852,4.327773578435062,5.808791748887374,3.533463676720404,3.667483436180492,12.805651484322516,3.4760705607510864,9.143999193615157,5.180076956617259,6.822687231575779,9.202979962813773
TCGA-66-2765,2.265226837802261,7.909951270296836,6.509051298412738,5.30131693298822,6.270046717599615,5.865107194024677,4.7659165856914125,6.972974043985049,8.014343017518403,4.417332713567999,6.845076000783473,9.5857843022274,9.759759050412606,7.056497909157967,1.479696205398655,5.022993584988551,5.850401897279459,1.5408704140189484,4.610989375203978,13.492497468900824,4.979472069654015,9.571720225156138,4.555486254819947,7.199514327588945,8.606593817588553
TCGA-66-2766,1.2725607392284382,8.500999183483552,6.503762146730219,4.307632528248659,8.250318317011041,3.729835517498612,4.282536179153903,7.0445351031213095,7.990435305904975,9.417561837393228,6.556294520529187,9.131592828087726,10.810756538480817,9.11595165081795,0.7723924394085834,4.119198451468921,4.413458688007979,0.9871753155819863,9.407402466152844,13.428517363458653,3.820311735317991,10.501334741057155,3.5163782937231405,8.523794435487567,10.44902612811181
TCGA-66-2767,3.806148737118781,6.425836915414154,7.138948568773813,6.605683962538492,6.148781613197996,6.969320897012995,6.55571187486569,6.815370486033776,7.149106908548959,7.142975987417344,6.332308720851031,11.098319671873291,8.788488657584395,7.692131442075748,4.5307512160674825,6.551711337316364,6.818600071261869,3.836469528077084,5.679161967769399,11.135022784674856,5.15319733085508,9.772676315898916,6.237899154849999,7.295983471523135,8.234611895835451
TCGA-66-2768,1.1950955771772185,8.342028429882452,5.456365915549609,7.0631642316135,5.77047229161411,1.574634395234676,5.558953302350289,6.397737943305901,8.012758606908388,6.283782902523522,5.6282924222414135,5.169335780659851,9.7801941025915,8.471306162376866,0.1714630560025812,4.644450457720779,2.049142817328036,1.207892851641333,4.9364636273573685,12.349050484223284,5.35097453045587,9.604007551816617,2.6329612442367423,7.005605002106673,8.991620605543085
TCGA-66-2769,3.2454652387319203,6.714793637645458,7.05776433826793,7.117035249430062,5.319339743522994,6.666509494999806,5.164774212735164,6.486168915760748,8.266557471252058,5.58713392518268,7.226889961243039,10.505600690713988,8.826758203044761,7.408977587231715,3.309336283977055,5.314928498168084,7.065652009160096,2.852398420286553,3.1468018300196867,12.034415167028712,5.628228253719658,10.119280299702828,5.823142483899926,6.948997609849213,8.112114243285616
TCGA-66-2770,2.487820744178228,9.047576285620382,6.014154408704666,6.167626882430292,9.129306718168808,5.808923000426415,5.681696627512878,7.730847786842,7.341927945788639,7.2077855042666865,6.493865053836031,9.322965109995527,10.87943430127365,9.036042527448956,2.444455046113936,4.929667927931875,6.512730983051346,2.482254565462719,8.432488868365756,12.606550377161154,4.119132035543171,9.001704866438132,5.0323966188083515,8.339730566384748,9.620637389016075
TCGA-66-2771,3.664653496088032,6.667601229969467,7.4452309234628276,5.767427042056565,7.31863680212039,6.909704711288561,5.999921100457522,6.30166263260658,7.772752677553033,7.693095913242897,6.227096046364873,12.394554360712505,8.655713530461188,7.41142370338099,4.471545162780311,6.211658612837531,7.208140695976463,3.5419236525081934,5.187090731184042,11.22434421328923,5.565776892294021,10.406457587832856,6.279707017344376,7.369163994676718,8.528347118833866
TCGA-66-2773,1.4834675540928066,7.042746101597529,6.649955975373265,6.207881141406787,10.083591414398697,4.542914233883709,5.878862641068756,7.530656811694397,7.63111228761276,8.458317608408958,7.48806827503877,9.428188253516655,10.64349321614631,8.83746552229323,1.3351402063142133,4.980226422409881,5.088569896995557,1.006836577396658,9.753623087274391,11.058602979257214,4.4188578326572046,9.807403064760722,4.15614255194377,8.849282170872472,8.853222229754566
TCGA-66-2777,2.126642531118168,7.882608815514027,8.97676315148337,5.882097656464794,7.6299918489362755,5.059766255628524,4.136199590853447,7.03967360117388,7.757564689074615,8.806762587042089,6.822006069818536,10.016739493444998,10.283317128254888,7.835781363642591,2.0120322559319423,4.5146146497159565,5.137778101504698,2.1838358314496795,8.70977345241823,10.636880694310234,4.947680181631025,9.634373457053636,4.631270303648972,8.366460009097676,9.108750698955449
TCGA-66-2778,1.758686934995755,7.157940061750468,6.285892282011152,5.954384779202184,7.01684727891751,4.078592757239221,4.335819079604603,6.739205441954496,8.293861066460027,7.736511524621774,6.554773013757869,10.919823919168085,9.285974328203222,8.071657569050343,1.7001289503560917,4.307996747687029,5.221378314108659,1.125122060569824,2.732855277072443,11.955267172098107,5.710619112206561,10.547001790091649,4.394016816519974,7.154275872632335,8.949906252823448
TCGA-66-2780,2.077550649903736,7.034303767768035,5.230283724546087,6.001115403153956,6.164965236516383,6.379133998027095,4.258172153823471,7.044386468682648,8.137119232060856,5.520815085844295,5.857963583185799,9.13136723554596,9.479616991822342,7.396687830078673,1.5264194241048237,4.191633709892986,6.909840293962822,2.418027989926524,6.501706639969027,11.924168750291736,3.5229220102577985,9.874089797053022,4.920493570660702,7.193712533981747,8.15976253463469
TCGA-66-2781,2.5846017818691984,7.188531482913241,5.137872347492318,5.396847921162099,6.521757459210265,6.757527354730971,3.975226630086765,6.546934577052923,7.599038780209649,8.467090326305458,6.111523815163092,10.088587784240856,9.381951044216748,7.836757323362612,1.4833643607133495,3.776819892628191,7.081944600708399,2.1467855409887004,8.768478789812226,11.881415854713234,4.265354376813918,9.464600271536684,5.077094192059081,7.471234453480859,9.179012554643977
TCGA-66-2782,2.5342608559316746,7.186848155512449,6.043556676045468,4.93581801973123,6.463038761322665,5.505951252425193,5.114795938061934,6.675760897741369,7.736961987424095,6.221409250409208,5.452872139950827,10.250407267391298,8.719659878388581,7.463610196768974,2.273456211320305,4.9163619886202685,6.381087792381246,2.427981546444925,7.119417394819811,12.351993311417116,5.140823637069797,10.391109948641388,4.901280420803696,7.291128236709885,8.586750239112924
TCGA-66-2783,2.730661691271567,8.185182192827057,6.508805757701202,5.820255563658052,8.00673561392853,6.856999379887583,4.176785509884428,7.639791446514522,7.782567137335161,7.405763517844446,5.802221656886324,9.577473014615562,10.790722929756202,9.23098855438754,2.7294440068336634,4.026897415846752,7.494134756775734,2.823953116405058,9.721970012793893,12.515130359012517,3.3892914620069723,9.196179890495472,5.433274504206746,8.362176982807961,9.368692023228006
TCGA-66-2785,2.897008026448318,4.022714018295297,6.724281911869372,5.929521177156077,5.606433344514104,6.390810393614238,6.808423666173578,6.131675905164651,7.371246941923284,7.103741005773593,6.775348218111132,10.772121211783212,8.51436019052509,7.452132493579837,3.048375704538976,6.609830297532505,6.73411480924656,2.826721346120338,6.2129836456498175,10.15649407835054,4.370394479467522,9.956230355637723,5.514096095558246,7.171680758131465,7.0943163674731435
TCGA-66-2786,1.9296016552364188,7.242062251531288,5.723528527765374,5.277393418626203,7.798469856985712,5.3219641618125495,5.189939179412099,7.175004554329621,8.2870478943342,8.047273900965873,6.506673341490622,10.12651321919626,9.905049534375294,7.841544220618491,2.054153871762708,4.996863239147471,5.5651950173046165,1.343407822297814,8.01266811234573,12.225926616502251,4.31127785842837,9.836075767733767,4.516889880890939,7.849876739455577,9.171754256333138
TCGA-66-2787,2.7261990822468505,8.256635181921155,8.496438381164117,5.976595053319887,8.601193223446241,6.162624960972528,6.316058830335687,7.540925418290901,7.661646289981878,9.295772836692986,7.0616692873313225,9.470980114989894,11.592444890173203,8.68065488970135,3.6757820646940025,5.858473417319076,6.202678260840661,2.3029039075661024,8.936328756937405,4.97315203787724,3.6902718129617136,8.614251936598778,5.216823349232847,8.690488347955416,7.50852001883046
TCGA-66-2788,2.960900873914278,7.212142264369668,5.944026782862943,6.189152462196168,7.649335945747672,7.799293279616563,5.055252062654298,7.166030484214762,7.589411457604014,7.681609493395462,6.226232988819557,10.87178713815138,8.504538563216629,7.363126386529654,2.481763918735353,5.016719160915605,7.278000549929516,3.024869273935948,6.5233267148616845,11.952183896761616,4.152345692835194,9.014041678055207,5.800823928068458,7.298832443038513,8.948645218175582
TCGA-66-2789,2.6200232976262705,7.444584249953491,6.285712919719856,6.426467724260909,6.584558188899824,6.461589128867379,4.21003812347289,6.92156843532868,8.002281147798204,8.16980577380064,6.413443455342663,10.882413789350094,8.51210320583251,8.456799990170875,2.92189328959412,3.9594827001859634,5.713717806978189,2.0710418280697898,4.570663291423681,12.964001978786165,3.7423835481112593,10.090095213107064,5.299592409249535,7.229368087478145,9.526130667513431
TCGA-66-2790,2.3278310517455987,7.608435956172165,5.049173319063317,6.863656027118142,6.269721405202004,5.86411927140295,5.600941696854027,6.574411878231689,8.330218211585654,7.832383716549127,6.421588556162322,9.21526360680821,8.160626284137619,8.32394960690155,2.638282404519475,5.109490111948359,5.990276452775745,3.3433509662005085,5.7054996878705415,12.284735165019622,3.50219055215958,8.564006928663487,5.177539968652947,6.883622208279066,9.241851612580305
TCGA-66-2791,3.457476097907307,8.43056127241252,6.3122331425172415,5.143074997937032,7.700172656121012,6.806915606061066,6.818828836476187,7.607765276217048,8.139242828238153,7.550534405041648,6.648019565258884,10.045064215783768,10.590363143485474,8.174640110445422,3.632419457858169,6.034578896979329,7.215948397280858,3.431716551351096,9.137018018219967,12.315471330031626,4.276772076484393,9.302270835391878,5.676087903454184,8.184060343457116,9.432189002495264
TCGA-66-2792,1.810525364937732,9.238370104674091,6.369510105845628,3.9502817662372047,7.536269754586106,4.759544691057778,4.21163525332715,9.300628030431552,7.639049788585354,8.747894549940597,6.969300172920406,8.411111808349572,10.38800921053686,7.832786870437558,1.295252823267693,4.093602428795734,5.056353753948246,1.1372411917115923,7.253717033936199,13.202787993414349,3.1140171373096512,9.263491280839272,3.7743301999299743,8.114214057441696,10.396350882676344
TCGA-66-2793,0.7990043901832432,7.575301740395541,3.3151749280999576,6.581459716402383,6.891373008199723,3.046962452141011,3.1259981794764578,7.457114889721271,7.60004074556213,9.354745037226296,6.334189246711562,6.818943844389246,8.029606379313512,7.956469090826695,0.7320520733002891,2.8245438464034387,3.449099109931359,0.7830794298736116,3.754363762241928,12.42639247893427,1.8061177960356287,8.625450961106512,3.172943002317306,6.545467783277646,9.785479752185369
TCGA-66-2794,2.5420351268734094,8.389683819497186,6.644547075245447,6.797108981326196,8.237875335545962,5.976469038445036,8.002049875023353,8.43806741286615,7.403828396303808,8.794398969822755,6.435945232197014,9.853841616791629,10.74374804480439,9.373179024279567,2.952557222682185,6.560043884099143,5.713563854993803,2.270648539084831,8.212873272718308,12.973372544006628,4.9723066584756985,10.466536377803324,5.158032054313869,8.569096471932522,10.052485111108856
TCGA-66-2795,2.0731347046302155,8.412382697115099,6.5364927929717975,5.312338439316053,7.716190470353924,5.575760077613806,4.756777796739022,8.122249248046488,7.416330554975475,9.666592042847792,6.30748317169671,9.84019758231568,11.14232733874061,8.891033914443488,2.1648506252828383,4.732833574740928,5.631584518573418,1.4796444745762358,9.57006326554002,11.445697997872005,4.28713980455083,9.242186613722046,4.582501488901179,8.441003351939386,9.8415575792783
TCGA-66-2800,2.804074215964953,8.531943222362468,7.582154027594479,5.910320130276511,7.871281834096198,5.609329465114813,4.698279608075099,7.226015216402988,7.711547905446704,9.402865402507548,6.796246017920766,9.06504070237143,10.922559874459637,7.9083043449530015,2.322908794115206,4.515510619969011,5.908183632536889,2.2571916982691307,8.204396054023297,4.197283542166223,4.960650709239892,10.131730172746256,4.839578376949847,8.330335942774578,7.377364055678746
TCGA-68-7755,1.3230817895037326,8.975787508218865,6.082955873147411,3.574198411302812,7.623395755777735,3.967749627268451,3.936006548172365,7.991796753907443,7.424152008796513,8.90402821613753,6.58138439141096,5.708852135390705,11.315929980513776,8.666194527132623,0.4585919881518556,3.84590147399067,5.036771451411622,0.612210935466609,9.463090273369756,12.159650249523615,2.588996402005646,8.631788206861096,2.954493762642255,8.2945669702651,10.01315532462667
TCGA-68-7756,1.7220725085235074,7.988294992886705,7.0365703678286975,4.809995727043842,8.668772612733303,5.193909699441049,3.1066330779274427,7.5621202861376196,7.841392629284277,8.15993691233536,6.439064566843207,7.620607669520948,11.457057467759892,7.712556576244772,1.579035291955445,3.955387205602525,6.222311911554296,1.6991518155702754,9.570509987861994,11.801375369105644,3.307107890666894,9.168170158451494,4.121012089087052,8.451852752982623,9.316535758109236
TCGA-68-7757,2.001261806201036,6.93229035488617,5.083872856817913,6.316486097056907,6.522741582084719,6.057116637458432,3.450261093570798,8.253840868189076,7.6840949648179215,7.394575876349099,5.235007064209328,9.497402196775033,8.188321298015486,8.015454081289821,0.7608596368219074,3.99003814028128,6.34685231678387,1.73850845257783,6.924437235352386,11.520377703843602,3.70711613139968,9.284108993906466,4.6740695919535735,7.188472997483149,8.615747978359623
TCGA-68-8250,1.74312715259193,6.939153688751586,6.326794384390576,5.884920220371294,5.2155892989414205,5.472253801944558,5.064098190052487,8.350911785545875,8.909135845100186,8.866666004841202,6.502653618734517,8.027280140230197,9.156692647359217,8.233051593625216,2.511898101716167,5.034493062296613,5.454692459274765,1.873970646251952,7.913538702148958,12.768570549707832,4.157286295417719,9.527744016773562,4.424020360340124,7.653372005939918,9.524796747766873
TCGA-68-8251,1.6983073935146265,7.481141493434405,5.212452611229003,6.69319141868111,5.892944681395954,5.002450499234823,5.010193512893126,7.251371630111253,8.408880810831077,7.615525178019732,6.205015132566753,8.18813482601463,9.127359601838808,8.3078360471948,2.0571729708128936,5.053102645499403,4.44045394382303,1.629053476547755,5.517669388133812,13.11192618029196,3.5860921694406795,9.051389776367293,4.244109218375553,7.070754858604709,9.402864283915365
TCGA-68-A59I,3.977582170797968,6.523477273645431,5.012412238979868,6.568296655700755,6.51584488885404,7.407847275536493,5.168216801426136,6.233435613558178,7.670244801093856,8.028363606552007,6.260868738615679,8.80961219669726,8.26636772362125,8.211029233856808,5.022492101401171,4.817474887626375,7.646685424154063,4.219950655790294,5.425643926764267,11.733622236343896,3.2898492165851283,8.566112658361744,6.236066640011144,6.811464377826479,8.761821038847112
TCGA-68-A59J,1.297367523217659,8.184249047591875,8.391202338287014,6.309279888373756,8.050904868711552,4.279434150597776,6.431454145157649,7.688062134453884,7.414041639714827,7.588734121201875,5.710580542997464,7.553473401479017,11.798237030162774,8.896361166693291,1.885105754024878,5.408260099061027,4.584926432894284,1.440899059112123,8.968408755198979,8.062413714958325,3.932061171343424,8.412798034958387,3.907212315671356,8.489569358932918,7.945132294584025
TCGA-6A-AB49,0.1068842886915428,6.251567620608247,5.9431289860050285,6.119445408869787,5.713275150735844,0.5574836139068903,3.508707529714189,5.690662925020088,8.682533268746454,8.249956773803856,5.553059398419099,0.3486856693343873,10.153038954099742,8.933068893495404,0.0,3.281638909236659,0.4043581948333116,0.0557509641184532,6.297077669593911,8.37329106009096,1.8548334839516083,9.17717084476777,1.084658305679196,7.182560352767111,7.624938484834355
TCGA-70-6722,2.0662958901631105,6.77413868930788,5.629857833100234,6.272196794866295,5.781422666116579,5.47838619785035,4.739518707323446,6.471787374491592,7.604183288357363,8.446325715821358,5.259291321053572,8.600310272234061,9.339269245782049,8.099159471829637,2.0513721017210256,4.433226548289904,5.853319537259155,1.5981746121480072,5.638656012278221,11.292003606596188,3.95440106547492,9.036132117299374,4.5600079151774295,6.906947005243907,8.837489337241808
TCGA-70-6723,0.2739335692668853,11.166288951983573,4.322843915496048,5.633387614963649,9.194229903695438,0.776525151421912,4.713299899079017,9.729251271155803,7.436750679653632,10.2417648823737,6.682995987763764,2.247988257219131,11.842109245470454,9.01859328399675,0.0427843980892395,3.682449696683536,1.1202192116249945,0.6024568801804286,10.94777981247188,12.602051989054615,1.592923408359051,8.80879721793991,1.5281850118237483,8.818325079748757,11.336701941137298
TCGA-77-6842,2.7522561930563385,6.994041102007838,6.33017472981052,8.549124669292206,5.914385132155442,6.22296874016506,7.206925461096754,8.167616847707954,8.369326011220995,6.284166150666038,6.393828026452995,8.829458903870421,8.17552510008503,7.731384205422983,3.227001674589037,6.020313284785889,5.86037438000377,2.869535856684192,3.493378340541461,10.744199197962164,4.847801528372466,8.982953372553,5.472960059665859,6.898655719341173,8.00746881687868
TCGA-77-6843,0.611077928831762,8.124455833505845,5.328481059168033,3.4536097612570544,8.371087470380282,2.404657930325598,2.897124230691112,8.470293222979828,7.392086401326847,8.835955329782628,6.361592923772207,4.904546717696101,10.325493903957325,9.13250924045979,0.8534368188880666,2.9532838663321743,1.6427477742972767,0.8064478000493946,9.277359474955686,9.71844434239298,2.546314179208005,7.996488741816022,2.0966463901921792,8.157913254686147,8.89295183522715
TCGA-77-6844,1.8086733549032017,8.348147418991347,5.880467586433627,6.906527471661548,5.587677021009825,4.654601661189614,4.665898671685713,8.51524409541505,6.877492737819645,5.996953601018436,5.7126893159949,7.406932017055458,8.282541739004456,8.754334363039355,2.3236871100560377,4.331755368911257,3.819177665542768,1.7812757724621533,6.407539704688903,13.813282263088134,3.2765562183860624,8.897992137666964,4.100125007552969,7.254810745406635,9.38612776103264
TCGA-77-6845,0.6868814604322279,7.406211809565124,6.2308447346262135,5.60986722519379,8.323357007639698,2.546017775623709,2.946206829037528,7.405558465147827,7.1952383289348925,10.1629593567716,6.372239974464738,5.374587431981121,9.761601094314644,8.898092235559007,0.4015212501086,1.6797390576167537,2.333824426698435,2.806262182080003,9.522995940067808,11.187866328300776,2.207549311922865,8.371428177794545,2.8227088217311262,8.110764703701811,9.585679164879167
TCGA-77-7138,0.8343067029629078,7.1327176918522985,4.437966744351603,5.778042951389225,4.644271626126537,3.689265609098295,3.1695562655913863,6.098345861333448,7.921479176841679,6.163790542586165,5.355280611891881,7.521073514462979,9.47140961213925,7.631057705502941,0.4206171389786907,3.4030768048816062,4.326846505038488,1.2241020321015847,3.014569538707863,13.025436066558324,2.5414652784912004,8.4675660180671,3.399179207718882,6.140058464765078,8.773981433665597
TCGA-77-7139,2.350497247084133,8.118168141639169,8.813056455703236,6.657216966038886,7.638456911657584,4.8344280687250105,4.28377364406262,8.478865863334724,7.76501154194943,10.704575636659468,5.366822261856745,7.39110264316118,11.539637933169503,9.777388809684831,2.5585860205768785,3.986292602099316,4.009454671610362,1.655351828612554,8.649477146260526,10.770401508317134,3.0221724810924586,7.409066717647307,4.208091063687001,8.459096512414307,9.864381762205257
TCGA-77-7140,0.5696855121518396,8.72733781477942,6.518923770833425,3.4542153824731106,8.45325375787863,2.0295942329388104,4.131885762789125,9.22019184156472,7.896713842620482,10.296232427602352,7.225394481017052,4.948044779494531,12.446761736027645,8.78910713105684,0.0,2.615486923555039,2.051232872321102,0.2463472769009146,8.282196987746195,12.91056279920288,2.015069321717648,9.214642355143358,1.8998742937543298,8.768809007658483,10.644711013861551
TCGA-77-7141,1.7670191097314063,7.8723252055634685,7.83305262457284,6.019524012593764,8.449208085663338,4.798501610550812,3.814406864574094,7.836376739727165,7.5470595503017615,9.979076162396728,5.874784672943763,8.607712762199654,11.242040868254616,8.474913779809526,1.708761109183778,3.4930196045940964,4.456149034647996,1.260567694222356,8.464131566958857,11.002547332879448,2.9018612607390963,9.054197023001455,4.088319333304253,8.403588170116445,9.617982900279882
TCGA-77-7142,0.8878371710867411,9.370583886455131,5.46154820387945,4.042968207099924,7.1888360730305285,2.5560124267497035,4.562968932099485,8.571885342594827,7.064487340665597,9.997794259871544,6.872118315833159,6.6764987355288525,9.337515981544156,7.95574521233071,1.1716551975811949,4.181516053463662,1.4654521274089756,0.4975357263960042,6.495639205946676,11.404159543183704,3.5315436571111096,8.622408787387894,2.4711370845501994,7.5632121403184245,10.257512563170126
TCGA-77-7335,2.5834468750854427,8.1431648160355,7.224693422942058,5.753369202059604,6.076971613411557,5.413299583348312,7.218033282929032,7.053456759729814,8.006102748599771,7.840326007658021,5.365031080379591,9.232521900302864,10.755889443165271,7.942288113477225,1.5588064008610596,7.024960114192351,5.008500334837825,1.260989138786072,7.04487712274503,10.429053818700238,5.677206592190051,9.566411622345944,4.401561919325883,7.628702397274561,8.804181547464587
TCGA-77-7337,1.0340748202705723,8.47505325877878,5.200657359394196,6.171655197581194,6.497039069432923,4.590817563312947,4.541353760084459,7.29857126007413,9.05845152544076,7.52697021440912,6.917179906263298,8.382299356644177,10.13302915617786,8.981329524435603,0.5508021838091705,4.300519129933232,4.586806768815807,0.7472584859223782,6.867623462475827,12.862552920237148,3.009705472283667,8.601992467370371,3.723387768050892,7.5621777757030255,9.621525464475015
TCGA-77-7338,1.9556103890565049,9.400087443991977,5.828291379108578,5.812880668519211,7.591405654657075,5.742833528498339,4.283995830727124,9.39703966463938,7.239898254104486,7.170495955235513,6.310352845940714,8.2754713216242,10.60316945012203,8.70073828350221,2.5611305863896225,4.381954720205933,5.766030587565457,1.8918857513003864,8.292173444074141,12.390481730184137,3.735706293293102,8.189249342501327,4.572263261850531,8.11405250806818,9.653688376470543
TCGA-77-7463,0.9430586388903978,8.006918464798003,6.454096911368348,4.609802231877757,7.656319026004866,3.551343745248457,3.750220591252931,7.756897191923945,8.12514169642053,7.441548216148644,5.550756018601959,7.918667685190017,9.854912006208862,8.267153257140878,1.0702519218204445,3.3321493629266947,4.086503554513119,0.9283513712354982,6.928961256842845,12.55144206896044,3.684089352758036,9.081305803237242,3.301139878396527,7.693800183916118,9.333302916635695
TCGA-77-7465,2.1233682249924675,7.499165029451164,5.322825893139592,7.16322800029307,5.768433135125721,5.689640222534004,6.924903930764827,6.131632695393495,8.844196377257317,7.921179823067353,5.887554514263598,8.391399559640922,9.771008711150245,8.171407009888165,2.74609774369,6.64950480988194,5.255089015349579,1.8747576280742648,3.7750294647033455,12.017296437603042,4.664130087887129,8.745767419781446,4.749082913510615,6.696707355430702,9.145880430040519
TCGA-77-8007,2.089396453525417,0.3604204661032091,8.938251970970319,6.1667355268845725,6.170201491495699,5.075708037160616,5.997014592081977,5.911418354614687,7.864832426323312,8.566718514555799,5.902625943729929,6.967747322096951,8.826555796079877,7.662099373336673,2.004105832829933,5.582628256382066,4.791235835624805,1.9803543946493665,5.510221398909258,0.3635635937971891,4.421458959446793,9.956238488386576,4.153611914681665,7.359701602190377,3.096900858152065
TCGA-77-8008,1.9436963273264405,7.397502654304878,5.797521464165787,5.427126759048564,4.287383638459726,5.8384980179182016,4.003800098989821,6.844321622196491,7.362081459032078,2.8331734632383405,5.849478915000803,9.833315008750562,8.11111740815658,6.760629474761177,0.4892346345320175,4.657897198116586,6.332442997571224,1.844988156682612,4.682269894994157,11.840907713112106,4.147127572023326,8.956127530501748,4.529900271689946,6.411106243529559,7.357194610218442
TCGA-77-8009,0.722903138560449,10.08320339382954,4.807586765130856,4.532479050793066,8.233365145647838,0.6510402069935914,4.813263010350085,8.240334366625687,7.933920759736162,9.040974598817304,5.6016460093866245,2.471031344271528,11.355078059825887,8.906020508402046,0.0381552010259688,3.508656828781452,0.5607149544744789,0.0996318500144603,10.43726800698357,11.879715796873818,2.9115190233089243,8.722597514120563,1.2965651065905062,8.287987047015385,10.334631263173554
TCGA-77-8128,0.729531018385868,8.555123240510913,6.182529429026258,3.83196841987895,6.881504338156024,2.5640122654373747,2.7221599657883795,8.584956113775847,7.483955204181485,9.12640454692181,5.474075811261159,5.686416484247523,10.16060019284922,9.105206103834162,0.0798388806666704,2.2874722951190667,2.785801615323779,1.1688987200254692,7.53421649327368,12.503518213453706,2.2532631992598056,9.117364664245809,2.406638200566519,7.88005664330277,10.061682000295475
TCGA-77-8130,1.2392758258825578,7.1939106847939165,5.553719903454046,4.285690729020372,4.401350582810709,4.394322062504091,2.293782455785916,7.441177186445235,7.956079891513907,5.652228335532083,4.860575511836024,7.458273719214525,8.904700245114372,7.92275921019263,0.3091761874785144,2.383745758561945,4.77556682642676,0.7542889267296841,5.233669523169088,12.96773979424562,2.876330305006464,8.41484376501356,3.316656325322358,6.591599491004457,8.604626271523873
TCGA-77-8131,3.3826395881453624,6.650457264510572,7.545442548056604,5.883628147034531,5.777640640046079,7.040047470409589,6.191971193267666,6.363687985279668,8.488720251275536,4.873645891143303,6.194063406352582,10.544130248269225,8.686996280873604,7.485078992687579,3.812292844873271,5.9799270144340335,6.434376359465887,3.1071689413545927,5.363328797547317,12.124192216738184,5.248572785319718,10.029555998796315,5.743469085650352,7.180724331204969,7.882765124130685
TCGA-77-8133,6.213152835336369,8.490846465435306,6.229655211052079,6.947529407509115,7.049258284782792,8.77664456834078,4.938601023481788,8.771909341598151,7.395770602396076,7.459707835505322,5.924841001004146,9.68201156643068,9.599278549062042,8.290705922374114,7.22615975928597,6.019659664739788,6.134518731890107,6.141806741203421,6.8439612389698254,12.666772322464398,3.899610694075695,9.30953319649752,7.30311765857092,7.752392843167584,9.539108874468342
TCGA-77-8136,2.493724180030868,7.653505773112341,6.119555384695283,5.8849983427125485,7.144222819687022,6.477785784628226,6.875128836093179,5.949194061883449,7.9686604579934945,6.43417283120777,6.182765780937282,7.740194966523516,8.676792777925789,7.772032111290903,1.4979955006732977,6.467597399240533,6.687139093548514,2.420751863267054,3.501286268710612,11.707852773755263,4.103657091076325,9.435695052161792,4.743227104483432,6.847693032161517,8.598510459358458
TCGA-77-8138,1.853476742373766,6.660396724066321,5.945820702203802,6.261203576703333,7.262699992446789,5.832826736678783,4.590584055992258,7.365627804812406,8.375397887838357,6.990760900148593,5.617859722161922,8.065070869839214,9.034575045532486,8.001935631725093,0.4469972406763888,3.729531018385868,6.026864226867892,1.5012098244111691,7.832567902868168,11.959244970442876,3.789364097963728,9.8797319528708,4.283949888221507,7.6176023443276835,8.53680086488593
TCGA-77-8139,2.622016667067735,8.0499378304565,4.198674872090726,6.2807410809239546,7.228502224676559,7.591885078462392,4.071067578602269,8.159715961253616,7.686176234522784,8.025044302493685,6.682642115855137,10.349266740967757,7.945610044000866,8.277839726849917,1.059562944297329,4.050458163445279,7.1038375016418005,2.259121806057679,5.162641072144586,12.717905081532706,2.574101508089389,8.61108567701559,5.323775974202664,7.033338961735875,9.597629071494296
TCGA-77-8140,2.417379975973023,7.415479820374523,5.596270276411264,4.426244623933173,5.821039216026606,5.391698992373825,4.087208225541077,7.291495815981716,8.429932669618598,7.551179144383866,5.167024675515414,8.26580489312896,8.787864369899603,7.472242427459172,2.687262293125104,3.13930576638392,5.425986254128751,2.1591124612308583,2.732421168401441,12.062880270912682,2.28555017999677,8.522867884175154,4.396212784841956,6.423903229233796,9.009846411890358
TCGA-77-8143,1.1362570215111445,7.236123287101619,5.819875070747834,5.735616945817559,7.743910755495871,4.141710708579692,3.9185675141001592,7.634818308996429,7.920429082489073,9.768434954724205,5.879727818177897,8.220929179652092,9.404920147807518,8.683865203268416,0.6448714897398414,4.361691170362765,4.460087240116833,1.1146335490689394,5.406165880955038,13.13681315056508,2.4820996424170514,9.857348744750938,3.636300876355157,7.553828991274993,10.047123797463636
TCGA-77-8144,0.6093767487633067,8.065176989668684,4.8285300370783775,5.577181055989052,7.2560350356319425,1.9445211529959856,4.1654376603875205,6.695861615667424,8.585076709557853,6.453481363230472,5.833848961042277,4.366490081720292,11.240456313785703,8.682869965954316,0.1052757834156868,3.8420636617997697,2.979988729558726,0.2816685799728449,5.398969375909326,14.153489142006595,2.935742601456012,8.7799002141063,2.266357447487985,7.339558939896959,9.557382498301918
TCGA-77-8145,1.6187085123137877,7.05640252987965,6.97149757090591,5.641158715211983,5.841336643394719,5.26348517760465,3.4816993475312854,7.0868283402472825,7.237849529313417,6.863922348826966,5.475551866907543,7.090251123492107,9.767528510551998,7.483850433767969,1.2371965736303936,3.938389308362304,5.619090158254489,1.7500061502042006,5.554484482729374,11.868861013271903,2.2277410758391283,8.877036223315512,4.0314137729588015,7.132264258977539,8.596395297326174
TCGA-77-8146,1.9780491557446875,6.716626060368963,6.193549015085076,5.309096132566509,9.097463053971548,5.648747281752113,4.418601509430639,6.2889380341381775,7.2164160616363455,8.085084678628649,7.986147516960593,8.517615458279836,10.317334823721913,7.738694889701131,1.6782973086035873,3.928502978532914,5.517823687237207,1.888304895208487,9.913887952091164,9.938114326376873,3.563621866452223,9.727360110525956,4.362561988484633,8.407921924524445,8.24660835512483
TCGA-77-8148,2.438399319609222,8.251825113542626,6.0778795929440905,5.661684052363364,6.622826419266848,6.1490133936476346,4.142633991603665,8.125181484035432,7.755159317704633,9.173004971144575,5.350939181546431,7.066900747273142,10.27820225064533,8.345753403200861,1.6529682688746443,3.886355043525156,6.18204667415453,3.032312469948944,7.469382963540237,11.462383099633469,2.972729410097588,9.374546571213198,4.597617846553069,7.705588983299053,9.629071061440223
TCGA-77-8150,1.5747312626628445,8.576098820780157,12.905357895079986,5.77867117410358,8.21707557938081,5.226192520326269,5.75335850413742,8.515593800243526,7.062774723894831,8.469492045918374,5.827999350227315,7.649580253426186,10.817333778186136,7.343925642663104,2.544262807267988,5.283117993965931,5.617768645804397,2.871074794676311,8.570333516812449,12.10092224377697,3.6064777620546127,8.950045797050494,4.46604020832394,8.893458169955476,9.7155043701585
TCGA-77-8153,1.5110631574824585,8.958417864265705,6.786004264995297,2.840785475305057,8.474808756221321,5.8012931909650645,3.1669885351056446,8.21444055466649,7.270334576588619,9.261367440336722,4.671950022960008,7.858765558113446,11.335948565202298,8.055915780599417,1.922045577031944,3.148169452465093,5.191234943583981,1.8767624907815552,8.339874047601601,12.866305577118789,1.697640395225277,9.072511019076382,3.85742148475193,8.118931626415351,10.362030293907072
TCGA-77-8154,1.5305202655151893,8.6222817535397,6.215878525689066,5.187763788812322,6.648157658265661,3.5590879489096934,2.597221268400312,8.593475534323344,7.834223258078578,8.262103304143666,5.961956646784827,5.94983137872338,9.096757578321682,8.709369565417308,2.1232688874943464,1.876998173918796,2.9749697628127154,3.174805868940942,6.914367191794684,13.215062849057176,1.7329637838332916,8.95749067505953,3.50003541445837,7.637181671957013,10.033149302246846
TCGA-77-8156,3.630020981166421,8.175511128155456,7.157291348843832,5.4356285940520905,7.828632850950412,7.091239663729794,6.642734780003817,7.28865386360517,7.906122757327083,10.03999649394584,5.670171847114649,8.63808144172791,10.237979033714945,7.674849012833525,3.7152234707681626,6.203606416809237,6.945301022985012,3.4008384597464425,7.19275144460284,10.209044991022028,4.553243755827265,9.599398139575792,5.550904804882262,7.831215942655145,9.474850871041108
TCGA-77-A5FZ,5.307723591728926,1.703366528006636,8.573262417510806,6.061154063207101,5.370739709002624,8.849283424625312,6.714698864871001,5.794218294582527,7.251102691605676,6.353967207728323,6.680083793836313,10.87465804941219,7.73267825790268,7.066222687404331,6.530242451680876,7.102237143933965,7.73676112273932,5.896286382263797,3.6250834179220335,5.266145616915596,5.51280839920447,9.547458697890743,7.322301297951074,6.798718409506507,4.441159784216851
TCGA-77-A5G1,2.6830002000018105,6.107507939629551,6.612426224129733,7.281323619973457,4.867085955586428,5.935002350406883,4.6119867651845725,6.906503420490895,8.049461964272108,7.336565471444363,5.437141163957802,8.878103958776064,9.097067682366738,8.08533435751018,3.824350358042808,4.9901334700030135,5.480704585861674,2.75281280489086,6.078880912255118,11.776164455604722,4.115857262013571,8.829281615170364,5.2621854111362225,6.989215166433407,8.406745955559545
TCGA-77-A5G3,0.6786128143388287,8.996590989799722,7.613364419076174,5.940737606411994,6.067780673561022,3.11431704619806,5.269298763464544,8.944497434127669,6.93375556001757,10.138448829881892,6.114298303718948,6.645041597962289,10.532442523357645,8.141371989306029,0.2566483898806774,4.806086854288879,3.118725171268244,1.892934969972752,7.402789528779139,11.91264215625333,2.6382592318596627,8.466510071682896,3.0924310851475494,7.910381867951189,10.349227325311647
TCGA-77-A5G6,2.2380225178257205,8.470726381255403,4.9630440257718,5.05132859397691,6.071380839938783,4.972499669149202,3.6387921088912383,7.319106672375751,7.610806347146973,8.151506236147798,6.2433701385718985,7.71826708746842,8.074562700321435,7.887215131083993,2.609896766642281,3.5593572043347232,5.16324511125366,2.190772868537884,2.086749803994655,13.692700949424742,3.109427426686154,8.719350827761023,4.277718944979154,6.420597517477416,10.104977855609315
TCGA-77-A5G7,1.531069492725954,8.033424653477391,3.902256920207567,3.94855412733788,5.097682423982929,5.260266586997568,3.928389274553488,7.293676715375021,7.813947893012511,8.719868612669714,5.491012882597684,7.631325501932016,9.330365008928911,7.577922734349148,1.8648497555622867,3.463099267348104,5.2256643987848665,1.9775363798228545,5.469755763264683,12.71569922342658,2.761285273361619,8.739362083141737,3.9198951775947757,6.6127543164809595,9.822997496524563
TCGA-77-A5G8,1.7036323074370705,8.505161301629744,7.324477607679646,3.935535180868018,6.380339843308708,4.767527682942239,4.738589515157057,7.337663822043082,6.628070737064748,7.5100290862633825,4.146329373435779,7.0740740104984505,9.519258036342007,7.866615627261715,1.5775375925671309,3.9121037215811527,4.892973815273334,1.6134373560427742,7.546512519470704,12.447467204817912,3.542530464311415,7.473433823662888,3.652102563661288,7.199328831650567,9.48755253090368
TCGA-77-A5GA,2.3005923412578198,8.201160889384388,5.835300084857762,3.871863357323341,7.439672168410233,5.292818552203343,4.027410641516858,8.128216058669048,7.610019357189735,8.387588719736886,4.869792460376665,8.163718098639315,11.007112087578296,8.997547307162607,2.9354220297948324,3.833284802996767,5.311437721886272,2.561472781609654,9.4962348332975,13.521497778995498,2.9952855127331968,8.278153919402266,4.348189268959225,8.006503614969297,10.036749129372259
TCGA-77-A5GB,2.6266961121163748,8.122169509813828,5.667051916546012,5.081569717598262,3.43067332983876,6.491739279231382,4.953414250819752,6.451450167203635,7.555772450308811,3.418297909858627,4.494268389106396,9.151084294482503,9.244036247878356,7.165563278995491,1.9146793222453145,4.982870398634217,7.681208186912229,2.685805625154268,4.245046842447188,12.834408592420347,3.881693981878547,8.19616488740806,5.0903975053914765,6.111781882427987,8.124958670697602
TCGA-77-A5GF,2.6568624322867893,8.747803269332719,8.326407913951051,4.8518289807447,7.636733362302746,6.210324568316887,4.846879387063186,7.5109714106609,7.235958684157394,8.639237590713389,5.713096400095559,8.515520869930157,11.304679527398832,8.384245417591579,2.918157217057044,4.850859417513226,6.313632236213624,2.6394868702252423,9.97738440060767,10.94475846662164,2.930056035453048,8.830997133977851,4.872259024967777,8.460564445823273,9.443933108889249
TCGA-77-A5GH,3.124195771587192,6.996610195794843,5.732035787517811,6.263689856617347,5.134377031576872,7.178174824077349,6.193795393941199,7.020462197591415,8.159218949894552,5.363672217938857,6.164144660637177,8.442776415455388,8.097959946405053,7.371442118072428,3.0343565966466417,5.898326878922443,7.126331749988712,3.259362888072008,4.452457062174584,11.40432849463766,4.838044126128745,8.836882269230998,5.489841157492092,6.601220134150792,7.92153696945712
TCGA-79-5596,2.036503333738988,9.475179143189164,6.034336786043863,3.925838055481836,7.212630617071764,4.585755764865997,2.777261891564585,8.539606287424348,7.340404710434097,9.151255572515254,5.704808347283149,4.432137638602029,10.642785583416002,8.068430054813962,1.906467342983104,2.8997170230022777,3.3281471140336314,2.19203631255154,8.081379576290399,13.311487178894083,2.0539106809012067,8.577951049540243,3.200983651751018,7.857741037735467,10.645973964866167
TCGA-85-6175,2.050849922174676,7.244166863473029,6.700976467300998,5.619548000156866,5.5068399261160055,5.154546755625116,5.35957739283328,7.040150514104559,7.41510963222758,6.22939180747376,6.235830433963775,9.216686209402548,8.13669280468263,7.208259724183446,1.4296962976518262,5.504493277108446,5.620087832121491,1.2872949763519117,3.1809912028485177,11.990562730348058,5.120534422446863,9.01500128108743,4.339815713354919,6.62809279428592,8.488040467098283
TCGA-85-6560,2.401848874736076,0.9091970629916876,7.105449705731915,5.228176067202929,6.191698844411368,5.816970827677211,5.622584859037751,6.386535070184754,8.243968437305416,8.799385245726953,5.880244716058463,8.104408478238094,8.886619037050249,8.292434374899102,2.0369604224559112,4.9930040275552825,5.8304201333308265,1.4128357100501645,5.53223590677279,2.0085227443465743,4.131186118627977,8.133058962769288,4.404517216241601,7.051034577234741,3.9057016843550714
TCGA-85-6561,3.4816218582713634,8.511106260655685,6.737584017100042,4.8173316194642855,6.7582618637759415,7.4276187426769615,5.4556099772626565,7.520846508209224,6.726417091048173,7.386990237773959,5.423880661527186,10.073761199598636,9.282093870726726,7.2656187967835075,3.869595076971986,5.591116876395893,7.290250212695964,3.3402916493152137,6.881539821780541,12.147358632475408,3.6006503616211947,8.371363702257124,5.757210051284916,7.280148655270036,9.348485043635018
TCGA-85-6798,0.863700623947478,7.787794842844612,5.039270020661385,3.56056823226398,6.753112430030232,3.714410387678403,3.16928366111573,8.73290783605385,8.006376575474405,9.27729739782122,5.953111554469365,7.141693340294934,10.698290722315129,8.628591351597587,0.088548697010238,2.816435870968101,4.896373579927907,0.5363513579954835,7.705743652005675,12.359984116440828,3.085628604377451,9.078265845065346,2.9716637455883466,7.823661676524821,9.80835878570222
TCGA-85-7696,1.7524917088873784,7.671781643249973,6.447352724580118,4.422253187506008,7.863978703630288,4.917364918201368,3.883845608974639,7.840803095808006,7.209303239550432,8.74631478211198,6.009559923630717,7.260364453739057,11.41582694392726,8.216639167558293,2.069839625068634,4.04121669381743,4.528440045152155,1.3094672588082397,8.9279583617434,12.242929555706,3.9110779465212415,9.008477644855567,3.7514601710518347,8.216324570716706,9.55367532702265
TCGA-85-7697,3.5917871124462235,8.195799846188464,5.118500931707697,4.683668386036572,5.832864703503404,6.664468618143152,4.184843613183895,7.821201891782243,7.565100554721182,6.948246904632341,5.235462847859787,10.039839990430233,8.984931072769223,8.414452694789489,4.632372923436512,5.027397370738755,6.671148982510832,3.472669721525345,8.486548263710308,13.02479566974688,3.262478259939284,8.281222991101233,5.679422247789838,7.271898174652923,9.389614140189229
TCGA-85-7698,2.8388711108865734,8.54762179599106,7.164053121403351,4.4668424315919175,7.572851024285857,6.337065230958166,5.14410348876473,9.488333238690863,7.497625936723019,8.305321691130926,6.477021555240895,10.396208199592278,11.332262672247952,8.327950032182416,4.269564331579658,5.620181695325267,5.309252599387163,2.998303836635717,8.740114668893167,12.09437761098774,3.6710442199568014,8.779050209658696,5.2308725343759255,8.4852045653254,9.649107032703242
TCGA-85-7699,2.8627092580763223,6.447399013712464,6.138959828501118,6.080118257192041,5.6547763533301545,6.68381994820724,7.132417471174244,5.611665196991542,8.300856786219663,7.113944233368943,5.929130557996191,8.796696056101235,9.26396913090153,8.381481521782089,2.794790138673432,6.6448152631203605,7.017655830904698,2.681066894839701,3.0699770704115563,12.317356956999,4.747226255689832,9.409920392917174,5.273836626284953,6.682485006603919,8.626233401360135
TCGA-85-7710,1.2030758353435569,7.700911291363036,4.753160578266961,5.883244454467553,6.276935809362389,4.164528860881369,5.209753570927991,7.539892382376244,8.178792310407992,6.413330051556353,6.93585572739043,7.722830750689859,9.757008240586954,8.118715828649053,1.144242197281314,4.727419507436168,4.27237411256288,1.2339493979452052,6.46265277127445,11.582811695942686,3.146980997223229,8.734444085717675,3.6606065155959624,7.32233317795302,8.565684346287357
TCGA-85-7843,2.108156418059356,7.789841387087757,5.7681393225783655,5.319896071244973,6.388103413821378,5.780373097451319,3.956707205796456,7.664134355569607,8.041526100001178,8.532237075832464,6.349683733794366,8.284776452916226,9.73432349523812,8.401734129263367,2.070904484133575,3.922074129137012,6.0854034099982,2.29463545144133,7.549072287739302,12.844076713453568,3.7264824872650495,9.484302906831626,4.563449340749282,7.667436705604517,9.722051725457929
TCGA-85-7844,2.4985061891886797,8.032131156199437,6.107014063783194,5.928462709398411,7.938839753817005,6.352943863295878,4.793864677560195,8.402621569367154,8.22208146772479,8.12131385871664,6.355807400458196,10.076906430545714,9.927140902692782,8.934701072655015,2.291898196046679,4.567411588149074,6.421785453565836,1.9607341022846456,8.496804255656432,12.801379774982935,3.74197386308165,8.598881392799662,5.075890992046548,8.095226301403681,9.65160826329967
TCGA-85-7950,2.131688250575853,7.489644885315542,4.891851736075055,7.0681021753175415,5.676622847063268,4.367720513401452,6.395578690166808,7.197925332074991,8.208811808585155,5.920650594563984,5.613693711273172,6.365617307395179,9.243412984437615,8.454303818101884,2.84032223060524,5.870998379764833,2.871784520451731,2.3151024530776683,4.613219270909802,13.315007168363069,3.6014944774935884,9.058967985935046,3.9943339215463807,6.843749710733855,8.908434216080865
TCGA-85-8048,4.000072132948736,5.517055177115428,6.665190929708668,6.378029488347658,6.229168742021269,7.489822276627198,6.509684758851652,7.0838717933693625,7.909142447154628,6.867885347292832,6.430837219056396,9.780625883707456,7.968734174982825,7.3333360673005235,4.853092432958493,6.6144536693958464,6.772940018614345,4.289532028077031,5.618320891568281,10.532086843903576,4.412998251975889,8.858481498604691,6.2234448944687015,7.0234926645765015,7.639009122770612
TCGA-85-8049,4.109118139523741,7.944477228858188,7.143252587411245,5.796852092800059,7.382652555992514,7.339638035820162,5.62121378771661,6.748411585836076,7.117123585704368,6.46840410933844,5.352200601451989,10.016834606883036,9.472487568380656,7.653611816961521,4.303422769301919,5.880768774100523,7.520180993400494,3.731552558991341,7.66260785403665,11.057008771904869,4.069452989823532,8.99075154175789,6.116799885245821,7.550747013978567,8.489963370033832
TCGA-85-8052,2.2102329900958493,9.192185286525604,8.748116351173131,5.866982138079488,8.411324124658975,5.296776747263825,4.073563198215262,7.945865755659856,7.476468369806634,9.10541408479622,6.159891514190308,7.180094141096467,11.309900971200056,8.620419992432014,2.668504941810342,4.197409367281341,4.268209797165735,2.165911938935689,9.063490269054672,10.120910459736075,3.423363028000988,8.980846753383553,4.236673242063914,8.654981966469071,9.472836610352633
TCGA-85-8070,1.1206837088019812,7.931992645482217,7.914369583855675,3.723984426745611,8.539178202040095,4.521440262239783,3.342085338123311,8.531572507479707,7.361364825533009,11.327361600645764,6.949592126104215,5.663338926004255,11.6084230187696,8.725089452045678,0.1331689334860438,2.981560432296056,5.1784079064215645,1.3737873937226122,9.716861635755691,8.951508825334292,1.443076151362673,8.481391383843588,3.10211593677455,8.808309738736781,9.403621023820758
TCGA-85-8071,0.2974849157105747,8.930080584475704,5.242408151984917,5.384267438338155,8.22121056980416,3.599865247338849,5.308149692435902,9.5746459364219,7.043559956797937,8.618754388558513,5.81444275563528,7.28767913947278,10.90243202218056,7.981027204759154,0.8936728518892335,4.808137886865719,3.3147110250310727,1.37016428054021,8.062018066299729,13.803416627585758,2.197833946045028,9.228030042138238,3.1639778426172676,8.128276843652992,10.45075053353999
TCGA-85-8072,2.408983529430738,8.504664880110953,7.583957524067739,4.4064958540381856,9.221733316620984,6.110434240385156,4.985864701242533,8.725893133095518,7.604402743597808,8.935185975161417,6.296484939456643,8.761593448939747,11.21788428934709,8.540877386507518,3.067414999202009,5.051350348012978,5.966241258070274,2.7341568198923616,8.97048125892946,11.051183921292774,3.9297436644276633,9.261618489399297,4.779331449994067,8.727366292178031,9.49701159218838
TCGA-85-8276,3.429803401960776,7.455516279061325,5.813488775389612,4.8586872453211365,4.952971827038192,7.405693752148253,5.582992478677748,7.067550524627277,7.4210078047592996,7.459141411016305,5.821955064701354,9.34574142978699,8.884648590246002,7.356688768462797,3.249308801971184,5.538522644021363,7.680782862938785,3.1452209370856297,3.573677479984549,10.80306240181836,3.815442219335536,8.753509604935465,5.587891204458964,6.528061329423156,8.572573363965331
TCGA-85-8277,2.107788285428068,8.404785639598133,4.707552398853469,6.688439158668649,8.760633133693869,5.868699110345995,5.534024239324022,8.189171739918217,8.008081773299976,8.673587516220637,6.5624301913561,7.813759390327257,11.082391643930762,9.080549212002182,1.31724617414088,4.793006275767375,6.504105506269452,1.9013399826408863,8.75894504800905,12.36882756728546,2.8622331603767983,9.136704338331388,4.600196801117312,8.284797213261879,9.815733574368076
TCGA-85-8287,3.807942185496591,6.465003092824395,5.319867176385692,5.950694692359631,5.809615090434488,8.01311438543439,5.357689230058916,6.215043686632463,6.9339490777886335,5.82364747146746,5.48786253808271,9.600471778228608,7.453634451875219,6.923264486855533,4.42731787312852,5.785283748799553,7.610485253936363,4.117520512551887,4.344530271334685,11.745242038901194,3.4810405561182205,8.093193054327731,6.2182209544479985,6.205876344491065,8.011297534397684
TCGA-85-8288,2.297572953812016,7.597433590869122,5.292152273013248,6.221457587050801,6.6006295497103205,5.79982556558127,4.807164267615827,5.85820484423228,8.070873365331206,6.70675569706403,5.806914317547613,8.336286512509961,8.454645169911908,8.502547810779873,0.5463635738854351,4.763448756852733,5.375042907716329,1.3994992525233882,4.424975818869002,12.523521232670475,3.591631549683758,8.853636737132877,4.282292621868456,6.72421331514964,8.942570173534543
TCGA-85-8350,2.6200467650494472,7.274484385740176,5.994907777851164,6.278207827223033,5.691936098255175,6.058377111756076,4.921898048819884,6.681107667106895,7.437806159371815,7.254982289497369,5.816635543085156,8.609586551259241,8.396922823991003,7.22173210845561,2.504950839764006,5.053424176161736,6.288221964845647,3.0458797672284863,6.168136554513695,12.827316561600876,4.797428082152313,8.513963223478157,5.057895832446562,6.810667724592108,9.118927745612806
TCGA-85-8351,2.1616297473579458,7.244580758280083,6.152422766487155,5.723148957047578,6.937739854861589,1.792938622400369,4.616445921735497,6.7611589256196485,7.748370659183204,8.28942367009209,6.434543164496589,5.063356249347986,9.759079581516454,7.928482251912888,0.7448499794516567,3.398993310017453,1.5262190845744357,0.4514353304370038,6.357344382343897,10.902857590417709,3.621336885813564,9.572300611877404,2.494796852945282,7.487883942389453,8.812287339596628
TCGA-85-8352,0.69278425663401,5.238313015400099,6.1477462792776825,6.536324934539674,5.913121585450179,2.431542733476719,4.167213394058857,6.289897157618238,8.007637303965964,9.783014256971226,5.368677566778511,4.468153181198852,8.335421173546735,7.919022401872873,0.3046278544929762,3.1654778595321256,1.918386234446348,0.3860383598886136,6.785830380236417,3.32578934582868,2.107855225621143,5.93017434015177,2.391122507811027,6.58623636061655,6.115705539400001
TCGA-85-8353,3.001874285531351,7.715673079230167,6.87589061958986,5.191049341477918,5.926706355722588,7.36518509741176,5.16260482175444,6.377021340529268,7.11175644338665,7.774617088255382,5.545310483587651,9.45906495536708,9.695868399778416,8.145791052769136,3.5195167439990644,5.118422024313199,7.211475619882573,3.204328555468192,6.6080078513750005,12.4690936823174,3.187213488633224,8.974130038190657,5.564642085591133,7.268590767692822,9.319794616600984
TCGA-85-8354,0.8889282915845642,9.223693802074097,6.240001329791917,4.37566504292858,7.418234651905377,3.588564737401352,3.723056097208441,7.923145019760439,7.512605370454385,9.174219138070285,4.827026340598327,7.378669409395055,10.33709289116064,7.992503904876659,0.8560694020150499,3.367217281818337,4.056886947938331,1.6427939752817295,9.107388671541422,13.291876891477918,2.33196312461999,8.913754693673216,3.2553682580778087,7.8448934379135,10.563263277207433
TCGA-85-8355,5.0116208673471645,7.828069823477272,8.43132793919526,5.806687521252857,6.9896329186742845,8.340154094510947,5.848415127305095,8.412351361988891,6.978248265120478,7.9564923232855955,6.138025996227501,10.429724538817666,9.750423945737875,7.789534297035767,6.312547194728857,6.7845746502229325,7.18537697643733,5.1236910246311975,7.353748484743552,12.150936566706584,4.67599089531303,9.02829646634734,6.8871146025322885,7.986667676243809,9.311832904489817
TCGA-85-8479,0.5353562586037837,7.282881775798943,4.008433104222969,5.632605580536476,6.108321628870415,0.7978430670655411,2.8581202830970365,6.571814824026,7.886242237103862,6.990828959345776,5.180235400677335,2.2529605634757486,10.718112678112462,8.635029887689155,0.1152996440255472,2.2845733559630355,0.7610299065070913,1.4213714330008944,7.774367365345398,14.411907409867322,3.563243566665602,8.890583185311238,1.64520949331644,7.2358622592818715,9.561872715004014
TCGA-85-8481,1.735045532637686,6.527397245105373,5.486817327076339,6.434304627372757,5.273754578545923,5.802392284780916,4.380736373866347,6.610518473789615,7.986249931514259,7.068799770488871,5.576579578532605,7.68927190005228,9.706088103344664,7.877227682469276,0.2817872568158263,3.5763044474762515,6.601490020432253,2.002378485106428,6.762142815555031,11.40896326218702,3.564036661866608,9.630778940658915,4.363810015314021,7.115488437496547,8.335053425927088
TCGA-85-8580,3.4309007629278607,8.808853837500726,6.523830084239342,5.335233123632761,7.552693686514477,6.73964156439299,3.7280293330992222,9.633818788126872,7.784520995742473,8.059440727422231,5.90474178501916,8.08299950158427,9.764720680258772,7.767198587675675,4.839128186375961,4.800024960362365,5.739064990567236,4.215927047986833,6.52282473874175,12.057013884358929,3.2237468881622915,8.873678185407442,5.4832707396382725,7.817938316997937,9.641769483093961
TCGA-85-8582,3.55546034455441,7.976491378248263,5.808351583038192,5.787915615396074,5.624475268120341,6.648823483787831,3.949553608560095,6.715598268608553,7.691730958772832,6.244228717369931,5.762053761249112,8.572177616684902,8.3239991292528,7.548549908801137,4.760689347038791,4.502604295691143,5.699784807920126,3.522708631894734,3.7145202905535135,12.345500415986034,2.841288833499536,9.277237178123451,5.506794263896695,6.596848173468388,8.855406837201409
TCGA-85-8584,3.1869125162984435,1.0788147484160335,5.6923072289024175,5.911152267817836,7.092937862825048,7.409754110115072,6.787825526558942,5.760457827126543,7.913776231221141,9.008648791347824,4.436661577807406,9.826247205856744,10.588443402155896,7.95556331416992,4.064236183444716,6.32905899655988,7.1264639175873805,4.065942760246591,9.047273900965871,3.871202965439655,3.283758830401589,9.967483355602171,5.941529851623826,7.5676410586944085,4.652888835067838
TCGA-85-8664,0.62246186738273,7.537320919504532,4.763512495850843,8.389531535510434,5.949415870746438,2.666393032369016,3.1684173991813047,5.294153865021773,8.555122473403927,7.994606310650088,5.254745197629213,5.31274503067514,8.657459228309003,8.143680141349996,0.7803940963093238,3.639440563210605,3.2130205968150607,0.4678011564884071,5.433800734020174,12.065666884654105,3.471421602889334,9.317395201823096,3.064621045078588,6.601770341843817,9.199198038269573
TCGA-85-8666,1.759965391132665,8.144704632633294,6.91917439661413,5.476559907078271,8.108091583331639,3.82905799101771,4.217525430264635,7.312489109299316,7.861601840704532,8.397560838429143,6.365624305681817,6.57567537939318,10.522349170969989,8.222453444757948,1.1333662431042155,4.185303625900116,3.987329962338413,0.7823246848703195,8.247153755685167,11.967636237280011,4.272000786790209,9.548950955514462,3.3634685084192535,8.155785840231808,9.503300569447482
TCGA-85-A4CL,2.422851934800716,7.200249307467885,7.008537310340602,4.15261340467436,6.767289311571988,5.7228785544079255,7.085797477096893,7.157499534613375,7.668183671134611,8.75936059619115,4.566041857053359,8.590386443350644,11.5707514146247,8.219625462896106,2.5747554785036697,6.039456471341816,5.449970685388984,2.438133134800466,8.602574537387387,11.17664628047849,4.284499327184681,9.055248808382776,4.478798519418109,7.868446029608787,9.045418728045842
TCGA-85-A4CN,2.1040011103212146,8.490105977118409,9.312792216893754,3.603857751029575,6.977018840774797,5.5576674068605785,5.260398329141309,7.912344481287301,7.554878129073089,9.06536039157941,5.250343901170943,7.318704581313706,11.259314686662911,8.224373638910576,1.5012098244111691,4.868479353125127,6.106850796450224,2.006262113184841,8.240911511999265,12.197383318451248,3.12728659510124,9.140510783622188,4.028364797653045,8.289701257665218,9.917616562383023
TCGA-85-A4JB,1.3894016082156753,6.897551442908035,4.155433527656249,6.3301496263333314,5.900383816666934,5.469801339154977,4.174717999339383,6.149509360027083,7.793179297830996,8.40942573012794,5.6964779697801164,8.378295289479082,8.45897455619515,8.362377394094182,0.3810618284245876,3.789906578262592,5.940902008609324,1.7318783488084315,2.3968718904904587,12.418493596588982,2.61461562421961,8.622741145804833,4.2316414355750585,6.217846207589376,9.241823589874986
TCGA-85-A4JC,2.230326000028692,5.913401671370434,4.803547370111714,6.1725915214967175,5.254163165529207,5.173503252968168,3.832160889297021,6.07769590672712,7.533145148986924,5.379901628206029,4.381837083906047,7.758492403836199,8.860646894478833,7.602227476709333,1.5695396994633413,4.518289633336061,5.327622700100557,1.5777792621726827,6.096451624477594,12.905572313236863,4.577658432430245,9.462902613486628,4.258550691438051,6.56743401692831,8.066291870937775
TCGA-85-A4PA,8.435644010939596,1.8973953375303747,6.683832577669441,7.819691811010356,5.689785568718025,10.998332893451847,6.71079266088859,5.454439134686558,7.828076172249675,3.7298137696932088,6.345532987771549,10.118136208446549,7.486752981658801,7.545779219139328,9.65843554731608,8.501648925790962,8.126139672363493,8.647283925354621,2.5824837460272656,3.941744862727821,5.715163054677967,8.85003865290693,9.114809152697507,6.329830608572237,3.189651323317135
TCGA-85-A4QQ,0.8458312393368355,8.344827609512523,3.642008357257123,3.6895451805727606,4.451705665356302,2.7678030852607023,3.6917909685785344,6.791631769657225,7.489087686600632,6.430067781683016,3.7550798486794377,6.551331439291294,10.286265727804391,7.581774532296009,0.7876832008453192,3.387955269658254,4.172327491657617,0.588516766693908,5.367339611198642,13.345701933446428,3.2666066610087587,8.423688251270818,2.7718626290940622,6.2874367204399935,9.37353244154732
TCGA-85-A4QR,0.4281423909783303,8.019677454239124,4.951391965884371,6.095460320637918,5.436654915766022,2.026729250487489,1.662706823139566,8.342836494338853,7.409511438573144,8.912305555202032,5.314707400201037,3.8628976700198896,8.00486539085484,8.448078301202745,0.911729925417036,1.256889885535893,1.765492313531877,1.2681349239248902,5.9245441254931,13.41328544662179,0.9769501269409564,9.307786194537508,2.336940970713919,6.96635809853481,10.115089485354316
TCGA-85-A50M,1.867975513609994,5.783708082565981,5.897216219079092,3.715179532044391,5.554205105155655,5.488058631774333,3.753123129777261,6.480452556814502,7.70898383738704,8.162641072144586,5.952275316847485,8.375970364505063,8.64202569168167,7.108727256174438,3.1466389314330803,3.174614146546274,6.262720660689917,2.4525427229236607,5.676405644870749,9.40422725389264,2.9252778906387635,9.42318967169325,4.472726622425777,6.841812182789605,7.7835254695344025
TCGA-85-A50Z,0.4810922369063505,7.496234633530826,5.247217380876511,4.707513747570133,6.472351293855104,3.431756660194449,5.167687089298627,6.006717664127791,8.085884560962729,7.138466365265034,6.196203747542674,6.876410121785857,8.43635300973179,7.345518794879669,0.8495990111514515,4.016897408951771,3.4820738202919417,0.8471951865893951,6.176183124492473,10.914965457234793,3.479178813684284,9.057720752147365,2.9536629692127967,6.867283220956672,8.51655548534355
TCGA-85-A510,2.599984231515615,3.923263298176946,6.890197385500115,4.483860911151713,6.255697107589503,5.701657171851565,6.421948672921393,5.748775178232187,8.549844722849029,9.46297028015827,6.265860670481131,8.83979114149899,9.103292005336945,8.278918664357372,3.4817897464077925,5.951774273848283,5.669205390039936,2.9678326109894897,6.584066549402929,2.6591025359453946,4.057294296721194,8.837457637804688,4.820588743350728,7.245533149838108,5.34844537142687
TCGA-85-A511,2.9924784126674573,7.807091477348762,5.233094267554873,5.92538709237824,6.1074514454484605,6.856812685438928,4.720431702395173,7.771994489430771,7.31082451285855,8.261485213173973,5.0768070477215534,8.06942559923025,9.579786386896798,7.820638508876027,3.074779426496613,5.121065148208518,7.393972995540277,3.4119142930677726,7.038784038881953,11.861396896994512,3.521540767837656,8.677332757254215,5.389252929259935,7.163236117758081,9.309991195839082
TCGA-85-A512,0.9008764661578988,8.576432571350292,5.168369258263741,6.468931893613146,6.800721331097753,1.825867018401085,3.172999472591762,8.904355839260582,7.396227148075173,8.755150970323708,5.934766521899423,5.76566468914506,10.360875937791947,9.22939180747376,0.4593266915460194,3.4338274347723385,2.2960168225332223,0.4915965944104484,5.006271090947524,11.708027776705874,3.5570791869711567,9.0863076924815,2.6011828822581253,7.561382434902029,9.679870439459958
TCGA-85-A513,3.844717061164114,0.6208678844632841,5.550223473082046,5.8629125435990925,4.271403264541878,7.482143216205175,5.40789994684012,5.107842674571528,7.334144543336348,7.6978155121278595,5.437717122690921,10.410284705832408,7.920094368009018,7.740414918655182,4.2358266054245375,5.580775621168885,7.866508066787462,4.480394390012158,4.0177170663819854,3.4581982430849867,4.514993296582865,8.972148956481488,6.3118266555749925,6.127195230551756,3.925627213225377
TCGA-85-A53L,2.546338876758116,6.806791903521515,4.19325133330234,3.761817142507141,5.707395026439197,5.385203225254069,4.062000791307771,7.636075712040635,7.398676150856046,8.88613033661504,4.8083438596314965,6.248128717405128,9.035075922436436,7.941905043231378,3.36289064266586,3.491237415090889,5.0703764466281696,3.122507072685731,5.937431497413094,9.69570087509015,2.9703014970175903,8.938774489102231,4.213894589129174,6.774781610449601,8.462874371742235
TCGA-85-A5B5,1.8099494387660564,8.415774719659955,11.012981467460277,6.911135485924233,7.287544324643378,4.3034446889287805,3.583603322844252,8.574885631684651,7.9218617593268785,8.907031552050274,4.597161663493701,6.399694061442216,11.56466277512133,8.323484013688997,3.2413520857706586,3.897956753971232,2.7062432005138857,2.567107315826575,8.753037195193276,11.740117030651968,3.4056656747574565,9.052532730154216,3.991275182453201,8.645786225179979,9.6876411007874
TCGA-90-6837,2.188907266642588,5.748383406953676,6.239613803358941,4.978534293713843,4.771325712669307,6.135760581016172,4.681601060782226,5.159104385940476,7.133094935421611,6.33568333050012,4.679299927313744,7.704617478930202,8.414208697827723,6.489302081029836,1.1624034141097694,4.47844768159529,7.296347273775184,2.425969475268757,2.2893918527976336,13.337690801856912,3.984808062027066,8.727802039827662,4.5560771119223595,5.846256062595665,8.473919179770236
TCGA-90-7766,3.2921191350768293,8.207644964721064,5.29711803244921,6.01699766379492,5.433416856088639,7.892772900949732,5.032598998409901,7.356924647768644,7.67975453733582,7.841268073446438,6.890058727742933,10.178175446676503,9.08690687222485,7.285613983553209,4.952659720238894,5.193779626954599,7.349405973137218,3.951904794831477,5.12963746418185,11.610605395452971,3.6233635627910727,8.491431848033917,6.233433662100796,6.8713885540054065,9.21983947787349
TCGA-90-7767,2.584337197377926,8.269124340905966,5.480753047938975,7.616030483148727,4.925842801712229,4.224457088637668,5.628881472567866,6.602198520280482,8.622046693119712,6.495306618624566,7.143240340563097,7.3367520090835265,8.919028362752647,8.969673161046797,2.4302585065877227,6.107380301480775,2.90161029849939,1.4064278245269817,3.62775856992004,13.00661244996489,3.911221790726085,9.100334870509473,4.07141048683742,6.846103709340468,9.257014469831809
TCGA-90-7769,0.6284469983247357,8.298580424057342,6.6532176957436056,2.3389377887953016,8.039179528557781,3.7616682389102714,3.0297708974065243,7.529838121367427,7.68120256361156,9.224361096915851,5.7681393225783655,6.564247063946403,11.399627579447268,8.426346952426725,0.1470461434173153,2.5502357884935725,4.441403799821169,0.4862509888841084,8.671638363525638,13.058673948738,2.0340748202705723,9.458073329619644,2.624000146014186,8.243257611658308,10.193871823237066
TCGA-90-7964,1.3997726611017058,6.67221599456156,6.682962289416645,5.230441290503429,8.912710933862872,3.950057756862361,4.052398503797521,6.582932282988257,7.9382675580986275,8.627473330135793,6.853956985224863,6.413991729994062,9.862356074339456,9.050163185981498,1.643902355277389,2.9119024587581226,2.9641028540230367,1.0912597661926786,9.81653363056163,10.08464923089868,4.093931956873296,9.519270618942675,3.241932630564952,8.410110750164737,8.461446185198676
TCGA-90-A4ED,3.3354975478663063,6.574511788070265,3.935506893931693,5.078370731898802,5.755560602804613,8.393809582595578,4.143507706439729,5.101406357022838,6.412757818887164,8.047405332921924,5.249213975538173,6.942353805966302,7.903470362963331,7.01908138656608,1.6894333584840735,3.3377539014350064,8.018468381079364,3.0505191106794887,2.051058816673939,11.447938048753826,2.836489726110627,7.984795532566623,5.215493216938559,5.625011741008411,8.689951723248672
TCGA-90-A4EE,3.0444640665132456,6.244293423223866,6.734584987665329,6.876018363241728,6.640432944377785,6.764047526812781,7.852477075186485,5.4934776177670805,7.925153248117569,8.243977478899296,5.828212664099125,9.448407293572432,9.08641995811808,8.04278658642949,3.683730135509637,6.904196252731628,6.548707875185253,3.367440961970865,3.5732290861473293,11.598171122047978,5.003867545848,9.814379304760353,5.676116603257992,6.901690393670571,8.695480674723713
TCGA-90-A59Q,2.9526690378375124,4.500324049284198,5.059532661434748,5.870100817893582,4.887149926249905,6.87767064118137,6.706994615708651,6.41579077261879,7.290488913776271,7.240090083510843,3.95376809218438,9.94350616390124,10.134668759896584,7.713664887836547,1.6129186130299191,6.52721111905981,7.271979317620892,2.694211607767891,6.511534454346248,8.73778611901308,4.977202061666499,8.477481841446671,5.3175794570332,6.644198924501734,6.826066750602707
TCGA-92-7340,2.249506020989147,7.936733919194149,5.569551851083613,5.997206584151511,6.581455197013801,5.541332074948742,5.452737088067093,7.374676973872468,7.726754258531825,6.052113706932255,5.286212120241867,9.122486106740402,9.19823826080876,8.93459168913699,1.9792571212158132,5.321116350602373,5.530258060618053,1.5729381615565294,6.749144043657132,12.893625399263543,4.426217782470983,8.826630470714877,4.570426304317172,7.315062575816189,8.96082434179665
TCGA-92-7341,1.328606717427416,8.273628712397478,9.325111358507478,5.888933160808449,7.600755159895776,4.902488475410539,3.609152137629671,8.529598045417154,7.864145897235523,9.21164498650244,5.9504870776133725,7.487215400544884,11.003682410722764,8.800759828781606,0.4078421782115087,3.9180045185978742,4.853182280692084,0.7497487788644959,9.853301757031025,12.234423509624223,3.033088169332188,8.764262545394013,3.659716713137054,8.728494772920397,9.906565736174715
TCGA-92-8063,1.559883331248321,7.163825757079732,6.913380128230052,5.733690568696043,8.469461112947458,3.8354289468852016,4.590524176231948,6.619443824544554,8.272099260842838,9.489728767636093,6.057428609933569,7.000261464781631,10.918234678504431,9.065523575439432,0.6276068381296498,4.336740406967293,4.591218628699838,1.5768607022241918,9.558593099286368,6.388761265729269,4.096767854714689,9.232602721680204,3.5607072115235536,8.354333468820759,7.680771930148365
TCGA-92-8064,3.413472228019906,8.958276619530556,6.879700865815267,5.454998363444033,8.051157813398515,7.65700825913597,7.759193126026136,6.746840780027103,7.034043997640293,7.65597714717469,5.004627229304884,8.371989167606014,9.849735827265564,7.7150703659851185,2.514879712957212,6.381930501751828,7.678539578085348,3.401630466584741,7.07635065373721,11.781097217513876,3.9868295746440983,8.802992230594812,5.498931110833317,7.51580947076606,9.465116994739708
TCGA-92-8065,2.34619102979907,6.15438472924479,5.2741572764442575,5.910274552686564,5.558647240699392,6.174312531631643,4.549428906884177,4.824767853143293,6.414083088848479,6.610781252780769,4.791470283370684,9.160898008832604,8.1990789512869,7.642730448546655,1.937721025761793,4.329719213067678,6.58009874082932,2.369103495841313,2.0236456966706,12.144122708594535,3.0747451805755177,7.855881341660961,4.925514197911759,5.771297386477842,8.303096230206698
TCGA-94-7033,1.1851053625425916,5.805805769694799,4.620046765049447,5.204856720696087,7.2374805452853,3.7606041946090247,3.9361573531889937,6.590039058554481,7.837277228934263,7.559995720119947,4.359556309687907,5.42860471914793,10.0454428342416,8.652165222877446,1.2907782513201795,2.775450941806765,3.2670862903408766,1.5813994567238732,6.923224071234123,12.573908983542474,2.625714686880644,8.363719957413988,3.102633570768652,7.098959345543037,8.64657015778574
TCGA-94-7557,1.0707327858244309,7.35934809708197,8.267993122077034,5.408609972188616,8.642060359905944,3.2322923620891486,4.215002903047532,7.136623088220357,8.573735033965605,9.34384394064967,6.644485067727119,6.510848017804297,11.30233658867238,9.05604236205308,1.1139004892361002,3.388726830661544,3.364530411439989,0.6793337113136731,10.001555693623498,10.775175760845462,3.869239718776284,9.374358335922429,3.0543211071280365,8.80318182727523,9.159455932859034
TCGA-94-7943,1.7007947993737211,4.811897405154902,5.620296082848735,3.727452183203674,8.310764540651764,4.697584798112427,3.9901561666273913,6.599512699106993,7.336846607472462,9.300951251777612,7.1724905157878505,8.610626617568997,9.527748121237796,8.201241281019096,1.4064278245269817,3.96785105116819,4.634488721538875,1.1156991534315863,9.42959378803444,6.594541085256205,3.5927679680793365,8.877792707004353,3.6990105853937516,7.967429966961378,6.902463247396239
TCGA-94-8035,1.0376633532050004,9.058327320092838,5.12053856949866,5.475914972178178,6.853937030263851,4.443626541435577,2.932684843336387,7.576449578088763,7.793315879540971,8.2871467322193,5.102796683896536,8.204911482322244,9.376281699909526,8.511823798617893,0.3635635937971891,2.9035974953528005,4.691154458365912,0.9028839629261892,3.952286966940076,12.977266988564518,3.0464561361440943,8.972936145675664,3.588531194890041,6.933381309111371,10.107580346958885
TCGA-94-8490,0.5523770710948686,8.57130251310149,4.1100708658522525,5.482332020747376,8.273837084840286,3.310194680313536,4.57391979701907,8.556224385516062,7.179055159865103,8.747530399845589,4.8851692205870965,5.269467086956937,10.757944227840436,8.877762651554105,0.0867837661420666,3.806313745022644,2.791480702386272,0.3200802623697608,8.066560142745221,12.573887214372212,1.9466185837839047,8.427373190900672,2.544673655715831,7.744367721229516,9.964240042439764
TCGA-94-8491,4.152004896812724,7.839479070885368,5.871974214385724,5.59014987141104,6.412615571998245,7.273849670131438,5.400964800327112,7.39056451431917,7.894913535682114,8.548809966207383,5.526541492365787,9.877986825595553,9.329058772250216,7.824548937851988,4.486611411637504,5.265155561090513,6.700871074953664,3.998005899982191,7.972246337344339,11.391837840192846,4.415941154821617,9.48902384390102,6.0113542357891605,7.477071710552061,9.260042292428531
TCGA-94-A4VJ,1.0308304301532742,7.347321061877352,5.050262244180596,7.0291215491254055,6.957815955397093,4.204790221641145,4.116813865357047,7.1428381779610906,7.751224019775052,7.598405405356057,6.524621634013903,5.62536986121847,9.3667912324774,7.295788216134685,0.3560310952722207,4.315116948373396,3.6535186707536,0.3207734769458704,8.280134173881972,11.315858448899426,4.0956712934006605,9.155026398930952,3.1743479007299977,7.471659754122211,8.753861638710946
TCGA-94-A5I4,0.9574689097073248,8.68857133863632,7.21404124166293,6.720084159000533,7.434851702969694,4.970209450248115,3.048776746195671,8.978704739788615,7.502383116794832,8.857847601854761,5.886181866801123,9.094464376430656,11.260954865737164,8.01151297021712,1.3020557880986188,3.552573811179844,4.975332115897913,1.20407809844905,7.196498853646351,12.91575310015646,3.3855690875300586,9.207288674668838,4.174813271118887,8.14875436443648,10.154057346882515
TCGA-94-A5I6,0.8580605898996476,8.65798434753474,7.257434988819055,6.24515145289447,7.69466015110016,2.9685331721374166,3.3845057590320726,7.781272493415281,8.00983141599787,8.857021781597988,6.048024701616048,5.867698820997498,10.734469913126334,8.853427149752687,0.5866926968600387,3.1345495344644543,3.2129272446781374,1.2801248919757298,9.7965487627356,11.67396520680851,3.39434950399155,8.294748472289104,3.002741267063277,8.307573329106784,9.729657111980412
TCGA-96-7544,2.29281119168335,8.390666825829815,5.972782245341178,6.479385792636741,6.384433230814432,5.934400911512506,4.409642112937123,8.305359543754093,7.645711744498842,8.214567320717478,5.606409654599989,10.037165708147556,8.529922821558765,8.25287354393699,2.001009533233199,4.3217261034419066,5.61845011005549,1.7639214207614091,5.561952329387526,12.766868299537755,3.527971112909713,8.709753467495386,4.875306381147179,7.1654358546110455,9.790700815361683
TCGA-96-7545,3.245176177891892,9.289600266376103,6.666185648800584,4.987634658906416,7.320343867576144,6.246375782069501,5.528836955329321,8.566007977778845,7.3902635560520835,11.482790414416163,7.446601144981376,9.397429065139988,10.60022505148518,8.557398601746335,4.830229967240669,5.025396510796238,4.343976260067535,2.779280735442054,7.433537037554784,11.260520532749297,4.34698524674227,8.95233997367355,5.1185860923940085,8.1928299129496,10.677637071180522
TCGA-96-8169,2.0367846362412103,6.26174893304089,5.7524221286660975,5.921691007985131,7.260739861674745,6.404874178057941,4.402913141235272,6.958890223090467,7.838775956136729,7.683826964588778,6.879384750525379,10.312860838327644,8.758854463927067,7.94147785569416,0.9495722838614276,4.206940108574709,6.640723585692449,2.082361969557473,6.5006984990121,10.87076464210003,4.00423170440522,9.210728076500423,4.906981214246182,7.407899482386305,8.272113513243232
TCGA-96-8170,2.4238739402040648,6.738193616367313,6.339800131082953,5.511847512788436,6.3033771023429495,6.040489190994259,3.082004232222693,7.688202043619,7.434237896642096,5.7262045328684055,6.154720913691153,8.40884727714275,8.732567694681714,8.202499512464085,3.532815644108173,3.92405236525862,5.282243330073522,2.493211795659211,6.4555918956274905,13.609276453869397,3.6632307478603714,8.871262425412713,4.81333267013863,7.343502714865258,8.691224867701704
TCGA-96-A4JK,2.406890361956004,8.407332779669655,6.222273265262942,5.13330869725304,7.316784746527182,6.23069873930361,5.743070587459827,8.838501799749883,7.236741337464909,9.294762025007625,5.950773997971796,8.08821899714602,10.638362962823438,8.106560323308647,1.6054469227862402,5.15446979536338,6.485164348727936,2.457279086471519,7.829589557089359,9.131534954231844,3.380272301041175,8.958029770582371,4.629572450520625,7.982609552914452,8.944543252969707
TCGA-96-A4JL,4.081527111080391,6.356668523292508,6.165298964739789,7.250200813560919,5.358965856492786,7.564619766217115,7.1604462824599775,5.764160349200173,7.290146978373947,7.613990525507408,5.977398998176468,9.033461821625991,9.376892885566836,8.04171116437281,4.993878117847371,6.453018706348104,6.837149793689059,4.406822351045504,4.084259900025421,11.17164368982166,4.549139304974405,9.217053277088617,6.309665682152336,6.748217674457862,8.380767579540526
TCGA-98-7454,3.3140874202911603,4.4805430338458905,6.659075412639943,5.866670640726385,5.773173501234193,7.63315799082387,5.995093264822524,6.482462717111448,7.4329376998957475,8.123492387247234,6.749393477361729,11.396667924464277,8.924576190991061,7.348660885900204,4.775329779750493,5.613964750017532,6.89579458565078,3.4187701482571566,4.743897295121487,2.913301133962929,4.272896606400724,9.096475607699642,6.185782641423446,6.9722143860074635,5.172445518352018
TCGA-98-8020,2.1514042507346223,8.064126221028536,5.741868727770772,5.9220931635598015,4.815011766014656,4.420697975061427,5.456434916272409,6.765017511130584,7.714413822269982,4.8067674194698125,6.270489697551792,7.815714389155064,8.99249767348934,7.617072897155007,0.8476762720295966,4.828692505023299,5.23319783049479,0.9025752990309406,5.177814169493704,13.097557337127396,3.51151864151157,9.183472867547836,3.899051311438034,6.820405663769211,8.656150325875247
TCGA-98-8021,2.1951900902658488,9.0256495382104,6.72074907046319,5.64986259282251,6.55736719959127,6.232819981631611,4.394706195837902,8.414375313739676,7.274647446717576,7.692378374624316,6.078962012176667,9.039180351238835,9.138777102977183,7.168656074171149,2.565548435333574,3.944568003935671,6.328258437667467,2.4732933761574625,6.331440096209915,13.751285842524648,3.538538163629804,8.993123227136588,4.926307609302472,7.425431262058204,10.156437918453122
TCGA-98-8022,2.295517330339703,6.898936289567727,6.587549516874404,5.89866305393058,5.574386142758688,6.231015684054005,4.944839709386642,6.895782470317984,7.643076924031953,6.914773785200007,6.626630412529367,9.506903183571564,8.681924978254699,7.520397889090803,2.5280711645787357,4.861836292240248,5.867518448135237,2.4240621254159,6.844101887037445,11.52330980542312,3.704008744501408,9.020552482386028,4.964535855717961,7.218915722406177,8.44567329339695
TCGA-98-8023,2.827026340598326,6.36216476541066,5.149665838621205,6.728716439275276,6.019917591013006,6.823158304841108,6.012684871026338,6.206873705483583,7.5318313552464256,7.114098368789854,5.056275709027791,9.375962113420098,8.737003577121571,7.591180472426852,2.2111368269822758,5.718838335474891,7.104980276950881,2.7522776051752347,5.578250401496976,13.394449283164846,3.724246435213776,9.707049333557856,5.4033225581776,6.755777078593605,8.956904139121788
TCGA-98-A538,2.226385217270386,9.29478844095746,5.094763891547365,4.131630637753063,7.648008056911647,6.601552418037941,4.363353330286502,8.849122320646872,7.573504046868786,8.629102668830088,5.879335734200443,8.585136815840604,9.174535752707817,7.532554635295861,1.3732862742730243,4.1489991625877645,6.809085118196487,2.2643262415928445,3.8094453146982175,13.194618225325744,3.337211556333908,9.700154272111387,4.570200388994907,7.21098999726495,10.372836445037764
TCGA-98-A539,1.837418530104596,8.802795506874858,7.282440731711537,4.053337283048925,6.961218150034518,4.7457106219880005,3.254231207375222,6.770999464227104,7.488898961018727,6.665519262835157,5.596866582936033,6.73506178448043,10.63470479494492,7.405107416833946,2.9549407350890933,2.996804500896167,4.634790725268224,2.512024566275097,9.22959561299223,12.086332674331866,3.4032813583338464,8.711148645822966,3.9247548923220523,7.824010174937907,9.184882481347293
TCGA-98-A53A,2.176482353973615,9.54964761022105,4.46972320817581,3.63432607795682,8.60015079287889,5.835042326267738,4.7854825478322205,9.338726356087054,8.336830544032317,9.335759914213307,6.916328545623682,7.501692311147166,10.842255260705466,9.03083704978668,1.855591107710452,4.947497848140512,6.461769185023808,2.2469248717203434,7.265412515857227,12.254954426138942,2.6703418312526943,8.05607840998558,4.244546890542849,8.064939017387548,10.3801206501911
TCGA-98-A53B,2.083451669871484,7.381398458148784,6.133497767859607,6.68488464454984,5.782602518882479,4.61240558140392,4.819044788224364,6.56864323522858,7.295734043044538,8.542072283081138,6.233295633112362,6.74222992985832,8.680286727558098,7.600552989025979,3.191341555272998,4.949917733338157,3.4631646764130566,2.836610908373936,6.9285385091887735,11.96816064529714,3.7042744056572015,9.114445373576412,4.230584137963365,7.130232844304037,9.297210462175688
TCGA-98-A53C,4.396803405638582,3.47863535261039,6.7589014218266135,5.703305613323827,5.194618979366185,7.861573927269373,6.207016273062899,6.1407111812225805,7.1288882828051845,6.500763818583,6.976971886675768,9.65204347220089,7.540760399183356,6.89216027340512,6.331850295490141,6.197568598960854,8.170155413499758,5.008558598836564,4.105569134216132,6.6095451841678505,4.850264362836913,9.02785984064539,6.732041532322733,6.579694139567643,5.529648118453746
TCGA-98-A53D,3.677981733854701,2.895457741492683,8.814983577090558,5.50019655485901,5.680071131514154,6.995646191159243,4.946394004854297,6.427354751878962,7.400154491989675,6.934264078639061,6.262177551249381,9.475884379221766,8.385302034471206,7.051864735374788,5.671865128083534,5.151684312792857,5.998660376900121,4.594357451458693,3.9516064438028153,7.895283836119328,4.587910999284664,9.7341415742349,5.987798830791009,7.038437724952096,5.908335218750358
TCGA-98-A53H,4.6471245172435,6.574648017609772,6.730297580877935,5.813273273163822,5.917009196785704,7.67512503882885,5.605811355314364,6.819376958576059,7.51288897078881,6.765102403478106,6.777837865507048,9.808455040520489,8.863000542471896,7.507833481465398,6.0779543422673,6.129864099908299,6.595627480148209,4.988516551883761,7.415450242621582,9.455228776643292,4.78459820521819,9.151652098276196,6.515153749150847,7.397807245822728,7.5983263992437236
TCGA-98-A53I,4.879519536832595,8.589632422252578,6.160758876050238,5.038519587247124,8.365112028881068,7.642225022595396,5.8862989462992585,7.5003463596502655,7.28019450481698,9.2178891349089,6.07186561722356,8.471845076653052,11.259582922644489,8.218630072045581,6.094371210592517,5.627624346458372,6.820642337814931,5.000752710081256,9.050158015174432,6.814097908161027,4.15143672448432,8.312182760727158,6.2782679259738385,8.1173295815496,8.207206488440834
TCGA-98-A53J,0.2008809542859594,7.470651553813442,6.861718450992673,4.113567157047078,7.532667615055571,2.9238337513381087,3.474604769647509,7.854953758367133,6.808853515804952,7.568536838089924,4.873478564522898,6.246199040944591,10.92267099154855,8.32402659091488,0.4037040102509616,3.2189206267294272,3.93375201981657,0.5168220234457761,9.364800461639373,11.96249295574536,2.723274581434823,8.10854013816078,2.619822708161292,7.980357071400233,9.000560449216243
TCGA-J1-A4AH,3.203467427244536,8.75951739456816,6.530454718758412,5.930188536063712,7.4076059824029,7.359227724189019,2.8432200985887466,7.891972607969329,7.245243693995667,8.7745264945706,5.490156130525056,7.0685203429664645,10.491744789949152,8.686689956012767,1.747301458445753,3.0399981383760117,7.745428280245697,3.5614239015472777,8.643343942105867,10.328046107336442,2.144601145643881,8.112448368837692,5.230793952957494,7.906802062070147,9.287363332158401
TCGA-L3-A4E7,2.1222419992983586,7.211624546758486,6.256559705546973,5.623378196055882,6.934061164625289,5.715827492557644,4.615392754397133,7.515233843487299,7.435786088552881,6.061134617184152,6.072536743398986,8.841261782462277,8.81330726821288,7.1376111070817805,1.702746185524261,4.190512145515165,6.14300150624249,1.741963080325443,3.2424653176276057,12.38828464364007,4.262312877916335,9.4760533414874,4.555774320352336,6.930978561433527,8.553681269194236
TCGA-L3-A524,0.9373443921502324,8.461220762176147,7.7219064617844335,6.4292761711812645,6.50394973290204,3.003404347230487,4.127732317175947,7.798411532290244,7.771657168925299,9.920782324529066,5.874088720896278,6.223437996265962,11.37988235581051,8.96779544178795,0.2817872568158263,3.4930964840925367,3.062259894470126,2.3846853370227348,8.871542747713105,7.023288624403737,2.978232245842385,9.272090393786458,3.18888505644809,8.298708423371378,8.46843057036965
TCGA-LA-A446,2.6905958847684834,8.396459648179093,6.106113770359061,4.5556014523243,7.93651545193835,5.015609071368594,4.251173718970096,8.839864504506806,7.529149406204071,9.413694773756069,6.605768398542353,6.653049982426099,11.219772945989163,8.362892833771312,3.611408481024957,3.787902559391432,3.484937258296237,2.5763044474762515,9.332517739530957,13.364722600345392,3.033599197805487,8.80539629391558,4.083929511097847,8.401105242319197,10.391625674093516
TCGA-LA-A7SW,1.344942090560028,7.707683529419974,5.091221677078199,4.555754814682758,5.779188792252126,1.471083384853764,4.495209066454746,5.747210140303542,8.394107657913414,8.549209015001809,4.45126387228621,2.9596217984792794,10.148266327422109,8.84178792848113,0.0930192331335447,6.02269848522377,1.1701814577652505,0.6711121749127757,5.624832002453465,11.576345219692616,3.8306001341357248,10.174605158933852,1.7522449934839144,6.982296987401329,9.277745921371467
TCGA-MF-A522,0.0472591754780128,8.567537081789188,4.644438920867487,2.7820730154338524,8.553221480558408,0.4407396306149471,5.217385836380045,7.274527249268368,7.539740425726225,8.427396658405648,4.444938672871149,2.03790929807576,11.244090910397173,8.315829756028995,0.0409625477784978,3.8551924079591537,0.832120371553323,0.07203718077288,9.93802799769272,12.243531815548163,1.7682055017964111,8.891249959195179,0.8933001742438963,7.913290618359935,9.746155185247666
TCGA-NC-A5HD,1.7169470094776862,6.799452597469134,4.34824658546038,6.4126325068871575,7.968900024438125,4.692203991615852,3.0738887682452907,7.783643265423761,8.071940142646643,9.479805521074136,5.340152758963124,5.564460483981075,10.424307926378305,8.967960822979185,0.6085254058957341,3.191578441934833,5.990299147150832,1.3056787432422876,8.161727485975113,12.838137595384165,2.184185063880988,7.374431807122133,3.7558210411786606,7.5461713345925165,9.705798571309145
TCGA-NC-A5HE,2.3116484239279678,5.412361524807099,6.967768068507853,7.225640301037223,6.869139758510889,5.307122466509536,8.310486909546185,7.536368455267831,8.349243626463574,8.363307769153117,4.5416077616897415,9.840153826953284,11.218208058225958,8.773386174970812,2.4540442544210874,7.150289552132428,5.880352481857554,1.994941710176971,8.557867255124116,3.380189167755403,5.619028514593129,9.179019319577126,5.00198620926909,7.9554206064842905,5.7186194872385405
TCGA-NC-A5HF,0.540919995427696,8.788989719774808,4.124427399594575,5.298559346808932,7.592138562695542,2.185232254230161,2.545474210840181,7.472656725853279,7.594325350468013,6.345096492467597,6.087689835699591,4.201163340415068,11.04816267393745,8.674553161639661,0.2979543901829535,2.53049529567328,2.1100290927993672,0.78985442555839,7.91313595015354,13.814985048614073,2.6736694834346517,8.74059267754672,2.2033875493460813,7.706669623390045,9.649690420285493
TCGA-NC-A5HG,0.5939751793205553,6.888489994123768,4.881884823941655,5.566459001784005,5.56758499466314,0.9927684307689242,2.4951834779083346,6.820632127288605,7.290093514839512,5.528483804385576,4.052598480209151,1.581592278836014,8.861454203521738,8.488574455920517,0.1021877932236148,2.2429378002005644,1.4248146208903738,0.4218022811572662,7.109154714097669,13.570267642986252,1.5224073381155208,9.888187521668357,1.5262285122829646,6.9587589151638545,8.662413813831867
TCGA-NC-A5HH,1.59912732633497,7.993729265531247,4.320484678017694,4.807885530145355,6.332031176019456,3.370359603203118,5.0850634273667685,5.197660984594727,9.350035723018234,8.042996651640049,7.487763677468821,7.483223264069531,9.770047374496851,7.93554225251544,0.8218734527629417,4.75292517161053,3.9570881080217695,0.9583601499153682,3.1093438420994843,12.466499875383198,3.073014703616722,9.160678969455471,3.2854167763504365,6.664194119333493,9.50107526418483
TCGA-NC-A5HI,1.661247943530072,8.38501335448785,4.020644428169711,4.303598116992494,6.091448080926227,4.42380000358294,4.011916005831735,8.173947912869309,7.025836096741662,8.055857771682703,5.611963166286399,6.930752710460926,9.043574446698765,9.143336526551376,2.108156418059356,4.150104700999505,5.007249332304413,1.967611310458688,6.459493915487209,13.714365415240438,2.971460783414747,8.610968711908699,3.7717736907698414,7.144422148612211,10.051745513803663
TCGA-NC-A5HJ,2.933421562807628,1.4308204965197713,7.243459637377634,6.228235723932185,5.409614960796705,5.788367280403791,7.022273479884087,6.614877658063628,7.749465885521637,8.980720823783706,7.491687978448625,9.63118760753328,9.78894976514564,8.66509710651767,3.844084306778836,6.397094443809633,5.113992142087856,2.825215762305661,7.447819680776321,4.659462228403656,5.955003528354506,9.32257130330244,5.194929197978462,7.748009761303583,5.023667849569045
TCGA-NC-A5HK,1.4374408243635428,6.27139952924952,4.096531742693629,7.3417216202246705,5.8044563170800165,4.22879560719056,4.792183812037864,6.689462712621325,8.351562079217608,9.933965596395888,4.808611580271647,6.685065522750266,9.877964593747976,9.630049930737378,0.4188915560074607,4.198439147877604,5.429401719796614,1.2388479894378022,7.103521768345324,2.597936335264897,2.718394507701891,9.094793179996415,3.8257378342529873,7.138173978186714,6.267767153636768
TCGA-NC-A5HL,2.3342250084144305,8.560929661646556,7.224977937373975,5.152179361976672,6.930034739576962,5.166325800429738,5.964333935907701,8.394445973827954,7.411715196469232,9.028642356946747,5.976874537943505,9.35289069130347,11.775282900803656,9.134832630660448,4.150973904530212,5.585181893909358,5.39733065515807,3.0079668857757484,8.486991849572817,5.85160164166579,4.3301496263333314,8.549458942052775,4.937413186798335,8.309112438976513,7.813724553419699
TCGA-NC-A5HM,1.545770726110136,6.893540594899173,5.638105703586713,6.656333328792773,6.776031588238984,4.6517864889587015,4.625223723785591,6.47503460830228,7.886603796243824,8.387936319888862,6.932045812381681,7.313633143097586,9.147254795019968,8.12078115128452,1.0179219079972623,4.713200903158987,4.653788061791542,1.2741125377837754,6.535572440107833,11.025918711766638,2.797905304508267,9.044047339046369,3.8733351706473966,7.333609179746043,8.769131875518225
TCGA-NC-A5HN,1.3828885504470338,8.889652712279482,6.007123723745994,2.772181269010383,8.166419706353853,4.660882993003948,4.084234383890244,8.58363227886204,7.15009657513153,9.217645625287346,3.0541886099681466,6.7124705983869735,10.311086294151076,8.363150046426004,1.27285929168711,3.686713414044589,5.4980944606936655,1.371112743002397,8.591385831054364,12.778338696995917,1.4331731240442755,8.90271818486371,3.3814985580330728,7.74746308442815,10.295212344854248
TCGA-NC-A5HO,0.9895023608623812,8.344846690317974,4.108858955977648,6.545834036579486,7.302889289039908,2.964232264438452,5.096742558846386,8.729276086893593,7.1561093758358645,8.540883971604668,5.457193706493612,6.215626183430202,11.47143201850238,9.625017096729502,1.3439194263681884,4.931153530520226,3.028745942227124,0.977096712496954,7.574542819263398,13.056089183534942,3.8932165747080014,8.871101292450508,3.1521367037718266,7.892538908168818,9.980606615152526
TCGA-NC-A5HP,0.7779561878431875,7.75540303993469,6.309016073212024,4.816743047395118,6.156691889031797,2.40808682949794,2.994941710176971,8.224428147082525,7.298942354841721,7.828173939816759,5.7359147492198765,5.9190969110998815,9.597399882107704,7.481386943519381,0.613154428431299,2.725152181177997,2.706132665262957,0.5949306698123918,6.686583164629462,11.872502977724457,2.826111163663135,8.705715318345412,2.548014391334682,7.362142020893522,9.15202665249197
TCGA-NC-A5HQ,3.462039227130492,7.998966637812713,4.939334728778466,6.43706623913003,6.475772334577791,6.078325895712287,4.912841445143271,8.21354850615879,7.213980023329993,8.49412155290946,5.406196500190889,7.728547754404439,9.28587887683773,8.213754561990134,5.339034026088294,5.354325206857738,5.157807715668501,4.20308366822331,5.826701010862416,13.706953543593588,3.991961673465626,8.83065495386302,5.486557789479622,7.148980184157405,10.066680578105254
TCGA-NC-A5HR,0.7533478061359083,8.07556311483749,5.545699691544518,3.764208130139947,7.62314697311621,1.9929859060914303,4.140001484876805,6.775049224193457,7.093790438009983,9.14627845293017,5.369396685395266,5.0201154514655135,11.592737419853396,9.1949203177735,1.106147279714652,3.4472882479563838,3.0201465731117763,1.0794975840217798,9.1592870783288,12.400513380675516,3.3201380429749667,7.828743907086372,2.390921247240144,7.88612266216144,9.874118316147726
TCGA-NC-A5HT,1.0361164532176534,8.131518491910946,2.957933166017248,7.070758541873518,7.380267971300793,2.409933966177382,1.334625478934945,8.798526559290249,7.976098949323406,9.725515206552029,5.83815761246437,6.2181844411798455,8.406928616684258,9.473524538988787,0.6548021257897905,1.8685287396863024,1.8781367666269475,0.9814873677982616,6.310538259424069,12.879726114527838,1.3268249381022097,9.744631207008636,2.892774237523343,7.363813491397302,10.24558660433027
TCGA-NK-A5CR,1.422825030142393,9.600310643960215,6.446858330142156,3.4703676622475528,6.653037080594085,5.08075571552712,2.55900226618952,8.044770045447533,7.070756395553657,9.775557444069468,5.953900760325161,7.627850476609209,11.35073148921011,8.928677366442827,0.9046574999057588,2.7136078429514514,5.631552507799141,1.555570777896172,7.607013625928496,11.674543981515226,1.9013013619547496,8.790462539283169,3.670511381446764,7.971931404671692,10.35013735651497
TCGA-NK-A5CT,0.6625701158281457,6.1687583513663045,5.046146148148528,6.803256747792611,5.984473146303189,3.0381727639186877,4.876015906739704,6.467096849275374,8.48884635438223,7.025375469319041,4.093923508375573,6.513272808905048,9.302882893388118,7.267233332240499,0.7844202246177843,4.117736594347898,3.4764853815973877,0.8050447613704029,6.191744239457945,11.178165547318123,3.24820084029487,9.56859421752162,3.1547461148614384,6.740261791838856,8.124099789334489
TCGA-NK-A5CX,2.060358723103774,7.708916953582497,5.57318363304698,6.54394278982819,6.5022064675666,5.653725017333869,5.032493209912471,7.047602731038797,7.670199470899975,7.012748552237292,5.825289552177264,8.735259839103074,10.286574163652094,7.588496528573294,0.7649405731256065,5.4172111745593154,6.533136581255143,1.781905211416113,6.092418887047457,12.695068807449546,4.005705382760386,9.130605825393316,4.58189553359511,7.2557972235619745,9.138911437756446
TCGA-NK-A5D1,2.9694360254399794,8.30991875795653,5.02694166663092,7.23239118552536,6.218393711076788,2.914870633200348,5.0829324622227325,5.639356627957956,8.750585067900088,9.123344167319807,6.0648181978129845,9.220811433980383,9.636948103200748,8.505630163800696,0.0316774964507602,3.8302046098679714,3.7159153292091207,0.2600256559614555,3.908015459100658,8.747792865661513,3.114750137888913,8.730920792234297,3.7635896799667727,6.716378090226882,8.727018596979283
TCGA-NK-A7XE,0.4404207207567671,5.984468589090527,5.661817993972086,5.600439255460315,6.576789670764502,1.1982426816076135,4.158490531577444,7.687283292003484,7.548828842623859,7.811568003299517,6.69254018320194,2.8108543624114968,10.2168786042787,8.486597334313524,0.2245342632797294,3.720672470769709,1.6892544251123656,0.1696684995230859,7.950077592429317,10.564147584178606,2.9150810459537126,8.987519268336586,1.7333448868787678,7.782437992412518,8.12006139218955
TCGA-O2-A52N,1.1144336605974192,7.576838788636259,5.559650880224672,6.803000951715116,5.714880163872185,2.7793227646630814,5.152280785513417,8.043211061664568,7.137977854717499,6.119472384848241,5.397672921818961,5.346049159324588,10.472127052610784,9.339379046391558,1.938473998138431,4.824543846403439,3.1239475574474453,1.103061156333551,6.302516466564921,12.295069740821637,3.62703478252049,8.837568332079586,3.172612749745661,7.458375740653404,8.663793638102046
TCGA-O2-A52Q,1.7976355895300014,1.553950241062938,8.373927867329865,7.439604023383295,6.544092758529579,3.77040621629884,6.129627161711942,5.976599635471574,7.874701692758291,9.244578379913516,5.80311593637146,4.519673990421558,10.18330351104088,8.754172990838144,2.0299122134063325,6.081118024474767,2.9007219275641147,2.316145742293356,9.401958279670684,4.075464174262512,5.357411247016051,9.824181352733737,3.539157100413928,8.10766904149824,4.957997598412988
TCGA-O2-A52S,2.19074126825662,9.356286452463308,7.5466321278492945,6.46437911096472,8.372590421433236,6.358672297269322,5.169419969792306,8.722663766702059,7.299113667626435,9.015926526038994,5.564640342065481,7.765040061147612,10.713653290038064,8.343489549012327,2.198777007289806,4.901330327566277,5.969309383664976,2.2519614147280755,9.17162692835551,8.698534519416084,4.173239389948989,9.037123829491891,4.742697220474448,8.434052531868481,9.023582499306128
TCGA-O2-A52V,2.614167995664797,8.6842257897777,4.817039922451146,7.538398481143258,6.897366292805715,5.497130109390941,4.445753184293458,8.389424841107598,7.166576872111938,8.823628366508688,4.987029750548982,7.947937863707927,9.062275817000913,8.324905988038127,3.055698912896595,4.052859277356254,5.560950290190516,2.8071281950221594,7.519415310963313,11.93946120085345,4.3603221329374495,8.745089733434416,5.003058835430885,7.3428184570437764,9.81577178571328
TCGA-O2-A52W,0.6199294241160777,7.624426283363376,4.663151032458266,5.531961541237854,5.716044329596211,3.0795487836659814,2.719971942072317,7.977899805677346,7.060306837863767,8.070136512078852,5.268524222351413,5.5043280104789165,8.117236856070875,7.368440982183299,1.5259185231064964,3.1796225124698942,2.241352085770659,1.094506338681492,1.9167059287399848,12.16065880305391,3.1435730096587826,7.874009390559845,2.7996492438653537,6.112751568454655,9.285073866165378
TCGA-O2-A5IB,1.3853205874123542,0.4129440733687181,4.477949264195592,2.627373373440915,6.720573979473069,3.27500704749987,2.517351290969005,7.21426180046516,8.66124331094762,9.426649911248546,6.963417478586405,6.633601219798044,8.737041446372338,9.3536662345583,0.9353843107982452,3.0411378256998267,3.4236319517143485,0.4681140715836342,6.584215412072329,9.407454303914356,1.7703639265088384,7.549141615858021,2.6783475088924873,7.200033403947652,6.415682762843873
TCGA-XC-AA0X,3.0004147152118,7.803841162056288,6.845452414930663,5.266246834338619,7.223862705574835,7.033394367611263,4.368684550236082,7.0594212582914295,7.498648192307158,7.999631953111672,6.211563225789054,9.703626251810256,10.614515600858851,8.172903994378936,4.870458430063873,5.05687827969322,6.592123609109749,4.157092230463322,7.108822373904926,12.19900641684984,3.9228828707188734,8.884314018144943,5.803336634086983,7.765106948984204,9.334159844005933
