barcode,array_row,array_col,B_cell_density_raw,Antioxidant_raw,B_cell_density_z,Antioxidant_z,CoLocalization_index,B_norm,A_norm,B_high,A_high,Both_high,dist_to_b
AACACGTGCATCGCAC-1,76,22,0.0,0.0,-0.42149004,-1.4441334,0.0,0.0,0.0,False,False,False,1.4142135623730951
AACACTTGGCAAGGAA-1,47,71,0.0,2.0471723,-0.42149004,0.33266842,0.0,0.0,0.5956732271057577,False,False,False,1.4142135623730951
AACAGGATTCATAGTT-1,49,43,0.0,1.0397208,-0.42149004,-0.54172873,0.0,0.0,0.3025313752421983,False,False,False,1.4142135623730951
AACAGGTTATTGCACC-1,28,86,0.0,1.5890269,-0.42149004,-0.064969584,0.0,0.0,0.4623649919559464,False,False,False,2.8284271247461903
AACAGGTTCACCGAAG-1,51,41,0.3465736,0.0,1.2687509,-1.4441334,0.0,0.63092977,0.0,True,False,False,0.0
AACAGTCAGGCTCCGC-1,24,6,0.0,3.6192484,-0.42149004,1.6971201,0.0,0.0,1.0,False,True,False,2.0
AACAGTCCACGCGGTG-1,12,10,0.0,3.8705497,-0.42149004,1.915232,0.0,0.0,1.0,False,True,False,2.8284271247461903
AACATAGTCTATCTAC-1,58,26,0.804719,2.8314803,3.5031278,1.0133927,0.8238861954949052,1.0,0.8238861954949052,True,True,True,0.0
AACATCTTAAGGCTCA-1,16,8,0.0,3.67814,-0.42149004,1.7482338,0.0,0.0,1.0,False,True,False,1.4142135623730951
AACATGCGCAAGTGAG-1,67,21,0.0,2.6990814,-0.42149004,0.89847976,0.0,0.0,0.7853616098008203,False,True,False,1.4142135623730951
AACCAAGCGTGGCCTC-1,0,104,0.0,1.5222611,-0.42149004,-0.12291759,0.0,0.0,0.442937908665388,False,False,False,2.8284271247461903
AACCAAGGTATCAGGC-1,38,104,0.0,0.89587975,-0.42149004,-0.66657263,0.0,0.0,0.26067743010882455,False,False,False,2.8284271247461903
AACCAATCTGGTTGGC-1,52,18,0.0,2.804736,-0.42149004,0.99018043,0.0,0.0,0.8161042818984588,False,True,False,2.8284271247461903
AACCACTAACATGATT-1,59,15,0.0,2.8502216,-0.42149004,1.0296588,0.0,0.0,0.8293394118571672,False,True,False,2.0
AACCACTGCCATAGCC-1,29,49,0.54930615,0.89587975,2.2574785,-0.66657263,0.26067743010882455,1.0,0.26067743010882455,True,False,False,0.0
AACCAGAATCAGACGT-1,59,77,0.0,3.2854414,-0.42149004,1.407399,0.0,0.0,0.9559769236588895,False,True,False,1.4142135623730951
AACCATCGGAAGCGAC-1,67,19,0.0,3.4417312,-0.42149004,1.5430477,0.0,0.0,1.0,False,True,False,1.4142135623730951
AACCGCCAGACTACTT-1,39,45,0.0,1.3862944,-0.42149004,-0.2409272,0.0,0.0,0.40337515866356816,False,False,False,1.4142135623730951
AACCGCGGTAACTACA-1,3,87,0.0,0.89587975,-0.42149004,-0.66657263,0.0,0.0,0.26067743010882455,False,False,False,3.1622776601683795
AACCGTGCTTATGTTG-1,68,72,0.0,0.3465736,-0.42149004,-1.1433318,0.0,0.0,0.10084381839069423,False,False,False,1.4142135623730951
AACCTAAGATACTGAG-1,54,98,0.0,3.3140206,-0.42149004,1.4322038,0.0,0.0,0.9642927089356238,False,True,False,3.1622776601683795
AACCTACAGAGGTAGT-1,30,108,0.0,1.3540251,-0.42149004,-0.26893464,0.0,0.0,0.39398566026301807,False,False,False,1.4142135623730951
AACCTACTGTAACTCA-1,35,17,0.0,2.2154083,-0.42149004,0.47868547,0.0,0.0,0.6446254755081277,False,False,False,1.4142135623730951
AACCTGACAGTGCCGC-1,14,82,0.0,2.3592494,-0.42149004,0.6035294,0.0,0.0,0.686479430632737,False,False,False,1.4142135623730951
AACGAAGCGTGGAAGT-1,21,75,0.0,2.959447,-0.42149004,1.1244587,0.0,0.0,0.8611210925219446,False,True,False,6.0
AACGAATTGACCGGTT-1,35,39,0.0,0.6931472,-0.42149004,-0.84253025,0.0,0.0,0.20168759681644627,False,False,False,2.0
AACGACATTAAGATGG-1,7,39,0.0,2.5964785,-0.42149004,0.8094276,0.0,0.0,0.7555068588063591,False,False,False,1.4142135623730951
AACGACCATTCGAATC-1,13,117,0.0,1.1512926,-0.42149004,-0.44489226,0.0,0.0,0.3349958269706398,False,False,False,2.0
AACGAGCCTCTTCGGC-1,38,12,0.3465736,2.2499049,1.2687509,0.50862604,0.4130464128711263,0.63092977,0.6546630603981359,True,False,False,0.0
AACGAGCTAATAACTA-1,27,101,0.3465736,0.3465736,1.2687509,-1.1433318,0.06362536695009495,0.63092977,0.10084381839069423,True,False,False,0.0
AACGCACTGGTGCTCG-1,7,27,0.3465736,1.4978662,1.2687509,-0.14409073,0.2749841843070965,0.63092977,0.43583961039200964,True,False,False,0.0
AACGCTTCGAGTAACT-1,1,83,0.0,1.4451859,-0.42149004,-0.1898135,0.0,0.0,0.42051104182695487,False,False,False,1.4142135623730951
AACGGCACAGAATATT-1,14,24,0.0,3.490038,-0.42149004,1.5849744,0.0,0.0,1.0,False,True,False,4.47213595499958
AACGTCGCGACAAGGT-1,18,12,0.0,3.1345482,-0.42149004,1.2764343,0.0,0.0,0.9120709585861349,False,True,False,1.4142135623730951
AACTAGCACTGTTCGA-1,24,58,0.0,2.7465308,-0.42149004,0.93966246,0.0,0.0,0.7991681185380648,False,True,False,4.242640687119285
AACTAGCATCACGTAC-1,56,26,0.6931472,3.189213,2.9589918,1.3238796,0.9279770055790281,1.0,0.9279770055790281,True,True,True,0.0
AACTAGCCTAATAGCA-1,7,53,0.0,2.1910133,-0.42149004,0.45751235,0.0,0.0,0.637527182230367,False,False,False,2.8284271247461903
AACTAGCCTTGCAATA-1,26,56,0.0,1.7005987,-0.42149004,0.031866897,0.0,0.0,0.49482944493329234,False,False,False,1.4142135623730951
AACTAGGCCTGACACC-1,41,99,0.0,0.3465736,-0.42149004,-1.1433318,0.0,0.0,0.10084381839069423,False,False,False,1.4142135623730951
AACTATCGTCATAGTC-1,69,81,0.0,0.89587975,-0.42149004,-0.66657263,0.0,0.0,0.26067743010882455,False,False,False,5.830951894845301
AACTATCTAGCAGTAT-1,14,52,0.0,1.3195286,-0.42149004,-0.2988752,0.0,0.0,0.3839480753730098,False,False,False,2.8284271247461903
AACTATGCTGCATTCG-1,60,44,0.3465736,0.6931472,1.2687509,-0.84253025,0.12725070868511817,0.63092977,0.20168759681644627,True,False,False,0.0
AACTATGTGCTTGTTA-1,49,91,0.0,0.0,-0.42149004,-1.4441334,0.0,0.0,0.0,False,False,False,2.0
AACTATTCTGCGGCCT-1,36,110,0.0,0.3465736,-0.42149004,-1.1433318,0.0,0.0,0.10084381839069423,False,False,False,1.4142135623730951
AACTATTGGCGGATTC-1,1,17,0.0,2.561982,-0.42149004,0.779487,0.0,0.0,0.7454692639251153,False,False,False,3.1622776601683795
AACTCAACCTTGACCA-1,39,79,0.0,0.6931472,-0.42149004,-0.84253025,0.0,0.0,0.20168759681644627,False,False,False,1.4142135623730951
AACTCAACTTGACAGC-1,53,41,0.0,0.0,-0.42149004,-1.4441334,0.0,0.0,0.0,False,False,False,1.4142135623730951
AACTCACCGAACTTAT-1,19,71,0.0,0.3465736,-0.42149004,-1.1433318,0.0,0.0,0.10084381839069423,False,False,False,5.0990195135927845
AACTCACCTCGGTGTT-1,22,48,1.0986123,0.3465736,4.936447,-1.1433318,0.10084381839069423,1.0,0.10084381839069423,True,False,False,0.0
AACTCACGGAGTACGT-1,63,77,0.0,3.5979686,-0.42149004,1.6786506,0.0,0.0,1.0,False,True,False,3.1622776601683795
AACTCAGATCCATGCC-1,19,13,0.6931472,2.9174054,2.9589918,1.0879697,0.8488881434361438,1.0,0.8488881434361438,True,True,True,0.0
AACTGCAACGTCCTGG-1,42,100,0.0,2.7706318,-0.42149004,0.96058047,0.0,0.0,0.806180886839532,False,True,False,2.0
AACTGCAATACGGATT-1,5,55,0.0,1.777674,-0.42149004,0.098762795,0.0,0.0,0.5172563105228211,False,False,False,3.1622776601683795
AACTGCCGGAGTAACA-1,67,25,0.0,3.9189744,-0.42149004,1.9572612,0.0,0.0,1.0,False,True,False,1.4142135623730951
AACTGCCTCGATAGGT-1,37,61,0.3465736,0.3465736,1.2687509,-1.1433318,0.06362536695009495,0.63092977,0.10084381839069423,True,False,False,0.0
AACTGCGAACCTTACC-1,12,60,0.0,1.9356005,-0.42149004,0.23583196,0.0,0.0,0.563208780372934,False,False,False,1.4142135623730951
AACTGCGGTCCGAAGC-1,12,42,0.0,2.1242476,-0.42149004,0.39956433,0.0,0.0,0.6181000939441909,False,False,False,1.4142135623730951
AACTGCTACCTCGATA-1,53,97,0.0,3.0260446,-0.42149004,1.1822609,0.0,0.0,0.8804992936925828,False,True,False,4.47213595499958
AACTGGATACTTCACT-1,69,9,0.0,3.871201,-0.42149004,1.9157972,0.0,0.0,1.0,False,True,False,1.4142135623730951
AACTGGTCATGTGGTT-1,6,64,0.0,3.4292827,-0.42149004,1.5322431,0.0,0.0,0.9978309287396766,False,True,False,4.0
AACTTAACAGTGAGGA-1,61,11,0.3465736,3.6605945,1.2687509,1.7330055,0.6309297680854797,0.63092977,1.0,True,True,True,0.0
AACTTATGATACGTAC-1,66,26,0.3465736,3.2769666,1.2687509,1.4000435,0.601598453169482,0.63092977,0.9535109668307427,True,True,True,0.0
AACTTCAAGGATAATC-1,60,70,0.0,2.6876392,-0.42149004,0.88854873,0.0,0.0,0.7820322303790603,False,False,False,1.4142135623730951
AACTTCACAATAACTG-1,15,13,0.0,3.270515,-0.42149004,1.394444,0.0,0.0,0.9516337335660436,False,True,False,1.4142135623730951
AACTTCAGATACTACC-1,51,83,0.0,2.0794415,-0.42149004,0.36067587,0.0,0.0,0.6050627305019255,False,False,False,2.0
AACTTCATCTTCTGGT-1,34,8,0.0,2.1972246,-0.42149004,0.4629033,0.0,0.0,0.6393344968286989,False,False,False,1.4142135623730951
AACTTCGCTTAGTCAG-1,37,77,0.0,0.3465736,-0.42149004,-1.1433318,0.0,0.0,0.10084381839069423,False,False,False,1.4142135623730951
AACTTGCAACTTGGAC-1,32,26,0.0,3.230734,-0.42149004,1.3599169,0.0,0.0,0.9400585274988587,False,True,False,2.0
AACTTGCTCGTAACCG-1,5,47,0.0,1.9560115,-0.42149004,0.25354728,0.0,0.0,0.569147845541821,False,False,False,3.1622776601683795
AACTTGGTTAATACTA-1,10,86,0.0,2.1242476,-0.42149004,0.39956433,0.0,0.0,0.6181000939441909,False,False,False,1.4142135623730951
AAGAATTCTGGCTGCA-1,56,52,0.0,1.0986123,-0.42149004,-0.49061504,0.0,0.0,0.31966725340996727,False,False,False,2.8284271247461903
AAGACAATCTCCTGCA-1,60,54,0.0,0.3465736,-0.42149004,-1.1433318,0.0,0.0,0.10084381839069423,False,False,False,2.0
AAGACTAAGGAGATCC-1,51,27,0.6931472,2.3410656,2.9589918,0.5877472,0.6811884519533082,1.0,0.6811884519533082,True,False,False,0.0
AAGACTCAAGGCTCCA-1,25,101,0.0,0.89587975,-0.42149004,-0.66657263,0.0,0.0,0.26067743010882455,False,False,False,2.0
AAGACTGTCATAGTGC-1,34,46,0.3465736,2.2499049,1.2687509,0.50862604,0.4130464128711263,0.63092977,0.6546630603981359,True,False,False,0.0
AAGAGCAGATGTGCCA-1,18,40,0.0,1.1512926,-0.42149004,-0.44489226,0.0,0.0,0.3349958269706398,False,False,False,1.4142135623730951
AAGATAGGCTTGCTTA-1,66,80,0.0,1.4451859,-0.42149004,-0.1898135,0.0,0.0,0.42051104182695487,False,False,False,4.0
AAGATAGTCGACCTTG-1,68,8,0.3465736,3.3033252,1.2687509,1.422921,0.606437477581253,0.63092977,0.9611806388870394,True,True,True,0.0
AAGATATTGGACGTCC-1,66,74,0.0,0.6931472,-0.42149004,-0.84253025,0.0,0.0,0.20168759681644627,False,False,False,1.4142135623730951
AAGATCTGTAACTTGT-1,48,110,0.0,2.9957323,-0.42149004,1.1559519,0.0,0.0,0.8716791908103126,False,True,False,2.0
AAGATGAAGGTCATCG-1,25,113,0.0,0.3465736,-0.42149004,-1.1433318,0.0,0.0,0.10084381839069423,False,False,False,5.0990195135927845
AAGATGCACTATACTT-1,6,54,0.0,2.791748,-0.42149004,0.9789079,0.0,0.0,0.8123251569997277,False,True,False,3.1622776601683795
AAGATGGCCGCTAGTT-1,62,34,0.0,1.777674,-0.42149004,0.098762795,0.0,0.0,0.5172563105228211,False,False,False,2.0
AAGATTAGGCTGTCTA-1,13,25,0.0,2.2499049,-0.42149004,0.50862604,0.0,0.0,0.6546630603981359,False,False,False,3.1622776601683795
AAGATTATCTAGCATA-1,28,70,0.0,2.8279958,-0.42149004,1.0103683,0.0,0.0,0.8228722849114638,False,True,False,2.0
AAGATTCTGGTCGCGA-1,20,0,0.0,0.3465736,-0.42149004,-1.1433318,0.0,0.0,0.10084381839069423,False,False,False,3.1622776601683795
AAGCAAGAGCGTGATC-1,10,20,0.0,3.2755404,-0.42149004,1.3988056,0.0,0.0,0.9530959708710084,False,True,False,3.1622776601683795
AAGCAGCCTACTAAGC-1,2,102,0.0,0.3465736,-0.42149004,-1.1433318,0.0,0.0,0.10084381839069423,False,False,False,2.8284271247461903
AAGCAGCGGACACGTG-1,39,71,0.0,0.0,-0.42149004,-1.4441334,0.0,0.0,0.0,False,False,False,4.47213595499958
AAGCAGTATCAGAATC-1,30,14,0.0,2.8585138,-0.42149004,1.0368559,0.0,0.0,0.8317522552771394,False,True,False,1.4142135623730951
AAGCAGTGAGTGCGAC-1,46,28,0.3465736,0.0,1.2687509,-1.4441334,0.0,0.63092977,0.0,True,False,False,0.0
AAGCAGTGGCATCACT-1,57,73,0.0,2.84179,-0.42149004,1.0223408,0.0,0.0,0.8268860439858111,False,True,False,4.0
AAGCAGTGTACACCGC-1,74,38,0.0,0.0,-0.42149004,-1.4441334,0.0,0.0,0.0,False,False,False,4.0
AAGCAGTGTAGAATCT-1,18,70,0.0,3.0677824,-0.42149004,1.2184863,0.0,0.0,0.8926438802911943,False,True,False,4.0
AAGCATCAAGCGTGAT-1,57,31,0.0,0.54930615,-0.42149004,-0.9673742,0.0,0.0,0.15983363170060141,False,False,False,1.4142135623730951
AAGCATTGAGTGGTTG-1,29,25,0.0,2.585242,-0.42149004,0.79967517,0.0,0.0,0.7522373468680046,False,False,False,1.4142135623730951
AAGCCACCATTCAAGA-1,50,12,0.6931472,2.0471723,2.9589918,0.33266842,0.5956732271057577,1.0,0.5956732271057577,True,False,False,0.0
AAGCCACGCATAATGA-1,4,104,0.0,0.0,-0.42149004,-1.4441334,0.0,0.0,0.0,False,False,False,2.8284271247461903
AAGCCACTATGTCTAA-1,28,100,0.0,0.0,-0.42149004,-1.4441334,0.0,0.0,0.0,False,False,False,1.4142135623730951
AAGCCAGATATCAGAA-1,64,26,0.0,2.9957323,-0.42149004,1.1559519,0.0,0.0,0.8716791908103126,False,True,False,2.0
AAGCCAGATCCAACAT-1,59,107,0.0,3.4121869,-0.42149004,1.5174052,0.0,0.0,0.9928564923848892,False,True,False,4.0
AAGCCAGGCCGACGTG-1,34,60,0.0,0.0,-0.42149004,-1.4441334,0.0,0.0,0.0,False,False,False,2.0
AAGCCAGGTTACGAAC-1,49,15,0.54930615,1.8688347,2.2574785,0.17788394,0.5437816920867579,1.0,0.5437816920867579,True,False,False,0.0
AAGCCATCCGTGCTAT-1,47,27,0.0,0.3465736,-0.42149004,-1.1433318,0.0,0.0,0.10084381839069423,False,False,False,1.4142135623730951
AAGCCATCGCGATATG-1,56,16,0.0,3.3667011,-0.42149004,1.4779267,0.0,0.0,0.9796213424437097,False,True,False,1.4142135623730951
AAGCCATTATCTGCCA-1,52,32,0.0,1.0397208,-0.42149004,-0.54172873,0.0,0.0,0.3025313752421983,False,False,False,2.0
AAGCGACGAACCGCCT-1,4,86,0.0,0.3465736,-0.42149004,-1.1433318,0.0,0.0,0.10084381839069423,False,False,False,2.0
AAGCGAGCCGTCCGCT-1,0,32,0.804719,0.3465736,3.5031278,-1.1433318,0.10084381839069423,1.0,0.10084381839069423,True,False,False,0.0
AAGCGAGGAAGTGAAC-1,27,111,0.0,2.418141,-0.42149004,0.6546431,0.0,0.0,0.7036153187917414,False,False,False,4.47213595499958
AAGCGTTCGTCTGTCC-1,16,66,0.0,1.732868,-0.42149004,0.05987433,0.0,0.0,0.5042189433338424,False,False,False,2.0
AAGGACCAACATGGCT-1,10,42,0.0,2.705823,-0.42149004,0.9043309,0.0,0.0,0.7873232090584891,False,True,False,3.1622776601683795
AAGGAGGCACTCAATT-1,20,72,0.0,2.5964785,-0.42149004,0.8094276,0.0,0.0,0.7555068588063591,False,False,False,5.830951894845301
AAGGAGTGGCTACCAA-1,69,35,0.0,1.6479185,-0.42149004,-0.013855865,0.0,0.0,0.4795008782415942,False,False,False,5.0990195135927845
AAGGCAGTCTGATCAC-1,45,97,0.0,2.938868,-0.42149004,1.1065977,0.0,0.0,0.8551331851980797,False,True,False,2.0
AAGGCATGAACAGCTC-1,15,55,0.0,1.4978662,-0.42149004,-0.14409073,0.0,0.0,0.43583961039200964,False,False,False,4.47213595499958
AAGGCCAATTCAATAA-1,60,98,0.0,4.041664,-0.42149004,2.0637472,0.0,0.0,1.0,False,True,False,1.4142135623730951
AAGGCCAGTCGCAATT-1,34,16,0.6931472,1.8444397,2.9589918,0.1567108,0.5366833938133795,1.0,0.5366833938133795,True,False,False,0.0
AAGGCCGACCTACCTG-1,45,73,0.0,2.9174054,-0.42149004,1.0879697,0.0,0.0,0.8488881434361438,False,True,False,4.0
AAGGCCGACTATGTAA-1,27,17,0.3465736,3.389961,1.2687509,1.4981147,0.622342413578529,0.63092977,0.9863893654391858,True,True,True,0.0
AAGGCCGATTCTGAGC-1,48,88,0.54930615,1.0397208,2.2574785,-0.54172873,0.3025313752421983,1.0,0.3025313752421983,True,False,False,0.0
AAGGCCTCGCGAGGAA-1,64,98,0.0,3.863327,-0.42149004,1.9089632,0.0,0.0,1.0,False,True,False,1.4142135623730951
AAGGCGAACTAGTAGA-1,34,34,0.0,0.89587975,-0.42149004,-0.66657263,0.0,0.0,0.26067743010882455,False,False,False,2.8284271247461903
AAGGCGACGGTGTCGG-1,59,51,0.3465736,1.0397208,1.2687509,-0.54172873,0.1908760504201414,0.63092977,0.3025313752421983,True,False,False,0.0
AAGGCGAGGTTCATGT-1,20,86,0.0,2.0794415,-0.42149004,0.36067587,0.0,0.0,0.6050627305019255,False,False,False,6.324555320336759
AAGGCGCCGACAATCT-1,70,48,0.6931472,0.3465736,2.9589918,-1.1433318,0.10084381839069423,1.0,0.10084381839069423,True,False,False,0.0
AAGGCGCCTAACATAG-1,17,105,0.0,1.994492,-0.42149004,0.28694567,0.0,0.0,0.5803446635363207,False,False,False,3.1622776601683795
AAGGTGGATATGATCG-1,50,20,0.3465736,3.0827088,1.2687509,1.2314414,0.5659358442930764,0.63092977,0.8969870703840402,True,True,True,0.0
AAGGTTACTATGACGC-1,0,44,0.0,1.9560115,-0.42149004,0.25354728,0.0,0.0,0.569147845541821,False,False,False,3.1622776601683795
AAGGTTGCAGAAGCAG-1,19,105,0.0,1.4978662,-0.42149004,-0.14409073,0.0,0.0,0.43583961039200964,False,False,False,4.47213595499958
AAGGTTGCTGAGTTGA-1,14,44,0.0,0.54930615,-0.42149004,-0.9673742,0.0,0.0,0.15983363170060141,False,False,False,1.4142135623730951
AAGTACTAAGGTTACG-1,62,54,0.0,0.3465736,-0.42149004,-1.1433318,0.0,0.0,0.10084381839069423,False,False,False,2.8284271247461903
AAGTACTACAGTAGAA-1,20,102,0.0,3.1549592,-0.42149004,1.2941496,0.0,0.0,0.9180100287506396,False,True,False,3.1622776601683795
AAGTACTGGATGCGCA-1,50,70,0.0,3.2847407,-0.42149004,1.4067909,0.0,0.0,0.9557730225238199,False,True,False,1.4142135623730951
AAGTCGCTATCCTGTC-1,28,28,0.0,3.1984649,-0.42149004,1.3319095,0.0,0.0,0.9306690440851619,False,True,False,1.4142135623730951
AAGTCGGACACTTCAG-1,28,24,0.3465736,1.4451859,1.2687509,-0.1898135,0.2653129340972641,0.63092977,0.42051104182695487,True,False,False,0.0
AAGTCTACCGGTTGGA-1,18,72,0.0,2.4451745,-0.42149004,0.67810637,0.0,0.0,0.7114813785739756,False,False,False,4.242640687119285
AAGTCTGTCAATTCTT-1,25,45,0.54930615,1.2424533,2.2574785,-0.3657711,0.3615212085345766,1.0,0.3615212085345766,True,False,False,0.0
AAGTCTTAAGTTGCCA-1,33,61,0.0,0.0,-0.42149004,-1.4441334,0.0,0.0,0.0,False,False,False,1.4142135623730951
AAGTCTTAATAGAACT-1,4,50,0.0,0.804719,-0.42149004,-0.7456938,0.0,0.0,0.23415203855365221,False,False,False,3.1622776601683795
AAGTGAGCCTGTTACA-1,58,94,0.0,2.2554297,-0.42149004,0.51342124,0.0,0.0,0.6562706501978574,False,False,False,4.242640687119285
AAGTGGACGAATCTAC-1,16,90,0.0,1.1512926,-0.42149004,-0.44489226,0.0,0.0,0.3349958269706398,False,False,False,4.0
AAGTGGCGAAGTTAAT-1,41,83,0.0,0.54930615,-0.42149004,-0.9673742,0.0,0.0,0.15983363170060141,False,False,False,2.8284271247461903
AAGTGGCGAGTGTACA-1,23,75,0.0,0.89587975,-0.42149004,-0.66657263,0.0,0.0,0.26067743010882455,False,False,False,5.830951894845301
AAGTGGTTCCTCGCGT-1,15,59,0.0,2.2154083,-0.42149004,0.47868547,0.0,0.0,0.6446254755081277,False,False,False,2.8284271247461903
AAGTTAAGCACTATAA-1,34,28,0.0,2.9217722,-0.42149004,1.0917598,0.0,0.0,0.8501587888082345,False,True,False,1.4142135623730951
AAGTTACTATTACATC-1,55,45,0.54930615,1.6479185,2.2574785,-0.013855865,0.4795008782415942,1.0,0.4795008782415942,True,False,False,0.0
AAGTTCCTATTGCTGG-1,28,50,0.89587975,1.6479185,3.9477193,-0.013855865,0.4795008782415942,1.0,0.4795008782415942,True,False,False,0.0
AATAACATGTGCTATG-1,50,38,0.3465736,0.804719,1.2687509,-0.7456938,0.1477334913813981,0.63092977,0.23415203855365221,True,False,False,0.0
AATAACATGTTACGTC-1,52,74,0.0,3.2755404,-0.42149004,1.3988056,0.0,0.0,0.9530959708710084,False,True,False,5.0990195135927845
AATAACGTAACTGTGA-1,30,58,0.0,0.3465736,-0.42149004,-1.1433318,0.0,0.0,0.10084381839069423,False,False,False,1.4142135623730951
AATAACGTATTGAACA-1,68,42,0.0,0.0,-0.42149004,-1.4441334,0.0,0.0,0.0,False,False,False,1.4142135623730951
AATAACTCTAATACAG-1,5,51,0.0,1.0397208,-0.42149004,-0.54172873,0.0,0.0,0.3025313752421983,False,False,False,3.1622776601683795
AATAACTCTACGATGT-1,18,56,0.0,2.0036666,-0.42149004,0.29490855,0.0,0.0,0.5830142217624709,False,False,False,3.1622776601683795
AATAACTTCATACGGA-1,51,111,0.0,3.0056336,-0.42149004,1.1645455,0.0,0.0,0.8745602235280782,False,True,False,4.242640687119285
AATACAATGCGAGCAG-1,2,96,0.0,0.6931472,-0.42149004,-0.84253025,0.0,0.0,0.20168759681644627,False,False,False,2.0
AATACGAGCAAGCCAG-1,1,81,0.0,0.3465736,-0.42149004,-1.1433318,0.0,0.0,0.10084381839069423,False,False,False,1.4142135623730951
AATACGCATATCCAGA-1,13,13,0.0,3.2353997,-0.42149004,1.3639663,0.0,0.0,0.9414160966202195,False,True,False,1.4142135623730951
AATACGGTACGGCCTA-1,15,57,0.0,1.7917595,-0.42149004,0.11098804,0.0,0.0,0.5213548277461335,False,False,False,4.0
AATACGTAGACAGTTA-1,56,80,0.0,3.074234,-0.42149004,1.2240858,0.0,0.0,0.8945211135558933,False,True,False,1.4142135623730951
AATACTAACCACTTAT-1,48,24,0.6931472,0.6931472,2.9589918,-0.84253025,0.20168759681644627,1.0,0.20168759681644627,True,False,False,0.0
AATAGATAGCCTAACC-1,28,30,0.0,0.6931472,-0.42149004,-0.84253025,0.0,0.0,0.20168759681644627,False,False,False,1.4142135623730951
AATAGCACGGAAGCGA-1,65,39,0.0,0.3465736,-0.42149004,-1.1433318,0.0,0.0,0.10084381839069423,False,False,False,4.47213595499958
AATAGTATAGTTGTCG-1,40,74,0.0,0.3465736,-0.42149004,-1.1433318,0.0,0.0,0.10084381839069423,False,False,False,4.47213595499958
AATAGTCGTTATCTAG-1,46,16,0.804719,1.2424533,3.5031278,-0.3657711,0.3615212085345766,1.0,0.3615212085345766,True,False,False,0.0
AATAGTGCTCATAGAA-1,29,79,0.0,3.2896256,-0.42149004,1.4110307,0.0,0.0,0.9571944156578632,False,True,False,1.4142135623730951
AATAGTTGGTGCTCAG-1,35,85,0.0,0.6931472,-0.42149004,-0.84253025,0.0,0.0,0.20168759681644627,False,False,False,2.8284271247461903
AATATTAGGCTTCTGG-1,25,51,0.0,0.89587975,-0.42149004,-0.66657263,0.0,0.0,0.26067743010882455,False,False,False,1.4142135623730951
AATCCGCCTGGTCAAT-1,33,47,0.6931472,0.0,2.9589918,-1.4441334,0.0,1.0,0.0,True,False,False,0.0
AATCCGGAGCTTGTCT-1,31,11,0.3465736,2.9944806,1.2687509,1.1548655,0.5497385647544005,0.63092977,0.871314990292106,True,True,True,0.0
AATCGAACGGACGGAG-1,58,42,0.0,0.3465736,-0.42149004,-1.1433318,0.0,0.0,0.10084381839069423,False,False,False,2.8284271247461903
AATCGACTATCGCTAG-1,65,37,0.0,0.6931472,-0.42149004,-0.84253025,0.0,0.0,0.20168759681644627,False,False,False,5.0990195135927845
AATCTATCTAACCGAG-1,9,21,0.0,2.9303932,-0.42149004,1.0992421,0.0,0.0,0.8526672283699328,False,True,False,4.0
AATCTGCGAGACGTTC-1,17,9,0.3465736,3.6950908,1.2687509,1.7629459,0.6309297680854797,0.63092977,1.0,True,True,True,0.0
AATGAACTACGTCCAG-1,61,23,0.3465736,1.4978662,1.2687509,-0.14409073,0.2749841843070965,0.63092977,0.43583961039200964,True,False,False,0.0
AATGAAGACGGTTCAG-1,37,65,0.3465736,1.0986123,1.2687509,-0.49061504,0.20168758605847292,0.63092977,0.31966725340996727,True,False,False,0.0
AATGAATCGGAAGGCA-1,46,90,0.0,0.0,-0.42149004,-1.4441334,0.0,0.0,0.0,False,False,False,1.4142135623730951
AATGATCTTGACAGCG-1,42,116,0.0,1.0397208,-0.42149004,-0.54172873,0.0,0.0,0.3025313752421983,False,False,False,1.4142135623730951
AATGATTACAACCTAA-1,43,89,0.0,0.0,-0.42149004,-1.4441334,0.0,0.0,0.0,False,False,False,1.4142135623730951
AATGCAATCACTGTCG-1,19,61,0.0,2.1972246,-0.42149004,0.4629033,0.0,0.0,0.6393344968286989,False,False,False,1.4142135623730951
AATGCCGACGAGCAAC-1,65,77,0.0,2.2924838,-0.42149004,0.5455816,0.0,0.0,0.6670524122852097,False,False,False,1.4142135623730951
AATGGACATCCTACTC-1,41,59,0.0,0.6931472,-0.42149004,-0.84253025,0.0,0.0,0.20168759681644627,False,False,False,1.4142135623730951
AATGGAGGACCTGGTG-1,41,105,0.0,3.3773022,-0.42149004,1.4871278,0.0,0.0,0.9827059965419496,False,True,False,1.4142135623730951
AATGGCATAGTATCAT-1,31,71,0.0,1.5890269,-0.42149004,-0.064969584,0.0,0.0,0.4623649919559464,False,False,False,3.1622776601683795
AATGGCTCCACGAATT-1,3,117,0.0,0.0,-0.42149004,-1.4441334,0.0,0.0,0.0,False,False,False,2.8284271247461903
AATGGTCGAACGTGAA-1,71,19,0.0,3.3595066,-0.42149004,1.4716824,0.0,0.0,0.9775279388066878,False,True,False,1.4142135623730951
AATGGTCGATACTCGG-1,10,52,0.0,1.8688347,-0.42149004,0.17788394,0.0,0.0,0.5437816920867579,False,False,False,2.8284271247461903
AATGGTCTCGAGCGCT-1,26,8,0.0,3.751369,-0.42149004,1.8117914,0.0,0.0,1.0,False,True,False,2.0
AATGGTGCGTCCTAAC-1,32,108,0.0,2.802901,-0.42149004,0.98858786,0.0,0.0,0.8155703702532288,False,True,False,3.1622776601683795
AATGGTTATTCTAGCT-1,20,20,0.0,3.0342128,-0.42149004,1.1893502,0.0,0.0,0.8828760088048124,False,True,False,1.4142135623730951
AATGTACTTAACATCA-1,60,86,0.0,3.5512497,-0.42149004,1.638102,0.0,0.0,1.0,False,True,False,2.0
AATGTAGTCTTACGAG-1,44,24,0.0,2.138333,-0.42149004,0.41178957,0.0,0.0,0.6221986086696945,False,False,False,1.4142135623730951
AATGTCAGGTCATTAC-1,30,78,0.0,2.5708318,-0.42149004,0.7871681,0.0,0.0,0.7480443450279207,False,False,False,2.8284271247461903
AATTAGCAACCGTTCC-1,11,43,0.0,1.9356005,-0.42149004,0.23583196,0.0,0.0,0.563208780372934,False,False,False,2.0
AATTAGCTTAGGTGTA-1,13,69,0.0,2.8083856,-0.42149004,0.9933481,0.0,0.0,0.8171662503248875,False,True,False,1.4142135623730951
AATTATACCTCAATGA-1,72,46,0.3465736,0.0,1.2687509,-1.4441334,0.0,0.63092977,0.0,True,False,False,0.0
AATTCTCAGACGCAAC-1,17,55,0.0,1.994492,-0.42149004,0.28694567,0.0,0.0,0.5803446635363207,False,False,False,4.47213595499958
AATTCTCGCACCAGTA-1,27,89,0.0,2.418141,-0.42149004,0.6546431,0.0,0.0,0.7036153187917414,False,False,False,1.4142135623730951
AATTCTTGGATACGGA-1,59,53,0.0,0.3465736,-0.42149004,-1.1433318,0.0,0.0,0.10084381839069423,False,False,False,1.4142135623730951
AATTGCATTGAAGAAT-1,46,54,0.0,1.2424533,-0.42149004,-0.3657711,0.0,0.0,0.3615212085345766,False,False,False,1.4142135623730951
AATTGCGGTGCTAATA-1,26,24,0.0,2.4849067,-0.42149004,0.7125911,0.0,0.0,0.723042397086682,False,False,False,2.0
AATTGCGTCAGACACT-1,24,22,0.0,3.3989701,-0.42149004,1.505934,0.0,0.0,0.9890107858924642,False,True,False,1.4142135623730951
AATTGGACGGCATCGT-1,22,34,0.0,1.8688347,-0.42149004,0.17788394,0.0,0.0,0.5437816920867579,False,False,False,2.0
AATTGGAGACATGGAG-1,17,43,0.0,0.3465736,-0.42149004,-1.1433318,0.0,0.0,0.10084381839069423,False,False,False,2.0
AATTGGCTTGAGTTGC-1,53,53,0.3465736,1.0986123,1.2687509,-0.49061504,0.20168758605847292,0.63092977,0.31966725340996727,True,False,False,0.0
AATTGGTTATGATACA-1,48,70,0.3465736,1.2424533,1.2687509,-0.3657711,0.22809449225870276,0.63092977,0.3615212085345766,True,False,False,0.0
AATTGTAGAATCCTAG-1,60,56,0.0,0.0,-0.42149004,-1.4441334,0.0,0.0,0.0,False,False,False,4.0
ACAACCTTGGTGTCAA-1,8,56,0.0,2.6155543,-0.42149004,0.8259841,0.0,0.0,0.7610574297678038,False,False,False,1.4142135623730951
ACAACGAGCGATCTGA-1,50,116,0.0,0.6931472,-0.42149004,-0.84253025,0.0,0.0,0.20168759681644627,False,False,False,5.0990195135927845
ACAACGCCGATAGTAT-1,29,21,0.0,2.418141,-0.42149004,0.6546431,0.0,0.0,0.7036153187917414,False,False,False,1.4142135623730951
ACAACGTGAATTCACG-1,15,5,0.0,3.5804229,-0.42149004,1.6634222,0.0,0.0,1.0,False,True,False,1.4142135623730951
ACAACGTGGAGCTACT-1,65,81,0.0,3.4478412,-0.42149004,1.5483506,0.0,0.0,1.0,False,True,False,5.0990195135927845
ACAACTAAGGTGTTAT-1,25,47,0.3465736,1.3540251,1.2687509,-0.26893464,0.2485772812587506,0.63092977,0.39398566026301807,True,False,False,0.0
ACAACTAAGTGGCGCT-1,52,104,0.0,3.0019436,-0.42149004,1.1613429,0.0,0.0,0.8734865253911156,False,True,False,2.0
ACAACTGTCGTGGATA-1,44,108,0.0,0.54930615,-0.42149004,-0.9673742,0.0,0.0,0.15983363170060141,False,False,False,1.4142135623730951
ACAAGTAGTTCCGGTA-1,7,115,0.0,0.54930615,-0.42149004,-0.9673742,0.0,0.0,0.15983363170060141,False,False,False,2.0
ACAATACAATCCTTAA-1,11,105,0.0,0.0,-0.42149004,-1.4441334,0.0,0.0,0.0,False,False,False,2.0
ACAATACACTTCCATC-1,13,27,0.0,1.4451859,-0.42149004,-0.1898135,0.0,0.0,0.42051104182695487,False,False,False,1.4142135623730951
ACAATACAGGCGCCGT-1,43,101,0.0,3.1639686,-0.42149004,1.3019692,0.0,0.0,0.9206315291338025,False,True,False,3.1622776601683795
ACAATACGCCTTATTC-1,26,102,0.0,0.89587975,-0.42149004,-0.66657263,0.0,0.0,0.26067743010882455,False,False,False,1.4142135623730951
ACAATAGGATCCAACC-1,6,80,0.0,1.609438,-0.42149004,-0.047254253,0.0,0.0,0.4683040608715467,False,False,False,2.8284271247461903
ACAATATCATCCGGTA-1,17,109,0.3465736,0.6931472,1.2687509,-0.84253025,0.12725070868511817,0.63092977,0.20168759681644627,True,False,False,0.0
ACAATATGAATCATGA-1,2,28,0.0,2.673554,-0.42149004,0.8763237,0.0,0.0,0.7779337855922056,False,False,False,1.4142135623730951
ACAATTGGTCGCGTAA-1,49,93,0.0,1.6479185,-0.42149004,-0.013855865,0.0,0.0,0.4795008782415942,False,False,False,2.0
ACAGAAGTGATCAATC-1,69,17,0.0,3.4923582,-0.42149004,1.5869883,0.0,0.0,1.0,False,True,False,1.4142135623730951
ACAGAATAAGAACCAT-1,54,100,0.0,3.9300926,-0.42149004,1.966911,0.0,0.0,1.0,False,True,False,1.4142135623730951
ACAGAATAAGATAGTG-1,58,80,0.3465736,1.7917595,1.2687509,0.11098804,0.32893828056011326,0.63092977,0.5213548277461335,True,False,False,0.0
ACAGAATACATACTAA-1,1,43,0.0,2.6711671,-0.42149004,0.87425214,0.0,0.0,0.7772392948092433,False,False,False,2.0
ACAGAATCCGTTGCTT-1,41,93,0.0,0.54930615,-0.42149004,-0.9673742,0.0,0.0,0.15983363170060141,False,False,False,2.0
ACAGAATCTTGATAAG-1,52,58,0.0,1.5890269,-0.42149004,-0.064969584,0.0,0.0,0.4623649919559464,False,False,False,1.4142135623730951
ACAGAATGTCTTATTG-1,40,90,0.0,1.0986123,-0.42149004,-0.49061504,0.0,0.0,0.31966725340996727,False,False,False,2.0
ACAGAATGTTGAGTCC-1,62,36,0.0,2.138333,-0.42149004,0.41178957,0.0,0.0,0.6221986086696945,False,False,False,4.0
ACAGCCAGGCATAAGC-1,20,76,0.0,2.7212088,-0.42149004,0.9176848,0.0,0.0,0.7918001018654423,False,True,False,5.0990195135927845
ACAGGAACTACAGAAC-1,36,54,1.1512926,0.6931472,5.193369,-0.84253025,0.20168759681644627,1.0,0.20168759681644627,True,False,False,0.0
ACAGGACTGAGCCGAT-1,57,65,0.0,0.0,-0.42149004,-1.4441334,0.0,0.0,0.0,False,False,False,1.4142135623730951
ACAGGATACCGGATTC-1,33,9,0.3465736,1.2424533,1.2687509,-0.3657711,0.22809449225870276,0.63092977,0.3615212085345766,True,False,False,0.0
ACAGGCACGCGAGGAT-1,33,7,0.0,1.4451859,-0.42149004,-0.1898135,0.0,0.0,0.42051104182695487,False,False,False,1.4142135623730951
ACAGGCATTGAACCAT-1,9,63,0.0,1.2424533,-0.42149004,-0.3657711,0.0,0.0,0.3615212085345766,False,False,False,1.4142135623730951
ACAGGCCTTCTAATGC-1,9,85,0.0,1.6661022,-0.42149004,0.0019263168,0.0,0.0,0.4847918584431252,False,False,False,2.0
ACAGGTACCAAGGAAG-1,13,99,0.0,1.2424533,-0.42149004,-0.3657711,0.0,0.0,0.3615212085345766,False,False,False,2.8284271247461903
ACAGGTTCAGTGAACG-1,43,49,0.3465736,0.3465736,1.2687509,-1.1433318,0.06362536695009495,0.63092977,0.10084381839069423,True,False,False,0.0
ACAGTACGCACTACCT-1,44,10,0.6931472,0.54930615,2.9589918,-0.9673742,0.15983363170060141,1.0,0.15983363170060141,True,False,False,0.0
ACAGTCACAATATTAG-1,10,102,0.0,0.0,-0.42149004,-1.4441334,0.0,0.0,0.0,False,False,False,4.242640687119285
ACATAAGCAATGCGGT-1,18,86,0.0,1.5890269,-0.42149004,-0.064969584,0.0,0.0,0.4623649919559464,False,False,False,5.830951894845301
ACATCACTGGCGTTCG-1,75,37,0.0,0.0,-0.42149004,-1.4441334,0.0,0.0,0.0,False,False,False,5.0990195135927845
ACATCGCCACAAGAGG-1,18,58,0.0,1.4978662,-0.42149004,-0.14409073,0.0,0.0,0.43583961039200964,False,False,False,1.4142135623730951
ACATCGGCTTACAAGG-1,57,39,0.0,0.804719,-0.42149004,-0.7456938,0.0,0.0,0.23415203855365221,False,False,False,3.1622776601683795
ACATCGTAGACAGGTT-1,36,20,0.0,2.938868,-0.42149004,1.1065977,0.0,0.0,0.8551331851980797,False,True,False,2.0
ACATCGTCGGTCTACC-1,59,79,0.0,2.6441336,-0.42149004,0.8507889,0.0,0.0,0.769373235027009,False,False,False,1.4142135623730951
ACATCTATCCGAACCA-1,66,40,0.0,0.3465736,-0.42149004,-1.1433318,0.0,0.0,0.10084381839069423,False,False,False,4.242640687119285
ACATCTCGACAACCAC-1,59,89,0.0,3.7649717,-0.42149004,1.8235977,0.0,0.0,1.0,False,True,False,1.4142135623730951
ACATCTCGCATAGAAT-1,7,51,0.0,2.2386684,-0.42149004,0.49887362,0.0,0.0,0.651393558451017,False,False,False,1.4142135623730951
ACATCTGACCTTGTCT-1,3,15,0.0,3.460829,-0.42149004,1.5596231,0.0,0.0,1.0,False,True,False,2.0
ACATGGATGCGTAAGC-1,46,84,0.0,1.609438,-0.42149004,-0.047254253,0.0,0.0,0.4683040608715467,False,False,False,2.8284271247461903
ACATGTTCACCGGCAG-1,62,98,0.0,3.3140206,-0.42149004,1.4322038,0.0,0.0,0.9642927089356238,False,True,False,1.4142135623730951
ACATGTTCCACTGATA-1,68,84,0.0,2.2154083,-0.42149004,0.47868547,0.0,0.0,0.6446254755081277,False,False,False,5.656854249492381
ACATGTTCCAGGACGT-1,55,55,0.0,0.3465736,-0.42149004,-1.1433318,0.0,0.0,0.10084381839069423,False,False,False,2.8284271247461903
ACATGTTGCTTGATCT-1,49,19,0.0,2.2554297,-0.42149004,0.51342124,0.0,0.0,0.6562706501978574,False,False,False,1.4142135623730951
ACATTCCTGAGTTCCG-1,65,43,0.0,0.3465736,-0.42149004,-1.1433318,0.0,0.0,0.10084381839069423,False,False,False,2.8284271247461903
ACATTGAACTAAGCTA-1,3,113,0.0,0.0,-0.42149004,-1.4441334,0.0,0.0,0.0,False,False,False,2.0
ACATTGAAGGCGGTGC-1,23,23,0.3465736,2.8314803,1.2687509,1.0133927,0.5198143262524287,0.63092977,0.8238861954949052,True,True,True,0.0
ACATTGAATACGCATA-1,63,45,0.0,1.0986123,-0.42149004,-0.49061504,0.0,0.0,0.31966725340996727,False,False,False,1.4142135623730951
ACATTGCAGTTCGGCA-1,68,40,0.0,0.89587975,-0.42149004,-0.66657263,0.0,0.0,0.26067743010882455,False,False,False,3.1622776601683795
ACATTGGTTCACAGTG-1,38,98,0.0,0.54930615,-0.42149004,-0.9673742,0.0,0.0,0.15983363170060141,False,False,False,1.4142135623730951
ACATTGGTTCTGCCGT-1,48,8,0.97295505,0.54930615,4.323616,-0.9673742,0.15983363170060141,1.0,0.15983363170060141,True,False,False,0.0
ACATTGTACATTCTTG-1,49,55,0.0,1.9033313,-0.42149004,0.20782453,0.0,0.0,0.553819281972384,False,False,False,1.4142135623730951
ACCAAGCACTTGCGCA-1,17,77,0.0,2.5708318,-0.42149004,0.7871681,0.0,0.0,0.7480443450279207,False,False,False,2.8284271247461903
ACCAAGTGATGGTGAG-1,23,49,1.0397208,0.54930615,4.649233,-0.9673742,0.15983363170060141,1.0,0.15983363170060141,True,False,False,0.0
ACCAAGTGGCTGTATG-1,30,64,0.0,3.3166592,-0.42149004,1.4344939,0.0,0.0,0.9650604754400974,False,True,False,3.1622776601683795
ACCAATGAGCCTCATC-1,58,70,0.0,1.732868,-0.42149004,0.05987433,0.0,0.0,0.5042189433338424,False,False,False,1.4142135623730951
ACCACGGATCCGGATA-1,71,37,0.0,0.0,-0.42149004,-1.4441334,0.0,0.0,0.0,False,False,False,5.830951894845301
ACCACGGCCTCGCACC-1,40,108,0.3465736,1.609438,1.2687509,-0.047254253,0.29546697251917337,0.63092977,0.4683040608715467,True,False,False,0.0
ACCAGTATGAAGTTCC-1,27,59,0.0,2.6491587,-0.42149004,0.85515034,0.0,0.0,0.7708354123845605,False,False,False,2.0
ACCATAACTCCTCGTA-1,15,79,0.0,2.7803407,-0.42149004,0.9690071,0.0,0.0,0.8090059086908138,False,True,False,3.1622776601683795
ACCATCCGTTCGAGTG-1,65,35,0.0,1.2424533,-0.42149004,-0.3657711,0.0,0.0,0.3615212085345766,False,False,False,3.1622776601683795
ACCATTAGATCGTGGC-1,37,97,0.3465736,0.6931472,1.2687509,-0.84253025,0.12725070868511817,0.63092977,0.20168759681644627,True,False,False,0.0
ACCGAAGATGTCGGCA-1,55,105,0.0,3.0557337,-0.42149004,1.2080289,0.0,0.0,0.8891380356671803,False,True,False,2.0
ACCGAAGCCGAATTAA-1,51,71,0.0,0.89587975,-0.42149004,-0.66657263,0.0,0.0,0.26067743010882455,False,False,False,2.8284271247461903
ACCGAGAACGTGTTGG-1,70,30,0.0,1.3540251,-0.42149004,-0.26893464,0.0,0.0,0.39398566026301807,False,False,False,1.4142135623730951
ACCGAGGTGATACCGA-1,52,20,0.0,2.1972246,-0.42149004,0.4629033,0.0,0.0,0.6393344968286989,False,False,False,2.0
ACCGATTGAGGATCTG-1,24,112,0.0,0.6931472,-0.42149004,-0.84253025,0.0,0.0,0.20168759681644627,False,False,False,4.47213595499958
ACCGCAGGTCGAGTTG-1,17,99,0.0,1.2424533,-0.42149004,-0.3657711,0.0,0.0,0.3615212085345766,False,False,False,4.0
ACCGGACGCCAAGCGT-1,19,41,0.0,1.2424533,-0.42149004,-0.3657711,0.0,0.0,0.3615212085345766,False,False,False,2.8284271247461903
ACCGGCACCATACTGC-1,27,47,0.6931472,1.1512926,2.9589918,-0.44489226,0.3349958269706398,1.0,0.3349958269706398,True,False,False,0.0
ACCGGCACGTACGAAC-1,58,92,0.0,3.6017027,-0.42149004,1.6818916,0.0,0.0,1.0,False,True,False,3.1622776601683795
ACCGGCCTCAGGAGTT-1,34,110,0.0,0.54930615,-0.42149004,-0.9673742,0.0,0.0,0.15983363170060141,False,False,False,1.4142135623730951
ACCGGCTATCGTGCGG-1,24,86,0.0,2.0126758,-0.42149004,0.30272785,0.0,0.0,0.5856356422157494,False,False,False,2.8284271247461903
ACCGTACACGACCGTC-1,28,74,0.0,2.5437982,-0.42149004,0.76370484,0.0,0.0,0.7401782852456865,False,False,False,2.0
ACCGTACTATCGGAGG-1,53,87,0.0,1.6661022,-0.42149004,0.0019263168,0.0,0.0,0.4847918584431252,False,False,False,3.1622776601683795
ACCGTAGGCGGAGGTT-1,14,66,0.0,2.4337673,-0.42149004,0.66820574,0.0,0.0,0.7081621902124751,False,False,False,2.8284271247461903
ACCGTCGAGTATACTC-1,73,21,0.0,2.7276607,-0.42149004,0.92328453,0.0,0.0,0.7936774150600256,False,True,False,1.4142135623730951
ACCGTGTTATAAGTCG-1,2,108,0.0,1.2424533,-0.42149004,-0.3657711,0.0,0.0,0.3615212085345766,False,False,False,1.4142135623730951
ACCTAATGTTACCAAT-1,59,97,0.0,3.3509803,-0.42149004,1.4642822,0.0,0.0,0.9750469951252183,False,True,False,2.0
ACCTAATTGTCGCTGA-1,46,34,0.3465736,0.3465736,1.2687509,-1.1433318,0.06362536695009495,0.63092977,0.10084381839069423,True,False,False,0.0
ACCTATAACGAACTAC-1,48,94,0.0,3.2683458,-0.42149004,1.3925613,0.0,0.0,0.9510025672339865,False,True,False,1.4142135623730951
ACCTATGCTACCGGAT-1,45,13,0.0,0.6931472,-0.42149004,-0.84253025,0.0,0.0,0.20168759681644627,False,False,False,1.4142135623730951
ACCTCCACAGCTACGT-1,8,26,0.0,2.2499049,-0.42149004,0.50862604,0.0,0.0,0.6546630603981359,False,False,False,1.4142135623730951
ACCTCCTAGAGGCATG-1,23,29,0.0,0.3465736,-0.42149004,-1.1433318,0.0,0.0,0.10084381839069423,False,False,False,1.4142135623730951
ACCTGCACTAGATGGC-1,5,31,0.3465736,1.3862944,1.2687509,-0.2409272,0.25450139530704863,0.63092977,0.40337515866356816,True,False,False,0.0
ACCTGCCACTATCAAT-1,29,107,0.3465736,0.6931472,1.2687509,-0.84253025,0.12725070868511817,0.63092977,0.20168759681644627,True,False,False,0.0
ACCTGCCAGAGGATCT-1,10,104,0.0,0.6931472,-0.42149004,-0.84253025,0.0,0.0,0.20168759681644627,False,False,False,2.8284271247461903
ACCTGCTTATAGTTCG-1,20,54,0.0,1.4451859,-0.42149004,-0.1898135,0.0,0.0,0.42051104182695487,False,False,False,2.8284271247461903
ACCTGCTTGAGCCTGG-1,29,99,0.0,0.0,-0.42149004,-1.4441334,0.0,0.0,0.0,False,False,False,2.8284271247461903
ACCTGCTTGCTACGAC-1,56,72,0.0,3.2059093,-0.42149004,1.3383707,0.0,0.0,0.9328351439520334,False,True,False,3.1622776601683795
ACCTGTAACCGAATAA-1,72,34,0.0,0.89587975,-0.42149004,-0.66657263,0.0,0.0,0.26067743010882455,False,False,False,5.656854249492381
ACCTGTCTGCGGTTGT-1,64,102,0.0,3.8248463,-0.42149004,1.8755646,0.0,0.0,1.0,False,True,False,4.47213595499958
ACCTGTGGTCACCTCG-1,35,53,0.3465736,0.6931472,1.2687509,-0.84253025,0.12725070868511817,0.63092977,0.20168759681644627,True,False,False,0.0
ACGAACATAGGATCGG-1,10,76,0.0,2.1910133,-0.42149004,0.45751235,0.0,0.0,0.637527182230367,False,False,False,1.4142135623730951
ACGAACGCACGAGCAC-1,38,94,0.0,2.393746,-0.42149004,0.63346994,0.0,0.0,0.6965170055315097,False,False,False,1.4142135623730951
ACGAAGATCGAATTGA-1,76,20,0.0,0.0,-0.42149004,-1.4441334,0.0,0.0,0.0,False,False,False,1.4142135623730951
ACGAAGCCACCTGAGG-1,6,72,0.0,1.777674,-0.42149004,0.098762795,0.0,0.0,0.5172563105228211,False,False,False,5.0990195135927845
ACGAAGCTCATCCTCG-1,13,59,0.0,1.609438,-0.42149004,-0.047254253,0.0,0.0,0.4683040608715467,False,False,False,2.0
ACGAAGTTCCAGCACC-1,0,82,0.3465736,1.0397208,1.2687509,-0.54172873,0.1908760504201414,0.63092977,0.3025313752421983,True,False,False,0.0
ACGACAAGCACTTCAC-1,57,41,0.0,0.0,-0.42149004,-1.4441334,0.0,0.0,0.0,False,False,False,2.8284271247461903
ACGACTGAAGACTTAC-1,32,48,1.0986123,0.6931472,4.936447,-0.84253025,0.20168759681644627,1.0,0.20168759681644627,True,False,False,0.0
ACGAGGACAACTCACC-1,5,75,0.0,0.6931472,-0.42149004,-0.84253025,0.0,0.0,0.20168759681644627,False,False,False,2.0
ACGAGGACCTGCTAGT-1,43,111,0.0,2.8995464,-0.42149004,1.0724692,0.0,0.0,0.8436916218975888,False,True,False,1.4142135623730951
ACGAGGCTAGGTGGCT-1,3,23,0.0,3.591176,-0.42149004,1.6727552,0.0,0.0,1.0,False,True,False,2.0
ACGAGGCTTAATCACG-1,0,90,0.0,0.0,-0.42149004,-1.4441334,0.0,0.0,0.0,False,False,False,2.0
ACGAGTGCGTGCGTTC-1,62,40,0.0,0.0,-0.42149004,-1.4441334,0.0,0.0,0.0,False,False,False,1.4142135623730951
ACGATGACTATTAGAT-1,39,99,0.0,0.3465736,-0.42149004,-1.1433318,0.0,0.0,0.10084381839069423,False,False,False,2.8284271247461903
ACGATGCGAAGGAGCA-1,54,94,0.0,2.607468,-0.42149004,0.8189656,0.0,0.0,0.7587044738137081,False,False,False,2.8284271247461903
ACGATGCTCCAATACA-1,37,35,0.0,1.0397208,-0.42149004,-0.54172873,0.0,0.0,0.3025313752421983,False,False,False,2.0
ACGATGTCGCACAATC-1,57,75,0.0,1.1512926,-0.42149004,-0.44489226,0.0,0.0,0.3349958269706398,False,False,False,3.1622776601683795
ACGATGTCGTTGCCAA-1,50,92,0.0,1.4451859,-0.42149004,-0.1898135,0.0,0.0,0.42051104182695487,False,False,False,1.4142135623730951
ACGATGTTACCTCATT-1,47,55,0.3465736,1.0397208,1.2687509,-0.54172873,0.1908760504201414,0.63092977,0.3025313752421983,True,False,False,0.0
ACGCAACGAAGAGTAT-1,18,52,0.0,2.0471723,-0.42149004,0.33266842,0.0,0.0,0.5956732271057577,False,False,False,2.8284271247461903
ACGCAAGCTCCGCTTA-1,2,66,0.0,3.0456548,-0.42149004,1.1992811,0.0,0.0,0.886205328279159,False,True,False,2.8284271247461903
ACGCAAGGCATAAGTC-1,21,27,0.0,2.0126758,-0.42149004,0.30272785,0.0,0.0,0.5856356422157494,False,False,False,1.4142135623730951
ACGCAAGGCGTCCAAT-1,0,62,0.0,3.24612,-0.42149004,1.3732708,0.0,0.0,0.9445354003233408,False,True,False,6.0
ACGCAATAGTATACGA-1,14,50,0.0,2.29756,-0.42149004,0.5499873,0.0,0.0,0.6685294366187859,False,False,False,2.0
ACGCACATTGTAAGTA-1,50,14,0.0,2.4849067,-0.42149004,0.7125911,0.0,0.0,0.723042397086682,False,False,False,1.4142135623730951
ACGCATCGTCGAGCAG-1,2,32,0.0,0.6931472,-0.42149004,-0.84253025,0.0,0.0,0.20168759681644627,False,False,False,1.4142135623730951
ACGCCGGCATCACTGG-1,32,90,0.0,0.0,-0.42149004,-1.4441334,0.0,0.0,0.0,False,False,False,3.1622776601683795
ACGCCTCCGATGTTCC-1,1,101,0.0,0.6931472,-0.42149004,-0.84253025,0.0,0.0,0.20168759681644627,False,False,False,1.4142135623730951
ACGCGGAAGAGTTCCG-1,47,25,0.804719,0.6931472,3.5031278,-0.84253025,0.20168759681644627,1.0,0.20168759681644627,True,False,False,0.0
ACGCGTAGACTCAACT-1,8,58,0.0,2.668769,-0.42149004,0.8721706,0.0,0.0,0.7765414669536078,False,False,False,3.1622776601683795
ACGCGTCGGTGAGGTT-1,44,50,0.0,0.0,-0.42149004,-1.4441334,0.0,0.0,0.0,False,False,False,1.4142135623730951
ACGCGTTCCAGCCTTC-1,16,16,0.3465736,2.8715014,1.2687509,1.0481282,0.5271615694923594,0.63092977,0.8355313002459861,True,True,True,0.0
ACGCGTTCGCGATCAT-1,22,6,0.0,3.1780539,-0.42149004,1.3141942,0.0,0.0,0.9247299739206573,False,True,False,2.8284271247461903
ACGCTCAGTGCTATTC-1,45,25,0.54930615,0.3465736,2.2574785,-1.1433318,0.10084381839069423,1.0,0.10084381839069423,True,False,False,0.0
ACGCTGCGATTAACGA-1,42,42,0.0,1.5890269,-0.42149004,-0.064969584,0.0,0.0,0.4623649919559464,False,False,False,1.4142135623730951
ACGGCCGTCAACGTAT-1,56,74,0.0,2.4451745,-0.42149004,0.67810637,0.0,0.0,0.7114813785739756,False,False,False,4.47213595499958
ACGGCCTGGCTAAGTT-1,6,36,0.0,2.5964785,-0.42149004,0.8094276,0.0,0.0,0.7555068588063591,False,False,False,2.0
ACGGCCTTGCCAGAAC-1,42,114,0.0,3.1745696,-0.42149004,1.3111701,0.0,0.0,0.9237161432671002,False,True,False,1.4142135623730951
ACGGCTATGGCATACC-1,56,54,0.0,0.54930615,-0.42149004,-0.9673742,0.0,0.0,0.15983363170060141,False,False,False,3.1622776601683795
ACGGCTTAACGATAGT-1,16,60,0.0,2.3124864,-0.42149004,0.56294245,0.0,0.0,0.672872646694103,False,False,False,3.1622776601683795
ACGGCTTACGTATGCC-1,16,74,0.0,2.705823,-0.42149004,0.9043309,0.0,0.0,0.7873232090584891,False,True,False,1.4142135623730951
ACGGCTTATTGGTATG-1,47,17,0.54930615,0.0,2.2574785,-1.4441334,0.0,1.0,0.0,True,False,False,0.0
ACGGCTTCAGGTACCG-1,19,25,0.0,2.2554297,-0.42149004,0.51342124,0.0,0.0,0.6562706501978574,False,False,False,3.1622776601683795
ACGGCTTCCATCGGAA-1,26,68,0.0,2.8825955,-0.42149004,1.0577571,0.0,0.0,0.8387593885217574,False,True,False,3.1622776601683795
ACGGCTTCGATTAAGC-1,67,15,0.0,0.89587975,-0.42149004,-0.66657263,0.0,0.0,0.26067743010882455,False,False,False,2.0
ACGGCTTGTTCAATCG-1,23,73,0.0,2.705823,-0.42149004,0.9043309,0.0,0.0,0.7873232090584891,False,True,False,5.0990195135927845
ACGGTCGCATCTAGAA-1,5,107,0.0,0.54930615,-0.42149004,-0.9673742,0.0,0.0,0.15983363170060141,False,False,False,3.1622776601683795
ACGGTGATAATGTTAC-1,31,7,0.0,0.89587975,-0.42149004,-0.66657263,0.0,0.0,0.26067743010882455,False,False,False,1.4142135623730951
ACGGTGTACGGTGCCA-1,24,26,0.3465736,3.921532,1.2687509,1.9594809,0.6309297680854797,0.63092977,1.0,True,True,True,0.0
ACGGTTACATCCGAAG-1,18,62,0.0,1.0986123,-0.42149004,-0.49061504,0.0,0.0,0.31966725340996727,False,False,False,2.0
ACGGTTCACCTTCCGG-1,21,41,0.0,1.1512926,-0.42149004,-0.44489226,0.0,0.0,0.3349958269706398,False,False,False,1.4142135623730951
ACGGTTCGCAAGTAAC-1,60,48,0.0,2.7403195,-0.42149004,0.9342715,0.0,0.0,0.7973608039397329,False,True,False,1.4142135623730951
ACGGTTCGTACAGTTG-1,35,47,0.0,2.1910133,-0.42149004,0.45751235,0.0,0.0,0.637527182230367,False,False,False,1.4142135623730951
ACGGTTCGTCCGACCG-1,19,67,0.0,2.7403195,-0.42149004,0.9342715,0.0,0.0,0.7973608039397329,False,True,False,4.242640687119285
ACGTCAGATTACTTCG-1,23,107,0.0,0.3465736,-0.42149004,-1.1433318,0.0,0.0,0.10084381839069423,False,False,False,5.656854249492381
ACGTGCAATTATTCGG-1,36,16,0.0,2.9830732,-0.42149004,1.1449647,0.0,0.0,0.8679957419831921,False,True,False,2.0
ACGTTAATACAATGAC-1,46,48,0.0,0.54930615,-0.42149004,-0.9673742,0.0,0.0,0.15983363170060141,False,False,False,1.4142135623730951
ACGTTACGCAGACAGC-1,19,115,0.0,0.3465736,-0.42149004,-1.1433318,0.0,0.0,0.10084381839069423,False,False,False,1.4142135623730951
ACGTTAGGCTCAAGCC-1,11,91,0.0,0.3465736,-0.42149004,-1.1433318,0.0,0.0,0.10084381839069423,False,False,False,1.4142135623730951
ACGTTAGTACTGGACA-1,8,100,0.0,0.0,-0.42149004,-1.4441334,0.0,0.0,0.0,False,False,False,3.1622776601683795
ACGTTCACATGATCTG-1,46,116,0.0,0.89587975,-0.42149004,-0.66657263,0.0,0.0,0.26067743010882455,False,False,False,1.4142135623730951
ACGTTCACGACTAGGT-1,47,81,0.0,2.8262446,-0.42149004,1.0088484,0.0,0.0,0.8223627318985005,False,True,False,2.8284271247461903
ACGTTCCATTACCTCA-1,17,97,0.0,2.2499049,-0.42149004,0.50862604,0.0,0.0,0.6546630603981359,False,False,False,4.47213595499958
ACGTTCGTCCGCCTAT-1,63,39,0.0,0.3465736,-0.42149004,-1.1433318,0.0,0.0,0.10084381839069423,False,False,False,2.8284271247461903
ACGTTCTATGCACGAC-1,29,39,0.54930615,1.4978662,2.2574785,-0.14409073,0.43583961039200964,1.0,0.43583961039200964,True,False,False,0.0
ACGTTCTGCCATAATC-1,54,82,0.0,2.7706318,-0.42149004,0.96058047,0.0,0.0,0.806180886839532,False,True,False,2.0
ACTAATAGTCAACATA-1,14,36,0.0,0.89587975,-0.42149004,-0.66657263,0.0,0.0,0.26067743010882455,False,False,False,1.4142135623730951
ACTACAATGACCGTAA-1,12,18,0.0,3.4437761,-0.42149004,1.5448225,0.0,0.0,1.0,False,True,False,1.4142135623730951
ACTACCTTGGTTGACC-1,0,40,0.0,2.1242476,-0.42149004,0.39956433,0.0,0.0,0.6181000939441909,False,False,False,1.4142135623730951
ACTACGCCTCATGATT-1,20,110,0.0,2.0036666,-0.42149004,0.29490855,0.0,0.0,0.5830142217624709,False,False,False,1.4142135623730951
ACTACGTCTAATGGCC-1,18,0,0.0,0.89587975,-0.42149004,-0.66657263,0.0,0.0,0.26067743010882455,False,False,False,1.4142135623730951
ACTAGATCTGAAGCGG-1,22,54,0.0,0.6931472,-0.42149004,-0.84253025,0.0,0.0,0.20168759681644627,False,False,False,2.0
ACTATGAGGTTCTGTC-1,18,98,0.0,2.5964785,-0.42149004,0.8094276,0.0,0.0,0.7555068588063591,False,False,False,3.1622776601683795
ACTATTACCAGGTGCT-1,67,71,0.54930615,0.3465736,2.2574785,-1.1433318,0.10084381839069423,1.0,0.10084381839069423,True,False,False,0.0
ACTATTAGACAGGCTG-1,25,83,0.0,2.5619822,-0.42149004,0.7794872,0.0,0.0,0.7454693238725285,False,False,False,4.242640687119285
ACTATTAGCCTAATCG-1,6,84,0.0,0.3465736,-0.42149004,-1.1433318,0.0,0.0,0.10084381839069423,False,False,False,1.4142135623730951
ACTATTGCGAGCTAGA-1,10,62,0.804719,0.0,3.5031278,-1.4441334,0.0,1.0,0.0,True,False,False,0.0
ACTCAGCTCGAGTGTC-1,25,19,0.0,2.8903718,-0.42149004,1.0645064,0.0,0.0,0.8410220836539097,False,True,False,2.8284271247461903
ACTCAGCTTCTGAGAC-1,30,10,0.0,3.1984649,-0.42149004,1.3319095,0.0,0.0,0.9306690440851619,False,True,False,1.4142135623730951
ACTCAGGCCTGCAACT-1,46,74,0.0,3.3140206,-0.42149004,1.4322038,0.0,0.0,0.9642927089356238,False,True,False,4.47213595499958
ACTCAGTGAGCCTCCA-1,45,57,0.0,0.3465736,-0.42149004,-1.1433318,0.0,0.0,0.10084381839069423,False,False,False,1.4142135623730951
ACTCCACGTTCGCTAC-1,46,118,0.0,0.3465736,-0.42149004,-1.1433318,0.0,0.0,0.10084381839069423,False,False,False,1.4142135623730951
ACTCCAGGCCGAAGAC-1,24,88,0.0,2.0126758,-0.42149004,0.30272785,0.0,0.0,0.5856356422157494,False,False,False,2.0
ACTCCAGTAGCTCCAG-1,29,113,0.0,2.7879746,-0.42149004,0.9756328,0.0,0.0,0.8112271801603829,False,True,False,6.0
ACTCCTATGTTCCTAC-1,53,19,0.0,2.791748,-0.42149004,0.9789079,0.0,0.0,0.8123251569997277,False,True,False,3.1622776601683795
ACTCCTGACCACTGAG-1,6,76,0.0,1.8444397,-0.42149004,0.1567108,0.0,0.0,0.5366833938133795,False,False,False,1.4142135623730951
ACTCCTGCGGCAACCA-1,4,58,0.0,2.138333,-0.42149004,0.41178957,0.0,0.0,0.6221986086696945,False,False,False,2.8284271247461903
ACTCCTTGTCCAGACC-1,62,8,0.0,1.3540251,-0.42149004,-0.26893464,0.0,0.0,0.39398566026301807,False,False,False,2.0
ACTCGAACGTTCGTTA-1,15,21,0.0,2.3592496,-0.42149004,0.6035296,0.0,0.0,0.6864794905801502,False,False,False,2.0
ACTCGACGTACACGCC-1,1,63,0.0,3.2580965,-0.42149004,1.3836656,0.0,0.0,0.9480202633527034,False,True,False,5.0990195135927845
ACTCGAGTCCAAGTTG-1,59,11,0.0,3.957674,-0.42149004,1.9908497,0.0,0.0,1.0,False,True,False,2.0
ACTCGATAAGACCAGG-1,11,29,0.6931472,0.6931472,2.9589918,-0.84253025,0.20168759681644627,1.0,0.20168759681644627,True,False,False,0.0
ACTCGATTGATATCCA-1,22,68,0.0,2.3410656,-0.42149004,0.5877472,0.0,0.0,0.6811884519533082,False,False,False,5.830951894845301
ACTCGTATTGTCAGAA-1,52,68,0.0,3.4011974,-0.42149004,1.5078671,0.0,0.0,0.9896588573950691,False,True,False,2.8284271247461903
ACTCGTTCCTGATACA-1,65,13,0.0,3.1345482,-0.42149004,1.2764343,0.0,0.0,0.9120709585861349,False,True,False,1.4142135623730951
ACTCTAAGCTTGCGCC-1,34,90,0.0,0.3465736,-0.42149004,-1.1433318,0.0,0.0,0.10084381839069423,False,False,False,3.1622776601683795
ACTCTACTTCCGCATT-1,37,45,0.0,2.1910133,-0.42149004,0.45751235,0.0,0.0,0.637527182230367,False,False,False,1.4142135623730951
ACTCTGACCTTACTGA-1,72,28,0.0,0.804719,-0.42149004,-0.7456938,0.0,0.0,0.23415203855365221,False,False,False,2.0
ACTCTTGCGGAGAACC-1,62,72,0.0,2.138333,-0.42149004,0.41178957,0.0,0.0,0.6221986086696945,False,False,False,1.4142135623730951
ACTGACGGCCATGTCT-1,66,10,0.0,1.777674,-0.42149004,0.098762795,0.0,0.0,0.5172563105228211,False,False,False,1.4142135623730951
ACTGACGGCGAATAGT-1,46,36,0.0,0.3465736,-0.42149004,-1.1433318,0.0,0.0,0.10084381839069423,False,False,False,1.4142135623730951
ACTGACGTGATATTGG-1,49,95,0.6931472,2.441401,2.9589918,0.6748313,0.7103834017346308,1.0,0.7103834017346308,True,False,False,0.0
ACTGACTCTGCTGGCC-1,18,14,0.0,3.3040004,-0.42149004,1.423507,0.0,0.0,0.9613771065428612,False,True,False,1.4142135623730951
ACTGACTGTCATCTAC-1,55,29,0.0,1.9560115,-0.42149004,0.25354728,0.0,0.0,0.569147845541821,False,False,False,1.4142135623730951
ACTGAGACCTTAGCAC-1,68,30,0.54930615,2.1719027,2.2574785,0.4409256,0.6319664701648409,1.0,0.6319664701648409,True,False,False,0.0
ACTGAGCAAGAACACG-1,0,26,0.0,2.0126758,-0.42149004,0.30272785,0.0,0.0,0.5856356422157494,False,False,False,3.1622776601683795
ACTGAGCGCAACTCAT-1,59,47,0.0,3.1012678,-0.42149004,1.2475493,0.0,0.0,0.9023872532680118,False,True,False,2.8284271247461903
ACTGAGGATAGGCGCT-1,5,63,0.0,2.4526374,-0.42149004,0.68458366,0.0,0.0,0.7136528936905142,False,False,False,5.0990195135927845
ACTGATACTCCATTAC-1,7,57,0.0,2.3810868,-0.42149004,0.6224828,0.0,0.0,0.6928335567043892,False,False,False,2.8284271247461903
ACTGATAGCACGGTCT-1,63,107,0.0,3.179787,-0.42149004,1.3156984,0.0,0.0,0.925234251561251,False,True,False,7.211102550927978
ACTGATGTCCACTCGC-1,5,45,0.0,3.1639686,-0.42149004,1.3019692,0.0,0.0,0.9206315291338025,False,True,False,1.4142135623730951
ACTGCAAGGCTTCTCG-1,9,9,0.54930615,2.4814224,2.2574785,0.709567,0.722028566433125,1.0,0.722028566433125,True,False,False,0.0
ACTGCATCTTGTTCCA-1,12,116,0.0,0.54930615,-0.42149004,-0.9673742,0.0,0.0,0.15983363170060141,False,False,False,1.4142135623730951
ACTGGTAAGGCCTCAG-1,66,38,0.0,1.0986123,-0.42149004,-0.49061504,0.0,0.0,0.31966725340996727,False,False,False,5.830951894845301
ACTGGTGATTCCGATC-1,23,19,0.0,2.8841605,-0.42149004,1.0591154,0.0,0.0,0.8392147490731067,False,True,False,2.0
ACTGGTTCTGAACGAT-1,25,27,0.3465736,2.84179,1.2687509,1.0223408,0.5217070199650876,0.63092977,0.8268860439858111,True,True,True,0.0
ACTGTACAATTCTACT-1,19,31,0.3465736,0.6931472,1.2687509,-0.84253025,0.12725070868511817,0.63092977,0.20168759681644627,True,False,False,0.0
ACTGTACATCCGATAC-1,38,8,1.0986123,1.3540251,4.936447,-0.26893464,0.39398566026301807,1.0,0.39398566026301807,True,False,False,0.0
ACTGTAGACAAGGAAT-1,28,22,0.0,2.2499049,-0.42149004,0.50862604,0.0,0.0,0.6546630603981359,False,False,False,2.0
ACTGTAGAGTGCCGGC-1,10,12,0.0,2.6663594,-0.42149004,0.87007934,0.0,0.0,0.7758403619727126,False,False,False,3.1622776601683795
ACTGTAGCAGCTTCTG-1,13,37,0.3465736,0.3465736,1.2687509,-1.1433318,0.06362536695009495,0.63092977,0.10084381839069423,True,False,False,0.0
ACTGTATTCTAGTCCA-1,13,83,0.3465736,1.8444397,1.2687509,0.1567108,0.3386095291940037,0.63092977,0.5366833938133795,True,False,False,0.0
ACTTAAGCCAGTAGGA-1,62,56,0.0,0.3465736,-0.42149004,-1.1433318,0.0,0.0,0.10084381839069423,False,False,False,4.47213595499958
ACTTCGACGGATCATT-1,58,110,0.0,3.1780539,-0.42149004,1.3141942,0.0,0.0,0.9247299739206573,False,True,False,4.242640687119285
ACTTGAAGCGAGCGGT-1,45,75,0.0,3.1728182,-0.42149004,1.30965,0.0,0.0,0.9232065103242525,False,True,False,3.1622776601683795
ACTTGAATGTATTGGA-1,6,32,0.0,1.609438,-0.42149004,-0.047254253,0.0,0.0,0.4683040608715467,False,False,False,1.4142135623730951
ACTTGAATTAGCCGGT-1,17,5,0.0,3.2291691,-0.42149004,1.3585587,0.0,0.0,0.9396031669475093,False,True,False,1.4142135623730951
ACTTGACTGAGCACGA-1,1,89,0.0,0.3465736,-0.42149004,-1.1433318,0.0,0.0,0.10084381839069423,False,False,False,1.4142135623730951
ACTTGAGCACGAACAT-1,2,38,0.0,2.8762865,-0.42149004,1.0522814,0.0,0.0,0.8369236388670549,False,True,False,3.1622776601683795
ACTTGAGCCGTTCTTA-1,51,49,0.0,0.3465736,-0.42149004,-1.1433318,0.0,0.0,0.10084381839069423,False,False,False,1.4142135623730951
AGAACAGGAGCATGGA-1,27,81,0.0,2.9753213,-0.42149004,1.1382365,0.0,0.0,0.8657401206458079,False,True,False,1.4142135623730951
AGAACATACTGGTCGT-1,77,37,0.0,0.3465736,-0.42149004,-1.1433318,0.0,0.0,0.10084381839069423,False,False,False,5.830951894845301
AGAACTTCGATGCGTA-1,32,94,0.0,0.3465736,-0.42149004,-1.1433318,0.0,0.0,0.10084381839069423,False,False,False,2.8284271247461903
AGAAGCAGCCTAAGCT-1,38,72,0.0,0.3465736,-0.42149004,-1.1433318,0.0,0.0,0.10084381839069423,False,False,False,3.1622776601683795
AGAAGCTGGCCTAGTG-1,8,106,0.3465736,0.0,1.2687509,-1.4441334,0.0,0.63092977,0.0,True,False,False,0.0
AGAAGGATGGTATGAA-1,23,87,0.0,1.2424533,-0.42149004,-0.3657711,0.0,0.0,0.3615212085345766,False,False,False,3.1622776601683795
AGAAGGCGTAGAATAG-1,55,39,0.0,0.0,-0.42149004,-1.4441334,0.0,0.0,0.0,False,False,False,4.0
AGAAGTTAACCAGAGC-1,21,95,0.0,1.3195286,-0.42149004,-0.2988752,0.0,0.0,0.3839480753730098,False,False,False,4.0
AGAAGTTGAGCGCAAG-1,20,64,0.0,2.5964785,-0.42149004,0.8094276,0.0,0.0,0.7555068588063591,False,False,False,2.0
AGAATTCTGTTGACAA-1,16,32,0.3465736,0.3465736,1.2687509,-1.1433318,0.06362536695009495,0.63092977,0.10084381839069423,True,False,False,0.0
AGACAAGACGTATCGC-1,28,96,0.0,0.3465736,-0.42149004,-1.1433318,0.0,0.0,0.10084381839069423,False,False,False,4.0
AGACATCTTAGCACCT-1,56,78,0.0,3.2369454,-0.42149004,1.3653079,0.0,0.0,0.9418658620796617,False,True,False,1.4142135623730951
AGACCGAAGACTACTC-1,4,54,0.0,1.9356005,-0.42149004,0.23583196,0.0,0.0,0.563208780372934,False,False,False,2.8284271247461903
AGACCGACCGCAGACA-1,41,71,0.0,0.0,-0.42149004,-1.4441334,0.0,0.0,0.0,False,False,False,4.242640687119285
AGACCGCCAAGTTCAA-1,12,114,0.0,0.89587975,-0.42149004,-0.66657263,0.0,0.0,0.26067743010882455,False,False,False,1.4142135623730951
AGACCGCCGGCCAATG-1,53,49,0.3465736,0.54930615,1.2687509,-0.9673742,0.10084379618112044,0.63092977,0.15983363170060141,True,False,False,0.0
AGACCGGACTGTCCAT-1,63,91,0.0,3.329647,-0.42149004,1.4457664,0.0,0.0,0.9688396003388284,False,True,False,3.1622776601683795
AGACCGGAGCAACGCT-1,62,48,0.0,0.3465736,-0.42149004,-1.1433318,0.0,0.0,0.10084381839069423,False,False,False,1.4142135623730951
AGACCGGTATCCGTGG-1,63,95,0.3465736,3.488174,1.2687509,1.5833566,0.6309297680854797,0.63092977,1.0,True,True,True,0.0
AGACCGTCATTAGTTA-1,29,41,0.3465736,0.0,1.2687509,-1.4441334,0.0,0.63092977,0.0,True,False,False,0.0
AGACCTATCCTTATAG-1,51,31,0.0,0.0,-0.42149004,-1.4441334,0.0,0.0,0.0,False,False,False,1.4142135623730951
AGACCTCAGCGAGGTG-1,47,13,0.3465736,1.2424533,1.2687509,-0.3657711,0.22809449225870276,0.63092977,0.3615212085345766,True,False,False,0.0
AGACCTGATAACAGTG-1,3,33,0.3465736,1.0397208,1.2687509,-0.54172873,0.1908760504201414,0.63092977,0.3025313752421983,True,False,False,0.0
AGACCTTCGCGTGAAC-1,58,32,0.3465736,1.0397208,1.2687509,-0.54172873,0.1908760504201414,0.63092977,0.3025313752421983,True,False,False,0.0
AGACGCGTGATGCATC-1,19,99,0.0,3.107304,-0.42149004,1.2527883,0.0,0.0,0.9041436325475185,False,True,False,2.0
AGACGCTTGGCCTCAC-1,15,101,0.0,0.0,-0.42149004,-1.4441334,0.0,0.0,0.0,False,False,False,4.47213595499958
AGACGGCCTTACGGAG-1,40,54,0.0,2.4337673,-0.42149004,0.66820574,0.0,0.0,0.7081621902124751,False,False,False,1.4142135623730951
AGACGTAGGCGGACCG-1,36,102,0.0,1.4451859,-0.42149004,-0.1898135,0.0,0.0,0.42051104182695487,False,False,False,3.1622776601683795
AGACGTGGCGTTGAGT-1,34,38,0.0,2.3810868,-0.42149004,0.6224828,0.0,0.0,0.6928335567043892,False,False,False,1.4142135623730951
AGACGTTGCACCGCCA-1,2,110,0.0,0.89587975,-0.42149004,-0.66657263,0.0,0.0,0.26067743010882455,False,False,False,2.0
AGACTCAGACAGATAA-1,45,11,0.0,1.3862944,-0.42149004,-0.2409272,0.0,0.0,0.40337515866356816,False,False,False,1.4142135623730951
AGACTCATGACCTGGC-1,38,44,0.0,1.4451859,-0.42149004,-0.1898135,0.0,0.0,0.42051104182695487,False,False,False,2.0
AGACTCATTGCGGACA-1,42,68,0.0,0.0,-0.42149004,-1.4441334,0.0,0.0,0.0,False,False,False,1.4142135623730951
AGACTCCGCTTCGTAT-1,38,116,0.0,0.89587975,-0.42149004,-0.66657263,0.0,0.0,0.26067743010882455,False,False,False,1.4142135623730951
AGACTCCTGTATGGCG-1,47,63,0.0,1.9033313,-0.42149004,0.20782453,0.0,0.0,0.553819281972384,False,False,False,3.1622776601683795
AGACTCCTTATCATAC-1,12,16,0.0,3.0677824,-0.42149004,1.2184863,0.0,0.0,0.8926438802911943,False,True,False,1.4142135623730951
AGACTCGACTCCTAAT-1,11,79,0.0,3.0523968,-0.42149004,1.2051327,0.0,0.0,0.8881670873965966,False,True,False,1.4142135623730951
AGACTCTATTAGCGCT-1,18,104,0.0,2.1719027,-0.42149004,0.4409256,0.0,0.0,0.6319664701648409,False,False,False,4.47213595499958
AGACTGGTAAGGAGGT-1,57,87,0.0,3.2384863,-0.42149004,1.3666453,0.0,0.0,0.9423142287661272,False,True,False,2.0
AGATAACCAATACGCC-1,61,81,0.0,3.6235404,-0.42149004,1.7008452,0.0,0.0,1.0,False,True,False,3.1622776601683795
AGATAAGCCACTCATA-1,49,69,0.3465736,3.0910425,1.2687509,1.2386744,0.5674657687690505,0.63092977,0.8994119432516126,True,True,True,0.0
AGATAAGTGCTACGAC-1,17,115,0.0,0.3465736,-0.42149004,-1.1433318,0.0,0.0,0.10084381839069423,False,False,False,2.8284271247461903
AGATACAAGGATGGTG-1,64,18,0.0,2.3221955,-0.42149004,0.5713693,0.0,0.0,0.6756977484752691,False,False,False,2.8284271247461903
AGATACATCTACGCAC-1,13,119,0.0,0.0,-0.42149004,-1.4441334,0.0,0.0,0.0,False,False,False,3.1622776601683795
AGATAGGTGAATTGCC-1,7,5,0.0,2.5437982,-0.42149004,0.76370484,0.0,0.0,0.7401782852456865,False,False,False,3.1622776601683795
AGATAGGTGACCGCGT-1,77,25,0.0,0.0,-0.42149004,-1.4441334,0.0,0.0,0.0,False,False,False,2.8284271247461903
AGATCAAGCATCTACT-1,2,80,0.0,0.54930615,-0.42149004,-0.9673742,0.0,0.0,0.15983363170060141,False,False,False,2.8284271247461903
AGATCAGTCGATAGAA-1,49,53,0.0,0.3465736,-0.42149004,-1.1433318,0.0,0.0,0.10084381839069423,False,False,False,1.4142135623730951
AGATCTCCGCCTTATT-1,45,31,0.0,0.3465736,-0.42149004,-1.1433318,0.0,0.0,0.10084381839069423,False,False,False,1.4142135623730951
AGATGAGGCGCCTCCA-1,9,59,0.0,2.6876392,-0.42149004,0.88854873,0.0,0.0,0.7820322303790603,False,False,False,2.8284271247461903
AGATGCACGTAGGTGC-1,71,45,0.3465736,0.54930615,1.2687509,-0.9673742,0.10084379618112044,0.63092977,0.15983363170060141,True,False,False,0.0
AGATGCTCCGTCATCT-1,30,88,0.0,2.0126758,-0.42149004,0.30272785,0.0,0.0,0.5856356422157494,False,False,False,3.1622776601683795
AGATTGAGTTAGGAAC-1,32,84,0.0,1.3862944,-0.42149004,-0.2409272,0.0,0.0,0.40337515866356816,False,False,False,3.1622776601683795
AGATTGCGCCTCGCTC-1,30,38,0.0,2.441401,-0.42149004,0.6748313,0.0,0.0,0.7103834017346308,False,False,False,1.4142135623730951
AGCAACAGTATGTCGC-1,4,106,0.0,0.3465736,-0.42149004,-1.1433318,0.0,0.0,0.10084381839069423,False,False,False,2.0
AGCAATAACAATTCCA-1,8,76,0.0,3.1745696,-0.42149004,1.3111701,0.0,0.0,0.9237161432671002,False,True,False,3.1622776601683795
AGCACGAGATAACGGT-1,33,111,0.0,0.0,-0.42149004,-1.4441334,0.0,0.0,0.0,False,False,False,2.8284271247461903
AGCACGATACCTAAGC-1,11,49,0.3465736,1.9356005,1.2687509,0.23583196,0.3553451851844011,0.63092977,0.563208780372934,True,False,False,0.0
AGCACGCTCGATCTAA-1,36,42,0.0,2.5619822,-0.42149004,0.7794872,0.0,0.0,0.7454693238725285,False,False,False,2.8284271247461903
AGCACGGAGGCAGTCA-1,17,67,0.0,2.7607305,-0.42149004,0.95198685,0.0,0.0,0.8032998741042376,False,True,False,3.1622776601683795
AGCACTCATACAGAAC-1,62,38,0.0,0.0,-0.42149004,-1.4441334,0.0,0.0,0.0,False,False,False,3.1622776601683795
AGCACTGCATCCTAGC-1,11,89,0.0,2.1783543,-0.42149004,0.44652516,0.0,0.0,0.6338437234120109,False,False,False,1.4142135623730951
AGCAGGTAAGTATCTG-1,16,50,0.3465736,0.3465736,1.2687509,-1.1433318,0.06362536695009495,0.63092977,0.10084381839069423,True,False,False,0.0
AGCAGGTATGCCATTG-1,57,17,0.3465736,3.3667011,1.2687509,1.4779267,0.6180722663995961,0.63092977,0.9796213424437097,True,True,True,0.0
AGCAGGTGCAATGGTT-1,63,85,0.0,3.5306673,-0.42149004,1.620238,0.0,0.0,1.0,False,True,False,3.1622776601683795
AGCATAATTCCAGATA-1,8,38,0.0,1.0397208,-0.42149004,-0.54172873,0.0,0.0,0.3025313752421983,False,False,False,2.0
AGCATCCTGACAGCCG-1,5,69,0.0,0.3465736,-0.42149004,-1.1433318,0.0,0.0,0.10084381839069423,False,False,False,5.0990195135927845
AGCATGAGCGAATATT-1,56,44,0.3465736,0.6931472,1.2687509,-0.84253025,0.12725070868511817,0.63092977,0.20168759681644627,True,False,False,0.0
AGCATGCACCGCGTCA-1,44,38,0.0,0.3465736,-0.42149004,-1.1433318,0.0,0.0,0.10084381839069423,False,False,False,1.4142135623730951
AGCATTAGACGGATTG-1,8,46,0.3465736,2.721209,1.2687509,0.917685,0.49957029246263035,0.63092977,0.7918001618128556,True,True,True,0.0
AGCCAGATACTCGAAC-1,15,89,0.0,2.7276607,-0.42149004,0.92328453,0.0,0.0,0.7936774150600256,False,True,False,3.1622776601683795
AGCCAGATCAAGATTC-1,4,48,0.0,2.2154083,-0.42149004,0.47868547,0.0,0.0,0.6446254755081277,False,False,False,4.0
AGCCAGCGGCAAGCGT-1,45,105,0.0,3.3454213,-0.42149004,1.4594574,0.0,0.0,0.9734294940198329,False,True,False,4.242640687119285
AGCCGACCGATGTACA-1,4,116,0.0,0.3465736,-0.42149004,-1.1433318,0.0,0.0,0.10084381839069423,False,False,False,1.4142135623730951
AGCCGATGTTCTACTC-1,55,93,0.0,3.1172054,-0.42149004,1.261382,0.0,0.0,0.907024665265284,False,True,False,3.1622776601683795
AGCCGGCCTATTCCAG-1,46,62,0.0,2.0126758,-0.42149004,0.30272785,0.0,0.0,0.5856356422157494,False,False,False,2.0
AGCCGTATCTTCGTCT-1,21,53,0.0,2.1242476,-0.42149004,0.39956433,0.0,0.0,0.6181000939441909,False,False,False,1.4142135623730951
AGCCGTATTCAACCGT-1,47,105,0.0,3.1648605,-0.42149004,1.3027433,0.0,0.0,0.9208910614684052,False,True,False,3.1622776601683795
AGCCGTTGCATCCTAG-1,19,5,0.0,2.29756,-0.42149004,0.5499873,0.0,0.0,0.6685294366187859,False,False,False,1.4142135623730951
AGCCTCCGAACTACCA-1,24,64,0.0,2.2499049,-0.42149004,0.50862604,0.0,0.0,0.6546630603981359,False,False,False,3.1622776601683795
AGCCTCGCATGGTCCT-1,50,102,0.0,3.086893,-0.42149004,1.2350731,0.0,0.0,0.8982046023479561,False,True,False,1.4142135623730951
AGCCTCTATGCAGCAA-1,19,103,0.0,2.3221955,-0.42149004,0.5713693,0.0,0.0,0.6756977484752691,False,False,False,4.47213595499958
AGCCTCTGTTCCGATG-1,6,10,0.0,2.8872757,-0.42149004,1.0618192,0.0,0.0,0.8401211939269906,False,True,False,3.1622776601683795
AGCGACATTCGATCTG-1,68,90,0.0,1.3862944,-0.42149004,-0.2409272,0.0,0.0,0.40337515866356816,False,False,False,4.47213595499958
AGCGACCGTTCTATAC-1,15,97,0.0,1.7917595,-0.42149004,0.11098804,0.0,0.0,0.5213548277461335,False,False,False,3.1622776601683795
AGCGACTATGTATCTT-1,65,41,0.0,0.0,-0.42149004,-1.4441334,0.0,0.0,0.0,False,False,False,4.0
AGCGAGAACAGATTCT-1,33,59,0.0,0.54930615,-0.42149004,-0.9673742,0.0,0.0,0.15983363170060141,False,False,False,1.4142135623730951
AGCGAGGAACTGGTCC-1,51,37,0.3465736,1.4451859,1.2687509,-0.1898135,0.2653129340972641,0.63092977,0.42051104182695487,True,False,False,0.0
AGCGCATCGTGGTCGA-1,69,79,0.0,0.89587975,-0.42149004,-0.66657263,0.0,0.0,0.26067743010882455,False,False,False,4.242640687119285
AGCGGAATGTCGCTGT-1,30,34,0.0,2.138333,-0.42149004,0.41178957,0.0,0.0,0.6221986086696945,False,False,False,3.1622776601683795
AGCGGCGAATAATCTT-1,65,23,0.0,3.0972028,-0.42149004,1.2440212,0.0,0.0,0.9012044508388619,False,True,False,1.4142135623730951
AGCGGTACGCCGAGAA-1,34,30,0.0,2.5529728,-0.42149004,0.7716677,0.0,0.0,0.7428478434718367,False,False,False,2.0
AGCGGTACGGCGCATC-1,73,37,0.0,0.3465736,-0.42149004,-1.1433318,0.0,0.0,0.10084381839069423,False,False,False,5.0990195135927845
AGCGGTGAGTGACATG-1,44,66,0.6931472,0.3465736,2.9589918,-1.1433318,0.10084381839069423,1.0,0.10084381839069423,True,False,False,0.0
AGCGGTGCAGGCATCT-1,42,28,0.3465736,2.9085555,1.2687509,1.0802885,0.5339640915381495,0.63092977,0.8463130423508674,True,True,True,0.0
AGCGGTTAATCGAAGT-1,11,77,0.3465736,1.3862944,1.2687509,-0.2409272,0.25450139530704863,0.63092977,0.40337515866356816,True,False,False,0.0
AGCGGTTACAATACGC-1,44,114,0.3465736,2.3502402,1.2687509,0.5957101,0.4314663757659234,0.63092977,0.6838580101794585,True,False,False,0.0
AGCGGTTAGACTCGCC-1,52,36,0.6931472,0.0,2.9589918,-1.4441334,0.0,1.0,0.0,True,False,False,0.0
AGCGTGCCTGTATGCC-1,10,8,0.0,3.5979686,-0.42149004,1.6786506,0.0,0.0,1.0,False,True,False,1.4142135623730951
AGCGTGCGCCTGATCG-1,24,74,0.0,2.2386684,-0.42149004,0.49887362,0.0,0.0,0.651393558451017,False,False,False,4.47213595499958
AGCGTGCTTCGCTCAT-1,45,47,0.0,1.0397208,-0.42149004,-0.54172873,0.0,0.0,0.3025313752421983,False,False,False,2.0
AGCGTGGCACCGACAA-1,45,79,0.0,2.6441336,-0.42149004,0.8507889,0.0,0.0,0.769373235027009,False,False,False,1.4142135623730951
AGCGTGTATGTACGGT-1,17,91,0.0,1.4451859,-0.42149004,-0.1898135,0.0,0.0,0.42051104182695487,False,False,False,5.0990195135927845
AGCGTTACAGTCCTGG-1,17,15,0.0,2.8715014,-0.42149004,1.0481282,0.0,0.0,0.8355313002459861,False,True,False,1.4142135623730951
AGCGTTATACCTGTTG-1,44,48,0.0,1.2424533,-0.42149004,-0.3657711,0.0,0.0,0.3615212085345766,False,False,False,1.4142135623730951
AGCGTTGGCTCACGAT-1,55,13,0.0,3.4011974,-0.42149004,1.5078671,0.0,0.0,0.9896588573950691,False,True,False,1.4142135623730951
AGCTACCAGCGTTACT-1,40,116,0.0,0.0,-0.42149004,-1.4441334,0.0,0.0,0.0,False,False,False,1.4142135623730951
AGCTAGCGTACAGTAA-1,30,112,0.0,2.5964785,-0.42149004,0.8094276,0.0,0.0,0.7555068588063591,False,False,False,5.0990195135927845
AGCTATAAGTCCAGCA-1,36,14,0.3465736,2.2554297,1.2687509,0.51342124,0.41406068913064115,0.63092977,0.6562706501978574,True,False,False,0.0
AGCTATAGAATAGTCT-1,51,17,0.0,2.8314803,-0.42149004,1.0133927,0.0,0.0,0.8238861954949052,False,True,False,1.4142135623730951
AGCTCAACATCGTCCG-1,44,14,0.0,0.6931472,-0.42149004,-0.84253025,0.0,0.0,0.20168759681644627,False,False,False,1.4142135623730951
AGCTCGACAGGCGATA-1,57,69,0.3465736,0.6931472,1.2687509,-0.84253025,0.12725070868511817,0.63092977,0.20168759681644627,True,False,False,0.0
AGCTGACGTAACGCTG-1,22,38,0.0,1.7917595,-0.42149004,0.11098804,0.0,0.0,0.5213548277461335,False,False,False,2.0
AGCTGATCGGATTGTT-1,2,54,0.0,1.2424533,-0.42149004,-0.3657711,0.0,0.0,0.3615212085345766,False,False,False,2.0
AGCTGTACGCTGACTC-1,12,90,0.3465736,2.607468,1.2687509,0.8189656,0.47868923770869876,0.63092977,0.7587044738137081,True,False,False,0.0
AGCTGTCCAGATGCTA-1,28,114,0.0,1.0397208,-0.42149004,-0.54172873,0.0,0.0,0.3025313752421983,False,False,False,7.0710678118654755
AGCTGTTCCGGTGATT-1,61,73,0.0,2.8502216,-0.42149004,1.0296588,0.0,0.0,0.8293394118571672,False,True,False,2.0
AGCTTCGCTGCGGTCA-1,70,36,0.0,0.54930615,-0.42149004,-0.9673742,0.0,0.0,0.15983363170060141,False,False,False,6.324555320336759
AGCTTGAGTCAGGCCG-1,50,50,0.0,0.3465736,-0.42149004,-1.1433318,0.0,0.0,0.10084381839069423,False,False,False,1.4142135623730951
AGCTTGGATGCAAGCC-1,17,17,0.54930615,1.7005987,2.2574785,0.031866897,0.49482944493329234,1.0,0.49482944493329234,True,False,False,0.0
AGGAATTACGGTGACG-1,61,69,0.3465736,0.804719,1.2687509,-0.7456938,0.1477334913813981,0.63092977,0.23415203855365221,True,False,False,0.0
AGGACCAGTAACCTAA-1,26,18,0.0,2.9700856,-0.42149004,1.1336924,0.0,0.0,0.8642166970143453,False,True,False,1.4142135623730951
AGGACCAGTGCGCCAG-1,52,110,0.0,3.5858283,-0.42149004,1.6681137,0.0,0.0,1.0,False,True,False,4.242640687119285
AGGACCGCAATAGTTA-1,37,17,0.0,3.3643143,-0.42149004,1.4758552,0.0,0.0,0.9789268716432185,False,True,False,1.4142135623730951
AGGACCGTAGATGCTA-1,31,39,0.0,1.732868,-0.42149004,0.05987433,0.0,0.0,0.5042189433338424,False,False,False,1.4142135623730951
AGGACCTGTACCATTC-1,40,32,0.3465736,0.3465736,1.2687509,-1.1433318,0.06362536695009495,0.63092977,0.10084381839069423,True,False,False,0.0
AGGACGAAGCCTCCTT-1,21,15,0.0,2.4814224,-0.42149004,0.709567,0.0,0.0,0.722028566433125,False,False,False,2.8284271247461903
AGGACGAATGCTTCAA-1,41,103,0.0,2.8502216,-0.42149004,1.0296588,0.0,0.0,0.8293394118571672,False,True,False,3.1622776601683795
AGGACGTATCGCCGTA-1,43,93,0.0,0.0,-0.42149004,-1.4441334,0.0,0.0,0.0,False,False,False,3.1622776601683795
AGGACGTCGGCACGAA-1,34,68,0.0,3.0201273,-0.42149004,1.177125,0.0,0.0,0.8787774840880732,False,True,False,1.4142135623730951
AGGACTAGGACCGCAG-1,20,82,0.0,2.5184765,-0.42149004,0.74172735,0.0,0.0,0.7328103285204773,False,False,False,7.0710678118654755
AGGACTGAAGTGCCTT-1,57,95,0.0,3.3166592,-0.42149004,1.4344939,0.0,0.0,0.9650604754400974,False,True,False,4.47213595499958
AGGACTGGATGAAGAC-1,22,66,0.0,3.263979,-0.42149004,1.3887712,0.0,0.0,0.9497319218618959,False,True,False,4.47213595499958
AGGAGCAGCGTTAATA-1,7,67,0.0,1.5222611,-0.42149004,-0.12291759,0.0,0.0,0.442937908665388,False,False,False,4.242640687119285
AGGAGCATAATCCACT-1,48,90,0.0,0.0,-0.42149004,-1.4441334,0.0,0.0,0.0,False,False,False,1.4142135623730951
AGGAGCATCACTCAGC-1,26,12,0.0,3.6582742,-0.42149004,1.7309917,0.0,0.0,1.0,False,True,False,2.0
AGGAGCCTCGAACGTT-1,68,46,0.6931472,0.89587975,2.9589918,-0.66657263,0.26067743010882455,1.0,0.26067743010882455,True,False,False,0.0
AGGAGCCTTCGCCTTA-1,72,16,0.0,1.732868,-0.42149004,0.05987433,0.0,0.0,0.5042189433338424,False,False,False,2.0
AGGAGCGAATGCGTTA-1,7,9,0.0,3.2369454,-0.42149004,1.3653079,0.0,0.0,0.9418658620796617,False,True,False,2.0
AGGAGCTATGAACACT-1,5,99,0.3465736,0.6931472,1.2687509,-0.84253025,0.12725070868511817,0.63092977,0.20168759681644627,True,False,False,0.0
AGGAGCTGCAAGGACT-1,6,114,0.0,0.6931472,-0.42149004,-0.84253025,0.0,0.0,0.20168759681644627,False,False,False,1.4142135623730951
AGGAGTACAGTGCATA-1,6,40,0.3465736,2.4849067,1.2687509,0.7125911,0.4561889719098697,0.63092977,0.723042397086682,True,False,False,0.0
AGGATAACCGGTCGGA-1,48,74,0.0,3.2755404,-0.42149004,1.3988056,0.0,0.0,0.9530959708710084,False,True,False,4.0
AGGATACCTCCGAGCG-1,8,52,0.0,2.1783543,-0.42149004,0.44652516,0.0,0.0,0.6338437234120109,False,False,False,2.0
AGGATAGAGTTAATCA-1,4,44,0.0,2.8468661,-0.42149004,1.0267465,0.0,0.0,0.8283630683193873,False,True,False,1.4142135623730951
AGGATATCGCGAATAC-1,52,86,0.0,2.0471723,-0.42149004,0.33266842,0.0,0.0,0.5956732271057577,False,False,False,4.0
AGGATCAACATTCGTT-1,24,106,0.0,0.0,-0.42149004,-1.4441334,0.0,0.0,0.0,False,False,False,5.0990195135927845
AGGATCCGTGAGGCGG-1,42,110,0.0,1.7917595,-0.42149004,0.11098804,0.0,0.0,0.5213548277461335,False,False,False,1.4142135623730951
AGGATCTTAATGGTGA-1,59,111,0.0,2.3810868,-0.42149004,0.6224828,0.0,0.0,0.6928335567043892,False,False,False,5.656854249492381
AGGATGAGTGCGTGCG-1,76,26,0.0,0.3465736,-0.42149004,-1.1433318,0.0,0.0,0.10084381839069423,False,False,False,1.4142135623730951
AGGATTCTACGCCTAG-1,43,99,0.0,2.393746,-0.42149004,0.63346994,0.0,0.0,0.6965170055315097,False,False,False,1.4142135623730951
AGGCAACTAGCGTACC-1,51,59,0.3465736,0.89587975,1.2687509,-0.66657263,0.16446915052367952,0.63092977,0.26067743010882455,True,False,False,0.0
AGGCAATGTCAGCTGG-1,59,37,0.0,0.89587975,-0.42149004,-0.66657263,0.0,0.0,0.26067743010882455,False,False,False,1.4142135623730951
AGGCATTAAGTCTGGC-1,31,53,0.54930615,0.6931472,2.2574785,-0.84253025,0.20168759681644627,1.0,0.20168759681644627,True,False,False,0.0
AGGCATTACTATAGTA-1,34,78,0.0,1.4978662,-0.42149004,-0.14409073,0.0,0.0,0.43583961039200964,False,False,False,3.1622776601683795
AGGCCGCAGAATAACG-1,27,103,0.0,0.3465736,-0.42149004,-1.1433318,0.0,0.0,0.10084381839069423,False,False,False,2.0
AGGCCTGTCTAGTGGC-1,16,92,0.0,0.0,-0.42149004,-1.4441334,0.0,0.0,0.0,False,False,False,4.47213595499958
AGGCGATTCCACTTCT-1,8,78,0.0,1.8444397,-0.42149004,0.1567108,0.0,0.0,0.5366833938133795,False,False,False,2.8284271247461903
AGGCTGCAGCTCAGGC-1,41,35,0.0,0.3465736,-0.42149004,-1.1433318,0.0,0.0,0.10084381839069423,False,False,False,1.4142135623730951
AGGCTGCGCAGCAACT-1,60,14,0.0,2.9115229,-0.42149004,1.082864,0.0,0.0,0.8471764849269514,False,True,False,1.4142135623730951
AGGCTTAACCGATTGT-1,41,7,0.804719,1.1512926,3.5031278,-0.44489226,0.3349958269706398,1.0,0.3349958269706398,True,False,False,0.0
AGGTACAGCTATGATA-1,19,27,0.0,2.4708214,-0.42149004,0.7003661,0.0,0.0,0.7189439522998273,False,False,False,1.4142135623730951
AGGTACCAGACGCCAG-1,21,9,0.3465736,3.7235842,1.2687509,1.7876762,0.6309297680854797,0.63092977,1.0,True,True,True,0.0
AGGTACGGAAGTCAAC-1,77,23,0.0,0.0,-0.42149004,-1.4441334,0.0,0.0,0.0,False,False,False,2.0
AGGTACGTGATATCTG-1,0,100,0.3465736,0.3465736,1.2687509,-1.1433318,0.06362536695009495,0.63092977,0.10084381839069423,True,False,False,0.0
AGGTCACCTCCGCCTC-1,68,18,0.0,3.2498937,-0.42149004,1.3765461,0.0,0.0,0.9456334770750412,False,True,False,2.0
AGGTCGAGGTCTAGGC-1,9,113,0.0,0.0,-0.42149004,-1.4441334,0.0,0.0,0.0,False,False,False,4.0
AGGTCTCACGCCAATA-1,37,13,0.0,2.705823,-0.42149004,0.9043309,0.0,0.0,0.7873232090584891,False,True,False,1.4142135623730951
AGGTCTTCCATCGCCG-1,44,52,0.6931472,0.0,2.9589918,-1.4441334,0.0,1.0,0.0,True,False,False,0.0
AGGTGAAGTGACGACT-1,28,88,0.0,2.0126758,-0.42149004,0.30272785,0.0,0.0,0.5856356422157494,False,False,False,2.0
AGGTGAATCCACAACC-1,70,46,0.89587975,0.6931472,3.9477193,-0.84253025,0.20168759681644627,1.0,0.20168759681644627,True,False,False,0.0
AGGTGAGCAATGTCTT-1,48,44,0.0,0.804719,-0.42149004,-0.7456938,0.0,0.0,0.23415203855365221,False,False,False,1.4142135623730951
AGGTGAGGTAGAATAC-1,63,105,0.0,3.0827088,-0.42149004,1.2314414,0.0,0.0,0.8969870703840402,False,True,False,5.830951894845301
AGGTGATTGGCGGTAT-1,54,44,0.0,1.0986123,-0.42149004,-0.49061504,0.0,0.0,0.31966725340996727,False,False,False,1.4142135623730951
AGGTGGACTTGCCACC-1,19,1,0.0,2.138333,-0.42149004,0.41178957,0.0,0.0,0.6221986086696945,False,False,False,2.0
AGGTGGCACTTGTCAG-1,53,7,0.0,3.2755404,-0.42149004,1.3988056,0.0,0.0,0.9530959708710084,False,True,False,2.0
AGGTGGCTGTCGCCAA-1,34,116,0.0,0.0,-0.42149004,-1.4441334,0.0,0.0,0.0,False,False,False,5.0990195135927845
AGGTTAGTGGCCATAG-1,24,104,0.0,0.804719,-0.42149004,-0.7456938,0.0,0.0,0.23415203855365221,False,False,False,4.242640687119285
AGGTTCCACGCCGAAG-1,44,16,0.3465736,1.0986123,1.2687509,-0.49061504,0.20168758605847292,0.63092977,0.31966725340996727,True,False,False,0.0
AGGTTGAGTAGGAGAT-1,44,32,0.0,0.3465736,-0.42149004,-1.1433318,0.0,0.0,0.10084381839069423,False,False,False,1.4142135623730951
AGTAACCGCAGGTCAA-1,22,116,0.0,0.0,-0.42149004,-1.4441334,0.0,0.0,0.0,False,False,False,2.8284271247461903
AGTAAGCTCGGCCAAT-1,46,82,0.0,2.65906,-0.42149004,0.86374396,0.0,0.0,0.773716425119855,False,False,False,2.0
AGTACATATGTAGGAA-1,11,35,0.0,0.3465736,-0.42149004,-1.1433318,0.0,0.0,0.10084381839069423,False,False,False,1.4142135623730951
AGTACCGTTGTACGCC-1,26,70,0.0,3.2610464,-0.42149004,1.3862259,0.0,0.0,0.948878630381129,False,True,False,2.8284271247461903
AGTAGACAGATAACGG-1,5,77,0.6931472,0.89587975,2.9589918,-0.66657263,0.26067743010882455,1.0,0.26067743010882455,True,False,False,0.0
AGTAGACAGTAAGGAG-1,38,54,0.89587975,0.54930615,3.9477193,-0.9673742,0.15983363170060141,1.0,0.15983363170060141,True,False,False,0.0
AGTAGAGCATGGACGT-1,33,49,0.6931472,0.0,2.9589918,-1.4441334,0.0,1.0,0.0,True,False,False,0.0
AGTATTACGGTATTCG-1,57,21,0.0,3.466224,-0.42149004,1.5643055,0.0,0.0,1.0,False,True,False,1.4142135623730951
AGTATTAGCTGATCGA-1,57,111,0.0,2.2554297,-0.42149004,0.51342124,0.0,0.0,0.6562706501978574,False,False,False,4.47213595499958
AGTATTCAGCTGAATG-1,48,80,0.0,3.1336002,-0.42149004,1.2756115,0.0,0.0,0.9117951205551175,False,True,False,3.1622776601683795
AGTATTCGTCGGTATC-1,23,55,0.0,1.8688347,-0.42149004,0.17788394,0.0,0.0,0.5437816920867579,False,False,False,3.1622776601683795
AGTATTGATTGAGTCA-1,66,100,0.0,1.2424533,-0.42149004,-0.3657711,0.0,0.0,0.3615212085345766,False,False,False,3.1622776601683795
AGTCACTTATTCAAGG-1,48,28,0.3465736,0.0,1.2687509,-1.4441334,0.0,0.63092977,0.0,True,False,False,0.0
AGTCCGTGATCACTAC-1,51,25,0.3465736,3.156774,1.2687509,1.2957247,0.5795330212822833,0.63092977,0.9185380855318384,True,True,True,0.0
AGTCGCCACTCGGCGA-1,42,62,0.0,0.6931472,-0.42149004,-0.84253025,0.0,0.0,0.20168759681644627,False,False,False,2.8284271247461903
AGTCGGACCGTGCTTA-1,29,73,0.0,1.7005987,-0.42149004,0.031866897,0.0,0.0,0.49482944493329234,False,False,False,1.4142135623730951
AGTCGGTCTAATCTGT-1,44,62,0.0,0.3465736,-0.42149004,-1.1433318,0.0,0.0,0.10084381839069423,False,False,False,2.0
AGTCGGTTATACATAG-1,29,23,0.0,1.609438,-0.42149004,-0.047254253,0.0,0.0,0.4683040608715467,False,False,False,1.4142135623730951
AGTCGGTTGGTTGGCG-1,18,22,0.0,2.7276607,-0.42149004,0.92328453,0.0,0.0,0.7936774150600256,False,True,False,1.4142135623730951
AGTCGTTGCCGCCAAC-1,7,7,0.0,3.4891067,-0.42149004,1.5841662,0.0,0.0,1.0,False,True,False,2.8284271247461903
AGTCTAGGATTGTCAC-1,27,13,0.0,3.2384863,-0.42149004,1.3666453,0.0,0.0,0.9423142287661272,False,True,False,1.4142135623730951
AGTCTGTTACAATAGT-1,74,28,0.0,0.3465736,-0.42149004,-1.1433318,0.0,0.0,0.10084381839069423,False,False,False,1.4142135623730951
AGTGAGCGCCTGTCCT-1,74,10,0.0,0.54930615,-0.42149004,-0.9673742,0.0,0.0,0.15983363170060141,False,False,False,1.4142135623730951
AGTGAGGTCTGTGCTC-1,60,22,0.0,3.1002545,-0.42149004,1.2466699,0.0,0.0,0.9020924318894527,False,True,False,1.4142135623730951
AGTGAGTATTCTAAGT-1,39,75,0.0,0.0,-0.42149004,-1.4441334,0.0,0.0,0.0,False,False,False,3.1622776601683795
AGTGCAATAACTAACA-1,54,74,0.0,3.263979,-0.42149004,1.3887712,0.0,0.0,0.9497319218618959,False,True,False,5.0990195135927845
AGTGCCAGATGCTCTG-1,36,80,0.0,0.3465736,-0.42149004,-1.1433318,0.0,0.0,0.10084381839069423,False,False,False,2.8284271247461903
AGTGCGCAACATGCGT-1,49,65,0.0,0.0,-0.42149004,-1.4441334,0.0,0.0,0.0,False,False,False,1.4142135623730951
AGTGCTTCGCGGACGC-1,7,15,0.0,3.1288338,-0.42149004,1.2714746,0.0,0.0,0.9104082171661869,False,True,False,1.4142135623730951
AGTGGTATGTCCAAGT-1,20,42,0.0,1.0397208,-0.42149004,-0.54172873,0.0,0.0,0.3025313752421983,False,False,False,2.0
AGTGTACCTCTGTATG-1,34,114,0.0,0.6931472,-0.42149004,-0.84253025,0.0,0.0,0.20168759681644627,False,False,False,5.0990195135927845
AGTGTAGCTCTTATCT-1,9,105,0.0,0.0,-0.42149004,-1.4441334,0.0,0.0,0.0,False,False,False,1.4142135623730951
AGTGTCATGGTTGTGG-1,60,78,0.0,3.8978233,-0.42149004,1.9389036,0.0,0.0,1.0,False,True,False,2.0
AGTGTCGTGGCATGTT-1,50,114,0.0,1.994492,-0.42149004,0.28694567,0.0,0.0,0.5803446635363207,False,False,False,5.0990195135927845
AGTGTCTAGGCTAATA-1,22,80,0.0,2.0471723,-0.42149004,0.33266842,0.0,0.0,0.5956732271057577,False,False,False,6.0
AGTGTCTGAACTGTGG-1,13,23,0.0,3.4960482,-0.42149004,1.590191,0.0,0.0,1.0,False,True,False,4.242640687119285
AGTGTCTTAAGCTTGT-1,22,22,0.0,1.8688347,-0.42149004,0.17788394,0.0,0.0,0.5437816920867579,False,False,False,1.4142135623730951
AGTGTTCGAGGATGAA-1,63,93,0.0,3.0456548,-0.42149004,1.1992811,0.0,0.0,0.886205328279159,False,True,False,2.0
AGTTAACGAGCCACTC-1,50,118,0.0,0.0,-0.42149004,-1.4441334,0.0,0.0,0.0,False,False,False,5.0990195135927845
AGTTAAGACTGGCTCC-1,49,45,0.54930615,2.4849067,2.2574785,0.7125911,0.723042397086682,1.0,0.723042397086682,True,False,False,0.0
AGTTAAGGTAGATACT-1,2,118,0.0,0.0,-0.42149004,-1.4441334,0.0,0.0,0.0,False,False,False,2.8284271247461903
AGTTACCTCACCAGCA-1,53,77,0.0,3.0342128,-0.42149004,1.1893502,0.0,0.0,0.8828760088048124,False,True,False,2.8284271247461903
AGTTAGAAGGACGAAT-1,12,78,0.3465736,2.8617926,1.2687509,1.0397016,0.5253791665033579,0.63092977,0.8327062584122332,True,True,True,0.0
AGTTATCCTGAACGAA-1,32,54,0.0,0.0,-0.42149004,-1.4441334,0.0,0.0,0.0,False,False,False,1.4142135623730951
AGTTCGGCACATACGG-1,22,82,0.0,0.3465736,-0.42149004,-1.1433318,0.0,0.0,0.10084381839069423,False,False,False,6.324555320336759
AGTTCGTCTAGTGCAG-1,49,27,0.3465736,1.3540251,1.2687509,-0.26893464,0.2485772812587506,0.63092977,0.39398566026301807,True,False,False,0.0
AGTTCGTGCAGACCTT-1,42,92,0.0,0.3465736,-0.42149004,-1.1433318,0.0,0.0,0.10084381839069423,False,False,False,2.0
AGTTCGTGCATGTCGA-1,37,115,0.0,0.0,-0.42149004,-1.4441334,0.0,0.0,0.0,False,False,False,2.0
AGTTGGCAACGTTGTC-1,62,108,0.0,3.3231955,-0.42149004,1.440167,0.0,0.0,0.9669623670741295,False,True,False,7.0710678118654755
AGTTGGCACCAGTTAC-1,52,60,0.0,1.9356005,-0.42149004,0.23583196,0.0,0.0,0.563208780372934,False,False,False,1.4142135623730951
AGTTGTACTTAATGGA-1,36,60,0.0,0.0,-0.42149004,-1.4441334,0.0,0.0,0.0,False,False,False,1.4142135623730951
AGTTGTCCACAGACCA-1,29,45,0.3465736,1.3862944,1.2687509,-0.2409272,0.25450139530704863,0.63092977,0.40337515866356816,True,False,False,0.0
AGTTGTGAACCTGATG-1,3,99,0.0,0.54930615,-0.42149004,-0.9673742,0.0,0.0,0.15983363170060141,False,False,False,2.0
ATAACCTAGAACCTGC-1,33,57,0.0,0.3465736,-0.42149004,-1.1433318,0.0,0.0,0.10084381839069423,False,False,False,2.0
ATAACGAAGAGCACGC-1,56,14,0.0,3.3790474,-0.42149004,1.4886425,0.0,0.0,0.9832137910974563,False,True,False,1.4142135623730951
ATAACGCCTGTAGGCA-1,72,24,0.0,3.5450385,-0.42149004,1.632711,0.0,0.0,1.0,False,True,False,1.4142135623730951
ATAACGGCAAGACTCC-1,11,101,0.0,0.6931472,-0.42149004,-0.84253025,0.0,0.0,0.20168759681644627,False,False,False,4.0
ATAACGGCGTTACACT-1,6,102,0.0,0.0,-0.42149004,-1.4441334,0.0,0.0,0.0,False,False,False,3.1622776601683795
ATAACTGAACTCCTGG-1,12,106,0.0,0.0,-0.42149004,-1.4441334,0.0,0.0,0.0,False,False,False,1.4142135623730951
ATAAGAATCATGCATC-1,45,109,0.0,2.944439,-0.42149004,1.1114328,0.0,0.0,0.8567541632534359,False,True,False,1.4142135623730951
ATAAGACCAATCGCGG-1,26,100,0.0,0.54930615,-0.42149004,-0.9673742,0.0,0.0,0.15983363170060141,False,False,False,1.4142135623730951
ATAAGGAATAGAACAT-1,35,101,0.0,0.54930615,-0.42149004,-0.9673742,0.0,0.0,0.15983363170060141,False,False,False,2.0
ATAAGGCGGACAAGTT-1,21,21,0.0,3.3264315,-0.42149004,1.4429755,0.0,0.0,0.9679039411122012,False,True,False,2.0
ATAAGTACCACGAGTT-1,41,101,0.0,2.2924838,-0.42149004,0.5455816,0.0,0.0,0.6670524122852097,False,False,False,3.1622776601683795
ATAATCCGTTCCGTTC-1,18,108,0.0,0.54930615,-0.42149004,-0.9673742,0.0,0.0,0.15983363170060141,False,False,False,1.4142135623730951
ATAATCGTAGTTATTC-1,28,12,0.804719,2.393746,3.5031278,0.63346994,0.6965170055315097,1.0,0.6965170055315097,True,False,False,0.0
ATAATTAGTTCTACGG-1,62,52,0.0,0.54930615,-0.42149004,-0.9673742,0.0,0.0,0.15983363170060141,False,False,False,2.0
ATAATTATCGACCACG-1,20,4,0.0,1.2424533,-0.42149004,-0.3657711,0.0,0.0,0.3615212085345766,False,False,False,1.4142135623730951
ATACAAGGTCAGTAGA-1,45,85,0.0,0.54930615,-0.42149004,-0.9673742,0.0,0.0,0.15983363170060141,False,False,False,2.0
ATACAATTGCGGTATT-1,45,99,0.0,2.4563274,-0.42149004,0.68778634,0.0,0.0,0.7147265918274767,False,False,False,2.8284271247461903
ATACAGATAGATTGAC-1,75,9,0.0,0.0,-0.42149004,-1.4441334,0.0,0.0,0.0,False,False,False,2.8284271247461903
ATACATCAAGGATTGC-1,42,60,0.0,2.2386684,-0.42149004,0.49887362,0.0,0.0,0.651393558451017,False,False,False,2.0
ATACATCACGCCTTCT-1,47,41,0.0,1.8444397,-0.42149004,0.1567108,0.0,0.0,0.5366833938133795,False,False,False,1.4142135623730951
ATACATCACTGTCCGG-1,13,81,0.0,2.524928,-0.42149004,0.7473269,0.0,0.0,0.7346875817676474,False,False,False,2.0
ATACATGCATGATCTG-1,4,14,0.0,3.623184,-0.42149004,1.7005359,0.0,0.0,1.0,False,True,False,1.4142135623730951
ATACATGCTGGTGCAG-1,3,19,0.0,3.2506447,-0.42149004,1.377198,0.0,0.0,0.9458520053789536,False,True,False,1.4142135623730951
ATACGACATCTAGACC-1,65,75,0.0,2.3221955,-0.42149004,0.5713693,0.0,0.0,0.6756977484752691,False,False,False,1.4142135623730951
ATACGCTGAGATCAGA-1,38,64,0.0,0.0,-0.42149004,-1.4441334,0.0,0.0,0.0,False,False,False,1.4142135623730951
ATACGGCACGTTACGA-1,11,33,0.0,0.3465736,-0.42149004,-1.1433318,0.0,0.0,0.10084381839069423,False,False,False,1.4142135623730951
ATACGGCGACTGGTCT-1,45,37,0.3465736,0.3465736,1.2687509,-1.1433318,0.06362536695009495,0.63092977,0.10084381839069423,True,False,False,0.0
ATACGGTCCTTGTCTT-1,67,17,0.0,2.5184765,-0.42149004,0.74172735,0.0,0.0,0.7328103285204773,False,False,False,2.8284271247461903
ATACTAGCCACTTCGC-1,56,86,0.0,1.994492,-0.42149004,0.28694567,0.0,0.0,0.5803446635363207,False,False,False,3.1622776601683795
ATACTAGCCATTAGTT-1,23,51,0.0,0.54930615,-0.42149004,-0.9673742,0.0,0.0,0.15983363170060141,False,False,False,1.4142135623730951
ATACTAGTAACTGAGT-1,35,115,0.0,0.3465736,-0.42149004,-1.1433318,0.0,0.0,0.10084381839069423,False,False,False,4.0
ATACTATGAATGTCTT-1,70,16,0.0,2.791748,-0.42149004,0.9789079,0.0,0.0,0.8123251569997277,False,True,False,1.4142135623730951
ATACTCGTCCAACTGC-1,2,24,0.0,3.3166592,-0.42149004,1.4344939,0.0,0.0,0.9650604754400974,False,True,False,1.4142135623730951
ATACTGACTTCGGCAC-1,64,46,0.0,0.0,-0.42149004,-1.4441334,0.0,0.0,0.0,False,False,False,2.8284271247461903
ATACTGGACCACAGCC-1,8,54,0.0,2.138333,-0.42149004,0.41178957,0.0,0.0,0.6221986086696945,False,False,False,1.4142135623730951
ATACTGGAGGATAACG-1,26,54,0.3465736,1.4978662,1.2687509,-0.14409073,0.2749841843070965,0.63092977,0.43583961039200964,True,False,False,0.0
ATAGAACCTCTACCGA-1,21,107,0.0,1.2424533,-0.42149004,-0.3657711,0.0,0.0,0.3615212085345766,False,False,False,4.242640687119285
ATAGAACGTTCGATCT-1,18,44,0.0,0.3465736,-0.42149004,-1.1433318,0.0,0.0,0.10084381839069423,False,False,False,1.4142135623730951
ATAGAAGGAGCAGTAG-1,7,25,0.0,3.2291691,-0.42149004,1.3585587,0.0,0.0,0.9396031669475093,False,True,False,2.0
ATAGAATTCTACTTGA-1,10,116,0.0,0.6931472,-0.42149004,-0.84253025,0.0,0.0,0.20168759681644627,False,False,False,2.0
ATAGAATTCTAGGCCG-1,20,26,0.0,2.1719027,-0.42149004,0.4409256,0.0,0.0,0.6319664701648409,False,False,False,2.0
ATAGACATGGCTATGG-1,36,46,0.0,2.2386684,-0.42149004,0.49887362,0.0,0.0,0.651393558451017,False,False,False,1.4142135623730951
ATAGATGCCTAAGCAC-1,43,81,0.0,0.3465736,-0.42149004,-1.1433318,0.0,0.0,0.10084381839069423,False,False,False,1.4142135623730951
ATAGATTGAGTTCGAG-1,29,43,0.0,0.6931472,-0.42149004,-0.84253025,0.0,0.0,0.20168759681644627,False,False,False,1.4142135623730951
ATAGCACCTGCTGTCT-1,21,93,0.0,2.4814224,-0.42149004,0.709567,0.0,0.0,0.722028566433125,False,False,False,6.0
ATAGCTATTCGCACTC-1,51,73,0.0,2.7647147,-0.42149004,0.9554449,0.0,0.0,0.8044591771473779,False,True,False,4.242640687119285
ATAGCTGTGAATCGGC-1,4,64,0.0,2.668769,-0.42149004,0.8721706,0.0,0.0,0.7765414669536078,False,False,False,5.656854249492381
ATAGCTTCACAACCGT-1,38,28,0.0,0.804719,-0.42149004,-0.7456938,0.0,0.0,0.23415203855365221,False,False,False,2.0
ATAGCTTCGTGGAACG-1,59,21,0.0,3.0523968,-0.42149004,1.2051327,0.0,0.0,0.8881670873965966,False,True,False,2.8284271247461903
ATAGGCCGATAGAAGT-1,56,102,0.0,3.5074072,-0.42149004,1.6000497,0.0,0.0,1.0,False,True,False,1.4142135623730951
ATAGGCCGGTAATTCT-1,69,29,0.6931472,1.8688347,2.9589918,0.17788394,0.5437816920867579,1.0,0.5437816920867579,True,False,False,0.0
ATAGTACTATGGTTCT-1,44,96,0.0,2.0794415,-0.42149004,0.36067587,0.0,0.0,0.6050627305019255,False,False,False,1.4142135623730951
ATAGTCCGCCGTTGGC-1,32,80,0.0,1.4978662,-0.42149004,-0.14409073,0.0,0.0,0.43583961039200964,False,False,False,3.1622776601683795
ATAGTGACGAATAGAT-1,6,78,0.0,1.8444397,-0.42149004,0.1567108,0.0,0.0,0.5366833938133795,False,False,False,1.4142135623730951
ATAGTGAGTGAGGATT-1,29,95,0.0,0.0,-0.42149004,-1.4441334,0.0,0.0,0.0,False,False,False,3.1622776601683795
ATAGTTAAGGCACGAG-1,41,81,0.0,0.0,-0.42149004,-1.4441334,0.0,0.0,0.0,False,False,False,3.1622776601683795
ATAGTTCATCGGATCT-1,10,60,0.0,1.3540251,-0.42149004,-0.26893464,0.0,0.0,0.39398566026301807,False,False,False,2.0
ATAGTTCCTAGGCCGG-1,6,24,0.0,3.1457846,-0.42149004,1.2861867,0.0,0.0,0.9153404505420183,False,True,False,3.1622776601683795
ATAGTTCGCAGCCGTG-1,45,53,0.0,0.0,-0.42149004,-1.4441334,0.0,0.0,0.0,False,False,False,1.4142135623730951
ATAGTTCGGTTCCAGA-1,58,22,0.0,3.4811218,-0.42149004,1.5772358,0.0,0.0,1.0,False,True,False,2.0
ATCAACATAAGCGTAG-1,12,118,0.0,0.54930615,-0.42149004,-0.9673742,0.0,0.0,0.15983363170060141,False,False,False,2.0
ATCAAGTGGTGATGGC-1,16,114,0.0,0.0,-0.42149004,-1.4441334,0.0,0.0,0.0,False,False,False,2.0
ATCAATCTGCAGGACC-1,9,39,0.0,2.29756,-0.42149004,0.5499873,0.0,0.0,0.6685294366187859,False,False,False,3.1622776601683795
ATCAATGGTTGTACCT-1,7,33,0.0,0.89587975,-0.42149004,-0.66657263,0.0,0.0,0.26067743010882455,False,False,False,2.0
ATCAATGTCAACTCGG-1,3,59,0.0,2.3221955,-0.42149004,0.5713693,0.0,0.0,0.6756977484752691,False,False,False,3.1622776601683795
ATCACCAGTTCGGCGA-1,30,102,0.0,1.8688347,-0.42149004,0.17788394,0.0,0.0,0.5437816920867579,False,False,False,3.1622776601683795
ATCACGTTCAATGATA-1,59,29,0.6931472,1.2424533,2.9589918,-0.3657711,0.3615212085345766,1.0,0.3615212085345766,True,False,False,0.0
ATCAGATACCAGCTGT-1,54,62,0.0,0.0,-0.42149004,-1.4441334,0.0,0.0,0.0,False,False,False,4.242640687119285
ATCAGTAAGCTCGCCG-1,54,78,0.0,3.1639686,-0.42149004,1.3019692,0.0,0.0,0.9206315291338025,False,True,False,1.4142135623730951
ATCATTCACCAGATTG-1,28,56,0.0,0.54930615,-0.42149004,-0.9673742,0.0,0.0,0.15983363170060141,False,False,False,1.4142135623730951
ATCATTCCAACTTCGC-1,13,43,0.3465736,0.6931472,1.2687509,-0.84253025,0.12725070868511817,0.63092977,0.20168759681644627,True,False,False,0.0
ATCATTCCACTTAGCA-1,1,103,0.0,0.0,-0.42149004,-1.4441334,0.0,0.0,0.0,False,False,False,3.1622776601683795
ATCATTGTCCATGCCA-1,31,77,0.0,1.6290482,-0.42149004,-0.030233903,0.0,0.0,0.4740101372964217,False,False,False,2.8284271247461903
ATCCAACGCATGGTAC-1,8,114,0.0,0.0,-0.42149004,-1.4441334,0.0,0.0,0.0,False,False,False,3.1622776601683795
ATCCAACGCCACATCG-1,22,28,0.804719,0.6931472,3.5031278,-0.84253025,0.20168759681644627,1.0,0.20168759681644627,True,False,False,0.0
ATCCACATCACTGCCG-1,73,23,0.3465736,3.24612,1.2687509,1.3732708,0.5959355010745312,0.63092977,0.9445354003233408,True,True,True,0.0
ATCCACATGTTGGACC-1,17,83,0.0,2.4451745,-0.42149004,0.67810637,0.0,0.0,0.7114813785739756,False,False,False,4.0
ATCCACGAACGTTCGG-1,7,103,0.0,0.0,-0.42149004,-1.4441334,0.0,0.0,0.0,False,False,False,3.1622776601683795
ATCCACGACACGAATG-1,76,36,0.0,0.0,-0.42149004,-1.4441334,0.0,0.0,0.0,False,False,False,6.324555320336759
ATCCACTCGTACTCGG-1,56,8,0.3465736,3.4121869,1.2687509,1.5174052,0.626422716482561,0.63092977,0.9928564923848892,True,True,True,0.0
ATCCGAGTACAGGAAT-1,16,82,0.0,2.9567513,-0.42149004,1.1221192,0.0,0.0,0.8603367805314031,False,True,False,3.1622776601683795
ATCCGAGTACCACGTG-1,20,78,0.0,1.9033313,-0.42149004,0.20782453,0.0,0.0,0.553819281972384,False,False,False,5.830951894845301
ATCCGAGTCACTTGTA-1,48,108,0.3465736,2.744469,1.2687509,0.93787295,0.5038404396415632,0.63092977,0.7985681848083316,True,True,True,0.0
ATCCGATGACCTCGGA-1,53,81,0.0,3.2083662,-0.42149004,1.3405031,0.0,0.0,0.9335500368379853,False,True,False,2.8284271247461903
ATCCGATGTCTGTCAC-1,54,18,0.0,2.1242476,-0.42149004,0.39956433,0.0,0.0,0.6181000939441909,False,False,False,2.8284271247461903
ATCCGATTATCTACGT-1,64,12,0.0,2.3592494,-0.42149004,0.6035294,0.0,0.0,0.686479430632737,False,False,False,2.0
ATCCGGATGACGTAAC-1,27,49,0.6931472,0.89587975,2.9589918,-0.66657263,0.26067743010882455,1.0,0.26067743010882455,True,False,False,0.0
ATCCGGTACCGTCCTT-1,17,101,0.0,1.9356005,-0.42149004,0.23583196,0.0,0.0,0.563208780372934,False,False,False,4.47213595499958
ATCCGGTATCACAAGT-1,34,50,0.54930615,0.89587975,2.2574785,-0.66657263,0.26067743010882455,1.0,0.26067743010882455,True,False,False,0.0
ATCCGTAGCTTCAGTA-1,30,60,0.0,1.1512926,-0.42149004,-0.44489226,0.0,0.0,0.3349958269706398,False,False,False,2.0
ATCCGTAGTGTCGCTC-1,30,110,0.0,1.4451859,-0.42149004,-0.1898135,0.0,0.0,0.42051104182695487,False,False,False,3.1622776601683795
ATCCGTGGAACTTCAA-1,56,66,0.3465736,0.3465736,1.2687509,-1.1433318,0.06362536695009495,0.63092977,0.10084381839069423,True,False,False,0.0
ATCCGTTATCGAAGGC-1,73,15,0.0,2.6441336,-0.42149004,0.8507889,0.0,0.0,0.769373235027009,False,False,False,1.4142135623730951
ATCCTCCAGCCATTGT-1,57,107,0.0,2.5119402,-0.42149004,0.73605436,0.0,0.0,0.7309084568689163,False,False,False,2.0
ATCCTCGTTCCAGGCC-1,27,45,0.54930615,0.3465736,2.2574785,-1.1433318,0.10084381839069423,1.0,0.10084381839069423,True,False,False,0.0
ATCGAACATGCTAAGC-1,66,78,0.0,1.0986123,-0.42149004,-0.49061504,0.0,0.0,0.31966725340996727,False,False,False,2.0
ATCGAACTCGTCCGGC-1,64,112,0.0,2.0471723,-0.42149004,0.33266842,0.0,0.0,0.5956732271057577,False,False,False,10.295630140987
ATCGAATCTAGCAGAC-1,7,41,0.0,3.012933,-0.42149004,1.1708809,0.0,0.0,0.8766841603809357,False,True,False,1.4142135623730951
ATCGACAGCGGCAACA-1,35,113,0.0,0.0,-0.42149004,-1.4441334,0.0,0.0,0.0,False,False,False,4.0
ATCGACCGGAGTATCG-1,61,33,0.0,1.4978662,-0.42149004,-0.14409073,0.0,0.0,0.43583961039200964,False,False,False,1.4142135623730951
ATCGATGTCAGATAGA-1,27,15,0.54930615,1.4978662,2.2574785,-0.14409073,0.43583961039200964,1.0,0.43583961039200964,True,False,False,0.0
ATCGCAATGCACTAAC-1,43,57,0.0,0.0,-0.42149004,-1.4441334,0.0,0.0,0.0,False,False,False,1.4142135623730951
ATCGCAGTAACTTATT-1,28,68,0.0,2.5964785,-0.42149004,0.8094276,0.0,0.0,0.7555068588063591,False,False,False,3.1622776601683795
ATCGCAGTCTATGGCA-1,34,98,0.3465736,0.6931472,1.2687509,-0.84253025,0.12725070868511817,0.63092977,0.20168759681644627,True,False,False,0.0
ATCGCATCACGCATCT-1,69,43,0.3465736,0.6931472,1.2687509,-0.84253025,0.12725070868511817,0.63092977,0.20168759681644627,True,False,False,0.0
ATCGGCTCTATGCCTC-1,21,51,0.0,2.5649493,-0.42149004,0.7820625,0.0,0.0,0.7463326865187282,False,False,False,1.4142135623730951
ATCGTAACTACCTCTT-1,31,41,0.0,0.0,-0.42149004,-1.4441334,0.0,0.0,0.0,False,False,False,1.4142135623730951
ATCGTAATCCACATGC-1,23,27,0.6931472,1.5890269,2.9589918,-0.064969584,0.4623649919559464,1.0,0.4623649919559464,True,False,False,0.0
ATCGTACAACTGGCTA-1,11,81,0.0,1.6479185,-0.42149004,-0.013855865,0.0,0.0,0.4795008782415942,False,False,False,1.4142135623730951
ATCGTACACCTATGCC-1,28,64,0.0,3.3372808,-0.42149004,1.452392,0.0,0.0,0.9710608118609843,False,True,False,1.4142135623730951
ATCGTAGCATGTAGAT-1,60,96,0.0,3.6017027,-0.42149004,1.6818916,0.0,0.0,1.0,False,True,False,1.4142135623730951
ATCGTATTACTCGGAG-1,28,38,0.6931472,1.5890269,2.9589918,-0.064969584,0.4623649919559464,1.0,0.4623649919559464,True,False,False,0.0
ATCGTATTGGAATCCT-1,15,17,0.3465736,3.4412189,1.2687509,1.5426029,0.6309297680854797,0.63092977,1.0,True,True,True,0.0
ATCGTCACCATGTCAC-1,44,76,0.0,1.0397208,-0.42149004,-0.54172873,0.0,0.0,0.3025313752421983,False,False,False,2.0
ATCGTCAGTTAGTCCA-1,33,45,0.89587975,1.1512926,3.9477193,-0.44489226,0.3349958269706398,1.0,0.3349958269706398,True,False,False,0.0
ATCGTCCTAGTACGAA-1,14,96,0.0,1.4978662,-0.42149004,-0.14409073,0.0,0.0,0.43583961039200964,False,False,False,2.0
ATCGTCTATGATGCCG-1,9,107,0.0,0.3465736,-0.42149004,-1.1433318,0.0,0.0,0.10084381839069423,False,False,False,1.4142135623730951
ATCGTCTTAACGAAGG-1,41,9,0.0,0.89587975,-0.42149004,-0.66657263,0.0,0.0,0.26067743010882455,False,False,False,1.4142135623730951
ATCTACAGGAGTGCAC-1,16,62,0.0,2.585242,-0.42149004,0.79967517,0.0,0.0,0.7522373468680046,False,False,False,2.0
ATCTACCATATTCCAG-1,53,23,0.0,2.2154083,-0.42149004,0.47868547,0.0,0.0,0.6446254755081277,False,False,False,1.4142135623730951
ATCTACGACAGCTCTT-1,16,12,0.0,3.0656133,-0.42149004,1.2166036,0.0,0.0,0.8920127139591372,False,True,False,2.0
ATCTACTCACATCTCC-1,41,51,0.0,0.6931472,-0.42149004,-0.84253025,0.0,0.0,0.20168759681644627,False,False,False,1.4142135623730951
ATCTCCTTGCGATACA-1,29,81,0.3465736,3.0523968,1.2687509,1.2051327,0.5603710544722906,0.63092977,0.8881670873965966,True,True,True,0.0
ATCTGACCGGAGTCCT-1,61,85,0.0,3.600958,-0.42149004,1.6812453,0.0,0.0,1.0,False,True,False,3.1622776601683795
ATCTGAGGAACGGTTG-1,47,57,0.0,2.3680992,-0.42149004,0.61121047,0.0,0.0,0.6890545117355424,False,False,False,2.0
ATCTGCCGTCTACAGC-1,25,23,0.0,3.2083662,-0.42149004,1.3405031,0.0,0.0,0.9335500368379853,False,True,False,2.0
ATCTGGATCCTCAGAC-1,42,38,0.0,1.3540251,-0.42149004,-0.26893464,0.0,0.0,0.39398566026301807,False,False,False,3.1622776601683795
ATCTGTACGCGTCTCC-1,38,70,0.0,0.0,-0.42149004,-1.4441334,0.0,0.0,0.0,False,False,False,3.1622776601683795
ATCTTAGACGCCTACT-1,59,83,0.0,2.3221955,-0.42149004,0.5713693,0.0,0.0,0.6756977484752691,False,False,False,3.1622776601683795
ATCTTAGATAGGTTCA-1,65,51,0.0,0.0,-0.42149004,-1.4441334,0.0,0.0,0.0,False,False,False,4.242640687119285
ATCTTAGTGGCATGGA-1,20,104,0.0,2.721209,-0.42149004,0.917685,0.0,0.0,0.7918001618128556,False,True,False,5.0990195135927845
ATCTTATCAGCAATAC-1,7,21,0.0,3.3033252,-0.42149004,1.422921,0.0,0.0,0.9611806388870394,False,True,False,4.0
ATCTTCGGACATACTA-1,51,95,0.0,1.7005987,-0.42149004,0.031866897,0.0,0.0,0.49482944493329234,False,False,False,2.0
ATCTTGGCTTCGTCCT-1,19,63,0.0,2.668769,-0.42149004,0.8721706,0.0,0.0,0.7765414669536078,False,False,False,1.4142135623730951
ATGAACAATCGATGCG-1,54,16,0.0,2.9843538,-0.42149004,1.1460761,0.0,0.0,0.8683683351392593,False,True,False,3.1622776601683795
ATGAAGCTGAATCCAG-1,55,33,0.3465736,1.0397208,1.2687509,-0.54172873,0.1908760504201414,0.63092977,0.3025313752421983,True,False,False,0.0
ATGAATGTATCGTGGT-1,15,103,0.0,0.89587975,-0.42149004,-0.66657263,0.0,0.0,0.26067743010882455,False,False,False,2.8284271247461903
ATGACACTAATCGCAC-1,61,47,0.0,2.138333,-0.42149004,0.41178957,0.0,0.0,0.6221986086696945,False,False,False,2.0
ATGACCAGACGGCCGG-1,36,24,0.0,2.5964785,-0.42149004,0.8094276,0.0,0.0,0.7555068588063591,False,False,False,1.4142135623730951
ATGACCTCACGCACTG-1,5,37,0.0,3.0201273,-0.42149004,1.177125,0.0,0.0,0.8787774840880732,False,True,False,3.1622776601683795
ATGACCTCACTTAACC-1,29,71,0.0,0.89587975,-0.42149004,-0.66657263,0.0,0.0,0.26067743010882455,False,False,False,1.4142135623730951
ATGACGAGATCATTAA-1,63,33,0.0,3.102279,-0.42149004,1.2484269,0.0,0.0,0.9026814751724381,False,True,False,1.4142135623730951
ATGAGCTACATGGAAG-1,15,83,0.0,2.3592494,-0.42149004,0.6035294,0.0,0.0,0.686479430632737,False,False,False,2.0
ATGAGCTATTCGAAGA-1,43,23,0.0,2.441401,-0.42149004,0.6748313,0.0,0.0,0.7103834017346308,False,False,False,1.4142135623730951
ATGAGGAACGACCAGC-1,74,40,0.0,0.6931472,-0.42149004,-0.84253025,0.0,0.0,0.20168759681644627,False,False,False,2.0
ATGAGTACGCTTCCTA-1,38,16,0.3465736,2.9085555,1.2687509,1.0802885,0.5339640915381495,0.63092977,0.8463130423508674,True,True,True,0.0
ATGAGTATCAGATCTG-1,5,85,0.0,0.89587975,-0.42149004,-0.66657263,0.0,0.0,0.26067743010882455,False,False,False,1.4142135623730951
ATGAGTCCTGAAGTGG-1,16,112,0.0,0.0,-0.42149004,-1.4441334,0.0,0.0,0.0,False,False,False,2.8284271247461903
ATGAGTCTAGATACTC-1,5,91,0.0,0.54930615,-0.42149004,-0.9673742,0.0,0.0,0.15983363170060141,False,False,False,3.1622776601683795
ATGAGTTACAGATAGA-1,13,111,0.0,1.1512926,-0.42149004,-0.44489226,0.0,0.0,0.3349958269706398,False,False,False,3.1622776601683795
ATGATAATTCCTTGCG-1,37,11,0.804719,0.89587975,3.5031278,-0.66657263,0.26067743010882455,1.0,0.26067743010882455,True,False,False,0.0
ATGATATCTAGTCTTA-1,42,58,0.0,0.6931472,-0.42149004,-0.84253025,0.0,0.0,0.20168759681644627,False,False,False,2.0
ATGATTGATTCCGAAT-1,12,22,0.0,3.3309274,-0.42149004,1.4468777,0.0,0.0,0.9692121535299535,False,True,False,4.242640687119285
ATGCATCCTGACTCAC-1,18,46,0.0,0.54930615,-0.42149004,-0.9673742,0.0,0.0,0.15983363170060141,False,False,False,1.4142135623730951
ATGCATGCCTGCGATG-1,54,68,0.0,2.754694,-0.42149004,0.94674754,0.0,0.0,0.8015433949123754,False,True,False,2.8284271247461903
ATGCATGGTTCCGCCT-1,43,85,0.3465736,0.3465736,1.2687509,-1.1433318,0.06362536695009495,0.63092977,0.10084381839069423,True,False,False,0.0
ATGCATGGTTGCTGTA-1,21,11,0.0,2.9261012,-0.42149004,1.095517,0.0,0.0,0.8514184038562796,False,True,False,2.0
ATGCATGTATGTGAGT-1,46,42,0.0,2.0948274,-0.42149004,0.37402973,0.0,0.0,0.6095396133176433,False,False,False,2.8284271247461903
ATGCATGTCACTCGTG-1,38,22,1.2424533,0.6931472,5.6379604,-0.84253025,0.20168759681644627,1.0,0.20168759681644627,True,False,False,0.0
ATGCCAGCTGCCATCT-1,53,15,0.0,2.393746,-0.42149004,0.63346994,0.0,0.0,0.6965170055315097,False,False,False,3.1622776601683795
ATGCCGTCGATAAGAC-1,64,96,0.0,3.4121869,-0.42149004,1.5174052,0.0,0.0,0.9928564923848892,False,True,False,1.4142135623730951
ATGCCGTTGTGAAGCG-1,41,37,0.0,0.6931472,-0.42149004,-0.84253025,0.0,0.0,0.20168759681644627,False,False,False,2.0
ATGCCTTCGTAAGTTA-1,42,108,0.89587975,1.8444397,3.9477193,0.1567108,0.5366833938133795,1.0,0.5366833938133795,True,False,False,0.0
ATGCTCCAACCTGGCC-1,43,31,0.3465736,0.0,1.2687509,-1.4441334,0.0,0.63092977,0.0,True,False,False,0.0
ATGCTCCGTTCTACTG-1,30,40,0.0,0.0,-0.42149004,-1.4441334,0.0,0.0,0.0,False,False,False,1.4142135623730951
ATGCTCGCCTCCAATT-1,26,16,0.0,2.1910133,-0.42149004,0.45751235,0.0,0.0,0.637527182230367,False,False,False,1.4142135623730951
ATGCTGAATGCAATAG-1,44,92,0.0,0.89587975,-0.42149004,-0.66657263,0.0,0.0,0.26067743010882455,False,False,False,2.8284271247461903
ATGCTGCCGGCATACT-1,23,117,0.0,0.0,-0.42149004,-1.4441334,0.0,0.0,0.0,False,False,False,4.0
ATGCTGCCTACTGCAT-1,10,18,0.0,3.4613218,-0.42149004,1.5600508,0.0,0.0,1.0,False,True,False,1.4142135623730951
ATGCTGGCTTACTACA-1,65,97,0.3465736,2.6155543,1.2687509,0.8259841,0.48017378766313173,0.63092977,0.7610574297678038,True,False,False,0.0
ATGCTTACTCTAGGAA-1,50,80,0.0,2.9085555,-0.42149004,1.0802885,0.0,0.0,0.8463130423508674,False,True,False,1.4142135623730951
ATGCTTGGACGAACTT-1,47,73,0.0,3.1457846,-0.42149004,1.2861867,0.0,0.0,0.9153404505420183,False,True,False,3.1622776601683795
ATGGAACGATAGTGAT-1,17,107,0.0,0.0,-0.42149004,-1.4441334,0.0,0.0,0.0,False,False,False,2.0
ATGGAGCGCACTCGGT-1,6,18,0.0,3.6256723,-0.42149004,1.7026956,0.0,0.0,1.0,False,True,False,2.0
ATGGAGGCCACGGCTT-1,53,29,0.0,1.2424533,-0.42149004,-0.3657711,0.0,0.0,0.3615212085345766,False,False,False,1.4142135623730951
ATGGAGGCCGCTATCC-1,1,93,0.0,0.54930615,-0.42149004,-0.9673742,0.0,0.0,0.15983363170060141,False,False,False,1.4142135623730951
ATGGAGTAATCGGACC-1,32,74,0.0,0.3465736,-0.42149004,-1.1433318,0.0,0.0,0.10084381839069423,False,False,False,1.4142135623730951
ATGGCATTATGGCTCG-1,26,92,0.0,2.5053177,-0.42149004,0.73030645,0.0,0.0,0.7289814672511867,False,False,False,2.0
ATGGTAACGGACCGGA-1,49,17,0.0,2.7080503,-0.42149004,0.90626407,0.0,0.0,0.787971300543565,False,True,False,1.4142135623730951
ATGTAAGAGCCACCTC-1,24,96,0.0,0.54930615,-0.42149004,-0.9673742,0.0,0.0,0.15983363170060141,False,False,False,4.242640687119285
ATGTAATTGTCGTTCG-1,24,42,0.6931472,0.0,2.9589918,-1.4441334,0.0,1.0,0.0,True,False,False,0.0
ATGTACAGTGCCTATG-1,35,9,1.0397208,1.9033313,4.649233,0.20782453,0.553819281972384,1.0,0.553819281972384,True,False,False,0.0
ATGTACATCGTGGTTA-1,32,10,0.0,2.1719027,-0.42149004,0.4409256,0.0,0.0,0.6319664701648409,False,False,False,1.4142135623730951
ATGTACATGAACTCCG-1,32,100,0.0,2.1910133,-0.42149004,0.45751235,0.0,0.0,0.637527182230367,False,False,False,1.4142135623730951
ATGTACCGATCCAGAA-1,64,74,0.0,2.7803407,-0.42149004,0.9690071,0.0,0.0,0.8090059086908138,False,True,False,1.4142135623730951
ATGTACCTTCACATTA-1,4,76,0.0,0.0,-0.42149004,-1.4441334,0.0,0.0,0.0,False,False,False,1.4142135623730951
ATGTACGGTGGCGTAT-1,6,92,0.0,0.3465736,-0.42149004,-1.1433318,0.0,0.0,0.10084381839069423,False,False,False,4.0
ATGTACTACCGACTTC-1,26,60,0.0,2.8650498,-0.42149004,1.0425286,0.0,0.0,0.833654027016345,False,True,False,1.4142135623730951
ATGTACTCGTGGCTGT-1,1,69,0.0,3.5646486,-0.42149004,1.6497313,0.0,0.0,1.0,False,True,False,1.4142135623730951
ATGTACTCTGCAGCAC-1,48,66,0.0,1.0986123,-0.42149004,-0.49061504,0.0,0.0,0.31966725340996727,False,False,False,1.4142135623730951
ATGTACTGGTCGAAGC-1,4,90,0.0,0.0,-0.42149004,-1.4441334,0.0,0.0,0.0,False,False,False,2.0
ATGTAGAAGCGAATAG-1,61,97,0.3465736,3.40782,1.2687509,1.513615,0.625621028492629,0.63092977,0.9915858470127986,True,True,True,0.0
ATGTAGCCGACCAAGG-1,57,57,0.0,0.3465736,-0.42149004,-1.1433318,0.0,0.0,0.10084381839069423,False,False,False,5.656854249492381
ATGTAGGTAACCGTAC-1,25,43,0.3465736,0.0,1.2687509,-1.4441334,0.0,0.63092977,0.0,True,False,False,0.0
ATGTAGGTTGGCGAGG-1,36,112,0.0,0.89587975,-0.42149004,-0.66657263,0.0,0.0,0.26067743010882455,False,False,False,3.1622776601683795
ATGTAGTCCAGAACAT-1,71,13,0.0,3.24612,-0.42149004,1.3732708,0.0,0.0,0.9445354003233408,False,True,False,1.4142135623730951
ATGTATCCAAGGTGGC-1,22,106,0.0,2.0126758,-0.42149004,0.30272785,0.0,0.0,0.5856356422157494,False,False,False,5.656854249492381
ATGTATCCATAAGTTG-1,30,16,0.3465736,3.312696,1.2687509,1.4310541,0.6081578010637056,0.63092977,0.9639072870331126,True,True,True,0.0
ATGTATCGGAATACGG-1,40,80,0.0,0.6931472,-0.42149004,-0.84253025,0.0,0.0,0.20168759681644627,False,False,False,2.8284271247461903
ATGTATGAGTACCGGA-1,40,104,0.0,1.9459101,-0.42149004,0.24477994,0.0,0.0,0.5662085938945155,False,False,False,2.0
ATGTATGTTATTGAAG-1,68,92,0.0,0.6931472,-0.42149004,-0.84253025,0.0,0.0,0.20168759681644627,False,False,False,5.656854249492381
ATGTCATACTTAGACC-1,58,16,0.0,3.513657,-0.42149004,1.6054742,0.0,0.0,1.0,False,True,False,1.4142135623730951
ATGTCATCAGGTTATG-1,67,11,0.0,1.4451859,-0.42149004,-0.1898135,0.0,0.0,0.42051104182695487,False,False,False,1.4142135623730951
ATGTCGGATAAGCCGA-1,50,44,0.3465736,0.3465736,1.2687509,-1.1433318,0.06362536695009495,0.63092977,0.10084381839069423,True,False,False,0.0
ATGTCGGCTGTCGTAA-1,31,23,0.0,2.0715673,-0.42149004,0.35384157,0.0,0.0,0.602771530374754,False,False,False,3.1622776601683795
ATGTCGTTACCAGACG-1,51,103,0.0,3.5850596,-0.42149004,1.6674466,0.0,0.0,1.0,False,True,False,1.4142135623730951
ATGTCTAACTGGCGAA-1,62,26,0.0,0.0,-0.42149004,-1.4441334,0.0,0.0,0.0,False,False,False,2.8284271247461903
ATGTGAATCCATACGA-1,17,73,0.0,1.5890269,-0.42149004,-0.064969584,0.0,0.0,0.4623649919559464,False,False,False,2.8284271247461903
ATGTGAATTGCTGACC-1,32,20,0.0,3.2910125,-0.42149004,1.4122344,0.0,0.0,0.9575979816441301,False,True,False,2.0
ATGTGACATAGAGTCC-1,5,115,0.3465736,0.3465736,1.2687509,-1.1433318,0.06362536695009495,0.63092977,0.10084381839069423,True,False,False,0.0
ATGTGATCCGTCTAAC-1,40,6,0.54930615,0.804719,2.2574785,-0.7456938,0.23415203855365221,1.0,0.23415203855365221,True,False,False,0.0
ATGTGCCGGTGACAGA-1,0,108,0.0,1.7005987,-0.42149004,0.031866897,0.0,0.0,0.49482944493329234,False,False,False,1.4142135623730951
ATGTGCGTCTGAACAG-1,38,78,0.3465736,0.0,1.2687509,-1.4441334,0.0,0.63092977,0.0,True,False,False,0.0
ATGTGCTAACATCGAA-1,7,55,0.0,2.1242476,-0.42149004,0.39956433,0.0,0.0,0.6181000939441909,False,False,False,2.0
ATGTGCTTGTGCTACC-1,11,53,0.0,1.0986123,-0.42149004,-0.49061504,0.0,0.0,0.31966725340996727,False,False,False,2.8284271247461903
ATGTTAAGATTACTGA-1,22,40,0.0,0.54930615,-0.42149004,-0.9673742,0.0,0.0,0.15983363170060141,False,False,False,1.4142135623730951
ATGTTACCTCGTCTGT-1,0,58,0.0,0.3465736,-0.42149004,-1.1433318,0.0,0.0,0.10084381839069423,False,False,False,2.8284271247461903
ATGTTAGACTATCTCA-1,59,103,0.0,2.9753213,-0.42149004,1.1382365,0.0,0.0,0.8657401206458079,False,True,False,2.0
ATGTTCGCAGAAGTCT-1,64,82,0.0,3.2733927,-0.42149004,1.3969415,0.0,0.0,0.9524710390699334,False,True,False,6.0
ATGTTCTGCCTTATCT-1,50,18,0.0,3.329647,-0.42149004,1.4457664,0.0,0.0,0.9688396003388284,False,True,False,2.0
ATTAAGAACAGCTCCG-1,35,73,0.3465736,1.2424533,1.2687509,-0.3657711,0.22809449225870276,0.63092977,0.3615212085345766,True,False,False,0.0
ATTAAGAATAACGCTT-1,58,50,0.0,1.3862944,-0.42149004,-0.2409272,0.0,0.0,0.40337515866356816,False,False,False,1.4142135623730951
ATTAAGCGTCCTGCCG-1,61,21,0.0,2.5964785,-0.42149004,0.8094276,0.0,0.0,0.7555068588063591,False,False,False,1.4142135623730951
ATTAAGTGGCCTAAGG-1,38,14,0.0,2.29756,-0.42149004,0.5499873,0.0,0.0,0.6685294366187859,False,False,False,1.4142135623730951
ATTACAAGCAAGTGTC-1,5,23,0.0,3.2498937,-0.42149004,1.3765461,0.0,0.0,0.9456334770750412,False,True,False,2.8284271247461903
ATTACATTGAAGTATG-1,44,60,0.3465736,0.3465736,1.2687509,-1.1433318,0.06362536695009495,0.63092977,0.10084381839069423,True,False,False,0.0
ATTACCTTCGCAGAAG-1,53,17,0.0,3.181514,-0.42149004,1.3171973,0.0,0.0,0.9257367707443883,False,True,False,3.1622776601683795
ATTACTCAGTTAACGA-1,11,95,0.0,0.54930615,-0.42149004,-0.9673742,0.0,0.0,0.15983363170060141,False,False,False,1.4142135623730951
ATTACTCCGTGAAGCG-1,28,78,0.0,2.8173947,-0.42149004,1.0011674,0.0,0.0,0.819787670778166,False,True,False,2.0
ATTACTGAGTGCCTCC-1,46,94,0.0,2.0126758,-0.42149004,0.30272785,0.0,0.0,0.5856356422157494,False,False,False,3.1622776601683795
ATTACTGATATTCGCC-1,73,43,0.0,0.6931472,-0.42149004,-0.84253025,0.0,0.0,0.20168759681644627,False,False,False,1.4142135623730951
ATTACTGTACGCGGTG-1,43,13,0.3465736,1.2424533,1.2687509,-0.3657711,0.22809449225870276,0.63092977,0.3615212085345766,True,False,False,0.0
ATTACTGTCGCATATT-1,50,74,0.0,2.8262446,-0.42149004,1.0088484,0.0,0.0,0.8223627318985005,False,True,False,4.47213595499958
ATTACTTGAGCAAGAT-1,2,34,0.0,0.0,-0.42149004,-1.4441334,0.0,0.0,0.0,False,False,False,1.4142135623730951
ATTAGAACAGTGGTAG-1,9,111,0.0,0.0,-0.42149004,-1.4441334,0.0,0.0,0.0,False,False,False,2.0
ATTAGATAAGACGGCG-1,29,59,0.0,1.4451859,-0.42149004,-0.1898135,0.0,0.0,0.42051104182695487,False,False,False,2.8284271247461903
ATTAGCAGGATGTATT-1,18,20,0.3465736,2.537587,1.2687509,0.7583139,0.465860225271586,0.63092977,0.7383709706473546,True,False,False,0.0
ATTAGCATTCCGATCG-1,2,84,0.0,1.4451859,-0.42149004,-0.1898135,0.0,0.0,0.42051104182695487,False,False,False,2.8284271247461903
ATTAGCCTCACTTCTA-1,27,53,0.0,2.1910133,-0.42149004,0.45751235,0.0,0.0,0.637527182230367,False,False,False,1.4142135623730951
ATTAGCCTCAGTAGAT-1,53,13,0.0,2.7276607,-0.42149004,0.92328453,0.0,0.0,0.7936774150600256,False,True,False,1.4142135623730951
ATTAGCGAGCATGCTG-1,46,110,0.0,2.418141,-0.42149004,0.6546431,0.0,0.0,0.7036153187917414,False,False,False,2.0
ATTAGTCGTGTTATGC-1,9,57,0.0,2.65906,-0.42149004,0.86374396,0.0,0.0,0.773716425119855,False,False,False,2.0
ATTAGTGAGGTATCGC-1,55,101,0.3465736,3.60393,1.2687509,1.6838248,0.6309297680854797,0.63092977,1.0,True,True,True,0.0
ATTAGTGCTTGGTCAT-1,41,47,0.0,2.2154083,-0.42149004,0.47868547,0.0,0.0,0.6446254755081277,False,False,False,1.4142135623730951
ATTAGTTGGACGTGAT-1,71,35,0.0,0.3465736,-0.42149004,-1.1433318,0.0,0.0,0.10084381839069423,False,False,False,5.830951894845301
ATTATCACAACTCGGC-1,20,66,0.0,3.0816574,-0.42149004,1.2305288,0.0,0.0,0.8966811387515513,False,True,False,4.0
ATTATCAGTTCGATGC-1,65,17,0.0,2.5119402,-0.42149004,0.73605436,0.0,0.0,0.7309084568689163,False,False,False,2.8284271247461903
ATTATCCAGGTGAAGT-1,40,18,0.6931472,1.2424533,2.9589918,-0.3657711,0.3615212085345766,1.0,0.3615212085345766,True,False,False,0.0
ATTATCGAGTGCAGAT-1,53,43,0.3465736,1.4978662,1.2687509,-0.14409073,0.2749841843070965,0.63092977,0.43583961039200964,True,False,False,0.0
ATTATCTAGATTAACG-1,43,105,0.0,1.2424533,-0.42149004,-0.3657711,0.0,0.0,0.3615212085345766,False,False,False,3.1622776601683795
ATTATCTTATTGAGAC-1,13,21,0.0,2.585242,-0.42149004,0.79967517,0.0,0.0,0.7522373468680046,False,False,False,2.8284271247461903
ATTATGCCATCGTTAA-1,56,100,0.0,3.0056336,-0.42149004,1.1645455,0.0,0.0,0.8745602235280782,False,True,False,1.4142135623730951
ATTATGTTAAGGTAGT-1,64,28,0.0,2.3502402,-0.42149004,0.5957101,0.0,0.0,0.6838580101794585,False,False,False,1.4142135623730951
ATTCAAGATTAGTTGC-1,31,89,0.0,0.3465736,-0.42149004,-1.1433318,0.0,0.0,0.10084381839069423,False,False,False,2.8284271247461903
ATTCACATAGGATGAG-1,46,100,0.0,2.6287477,-0.42149004,0.837435,0.0,0.0,0.7648963422200559,False,False,False,3.1622776601683795
ATTCACATCGTCACAG-1,12,94,0.0,0.3465736,-0.42149004,-1.1433318,0.0,0.0,0.10084381839069423,False,False,False,1.4142135623730951
ATTCACATCTTATTCT-1,48,78,0.0,2.3810868,-0.42149004,0.6224828,0.0,0.0,0.6928335567043892,False,False,False,3.1622776601683795
ATTCACCTGACCAGTT-1,26,80,0.0,2.6876392,-0.42149004,0.88854873,0.0,0.0,0.7820322303790603,False,False,False,2.0
ATTCACGCTGTTATCG-1,21,57,0.0,0.0,-0.42149004,-1.4441334,0.0,0.0,0.0,False,False,False,2.8284271247461903
ATTCACGTCGCAGGCT-1,41,79,0.0,0.3465736,-0.42149004,-1.1433318,0.0,0.0,0.10084381839069423,False,False,False,3.1622776601683795
ATTCACTCACGTGCAC-1,29,97,0.0,0.3465736,-0.42149004,-1.1433318,0.0,0.0,0.10084381839069423,False,False,False,4.0
ATTCAGCTCCTACTAA-1,18,66,0.0,2.3592496,-0.42149004,0.6035296,0.0,0.0,0.6864794905801502,False,False,False,2.8284271247461903
ATTCATAGCGAAGCGT-1,23,83,0.0,1.4978662,-0.42149004,-0.14409073,0.0,0.0,0.43583961039200964,False,False,False,5.830951894845301
ATTCATAGTTCTAACT-1,13,91,0.0,2.441401,-0.42149004,0.6748313,0.0,0.0,0.7103834017346308,False,False,False,1.4142135623730951
ATTCCATTGTGAACGC-1,16,56,0.0,0.804719,-0.42149004,-0.7456938,0.0,0.0,0.23415203855365221,False,False,False,4.242640687119285
ATTCCGCAACGCCGCT-1,35,95,0.0,2.3978953,-0.42149004,0.6370714,0.0,0.0,0.6977243864001085,False,False,False,1.4142135623730951
ATTCCGCTCCATCAGC-1,53,93,0.0,1.7917595,-0.42149004,0.11098804,0.0,0.0,0.5213548277461335,False,False,False,1.4142135623730951
ATTCCGGACCGGTCTT-1,57,7,0.3465736,2.6390574,1.2687509,0.8463831,0.4844885655189904,0.63092977,0.7678961907109617,True,False,False,0.0
ATTCCGGTTACATACC-1,25,79,0.0,2.9753213,-0.42149004,1.1382365,0.0,0.0,0.8657401206458079,False,True,False,3.1622776601683795
ATTCCGTAAGGATTCC-1,34,106,0.0,1.7005987,-0.42149004,0.031866897,0.0,0.0,0.49482944493329234,False,False,False,3.1622776601683795
ATTCCTCAATTCCATA-1,77,19,0.0,0.0,-0.42149004,-1.4441334,0.0,0.0,0.0,False,False,False,2.8284271247461903
ATTCCTGCCTTAACAG-1,39,97,0.0,0.0,-0.42149004,-1.4441334,0.0,0.0,0.0,False,False,False,2.0
ATTCCTTCGAAGGTGC-1,11,15,0.0,2.9907072,-0.42149004,1.1515905,0.0,0.0,0.8702170334352323,False,True,False,2.0
ATTCGCTCGCGGAGGC-1,24,68,0.0,3.3922286,-0.42149004,1.5000829,0.0,0.0,0.9870491866347955,False,True,False,4.242640687119285
ATTCGGAAGCTATTAC-1,33,37,0.0,2.2499049,-0.42149004,0.50862604,0.0,0.0,0.6546630603981359,False,False,False,2.0
ATTCGTGCCGACATGT-1,12,8,0.0,3.651585,-0.42149004,1.725186,0.0,0.0,1.0,False,True,False,2.0
ATTCTACGTGGCAGAT-1,60,72,0.0,3.316001,-0.42149004,1.4339225,0.0,0.0,0.9648689234721654,False,True,False,1.4142135623730951
ATTCTACTGGTCGTTC-1,39,85,0.0,2.6287477,-0.42149004,0.837435,0.0,0.0,0.7648963422200559,False,False,False,4.0
ATTCTAGGACATCAGT-1,22,62,0.0,1.7917595,-0.42149004,0.11098804,0.0,0.0,0.5213548277461335,False,False,False,2.0
ATTCTAGTCCACAAGA-1,39,107,0.0,0.3465736,-0.42149004,-1.1433318,0.0,0.0,0.10084381839069423,False,False,False,1.4142135623730951
ATTCTTGAGGCGACGC-1,67,73,0.3465736,1.0986123,1.2687509,-0.49061504,0.20168758605847292,0.63092977,0.31966725340996727,True,False,False,0.0
ATTCTTGGAGTGATAG-1,54,42,0.0,0.89587975,-0.42149004,-0.66657263,0.0,0.0,0.26067743010882455,False,False,False,1.4142135623730951
ATTGACCTTCGGCGTC-1,3,89,0.0,0.6931472,-0.42149004,-0.84253025,0.0,0.0,0.20168759681644627,False,False,False,1.4142135623730951
ATTGACGAGCAGCGAC-1,14,86,0.0,2.9753213,-0.42149004,1.1382365,0.0,0.0,0.8657401206458079,False,True,False,3.1622776601683795
ATTGACGCATCTCAAC-1,26,26,0.0,1.9356005,-0.42149004,0.23583196,0.0,0.0,0.563208780372934,False,False,False,1.4142135623730951
ATTGACGCCACCTTCT-1,10,50,0.0,1.9459101,-0.42149004,0.24477994,0.0,0.0,0.5662085938945155,False,False,False,1.4142135623730951
ATTGACGCCAGCCAAG-1,50,100,0.0,3.436582,-0.42149004,1.5385785,0.0,0.0,0.9999548655925342,False,True,False,1.4142135623730951
ATTGACTTATGTGGTA-1,21,7,0.0,3.6950908,-0.42149004,1.7629459,0.0,0.0,1.0,False,True,False,2.0
ATTGATAACACTAAGA-1,50,10,0.3465736,1.1512926,1.2687509,-0.44489226,0.21135883942018927,0.63092977,0.3349958269706398,True,False,False,0.0
ATTGCAATTATGGTTG-1,3,51,0.0,1.7482538,-0.42149004,0.07322818,0.0,0.0,0.5086958249006557,False,False,False,2.0
ATTGCACGACCACTTG-1,50,36,0.0,0.54930615,-0.42149004,-0.9673742,0.0,0.0,0.15983363170060141,False,False,False,1.4142135623730951
ATTGCACGCATAACAG-1,18,8,0.0,3.4533772,-0.42149004,1.5531555,0.0,0.0,1.0,False,True,False,1.4142135623730951
ATTGCAGTTCTTCATT-1,43,29,0.3465736,0.54930615,1.2687509,-0.9673742,0.10084379618112044,0.63092977,0.15983363170060141,True,False,False,0.0
ATTGCATATTGTTATC-1,31,83,0.0,1.8688349,-0.42149004,0.17788404,0.0,0.0,0.5437817270560823,False,False,False,2.8284271247461903
ATTGCATCACTGACTG-1,24,44,0.89587975,1.3540251,3.9477193,-0.26893464,0.39398566026301807,1.0,0.39398566026301807,True,False,False,0.0
ATTGCCTTACGCAGTT-1,5,17,0.0,3.3277202,-0.42149004,1.4440941,0.0,0.0,0.9682789321648001,False,True,False,1.4142135623730951
ATTGCCTTGTCTAAGT-1,8,48,0.3465736,3.0342128,1.2687509,1.1893502,0.5570327554834543,0.63092977,0.8828760088048124,True,True,True,0.0
ATTGGCCTTCCGTGCA-1,15,43,0.6931472,0.0,2.9589918,-1.4441334,0.0,1.0,0.0,True,False,False,0.0
ATTGGCTAACAGACAA-1,19,35,0.54930615,0.89587975,2.2574785,-0.66657263,0.26067743010882455,1.0,0.26067743010882455,True,False,False,0.0
ATTGTTAAGTAGACTA-1,62,80,0.0,3.1012678,-0.42149004,1.2475493,0.0,0.0,0.9023872532680118,False,True,False,4.0
ATTGTTACGACTAGCG-1,52,108,0.0,2.9907072,-0.42149004,1.1515905,0.0,0.0,0.8702170334352323,False,True,False,2.8284271247461903
ATTGTTATACTTCACG-1,52,14,0.0,3.3667011,-0.42149004,1.4779267,0.0,0.0,0.9796213424437097,False,True,False,2.8284271247461903
ATTGTTATCGTAATAC-1,3,65,0.0,3.0056336,-0.42149004,1.1645455,0.0,0.0,0.8745602235280782,False,True,False,4.242640687119285
CAACAGCCAGACCTTC-1,11,111,0.0,1.1512926,-0.42149004,-0.44489226,0.0,0.0,0.3349958269706398,False,False,False,2.8284271247461903
CAACAGGTCAGAGGAC-1,29,105,0.0,2.0471723,-0.42149004,0.33266842,0.0,0.0,0.5956732271057577,False,False,False,2.0
CAACCGTACTGATCTT-1,17,37,0.3465736,1.4451859,1.2687509,-0.1898135,0.2653129340972641,0.63092977,0.42051104182695487,True,False,False,0.0
CAACCGTATTACTGTA-1,32,46,0.89587975,0.89587975,3.9477193,-0.66657263,0.26067743010882455,1.0,0.26067743010882455,True,False,False,0.0
CAACCGTTAACAGACC-1,68,78,0.0,2.6990814,-0.42149004,0.89847976,0.0,0.0,0.7853616098008203,False,True,False,2.8284271247461903
CAACGCTTGCTCCTAC-1,36,68,0.0,0.3465736,-0.42149004,-1.1433318,0.0,0.0,0.10084381839069423,False,False,False,1.4142135623730951
CAACGGCACTCAGTCC-1,57,83,0.0,2.9661226,-0.42149004,1.1302527,0.0,0.0,0.8630635485723027,False,True,False,1.4142135623730951
CAACTGACAAGACAAG-1,37,21,0.0,2.29756,-0.42149004,0.5499873,0.0,0.0,0.6685294366187859,False,False,False,1.4142135623730951
CAACTGCAGTGCAATA-1,39,89,0.0,2.9907072,-0.42149004,1.1515905,0.0,0.0,0.8702170334352323,False,True,False,3.1622776601683795
CAACTGCATTCGACTC-1,38,114,0.0,0.0,-0.42149004,-1.4441334,0.0,0.0,0.0,False,False,False,1.4142135623730951
CAACTGCTGGAGTTAT-1,36,78,0.0,0.0,-0.42149004,-1.4441334,0.0,0.0,0.0,False,False,False,2.0
CAACTTGGACATAGAT-1,59,33,0.0,0.54930615,-0.42149004,-0.9673742,0.0,0.0,0.15983363170060141,False,False,False,1.4142135623730951
CAACTTGGTACGATGT-1,61,79,0.0,3.3790474,-0.42149004,1.4886425,0.0,0.0,0.9832137910974563,False,True,False,3.1622776601683795
CAAGACCACTATCGAA-1,34,74,0.0,1.0397208,-0.42149004,-0.54172873,0.0,0.0,0.3025313752421983,False,False,False,1.4142135623730951
CAAGATAAGTGCAATG-1,25,11,0.0,3.1967955,-0.42149004,1.3304605,0.0,0.0,0.9301832702128037,False,True,False,1.4142135623730951
CAAGATTACCGATCAT-1,22,96,0.0,1.0986123,-0.42149004,-0.49061504,0.0,0.0,0.31966725340996727,False,False,False,3.1622776601683795
CAAGATTAGATGAGTT-1,16,18,0.0,2.2213256,-0.42149004,0.48382127,0.0,0.0,0.6463472551389307,False,False,False,1.4142135623730951
CAAGATTCGTCAGCTG-1,58,100,0.0,2.705823,-0.42149004,0.9043309,0.0,0.0,0.7873232090584891,False,True,False,2.0
CAAGCATGCCTGACTT-1,7,99,0.0,0.0,-0.42149004,-1.4441334,0.0,0.0,0.0,False,False,False,2.0
CAAGCCGCCATAGAGG-1,30,48,0.0,1.1512926,-0.42149004,-0.44489226,0.0,0.0,0.3349958269706398,False,False,False,1.4142135623730951
CAAGCCTCCACTATCT-1,16,10,0.3465736,3.4023073,1.2687509,1.5088304,0.6246089963744964,0.63092977,0.9899818140929324,True,True,True,0.0
CAAGGCAAGCATCTCG-1,69,31,0.0,0.6931472,-0.42149004,-0.84253025,0.0,0.0,0.20168759681644627,False,False,False,1.4142135623730951
CAAGGTCAGCGATGTC-1,5,9,0.0,3.3140206,-0.42149004,1.4322038,0.0,0.0,0.9642927089356238,False,True,False,2.8284271247461903
CAAGGTCTCAATACAG-1,41,25,0.0,0.89587975,-0.42149004,-0.66657263,0.0,0.0,0.26067743010882455,False,False,False,2.0
CAAGTACTCCGCATCG-1,16,44,0.0,0.0,-0.42149004,-1.4441334,0.0,0.0,0.0,False,False,False,1.4142135623730951
CAAGTACTTATTAAGC-1,53,111,0.0,3.2755404,-0.42149004,1.3988056,0.0,0.0,0.9530959708710084,False,True,False,4.47213595499958
CAAGTACTTCAATAGT-1,31,29,0.0,2.524928,-0.42149004,0.7473269,0.0,0.0,0.7346875817676474,False,False,False,1.4142135623730951
CAAGTAGCCTCGATCC-1,31,25,0.0,2.4849067,-0.42149004,0.7125911,0.0,0.0,0.723042397086682,False,False,False,3.1622776601683795
CAAGTATCGGCAACCA-1,63,27,0.0,2.2154083,-0.42149004,0.47868547,0.0,0.0,0.6446254755081277,False,False,False,2.8284271247461903
CAAGTCCGCTACCGTT-1,33,27,0.0,2.7666948,-0.42149004,0.9571634,0.0,0.0,0.8050353117540351,False,True,False,1.4142135623730951
CAAGTCGCAGTCACTC-1,16,6,0.3465736,3.391096,1.2687509,1.4990999,0.6225507909311363,0.63092977,0.9867196357214704,True,True,True,0.0
CAAGTCTTGGCGATAG-1,8,44,0.0,2.2154083,-0.42149004,0.47868547,0.0,0.0,0.6446254755081277,False,False,False,2.0
CAAGTGAATTGGATGC-1,58,30,0.3465736,1.0986123,1.2687509,-0.49061504,0.20168758605847292,0.63092977,0.31966725340996727,True,False,False,0.0
CAAGTGGATCATCCAG-1,64,8,0.54930615,3.3372808,2.2574785,1.452392,0.9710608118609843,1.0,0.9710608118609843,True,True,True,0.0
CAAGTGTTCGCCACGC-1,45,89,0.0,0.0,-0.42149004,-1.4441334,0.0,0.0,0.0,False,False,False,2.0
CAAGTGTTGACGGCCA-1,16,46,0.0,0.3465736,-0.42149004,-1.1433318,0.0,0.0,0.10084381839069423,False,False,False,2.0
CAATAACTACATTAAC-1,38,38,0.0,1.3862944,-0.42149004,-0.2409272,0.0,0.0,0.40337515866356816,False,False,False,1.4142135623730951
CAATAACTCAAGGCAA-1,59,49,0.0,2.0794415,-0.42149004,0.36067587,0.0,0.0,0.6050627305019255,False,False,False,1.4142135623730951
CAATAACTCAGATGAG-1,75,17,0.0,0.0,-0.42149004,-1.4441334,0.0,0.0,0.0,False,False,False,2.8284271247461903
CAATAAGAACCGACTT-1,67,23,0.0,2.6287477,-0.42149004,0.837435,0.0,0.0,0.7648963422200559,False,False,False,1.4142135623730951
CAATAAGCGGCCAGAT-1,18,90,0.0,2.668769,-0.42149004,0.8721706,0.0,0.0,0.7765414669536078,False,False,False,6.0
CAATAAGGTAACTCGT-1,53,11,0.0,2.7403195,-0.42149004,0.9342715,0.0,0.0,0.7973608039397329,False,True,False,1.4142135623730951
CAATAATCGTAGGATA-1,15,69,0.0,2.7706318,-0.42149004,0.96058047,0.0,0.0,0.806180886839532,False,True,False,1.4142135623730951
CAATCCATGCCGATGC-1,6,86,0.3465736,0.3465736,1.2687509,-1.1433318,0.06362536695009495,0.63092977,0.10084381839069423,True,False,False,0.0
CAATCCGAGGTGCTAG-1,10,72,0.0,2.524928,-0.42149004,0.7473269,0.0,0.0,0.7346875817676474,False,False,False,4.47213595499958
CAATCGTCGGAGCATG-1,47,93,0.0,2.0794415,-0.42149004,0.36067587,0.0,0.0,0.6050627305019255,False,False,False,2.8284271247461903
CAATCGTGAAGTGATA-1,12,12,0.0,2.5053177,-0.42149004,0.73030645,0.0,0.0,0.7289814672511867,False,False,False,2.0
CAATCTATGAGGTCAG-1,29,5,0.0,1.9356005,-0.42149004,0.23583196,0.0,0.0,0.563208780372934,False,False,False,1.4142135623730951
CAATCTGAGTCGACTC-1,69,27,0.0,2.0715673,-0.42149004,0.35384157,0.0,0.0,0.602771530374754,False,False,False,1.4142135623730951
CAATCTTATTAGAATG-1,4,24,0.0,3.086893,-0.42149004,1.2350731,0.0,0.0,0.8982046023479561,False,True,False,3.1622776601683795
CAATGCAGATCATAGA-1,4,34,0.3465736,1.3862944,1.2687509,-0.2409272,0.25450139530704863,0.63092977,0.40337515866356816,True,False,False,0.0
CAATGCATTGACGGCA-1,52,90,0.3465736,0.6931472,1.2687509,-0.84253025,0.12725070868511817,0.63092977,0.20168759681644627,True,False,False,0.0
CAATGCGGATGCTGGT-1,37,31,0.0,1.9356005,-0.42149004,0.23583196,0.0,0.0,0.563208780372934,False,False,False,1.4142135623730951
CAATTACAGGTGTCAT-1,10,92,0.0,0.0,-0.42149004,-1.4441334,0.0,0.0,0.0,False,False,False,1.4142135623730951
CAATTGAACCGGCTCG-1,27,71,0.0,3.2625148,-0.42149004,1.3875004,0.0,0.0,0.9493058955781164,False,True,False,1.4142135623730951
CAATTGTTGACGTGAG-1,53,27,0.0,2.802901,-0.42149004,0.98858786,0.0,0.0,0.8155703702532288,False,True,False,1.4142135623730951
CACCAGGCACGCTATC-1,16,80,0.0,2.9907072,-0.42149004,1.1515905,0.0,0.0,0.8702170334352323,False,True,False,4.242640687119285
CACCATAAGCTGGCTG-1,39,37,0.6931472,0.6931472,2.9589918,-0.84253025,0.20168759681644627,1.0,0.20168759681644627,True,False,False,0.0
CACCATTCTTACGAGC-1,35,13,0.3465736,1.4978662,1.2687509,-0.14409073,0.2749841843070965,0.63092977,0.43583961039200964,True,False,False,0.0
CACCGAGTCTTGGACA-1,18,50,0.0,0.6931472,-0.42149004,-0.84253025,0.0,0.0,0.20168759681644627,False,False,False,1.4142135623730951
CACCTACATGATTGAT-1,69,73,0.0,0.6931472,-0.42149004,-0.84253025,0.0,0.0,0.20168759681644627,False,False,False,2.0
CACCTACCGCTACCTT-1,27,21,0.0,3.4801738,-0.42149004,1.5764132,0.0,0.0,1.0,False,True,False,2.8284271247461903
CACCTAGAATACTTCT-1,42,16,0.54930615,0.89587975,2.2574785,-0.66657263,0.26067743010882455,1.0,0.26067743010882455,True,False,False,0.0
CACCTAGACGAGCCGG-1,44,88,0.0,0.0,-0.42149004,-1.4441334,0.0,0.0,0.0,False,False,False,2.8284271247461903
CACCTATTACTCAGAT-1,68,80,0.0,0.3465736,-0.42149004,-1.1433318,0.0,0.0,0.10084381839069423,False,False,False,4.47213595499958
CACCTCGAGCGATGCT-1,27,77,0.0,0.6931472,-0.42149004,-0.84253025,0.0,0.0,0.20168759681644627,False,False,False,3.1622776601683795
CACCTCGAGGACTCTA-1,12,28,0.3465736,0.89587975,1.2687509,-0.66657263,0.16446915052367952,0.63092977,0.26067743010882455,True,False,False,0.0
CACCTTAGCTATTGTC-1,50,54,0.3465736,2.0036666,1.2687509,0.29490855,0.3678410277271322,0.63092977,0.5830142217624709,True,False,False,0.0
CACCTTGCGAGTTATG-1,68,34,0.0,1.2424533,-0.42149004,-0.3657711,0.0,0.0,0.3615212085345766,False,False,False,4.0
CACGAACGGTCTTCAG-1,1,33,0.3465736,0.6931472,1.2687509,-0.84253025,0.12725070868511817,0.63092977,0.20168759681644627,True,False,False,0.0
CACGACCTCCGTCATA-1,65,93,0.0,1.777674,-0.42149004,0.098762795,0.0,0.0,0.5172563105228211,False,False,False,2.8284271247461903
CACGAGGCCATCCACT-1,53,59,0.0,1.3862944,-0.42149004,-0.2409272,0.0,0.0,0.40337515866356816,False,False,False,2.0
CACGAGGTATAGGTAT-1,55,81,0.0,2.418141,-0.42149004,0.6546431,0.0,0.0,0.7036153187917414,False,False,False,1.4142135623730951
CACGATAAGGCCTAAG-1,4,52,0.0,1.8444397,-0.42149004,0.1567108,0.0,0.0,0.5366833938133795,False,False,False,3.1622776601683795
CACGATCATACAATTA-1,42,74,0.0,1.0986123,-0.42149004,-0.49061504,0.0,0.0,0.31966725340996727,False,False,False,4.47213595499958
CACGATCTTCGCCGAC-1,73,35,0.0,0.3465736,-0.42149004,-1.1433318,0.0,0.0,0.10084381839069423,False,False,False,7.0710678118654755
CACGATGGTGCTAATA-1,19,109,0.0,1.7005987,-0.42149004,0.031866897,0.0,0.0,0.49482944493329234,False,False,False,1.4142135623730951
CACGCCACAATCGCAC-1,24,66,0.0,3.4667115,-0.42149004,1.5647287,0.0,0.0,1.0,False,True,False,3.1622776601683795
CACGCTTATCAATCTT-1,64,94,0.0,2.962128,-0.42149004,1.1267856,0.0,0.0,0.8619012081935558,False,True,False,1.4142135623730951
CACGGATTCTCATCAC-1,49,37,0.97295505,0.6931472,4.323616,-0.84253025,0.20168759681644627,1.0,0.20168759681644627,True,False,False,0.0
CACGGCGACGGTGCCT-1,62,100,0.0,3.0056336,-0.42149004,1.1645455,0.0,0.0,0.8745602235280782,False,True,False,2.0
CACGGCGATACATACG-1,54,108,0.0,3.8426218,-0.42149004,1.8909925,0.0,0.0,1.0,False,True,False,1.4142135623730951
CACGGCTGCGCTTGGC-1,57,37,0.0,1.0397208,-0.42149004,-0.54172873,0.0,0.0,0.3025313752421983,False,False,False,1.4142135623730951
CACGGCTTACTCCGTT-1,59,75,0.0,2.2386684,-0.42149004,0.49887362,0.0,0.0,0.651393558451017,False,False,False,1.4142135623730951
CACGGTCTTGGTTAAT-1,54,86,0.0,1.994492,-0.42149004,0.28694567,0.0,0.0,0.5803446635363207,False,False,False,4.242640687119285
CACGGTGCCGGACCAC-1,2,22,0.0,3.475886,-0.42149004,1.5726917,0.0,0.0,1.0,False,True,False,1.4142135623730951
CACGTAGGTAGGCTGA-1,25,71,0.0,3.2999353,-0.42149004,1.4199787,0.0,0.0,0.9601942641487691,False,True,False,3.1622776601683795
CACGTCAAGTGCGATC-1,23,71,0.0,3.2733927,-0.42149004,1.3969415,0.0,0.0,0.9524710390699334,False,True,False,5.0990195135927845
CACGTCCAATTCGACT-1,58,24,0.804719,2.9261012,3.5031278,1.095517,0.8514184038562796,1.0,0.8514184038562796,True,True,True,0.0
CACGTCCACGACCTAT-1,39,73,0.0,0.0,-0.42149004,-1.4441334,0.0,0.0,0.0,False,False,False,4.0
CACGTCCATCTACTGA-1,47,23,0.6931472,0.3465736,2.9589918,-1.1433318,0.10084381839069423,1.0,0.10084381839069423,True,False,False,0.0
CACGTGGCGGCACTAG-1,45,117,0.3465736,0.3465736,1.2687509,-1.1433318,0.06362536695009495,0.63092977,0.10084381839069423,True,False,False,0.0
CACGTTGCACATACCG-1,60,76,0.3465736,3.2291691,1.2687509,1.3585587,0.5928236082145744,0.63092977,0.9396031669475093,True,True,True,0.0
CACTACAATATTGCGG-1,14,64,0.0,2.9540415,-0.42149004,1.1197672,0.0,0.0,0.8595482722219312,False,True,False,2.0
CACTACCATACGCAGA-1,15,1,0.0,2.537587,-0.42149004,0.7583139,0.0,0.0,0.7383709706473546,False,False,False,2.0
CACTACCTTCGCTTCA-1,62,44,0.3465736,0.804719,1.2687509,-0.7456938,0.1477334913813981,0.63092977,0.23415203855365221,True,False,False,0.0
CACTACTGCGGAATTG-1,36,48,0.3465736,0.6931472,1.2687509,-0.84253025,0.12725070868511817,0.63092977,0.20168759681644627,True,False,False,0.0
CACTACTGGCTGAACC-1,21,81,0.0,1.7005987,-0.42149004,0.031866897,0.0,0.0,0.49482944493329234,False,False,False,7.0710678118654755
CACTAGTCGACATCTA-1,54,54,0.0,2.0794415,-0.42149004,0.36067587,0.0,0.0,0.6050627305019255,False,False,False,1.4142135623730951
CACTCAACGCAACGAC-1,6,108,0.0,1.0986123,-0.42149004,-0.49061504,0.0,0.0,0.31966725340996727,False,False,False,2.8284271247461903
CACTCAAGACCATGCA-1,67,45,0.3465736,0.6931472,1.2687509,-0.84253025,0.12725070868511817,0.63092977,0.20168759681644627,True,False,False,0.0
CACTCAATAAGCCGAA-1,23,41,0.54930615,0.0,2.2574785,-1.4441334,0.0,1.0,0.0,True,False,False,0.0
CACTCAATGGTTCGGA-1,65,85,0.0,3.2506447,-0.42149004,1.377198,0.0,0.0,0.9458520053789536,False,True,False,3.1622776601683795
CACTCAGAGCAACCGG-1,4,62,0.0,2.9217722,-0.42149004,1.0917598,0.0,0.0,0.8501587888082345,False,True,False,6.0
CACTCAGTACTCCGCT-1,22,16,0.0,2.6990814,-0.42149004,0.89847976,0.0,0.0,0.7853616098008203,False,True,False,2.0
CACTCAGTGGTCCTTC-1,55,19,0.0,2.585242,-0.42149004,0.79967517,0.0,0.0,0.7522373468680046,False,False,False,1.4142135623730951
CACTCATCACGTTACG-1,48,6,0.0,0.6931472,-0.42149004,-0.84253025,0.0,0.0,0.20168759681644627,False,False,False,1.4142135623730951
CACTCGGCGTATCGGC-1,2,86,0.0,2.6365,-0.42149004,0.84416336,0.0,0.0,0.7671520235048532,False,False,False,2.0
CACTGGATCGATACGA-1,15,53,0.0,0.804719,-0.42149004,-0.7456938,0.0,0.0,0.23415203855365221,False,False,False,3.1622776601683795
CACTGGCCAGCCAGAT-1,42,56,0.3465736,0.0,1.2687509,-1.4441334,0.0,0.63092977,0.0,True,False,False,0.0
CACTGGCGGTAACACC-1,17,29,0.0,1.5890269,-0.42149004,-0.064969584,0.0,0.0,0.4623649919559464,False,False,False,1.4142135623730951
CACTGGTGAGACGCTT-1,51,61,0.0,1.9356005,-0.42149004,0.23583196,0.0,0.0,0.563208780372934,False,False,False,2.0
CACTGGTGAGTTATCG-1,41,17,0.804719,1.4451859,3.5031278,-0.1898135,0.42051104182695487,1.0,0.42051104182695487,True,False,False,0.0
CACTGGTGGCGTCGTT-1,10,10,0.0,3.2059093,-0.42149004,1.3383707,0.0,0.0,0.9328351439520334,False,True,False,1.4142135623730951
CACTTGACATTCAGAA-1,43,83,0.0,0.0,-0.42149004,-1.4441334,0.0,0.0,0.0,False,False,False,1.4142135623730951
CAGAACATGATAGGAC-1,25,109,0.0,0.89587975,-0.42149004,-0.66657263,0.0,0.0,0.26067743010882455,False,False,False,4.47213595499958
CAGAACGTATCGACTT-1,54,36,0.0,0.6931472,-0.42149004,-0.84253025,0.0,0.0,0.20168759681644627,False,False,False,2.0
CAGAAGATTAGAATGG-1,12,6,0.0,3.4848952,-0.42149004,1.580511,0.0,0.0,1.0,False,True,False,2.0
CAGAAGTCGCGGTTAT-1,27,95,0.0,0.0,-0.42149004,-1.4441334,0.0,0.0,0.0,False,False,False,3.1622776601683795
CAGAATTCTTGAACCA-1,41,29,0.0,2.524928,-0.42149004,0.7473269,0.0,0.0,0.7346875817676474,False,False,False,1.4142135623730951
CAGACACTTACAAGAC-1,53,105,0.0,3.5400133,-0.42149004,1.6283495,0.0,0.0,1.0,False,True,False,2.8284271247461903
CAGACAGTCGGATCTG-1,36,84,0.0,0.804719,-0.42149004,-0.7456938,0.0,0.0,0.23415203855365221,False,False,False,4.242640687119285
CAGACGAATGAGGAAC-1,34,94,0.0,2.7647147,-0.42149004,0.9554449,0.0,0.0,0.8044591771473779,False,True,False,2.0
CAGACGATACAGATCG-1,59,17,0.0,3.466224,-0.42149004,1.5643055,0.0,0.0,1.0,False,True,False,1.4142135623730951
CAGACGCACTACTGAC-1,6,22,0.0,3.534937,-0.42149004,1.6239436,0.0,0.0,1.0,False,True,False,3.1622776601683795
CAGACGCAGTAGGTCT-1,31,81,0.0,3.0827088,-0.42149004,1.2314414,0.0,0.0,0.8969870703840402,False,True,False,2.0
CAGAGCAATGGCTTCT-1,19,9,0.0,3.3264315,-0.42149004,1.4429755,0.0,0.0,0.9679039411122012,False,True,False,2.0
CAGAGGCACTTAAGTC-1,36,38,0.0,1.1512926,-0.42149004,-0.44489226,0.0,0.0,0.3349958269706398,False,False,False,1.4142135623730951
CAGAGTCAATCCGCTG-1,5,25,0.0,3.5263605,-0.42149004,1.6164999,0.0,0.0,1.0,False,True,False,2.8284271247461903
CAGAGTCATGTACAGG-1,66,82,0.0,1.994492,-0.42149004,0.28694567,0.0,0.0,0.5803446635363207,False,False,False,6.0
CAGATACAGCACTCGT-1,13,41,0.6931472,0.3465736,2.9589918,-1.1433318,0.10084381839069423,1.0,0.10084381839069423,True,False,False,0.0
CAGATTATCATAACGC-1,29,37,0.0,2.393746,-0.42149004,0.63346994,0.0,0.0,0.6965170055315097,False,False,False,1.4142135623730951
CAGATTCCGTATGCGA-1,42,76,0.0,0.3465736,-0.42149004,-1.1433318,0.0,0.0,0.10084381839069423,False,False,False,2.8284271247461903
CAGATTCGAACAGGTG-1,7,81,0.0,1.2424533,-0.42149004,-0.3657711,0.0,0.0,0.3615212085345766,False,False,False,3.1622776601683795
CAGATTGCCTGTAAGT-1,41,67,0.0,0.3465736,-0.42149004,-1.1433318,0.0,0.0,0.10084381839069423,False,False,False,1.4142135623730951
CAGCACGCTAATCAGA-1,29,27,0.0,2.5964785,-0.42149004,0.8094276,0.0,0.0,0.7555068588063591,False,False,False,2.8284271247461903
CAGCATAGACTAGGCA-1,60,20,0.0,3.2733927,-0.42149004,1.3969415,0.0,0.0,0.9524710390699334,False,True,False,1.4142135623730951
CAGCATCCTCGCCACT-1,14,80,0.0,2.7403195,-0.42149004,0.9342715,0.0,0.0,0.7973608039397329,False,True,False,2.8284271247461903
CAGCCAACGATAGCTT-1,31,5,0.0,1.3862944,-0.42149004,-0.2409272,0.0,0.0,0.40337515866356816,False,False,False,1.4142135623730951
CAGCCACGGCTCTACG-1,77,35,0.0,0.0,-0.42149004,-1.4441334,0.0,0.0,0.0,False,False,False,7.615773105863909
CAGCCAGTCCTGTCGG-1,29,77,0.0,2.3410656,-0.42149004,0.5877472,0.0,0.0,0.6811884519533082,False,False,False,3.1622776601683795
CAGCCATGTCTGCCGT-1,40,52,0.3465736,0.3465736,1.2687509,-1.1433318,0.06362536695009495,0.63092977,0.10084381839069423,True,False,False,0.0
CAGCCTCGTGGCTCAC-1,39,25,0.0,1.5890269,-0.42149004,-0.064969584,0.0,0.0,0.4623649919559464,False,False,False,3.1622776601683795
CAGCCTGGTTGAACTA-1,14,88,0.0,2.5437982,-0.42149004,0.76370484,0.0,0.0,0.7401782852456865,False,False,False,2.8284271247461903
CAGCGATAATGCGATT-1,11,61,0.0,1.4978662,-0.42149004,-0.14409073,0.0,0.0,0.43583961039200964,False,False,False,1.4142135623730951
CAGCTCCTCGGATTCT-1,24,70,0.0,3.5033476,-0.42149004,1.5965264,0.0,0.0,1.0,False,True,False,4.47213595499958
CAGCTCCTTAGGTAAG-1,4,16,0.0,3.037673,-0.42149004,1.1923535,0.0,0.0,0.8838828455934856,False,True,False,1.4142135623730951
CAGCTGGATGCGGCTA-1,26,34,0.3465736,1.2424533,1.2687509,-0.3657711,0.22809449225870276,0.63092977,0.3615212085345766,True,False,False,0.0
CAGCTGGCGATAAGTG-1,17,21,0.0,1.732868,-0.42149004,0.05987433,0.0,0.0,0.5042189433338424,False,False,False,1.4142135623730951
CAGCTGTTGCCGGAGT-1,48,112,0.0,1.9033313,-0.42149004,0.20782453,0.0,0.0,0.553819281972384,False,False,False,4.0
CAGCTTCACTACCGTG-1,13,47,0.0,1.994492,-0.42149004,0.28694567,0.0,0.0,0.5803446635363207,False,False,False,1.4142135623730951
CAGCTTCTAGCTGGCA-1,14,118,0.0,0.6931472,-0.42149004,-0.84253025,0.0,0.0,0.20168759681644627,False,False,False,3.1622776601683795
CAGCTTCTCCGCTCTT-1,72,10,0.3465736,2.393746,1.2687509,0.63346994,0.43945331276758826,0.63092977,0.6965170055315097,True,False,False,0.0
CAGCTTGGTTCGGTCG-1,56,88,0.0,2.0471723,-0.42149004,0.33266842,0.0,0.0,0.5956732271057577,False,False,False,1.4142135623730951
CAGGACAGAAGGCTGG-1,56,96,0.0,2.8314803,-0.42149004,1.0133927,0.0,0.0,0.8238861954949052,False,True,False,5.0990195135927845
CAGGACATGGTAATGC-1,27,69,0.0,3.1858058,-0.42149004,1.3209224,0.0,0.0,0.9269855952580414,False,True,False,3.1622776601683795
CAGGAGCGTATCGCAT-1,56,46,0.0,2.668769,-0.42149004,0.8721706,0.0,0.0,0.7765414669536078,False,False,False,1.4142135623730951
CAGGCCAACGGTCGTA-1,22,42,1.0397208,1.1512926,4.649233,-0.44489226,0.3349958269706398,1.0,0.3349958269706398,True,False,False,0.0
CAGGCCGTATCTGTTA-1,48,56,0.0,2.3221955,-0.42149004,0.5713693,0.0,0.0,0.6756977484752691,False,False,False,1.4142135623730951
CAGGCGAGGTCTTGGA-1,55,75,0.0,2.7361355,-0.42149004,0.9306401,0.0,0.0,0.7961433718881725,False,True,False,4.0
CAGTAATATCACTACG-1,11,75,0.0,0.6931472,-0.42149004,-0.84253025,0.0,0.0,0.20168759681644627,False,False,False,2.0
CAGTACAGTTGTGGAA-1,41,87,0.0,1.0397208,-0.42149004,-0.54172873,0.0,0.0,0.3025313752421983,False,False,False,2.8284271247461903
CAGTAGATTGACGGAT-1,60,34,0.0,1.5890269,-0.42149004,-0.064969584,0.0,0.0,0.4623649919559464,False,False,False,2.8284271247461903
CAGTAGCACTACATTG-1,2,94,0.3465736,1.2424533,1.2687509,-0.3657711,0.22809449225870276,0.63092977,0.3615212085345766,True,False,False,0.0
CAGTATACTGCAGCAA-1,18,2,0.0,0.89587975,-0.42149004,-0.66657263,0.0,0.0,0.26067743010882455,False,False,False,1.4142135623730951
CAGTATCTTACACTAA-1,56,98,0.0,3.3643143,-0.42149004,1.4758552,0.0,0.0,0.9789268716432185,False,True,False,3.1622776601683795
CAGTATGCGTGGCGCT-1,25,81,0.0,2.0126758,-0.42149004,0.30272785,0.0,0.0,0.5856356422157494,False,False,False,3.1622776601683795
CAGTCAGCCGATCCGG-1,48,82,0.0,2.9217722,-0.42149004,1.0917598,0.0,0.0,0.8501587888082345,False,True,False,1.4142135623730951
CAGTCTGGACAATCTA-1,1,55,0.0,0.6931472,-0.42149004,-0.84253025,0.0,0.0,0.20168759681644627,False,False,False,1.4142135623730951
CAGTCTGGTAATCTAC-1,48,14,0.3465736,0.3465736,1.2687509,-1.1433318,0.06362536695009495,0.63092977,0.10084381839069423,True,False,False,0.0
CAGTCTGTGGCGCTGC-1,14,58,0.0,1.3540251,-0.42149004,-0.26893464,0.0,0.0,0.39398566026301807,False,False,False,3.1622776601683795
CAGTGAACAGCAACGA-1,33,101,0.3465736,1.6479185,1.2687509,-0.013855865,0.3025313779057529,0.63092977,0.4795008782415942,True,False,False,0.0
CAGTGCCTTGCGGTCT-1,47,47,0.0,0.3465736,-0.42149004,-1.1433318,0.0,0.0,0.10084381839069423,False,False,False,2.8284271247461903
CAGTTGCACGGACAGG-1,26,20,0.0,2.7725887,-0.42149004,0.96227896,0.0,0.0,0.8067503073359007,False,True,False,3.1622776601683795
CAGTTGCGACTTCTCG-1,46,98,0.0,2.6155543,-0.42149004,0.8259841,0.0,0.0,0.7610574297678038,False,False,False,1.4142135623730951
CAGTTGCTCACGTGTC-1,23,45,0.0,0.3465736,-0.42149004,-1.1433318,0.0,0.0,0.10084381839069423,False,False,False,1.4142135623730951
CATACAATGAGTAGCT-1,45,15,0.804719,0.54930615,3.5031278,-0.9673742,0.15983363170060141,1.0,0.15983363170060141,True,False,False,0.0
CATACCTCGATTGTTC-1,58,38,0.0,0.0,-0.42149004,-1.4441334,0.0,0.0,0.0,False,False,False,2.0
CATAGAACATTGAACA-1,23,65,0.0,2.8314803,-0.42149004,1.0133927,0.0,0.0,0.8238861954949052,False,True,False,4.0
CATAGCTTGACAACGG-1,9,25,0.3465736,2.3895617,1.2687509,0.62983835,0.43868516082302994,0.63092977,0.6952995135325362,True,False,False,0.0
CATATCAGACTATCCA-1,7,17,0.0,3.086893,-0.42149004,1.2350731,0.0,0.0,0.8982046023479561,False,True,False,1.4142135623730951
CATATCCGTTCACCTC-1,8,72,0.0,2.2386684,-0.42149004,0.49887362,0.0,0.0,0.651393558451017,False,False,False,5.830951894845301
CATATGTTGACTGGCG-1,49,109,0.0,3.2228599,-0.42149004,1.3530827,0.0,0.0,0.9377673373629226,False,True,False,1.4142135623730951
CATATTCATCCGCATT-1,65,83,0.0,3.394486,-0.42149004,1.502042,0.0,0.0,0.9877060104597406,False,True,False,5.0990195135927845
CATATTCTTGTCGTAA-1,71,39,0.0,0.3465736,-0.42149004,-1.1433318,0.0,0.0,0.10084381839069423,False,False,False,4.242640687119285
CATCAACATAACCGAT-1,5,101,0.0,0.0,-0.42149004,-1.4441334,0.0,0.0,0.0,False,False,False,2.0
CATCAGAAGGCTTCGG-1,5,97,0.0,0.0,-0.42149004,-1.4441334,0.0,0.0,0.0,False,False,False,1.4142135623730951
CATCAGATACTAATCG-1,43,69,0.0,0.0,-0.42149004,-1.4441334,0.0,0.0,0.0,False,False,False,1.4142135623730951
CATCAGGTAGGACCGT-1,19,15,0.0,3.1345482,-0.42149004,1.2764343,0.0,0.0,0.9120709585861349,False,True,False,2.0
CATCAGGTGCCTGATA-1,20,80,0.0,1.0397208,-0.42149004,-0.54172873,0.0,0.0,0.3025313752421983,False,False,False,7.0710678118654755
CATCAGTAATCAGACA-1,66,84,0.0,3.037673,-0.42149004,1.1923535,0.0,0.0,0.8838828455934856,False,True,False,4.47213595499958
CATCCGAAGCGTATGG-1,22,44,0.0,1.2424533,-0.42149004,-0.3657711,0.0,0.0,0.3615212085345766,False,False,False,1.4142135623730951
CATCCGCCTAAGGAAC-1,42,52,0.3465736,0.3465736,1.2687509,-1.1433318,0.06362536695009495,0.63092977,0.10084381839069423,True,False,False,0.0
CATCCGGTACCAACGA-1,61,43,0.0,0.0,-0.42149004,-1.4441334,0.0,0.0,0.0,False,False,False,1.4142135623730951
CATCCGTGCGGTCTAC-1,61,93,0.0,3.6396594,-0.42149004,1.7148354,0.0,0.0,1.0,False,True,False,2.8284271247461903
CATCCGTGGTCGTAAG-1,20,34,0.0,1.0397208,-0.42149004,-0.54172873,0.0,0.0,0.3025313752421983,False,False,False,1.4142135623730951
CATCCTAGAATTATTG-1,2,106,0.3465736,0.3465736,1.2687509,-1.1433318,0.06362536695009495,0.63092977,0.10084381839069423,True,False,False,0.0
CATCCTAGTGGTATGT-1,49,111,0.0,1.4451859,-0.42149004,-0.1898135,0.0,0.0,0.42051104182695487,False,False,False,3.1622776601683795
CATCCTTCGACTAAGT-1,7,37,0.0,2.7403195,-0.42149004,0.9342715,0.0,0.0,0.7973608039397329,False,True,False,1.4142135623730951
CATCGCGGTCGGTGCG-1,42,90,0.6931472,0.6931472,2.9589918,-0.84253025,0.20168759681644627,1.0,0.20168759681644627,True,False,False,0.0
CATCGGATACGCACAG-1,1,47,0.0,1.6661022,-0.42149004,0.0019263168,0.0,0.0,0.4847918584431252,False,False,False,4.0
CATCGGCATGTCGAAG-1,40,114,0.0,2.4814224,-0.42149004,0.709567,0.0,0.0,0.722028566433125,False,False,False,1.4142135623730951
CATCGGCCTGCATATC-1,50,98,0.0,3.0365224,-0.42149004,1.1913549,0.0,0.0,0.8835480592727332,False,True,False,3.1622776601683795
CATCTGGCCATACTAG-1,55,109,0.0,3.459842,-0.42149004,1.5587665,0.0,0.0,1.0,False,True,False,2.0
CATGATAGGCCATGAG-1,48,60,0.3465736,1.5222611,1.2687509,-0.12291759,0.27946271199052064,0.63092977,0.442937908665388,True,False,False,0.0
CATGATGCATGTGCTA-1,43,11,0.0,0.6931472,-0.42149004,-0.84253025,0.0,0.0,0.20168759681644627,False,False,False,1.4142135623730951
CATGATGCTAGCCATG-1,45,115,0.3465736,1.3540251,1.2687509,-0.26893464,0.2485772812587506,0.63092977,0.39398566026301807,True,False,False,0.0
CATGCACGCCGACGGA-1,67,85,0.0,2.9159412,-0.42149004,1.0866989,0.0,0.0,0.8484621171523644,False,True,False,4.242640687119285
CATGCAGAAGTCAGGA-1,16,52,0.0,2.0715673,-0.42149004,0.35384157,0.0,0.0,0.602771530374754,False,False,False,2.0
CATGCAGGTAGTTGTA-1,73,13,0.0,3.391096,-0.42149004,1.4990999,0.0,0.0,0.9867196357214704,False,True,False,1.4142135623730951
CATGCATATTCTGCCT-1,13,73,0.0,1.7917595,-0.42149004,0.11098804,0.0,0.0,0.5213548277461335,False,False,False,2.8284271247461903
CATGCGCTACTGGAGG-1,26,110,0.0,0.6931472,-0.42149004,-0.84253025,0.0,0.0,0.20168759681644627,False,False,False,4.242640687119285
CATGCGGCCGGAATTC-1,67,49,0.0,0.3465736,-0.42149004,-1.1433318,0.0,0.0,0.10084381839069423,False,False,False,1.4142135623730951
CATGCTCATCTGAACG-1,31,43,0.54930615,0.6931472,2.2574785,-0.84253025,0.20168759681644627,1.0,0.20168759681644627,True,False,False,0.0
CATGGCTACTGTACGT-1,65,27,0.0,2.668769,-0.42149004,0.8721706,0.0,0.0,0.7765414669536078,False,False,False,1.4142135623730951
CATGTCCACCTGCGTC-1,50,62,0.0,0.0,-0.42149004,-1.4441334,0.0,0.0,0.0,False,False,False,2.8284271247461903
CATGTTACCGAAGGCG-1,41,77,0.0,0.0,-0.42149004,-1.4441334,0.0,0.0,0.0,False,False,False,3.1622776601683795
CATGTTATTGATGCAG-1,34,10,0.0,1.4978662,-0.42149004,-0.14409073,0.0,0.0,0.43583961039200964,False,False,False,1.4142135623730951
CATTAACTAATCGCGT-1,2,88,0.0,0.3465736,-0.42149004,-1.1433318,0.0,0.0,0.10084381839069423,False,False,False,2.0
CATTAACTATTGTTCC-1,35,67,0.0,0.54930615,-0.42149004,-0.9673742,0.0,0.0,0.15983363170060141,False,False,False,2.0
CATTAGGATAGTGAAT-1,22,64,0.0,2.0948274,-0.42149004,0.37402973,0.0,0.0,0.6095396133176433,False,False,False,2.8284271247461903
CATTAGGCAATGGTTA-1,36,96,0.0,2.5053177,-0.42149004,0.73030645,0.0,0.0,0.7289814672511867,False,False,False,1.4142135623730951
CATTCTCCAGTCACCA-1,54,20,0.0,2.540702,-0.42149004,0.7610176,0.0,0.0,0.7392773955187675,False,False,False,2.0
CATTCTGTGCATGCTC-1,59,7,0.0,2.4849067,-0.42149004,0.7125911,0.0,0.0,0.723042397086682,False,False,False,2.0
CATTGCAGCGAAGACC-1,8,60,0.0,3.2156656,-0.42149004,1.3468385,0.0,0.0,0.9356739736908428,False,True,False,2.8284271247461903
CATTGCGTGCCACCTT-1,27,35,0.0,2.393746,-0.42149004,0.63346994,0.0,0.0,0.6965170055315097,False,False,False,1.4142135623730951
CATTGCTATGTTAGCT-1,52,54,0.0,2.6876392,-0.42149004,0.88854873,0.0,0.0,0.7820322303790603,False,False,False,1.4142135623730951
CATTGGCGGTTGAGTC-1,48,104,0.0,3.2776785,-0.42149004,1.4006613,0.0,0.0,0.95371810512613,False,True,False,2.0
CATTGTCGGTCGCTAG-1,5,57,0.0,2.537587,-0.42149004,0.7583139,0.0,0.0,0.7383709706473546,False,False,False,3.1622776601683795
CCAACAGGAACACGGT-1,21,33,0.0,1.4978662,-0.42149004,-0.14409073,0.0,0.0,0.43583961039200964,False,False,False,1.4142135623730951
CCAACTTGCCACCGTA-1,33,99,0.0,0.54930615,-0.42149004,-0.9673742,0.0,0.0,0.15983363170060141,False,False,False,1.4142135623730951
CCAACTTGCGTTAACC-1,6,52,0.0,2.673554,-0.42149004,0.8763237,0.0,0.0,0.7779337855922056,False,False,False,2.8284271247461903
CCAAGCTGGCCATTGC-1,55,53,0.0,2.1719027,-0.42149004,0.4409256,0.0,0.0,0.6319664701648409,False,False,False,2.0
CCAATACCAACACGCC-1,20,92,0.0,1.8444397,-0.42149004,0.1567108,0.0,0.0,0.5366833938133795,False,False,False,7.0710678118654755
CCAATAGCGGTACGTG-1,64,106,0.0,2.418141,-0.42149004,0.6546431,0.0,0.0,0.7036153187917414,False,False,False,7.211102550927978
CCAATATTAGTGCGTT-1,1,59,0.0,2.138333,-0.42149004,0.41178957,0.0,0.0,0.6221986086696945,False,False,False,3.1622776601683795
CCAATCTAACGTGACG-1,19,45,0.6931472,0.54930615,2.9589918,-0.9673742,0.15983363170060141,1.0,0.15983363170060141,True,False,False,0.0
CCAATCTTGCCTATGG-1,42,86,0.0,0.0,-0.42149004,-1.4441334,0.0,0.0,0.0,False,False,False,1.4142135623730951
CCAATTATGACACTGG-1,57,35,0.0,0.6931472,-0.42149004,-0.84253025,0.0,0.0,0.20168759681644627,False,False,False,1.4142135623730951
CCACAACCAGCAGGTG-1,77,29,0.0,0.0,-0.42149004,-1.4441334,0.0,0.0,0.0,False,False,False,2.8284271247461903
CCACATGGCGACGTCT-1,40,30,0.0,1.3540251,-0.42149004,-0.26893464,0.0,0.0,0.39398566026301807,False,False,False,2.0
CCACGAACGCTGCCGC-1,56,70,0.0,2.3502402,-0.42149004,0.5957101,0.0,0.0,0.6838580101794585,False,False,False,1.4142135623730951
CCACGATCCTAATCCG-1,19,47,0.3465736,0.0,1.2687509,-1.4441334,0.0,0.63092977,0.0,True,False,False,0.0
CCACGCCTGGAGAAGT-1,0,64,0.0,2.9085555,-0.42149004,1.0802885,0.0,0.0,0.8463130423508674,False,True,False,4.0
CCACGGCTGGCAACCT-1,1,87,0.0,3.2755404,-0.42149004,1.3988056,0.0,0.0,0.9530959708710084,False,True,False,1.4142135623730951
CCACGGTACACCAACC-1,41,23,0.0,1.3195286,-0.42149004,-0.2988752,0.0,0.0,0.3839480753730098,False,False,False,2.8284271247461903
CCACGTCGGTCGCTTC-1,55,71,0.0,2.7647147,-0.42149004,0.9554449,0.0,0.0,0.8044591771473779,False,True,False,2.8284271247461903
CCACGTGCCACCTCAA-1,34,44,0.3465736,1.609438,1.2687509,-0.047254253,0.29546697251917337,0.63092977,0.4683040608715467,True,False,False,0.0
CCACGTGGACTGCGGT-1,14,70,0.3465736,2.84179,1.2687509,1.0223408,0.5217070199650876,0.63092977,0.8268860439858111,True,True,True,0.0
CCACTAATCACCGGTA-1,12,40,0.0,0.0,-0.42149004,-1.4441334,0.0,0.0,0.0,False,False,False,1.4142135623730951
CCACTCCAGCACCTAC-1,14,90,0.0,2.2499049,-0.42149004,0.50862604,0.0,0.0,0.6546630603981359,False,False,False,2.0
CCACTCTGTAGTCGGA-1,62,106,0.0,2.418141,-0.42149004,0.6546431,0.0,0.0,0.7036153187917414,False,False,False,5.830951894845301
CCAGAACCGTGCATCC-1,63,21,0.3465736,2.3895617,1.2687509,0.62983835,0.43868516082302994,0.63092977,0.6952995135325362,True,False,False,0.0
CCAGACAATATCGTTA-1,42,82,0.0,0.3465736,-0.42149004,-1.1433318,0.0,0.0,0.10084381839069423,False,False,False,2.0
CCAGACAGAACCTAAG-1,25,89,0.0,2.1242476,-0.42149004,0.39956433,0.0,0.0,0.6181000939441909,False,False,False,1.4142135623730951
CCAGACATCCGGTTCT-1,33,105,0.0,1.3862944,-0.42149004,-0.2409272,0.0,0.0,0.40337515866356816,False,False,False,4.0
CCAGACATCGGCACGC-1,35,31,0.0,1.3862944,-0.42149004,-0.2409272,0.0,0.0,0.40337515866356816,False,False,False,1.4142135623730951
CCAGATAGACGAGGTG-1,30,68,0.0,2.393746,-0.42149004,0.63346994,0.0,0.0,0.6965170055315097,False,False,False,4.242640687119285
CCAGATAGCGTAGTGA-1,14,102,0.0,1.5222611,-0.42149004,-0.12291759,0.0,0.0,0.442937908665388,False,False,False,3.1622776601683795
CCAGATGATATGTAGG-1,54,48,0.3465736,1.1512926,1.2687509,-0.44489226,0.21135883942018927,0.63092977,0.3349958269706398,True,False,False,0.0
CCAGATTGTAGCCTAC-1,46,30,0.6931472,0.3465736,2.9589918,-1.1433318,0.10084381839069423,1.0,0.10084381839069423,True,False,False,0.0
CCAGCACTCGACTGAC-1,36,82,0.0,1.1512926,-0.42149004,-0.44489226,0.0,0.0,0.3349958269706398,False,False,False,4.47213595499958
CCAGCAGGTCTTGTTC-1,2,90,0.3465736,0.0,1.2687509,-1.4441334,0.0,0.63092977,0.0,True,False,False,0.0
CCAGCATCTACCGCTT-1,0,76,0.0,0.89587975,-0.42149004,-0.66657263,0.0,0.0,0.26067743010882455,False,False,False,5.0990195135927845
CCAGCGGATTCCGCTG-1,41,15,1.0397208,1.1512926,4.649233,-0.44489226,0.3349958269706398,1.0,0.3349958269706398,True,False,False,0.0
CCAGGATACCGTTAGT-1,4,114,0.0,0.0,-0.42149004,-1.4441334,0.0,0.0,0.0,False,False,False,1.4142135623730951
CCAGGTCCACATCCAT-1,56,12,0.0,3.6733274,-0.42149004,1.7440568,0.0,0.0,1.0,False,True,False,1.4142135623730951
CCAGGTTACGAGACTG-1,69,39,0.0,0.0,-0.42149004,-1.4441334,0.0,0.0,0.0,False,False,False,4.0
CCAGTGTCACAGCGCC-1,13,17,0.0,3.1191623,-0.42149004,1.2630805,0.0,0.0,0.9075940857616528,False,True,False,2.0
CCAGTGTCTAGCTACG-1,56,108,0.0,3.3667011,-0.42149004,1.4779267,0.0,0.0,0.9796213424437097,False,True,False,1.4142135623730951
CCAGTTGTGATGCAAG-1,5,49,0.0,1.3862944,-0.42149004,-0.2409272,0.0,0.0,0.40337515866356816,False,False,False,3.1622776601683795
CCATACGGAGCCAAGG-1,74,44,0.0,0.0,-0.42149004,-1.4441334,0.0,0.0,0.0,False,False,False,2.0
CCATAGCCGTACGCAC-1,61,109,0.0,2.1783543,-0.42149004,0.44652516,0.0,0.0,0.6338437234120109,False,False,False,6.324555320336759
CCATAGTAGGTGCTTG-1,7,117,0.0,0.54930615,-0.42149004,-0.9673742,0.0,0.0,0.15983363170060141,False,False,False,2.8284271247461903
CCATAGTATTGTCTGC-1,26,42,0.54930615,0.3465736,2.2574785,-1.1433318,0.10084381839069423,1.0,0.10084381839069423,True,False,False,0.0
CCATAGTTCGAGTAAG-1,51,109,0.0,3.4891067,-0.42149004,1.5841662,0.0,0.0,1.0,False,True,False,3.1622776601683795
CCATCTGTGGCATCGT-1,34,56,0.0,0.0,-0.42149004,-1.4441334,0.0,0.0,0.0,False,False,False,1.4142135623730951
CCATGAACAATGCTCC-1,39,115,0.3465736,0.3465736,1.2687509,-1.1433318,0.06362536695009495,0.63092977,0.10084381839069423,True,False,False,0.0
CCATGAACATCGTTGG-1,26,114,0.0,0.0,-0.42149004,-1.4441334,0.0,0.0,0.0,False,False,False,6.0
CCATTATCGTTACCTT-1,9,35,0.3465736,0.0,1.2687509,-1.4441334,0.0,0.63092977,0.0,True,False,False,0.0
CCATTCGTCTGCTCTA-1,30,104,0.0,2.1242476,-0.42149004,0.39956433,0.0,0.0,0.6181000939441909,False,False,False,3.1622776601683795
CCATTGGCAATTCTCA-1,35,7,0.54930615,2.5678992,2.2574785,0.78462285,0.7471910535471538,1.0,0.7471910535471538,True,False,False,0.0
CCGACAACGTCATCGG-1,33,79,0.0,1.4451859,-0.42149004,-0.1898135,0.0,0.0,0.42051104182695487,False,False,False,4.0
CCGACAAGACTGTACT-1,32,92,0.0,0.3465736,-0.42149004,-1.1433318,0.0,0.0,0.10084381839069423,False,False,False,4.0
CCGACAAGTATTCATC-1,15,105,0.0,0.804719,-0.42149004,-0.7456938,0.0,0.0,0.23415203855365221,False,False,False,1.4142135623730951
CCGACAGACTGTGCCT-1,23,67,0.0,3.3140206,-0.42149004,1.4322038,0.0,0.0,0.9642927089356238,False,True,False,4.47213595499958
CCGAGGATGACTCGTC-1,37,63,0.3465736,0.89587975,1.2687509,-0.66657263,0.16446915052367952,0.63092977,0.26067743010882455,True,False,False,0.0
CCGATAATGGAGCCTT-1,45,101,0.0,2.4814224,-0.42149004,0.709567,0.0,0.0,0.722028566433125,False,False,False,4.242640687119285
CCGATGGAACATCAGC-1,41,91,0.0,1.2424533,-0.42149004,-0.3657711,0.0,0.0,0.3615212085345766,False,False,False,1.4142135623730951
CCGATGGATCCGGCAG-1,72,22,0.54930615,2.537587,2.2574785,0.7583139,0.7383709706473546,1.0,0.7383709706473546,True,False,False,0.0
CCGATTAGCGAGTGTA-1,62,92,0.0,2.5119402,-0.42149004,0.73605436,0.0,0.0,0.7309084568689163,False,False,False,3.1622776601683795
CCGATTCCATAAGAGT-1,22,98,0.0,2.393746,-0.42149004,0.63346994,0.0,0.0,0.6965170055315097,False,False,False,1.4142135623730951
CCGATTCCTCACTACA-1,25,91,0.0,2.418141,-0.42149004,0.6546431,0.0,0.0,0.7036153187917414,False,False,False,3.1622776601683795
CCGCAAGGAAGGAGGC-1,24,14,0.0,3.3667011,-0.42149004,1.4779267,0.0,0.0,0.9796213424437097,False,True,False,1.4142135623730951
CCGCAAGGTACCGTTG-1,50,94,0.0,2.3410656,-0.42149004,0.5877472,0.0,0.0,0.6811884519533082,False,False,False,1.4142135623730951
CCGCAATCCGTGGTTG-1,64,84,0.0,3.3410544,-0.42149004,1.4556673,0.0,0.0,0.9721588486477424,False,True,False,4.0
CCGCAGTGATCACTGT-1,15,95,0.0,0.3465736,-0.42149004,-1.1433318,0.0,0.0,0.10084381839069423,False,False,False,3.1622776601683795
CCGCATAGTACAGGTT-1,9,69,0.0,0.6931472,-0.42149004,-0.84253025,0.0,0.0,0.20168759681644627,False,False,False,5.0990195135927845
CCGCATGTAGTTAGAC-1,23,17,0.0,3.0546238,-0.42149004,1.2070656,0.0,0.0,0.8888150789693171,False,True,False,1.4142135623730951
CCGCCACTGCGTTGGC-1,25,9,0.0,3.5408545,-0.42149004,1.6290796,0.0,0.0,1.0,False,True,False,1.4142135623730951
CCGCCATACTTCACCA-1,34,32,0.0,1.3540251,-0.42149004,-0.26893464,0.0,0.0,0.39398566026301807,False,False,False,2.0
CCGCGAGGTGCGATGG-1,64,36,0.0,0.0,-0.42149004,-1.4441334,0.0,0.0,0.0,False,False,False,4.0
CCGCGGCCACAATCGG-1,60,8,0.0,3.4143562,-0.42149004,1.5192881,0.0,0.0,0.9934877386468307,False,True,False,3.1622776601683795
CCGCGTAAGATTCCTT-1,72,18,0.0,2.744469,-0.42149004,0.93787295,0.0,0.0,0.7985681848083316,False,True,False,1.4142135623730951
CCGCGTATCGTTGCAG-1,61,55,0.0,0.0,-0.42149004,-1.4441334,0.0,0.0,0.0,False,False,False,3.1622776601683795
CCGCGTCGTTGGTCTG-1,26,58,0.0,1.1512926,-0.42149004,-0.44489226,0.0,0.0,0.3349958269706398,False,False,False,3.1622776601683795
CCGCGTTACCTTGGCG-1,28,46,0.3465736,0.89587975,1.2687509,-0.66657263,0.16446915052367952,0.63092977,0.26067743010882455,True,False,False,0.0
CCGCGTTGCTACAACT-1,10,110,0.0,0.0,-0.42149004,-1.4441334,0.0,0.0,0.0,False,False,False,1.4142135623730951
CCGCTCAATCTGGAAC-1,13,61,0.3465736,2.3025851,1.2687509,0.5543488,0.42271766623284274,0.63092977,0.6699916339588086,True,False,False,0.0
CCGCTCATACAAGTCA-1,55,31,0.0,0.0,-0.42149004,-1.4441334,0.0,0.0,0.0,False,False,False,1.4142135623730951
CCGCTCGCTAGTCTAA-1,46,32,0.54930615,0.0,2.2574785,-1.4441334,0.0,1.0,0.0,True,False,False,0.0
CCGCTCTGCTGAATTC-1,40,102,0.0,0.97295505,-0.42149004,-0.5996767,0.0,0.0,0.28310429694725775,False,False,False,4.0
CCGCTCTGGATATCGG-1,70,38,0.0,0.0,-0.42149004,-1.4441334,0.0,0.0,0.0,False,False,False,5.0990195135927845
CCGCTGGCACCAAGAC-1,17,113,0.0,0.89587975,-0.42149004,-0.66657263,0.0,0.0,0.26067743010882455,False,False,False,2.8284271247461903
CCGCTGTCACCTGCAA-1,46,64,0.0,1.0397208,-0.42149004,-0.54172873,0.0,0.0,0.3025313752421983,False,False,False,2.0
CCGCTGTTGCCATACG-1,38,88,0.0,2.5529728,-0.42149004,0.7716677,0.0,0.0,0.7428478434718367,False,False,False,4.47213595499958
CCGGAGAAGCTAACCA-1,48,68,0.0,0.804719,-0.42149004,-0.7456938,0.0,0.0,0.23415203855365221,False,False,False,1.4142135623730951
CCGGAGACAAGAATAA-1,51,105,0.0,3.549188,-0.42149004,1.6363125,0.0,0.0,1.0,False,True,False,1.4142135623730951
CCGGATCACTATGGCC-1,3,49,0.0,1.3540251,-0.42149004,-0.26893464,0.0,0.0,0.39398566026301807,False,False,False,2.8284271247461903
CCGGATCAGCCGACTA-1,13,107,0.0,0.3465736,-0.42149004,-1.1433318,0.0,0.0,0.10084381839069423,False,False,False,1.4142135623730951
CCGGCAATGAAGTGAA-1,33,23,0.0,1.3540251,-0.42149004,-0.26893464,0.0,0.0,0.39398566026301807,False,False,False,1.4142135623730951
CCGGCATAGGCAAGTG-1,14,78,0.0,2.8314803,-0.42149004,1.0133927,0.0,0.0,0.8238861954949052,False,True,False,2.0
CCGGCGAACATCACGT-1,21,113,0.0,0.3465736,-0.42149004,-1.1433318,0.0,0.0,0.10084381839069423,False,False,False,1.4142135623730951
CCGGCGAACCGTGCAC-1,30,62,0.0,2.282174,-0.42149004,0.5366335,0.0,0.0,0.6640525637943038,False,False,False,2.8284271247461903
CCGGCGCAGCATGCGA-1,51,67,0.0,2.158744,-0.42149004,0.4295049,0.0,0.0,0.6281376788341992,False,False,False,1.4142135623730951
CCGGCGCTAAGGATGA-1,40,22,0.0,1.2424533,-0.42149004,-0.3657711,0.0,0.0,0.3615212085345766,False,False,False,1.4142135623730951
CCGGCGTCCTCATTGT-1,15,45,0.0,0.6931472,-0.42149004,-0.84253025,0.0,0.0,0.20168759681644627,False,False,False,1.4142135623730951
CCGGCGTCTTAATAAG-1,43,87,0.0,0.3465736,-0.42149004,-1.1433318,0.0,0.0,0.10084381839069423,False,False,False,2.0
CCGGTGGCAAGCCGTA-1,2,52,0.0,2.3502402,-0.42149004,0.5957101,0.0,0.0,0.6838580101794585,False,False,False,1.4142135623730951
CCGTACTGGACGCAGA-1,0,68,0.3465736,3.6017027,1.2687509,1.6818916,0.6309297680854797,0.63092977,1.0,True,True,True,0.0
CCGTATAATCTGGCCG-1,58,76,0.0,1.5890269,-0.42149004,-0.064969584,0.0,0.0,0.4623649919559464,False,False,False,2.0
CCGTCTTATGGACGAG-1,55,83,0.0,2.4563274,-0.42149004,0.68778634,0.0,0.0,0.7147265918274767,False,False,False,1.4142135623730951
CCGTGAAGGATAACAG-1,26,72,0.0,3.0056336,-0.42149004,1.1645455,0.0,0.0,0.8745602235280782,False,True,False,2.0
CCGTGCACATCTGGCA-1,61,17,0.0,2.6968138,-0.42149004,0.8965116,0.0,0.0,0.7847017886052106,False,True,False,2.0
CCGTGCACTACCAGAA-1,10,106,0.0,0.6931472,-0.42149004,-0.84253025,0.0,0.0,0.20168759681644627,False,False,False,2.0
CCGTGCTGGCAATATG-1,61,25,0.0,0.54930615,-0.42149004,-0.9673742,0.0,0.0,0.15983363170060141,False,False,False,2.0
CCGTGGCGTCGGTGCT-1,9,51,0.0,1.732868,-0.42149004,0.05987433,0.0,0.0,0.5042189433338424,False,False,False,1.4142135623730951
CCTAACGCGATTGCAT-1,62,18,0.0,2.943052,-0.42149004,1.1102291,0.0,0.0,0.8563506372321111,False,True,False,1.4142135623730951
CCTAACTACGAATATG-1,65,101,0.0,3.6017027,-0.42149004,1.6818916,0.0,0.0,1.0,False,True,False,4.0
CCTAACTTATGTTGGA-1,19,57,0.0,2.0471723,-0.42149004,0.33266842,0.0,0.0,0.5956732271057577,False,False,False,2.0
CCTAAGCATGCCTTGT-1,26,82,0.0,2.1910133,-0.42149004,0.45751235,0.0,0.0,0.637527182230367,False,False,False,2.8284271247461903
CCTAAGGTTACAGTAA-1,64,104,0.0,3.6742938,-0.42149004,1.7448956,0.0,0.0,1.0,False,True,False,5.656854249492381
CCTAATAGCGGACAGA-1,12,74,0.0,0.6931472,-0.42149004,-0.84253025,0.0,0.0,0.20168759681644627,False,False,False,3.1622776601683795
CCTAATCAGGCCATTA-1,10,30,0.0,1.2424533,-0.42149004,-0.3657711,0.0,0.0,0.3615212085345766,False,False,False,1.4142135623730951
CCTAATCCACAAGGAT-1,23,63,0.0,1.3195286,-0.42149004,-0.2988752,0.0,0.0,0.3839480753730098,False,False,False,3.1622776601683795
CCTAATGGCACTGTTC-1,36,104,0.0,1.732868,-0.42149004,0.05987433,0.0,0.0,0.5042189433338424,False,False,False,4.242640687119285
CCTACACCGACATTAC-1,43,43,0.0,1.4978662,-0.42149004,-0.14409073,0.0,0.0,0.43583961039200964,False,False,False,1.4142135623730951
CCTACCACTCCAGTTA-1,31,79,0.0,1.994492,-0.42149004,0.28694567,0.0,0.0,0.5803446635363207,False,False,False,2.8284271247461903
CCTACCATCGCAGTAT-1,32,8,0.0,1.8688347,-0.42149004,0.17788394,0.0,0.0,0.5437816920867579,False,False,False,1.4142135623730951
CCTACCATGTGATCAC-1,42,24,0.0,2.138333,-0.42149004,0.41178957,0.0,0.0,0.6221986086696945,False,False,False,1.4142135623730951
CCTACGAGCTGGCCGG-1,27,75,0.0,0.89587975,-0.42149004,-0.66657263,0.0,0.0,0.26067743010882455,False,False,False,3.1622776601683795
CCTACGGTAAGACTCG-1,5,65,0.0,2.4814224,-0.42149004,0.709567,0.0,0.0,0.722028566433125,False,False,False,5.0990195135927845
CCTAGCCTAGTACCGG-1,52,66,0.0,2.0126758,-0.42149004,0.30272785,0.0,0.0,0.5856356422157494,False,False,False,2.0
CCTAGCCTTCATCGGC-1,47,59,0.0,1.7917595,-0.42149004,0.11098804,0.0,0.0,0.5213548277461335,False,False,False,1.4142135623730951
CCTAGTCAGCGAACCA-1,56,104,0.0,3.8444567,-0.42149004,1.892585,0.0,0.0,1.0,False,True,False,1.4142135623730951
CCTAGTCAGTCCTTAT-1,27,27,0.0,2.943052,-0.42149004,1.1102291,0.0,0.0,0.8563506372321111,False,True,False,2.0
CCTAGTGAATGTCTGC-1,71,31,0.0,1.2424533,-0.42149004,-0.3657711,0.0,0.0,0.3615212085345766,False,False,False,2.8284271247461903
CCTATCTATCAATCGC-1,68,86,0.0,2.8585138,-0.42149004,1.0368559,0.0,0.0,0.8317522552771394,False,True,False,4.47213595499958
CCTATGCCAGCAATCC-1,54,66,0.0,0.3465736,-0.42149004,-1.1433318,0.0,0.0,0.10084381839069423,False,False,False,2.0
CCTATGCCGTCGGCAC-1,60,36,0.0,0.6931472,-0.42149004,-0.84253025,0.0,0.0,0.20168759681644627,False,False,False,2.0
CCTATGCCTTCTTGTT-1,28,94,0.0,1.2424533,-0.42149004,-0.3657711,0.0,0.0,0.3615212085345766,False,False,False,2.0
CCTATGTCGAATAGAA-1,72,36,0.0,0.54930615,-0.42149004,-0.9673742,0.0,0.0,0.15983363170060141,False,False,False,6.324555320336759
CCTATGTCTTACCGGC-1,53,83,0.0,1.6661022,-0.42149004,0.0019263168,0.0,0.0,0.4847918584431252,False,False,False,3.1622776601683795
CCTCACAATACAACTG-1,14,28,0.0,1.0397208,-0.42149004,-0.54172873,0.0,0.0,0.3025313752421983,False,False,False,1.4142135623730951
CCTCACATGTACCTGG-1,64,44,0.0,0.0,-0.42149004,-1.4441334,0.0,0.0,0.0,False,False,False,2.0
CCTCACATGTCTTACT-1,20,38,0.0,0.6931472,-0.42149004,-0.84253025,0.0,0.0,0.20168759681644627,False,False,False,3.1622776601683795
CCTCACCTAGTGGCAA-1,29,87,0.0,1.777674,-0.42149004,0.098762795,0.0,0.0,0.5172563105228211,False,False,False,3.1622776601683795
CCTCACGTTACTCGCA-1,17,89,0.0,2.4563274,-0.42149004,0.68778634,0.0,0.0,0.7147265918274767,False,False,False,5.0990195135927845
CCTCACTTCCTTCCGA-1,39,7,0.3465736,0.3465736,1.2687509,-1.1433318,0.06362536695009495,0.63092977,0.10084381839069423,True,False,False,0.0
CCTCATGATTATCTGA-1,27,29,0.3465736,2.158744,1.2687509,0.4295049,0.3963107600326129,0.63092977,0.6281376788341992,True,False,False,0.0
CCTCCGAAGCTGTACC-1,69,47,1.0986123,0.54930615,4.936447,-0.9673742,0.15983363170060141,1.0,0.15983363170060141,True,False,False,0.0
CCTCGATAGAATAGGA-1,27,73,0.0,3.0342128,-0.42149004,1.1893502,0.0,0.0,0.8828760088048124,False,True,False,1.4142135623730951
CCTCGCCAACTACAAG-1,12,102,0.0,0.0,-0.42149004,-1.4441334,0.0,0.0,0.0,False,False,False,3.1622776601683795
CCTCGGAAGGCATGCA-1,44,110,0.3465736,1.5890269,1.2687509,-0.064969584,0.29171983714560995,0.63092977,0.4623649919559464,True,False,False,0.0
CCTCGGATCTTGCGGT-1,50,78,0.0,3.0931044,-0.42149004,1.240464,0.0,0.0,0.9000118969638169,False,True,False,1.4142135623730951
CCTCGGCGCCGATTGA-1,3,29,0.0,1.0397208,-0.42149004,-0.54172873,0.0,0.0,0.3025313752421983,False,False,False,1.4142135623730951
CCTCGGTATGACAGTA-1,46,102,0.0,2.7465308,-0.42149004,0.93966246,0.0,0.0,0.7991681185380648,False,True,False,4.47213595499958
CCTCTACCGTGATTGG-1,33,67,0.0,1.3862944,-0.42149004,-0.2409272,0.0,0.0,0.40337515866356816,False,False,False,2.8284271247461903
CCTCTAGCTCTGGCAG-1,19,111,0.3465736,1.8920949,1.2687509,0.19807209,0.34735824187896835,0.63092977,0.5505497750296472,True,False,False,0.0
CCTCTAGCTGGTCCGC-1,66,92,0.0,1.4978662,-0.42149004,-0.14409073,0.0,0.0,0.43583961039200964,False,False,False,4.242640687119285
CCTCTATGTTGCTTAT-1,67,27,0.0,3.3830957,-0.42149004,1.4921561,0.0,0.0,0.9843917577686009,False,True,False,1.4142135623730951
CCTCTTCGAGCGGTTG-1,31,113,0.0,0.3465736,-0.42149004,-1.1433318,0.0,0.0,0.10084381839069423,False,False,False,5.656854249492381
CCTGAAGCAATGCACG-1,12,14,0.0,2.418141,-0.42149004,0.6546431,0.0,0.0,0.7036153187917414,False,False,False,2.8284271247461903
CCTGAAGCGTATAGCA-1,44,36,0.0,0.0,-0.42149004,-1.4441334,0.0,0.0,0.0,False,False,False,1.4142135623730951
CCTGAAGTGCATGCAT-1,64,42,0.0,0.3465736,-0.42149004,-1.1433318,0.0,0.0,0.10084381839069423,False,False,False,2.8284271247461903
CCTGCTCGCCGTCCAG-1,45,29,0.0,0.0,-0.42149004,-1.4441334,0.0,0.0,0.0,False,False,False,1.4142135623730951
CCTGGATCTAGAGCCA-1,16,100,0.0,1.7005987,-0.42149004,0.031866897,0.0,0.0,0.49482944493329234,False,False,False,5.0990195135927845
CCTGGATTGCGTAACA-1,64,80,0.0,3.0056336,-0.42149004,1.1645455,0.0,0.0,0.8745602235280782,False,True,False,4.47213595499958
CCTGGCATACCTGTCA-1,9,19,0.0,3.3372808,-0.42149004,1.452392,0.0,0.0,0.9710608118609843,False,True,False,2.8284271247461903
CCTGGCTTATGGTCTG-1,37,87,0.0,2.0948274,-0.42149004,0.37402973,0.0,0.0,0.6095396133176433,False,False,False,4.0
CCTGTCCTCAGTTGTA-1,40,36,0.0,0.3465736,-0.42149004,-1.1433318,0.0,0.0,0.10084381839069423,False,False,False,1.4142135623730951
CCTGTCTAAGTAGGCT-1,30,114,0.0,0.3465736,-0.42149004,-1.1433318,0.0,0.0,0.10084381839069423,False,False,False,7.0710678118654755
CCTGTCTGATAGGTGA-1,32,56,0.0,0.0,-0.42149004,-1.4441334,0.0,0.0,0.0,False,False,False,1.4142135623730951
CCTGTCTGCATAGGTC-1,45,77,0.0,1.8444397,-0.42149004,0.1567108,0.0,0.0,0.5366833938133795,False,False,False,1.4142135623730951
CCTGTCTTACAATCCT-1,12,32,0.3465736,1.4451859,1.2687509,-0.1898135,0.2653129340972641,0.63092977,0.42051104182695487,True,False,False,0.0
CCTTAATTGGAATATT-1,16,106,0.0,0.89587975,-0.42149004,-0.66657263,0.0,0.0,0.26067743010882455,False,False,False,2.0
CCTTAGATCTGTAATA-1,12,36,0.3465736,0.0,1.2687509,-1.4441334,0.0,0.63092977,0.0,True,False,False,0.0
CCTTAGCGTTCGCAGG-1,6,70,0.0,0.6931472,-0.42149004,-0.84253025,0.0,0.0,0.20168759681644627,False,False,False,6.0
CCTTAGTCTGTCACTG-1,40,14,0.89587975,0.54930615,3.9477193,-0.9673742,0.15983363170060141,1.0,0.15983363170060141,True,False,False,0.0
CCTTAGTGGATCCACG-1,73,17,0.0,2.2154083,-0.42149004,0.47868547,0.0,0.0,0.6446254755081277,False,False,False,2.0
CCTTAGTTATACCAGA-1,29,9,0.0,2.8585138,-0.42149004,1.0368559,0.0,0.0,0.8317522552771394,False,True,False,1.4142135623730951
CCTTATAGGCGAATAC-1,3,61,0.0,3.0699422,-0.42149004,1.2203609,0.0,0.0,0.8932723290071823,False,True,False,5.0990195135927845
CCTTATGAGGCGTTCC-1,4,22,0.0,2.9289665,-0.42149004,1.0980039,0.0,0.0,0.852252112515372,False,True,False,1.4142135623730951
CCTTCACCGACGGACA-1,14,30,0.54930615,0.0,2.2574785,-1.4441334,0.0,1.0,0.0,True,False,False,0.0
CCTTCATAGTACTTCA-1,8,86,0.0,0.54930615,-0.42149004,-0.9673742,0.0,0.0,0.15983363170060141,False,False,False,1.4142135623730951
CCTTCCAACCTTCAGA-1,39,33,0.0,0.6931472,-0.42149004,-0.84253025,0.0,0.0,0.20168759681644627,False,False,False,1.4142135623730951
CCTTCCACTGCCTAAG-1,7,23,0.0,3.1745696,-0.42149004,1.3111701,0.0,0.0,0.9237161432671002,False,True,False,2.8284271247461903
CCTTCCGCTCCGGCAT-1,51,57,0.0,1.9356005,-0.42149004,0.23583196,0.0,0.0,0.563208780372934,False,False,False,2.0
CCTTGTCTACTTAGAC-1,33,107,0.0,2.5184765,-0.42149004,0.74172735,0.0,0.0,0.7328103285204773,False,False,False,2.8284271247461903
CCTTGTCTAGTTCTTG-1,63,109,0.0,2.7465308,-0.42149004,0.93966246,0.0,0.0,0.7991681185380648,False,True,False,8.246211251235321
CCTTGTCTTACGGTTC-1,53,31,0.0,0.0,-0.42149004,-1.4441334,0.0,0.0,0.0,False,False,False,1.4142135623730951
CCTTGTGATGGTCTAG-1,44,80,0.0,1.3540251,-0.42149004,-0.26893464,0.0,0.0,0.39398566026301807,False,False,False,2.0
CGAACGTGAAGTCCAA-1,66,30,0.3465736,3.2228599,1.2687509,1.3530827,0.5916653286805266,0.63092977,0.9377673373629226,True,True,True,0.0
CGAACTACAGATGTAA-1,41,33,0.0,0.0,-0.42149004,-1.4441334,0.0,0.0,0.0,False,False,False,1.4142135623730951
CGAAGACCGCCAGGCG-1,27,31,0.54930615,1.0986123,2.2574785,-0.49061504,0.31966725340996727,1.0,0.31966725340996727,True,False,False,0.0
CGAAGAGCAGATGATT-1,63,11,0.0,3.1639686,-0.42149004,1.3019692,0.0,0.0,0.9206315291338025,False,True,False,1.4142135623730951
CGAAGATCCGAAGGCA-1,65,29,0.3465736,2.1783543,1.2687509,0.44652516,0.399910873414777,0.63092977,0.6338437234120109,True,False,False,0.0
CGAAGTCGTTGGCTCG-1,25,7,0.0,3.7991996,-0.42149004,1.8533051,0.0,0.0,1.0,False,True,False,1.4142135623730951
CGAATCCTGATAGGTG-1,8,16,0.0,3.3726182,-0.42149004,1.4830624,0.0,0.0,0.9813430721183348,False,True,False,2.0
CGAATGGACCGTCTTG-1,38,92,0.0,2.0471723,-0.42149004,0.33266842,0.0,0.0,0.5956732271057577,False,False,False,1.4142135623730951
CGAATTAAGTGGACTA-1,72,12,0.3465736,3.107304,1.2687509,1.2527883,0.5704511323991691,0.63092977,0.9041436325475185,True,True,True,0.0
CGAATTACTGCTCCGG-1,58,86,0.0,3.2346253,-0.42149004,1.3632942,0.0,0.0,0.9411907742761342,False,True,False,2.8284271247461903
CGACAAGCACTCAGCC-1,6,68,0.0,0.3465736,-0.42149004,-1.1433318,0.0,0.0,0.10084381839069423,False,False,False,5.656854249492381
CGACAAGTACTCCTTA-1,30,50,0.0,0.804719,-0.42149004,-0.7456938,0.0,0.0,0.23415203855365221,False,False,False,1.4142135623730951
CGACAATCATACGCAC-1,15,41,0.0,0.3465736,-0.42149004,-1.1433318,0.0,0.0,0.10084381839069423,False,False,False,1.4142135623730951
CGACAATTATTCTGTC-1,40,68,0.0,0.0,-0.42149004,-1.4441334,0.0,0.0,0.0,False,False,False,2.0
CGACATTGTATGGAGG-1,28,26,0.0,2.282174,-0.42149004,0.5366335,0.0,0.0,0.6640525637943038,False,False,False,2.0
CGACCAGAACTGTCAT-1,11,45,0.0,2.0471723,-0.42149004,0.33266842,0.0,0.0,0.5956732271057577,False,False,False,2.8284271247461903
CGACCAGAAGGATCCG-1,32,68,0.0,2.2154083,-0.42149004,0.47868547,0.0,0.0,0.6446254755081277,False,False,False,3.1622776601683795
CGACCAGATTCAGTGA-1,47,37,0.0,0.3465736,-0.42149004,-1.1433318,0.0,0.0,0.10084381839069423,False,False,False,1.4142135623730951
CGACCAGCCTTGATTA-1,27,93,0.0,2.0126758,-0.42149004,0.30272785,0.0,0.0,0.5856356422157494,False,False,False,1.4142135623730951
CGACCTATACTGACGT-1,22,20,0.0,2.943052,-0.42149004,1.1102291,0.0,0.0,0.8563506372321111,False,True,False,1.4142135623730951
CGACCTATCTCGCAAG-1,73,33,0.0,0.0,-0.42149004,-1.4441334,0.0,0.0,0.0,False,False,False,5.656854249492381
CGACCTGCATCTGCAT-1,33,25,0.0,2.441401,-0.42149004,0.6748313,0.0,0.0,0.7103834017346308,False,False,False,1.4142135623730951
CGACCTTGGCGTTCTA-1,55,9,0.0,3.263979,-0.42149004,1.3887712,0.0,0.0,0.9497319218618959,False,True,False,1.4142135623730951
CGACGCAACATGGCGA-1,62,90,0.0,3.3140206,-0.42149004,1.4322038,0.0,0.0,0.9642927089356238,False,True,False,2.8284271247461903
CGACGCAGCCTTAGTC-1,46,92,0.0,1.2424533,-0.42149004,-0.3657711,0.0,0.0,0.3615212085345766,False,False,False,3.1622776601683795
CGACGCCAAGGTGCAA-1,36,22,0.3465736,2.9957323,1.2687509,1.1559519,0.5499683497028892,0.63092977,0.8716791908103126,True,True,True,0.0
CGACGCCAGAGGAACT-1,2,12,0.0,3.3576918,-0.42149004,1.4701073,0.0,0.0,0.9769998820254889,False,True,False,4.242640687119285
CGACGCCGCAAGTAGC-1,42,112,0.0,3.086893,-0.42149004,1.2350731,0.0,0.0,0.8982046023479561,False,True,False,2.8284271247461903
CGACGCTCCGCACGTG-1,50,46,0.3465736,1.9756218,1.2687509,0.27056763,0.3626924504875194,0.63092977,0.5748539200933392,True,False,False,0.0
CGACTAAGCGGCAGAC-1,73,29,0.0,2.5184765,-0.42149004,0.74172735,0.0,0.0,0.7328103285204773,False,False,False,2.8284271247461903
CGACTAATCGGCTCCT-1,11,11,0.0,3.394486,-0.42149004,1.502042,0.0,0.0,0.9877060104597406,False,True,False,2.8284271247461903
CGACTAATGTTAGGCT-1,66,76,0.6931472,0.0,2.9589918,-1.4441334,0.0,1.0,0.0,True,False,False,0.0
CGACTAGGAGATAAGC-1,47,39,0.0,0.89587975,-0.42149004,-0.66657263,0.0,0.0,0.26067743010882455,False,False,False,1.4142135623730951
CGACTAGGTCCTTAAC-1,51,51,0.0,0.6931472,-0.42149004,-0.84253025,0.0,0.0,0.20168759681644627,False,False,False,1.4142135623730951
CGACTATCAAGCCGAC-1,1,23,0.3465736,3.0710187,1.2687509,1.2212952,0.5637897391097371,0.63092977,0.8935855742240927,True,True,True,0.0
CGACTATCTTCGAGCG-1,0,110,0.3465736,1.2424533,1.2687509,-0.3657711,0.22809449225870276,0.63092977,0.3615212085345766,True,False,False,0.0
CGACTGAACGAATGCT-1,24,100,0.0,2.0126758,-0.42149004,0.30272785,0.0,0.0,0.5856356422157494,False,False,False,3.1622776601683795
CGACTTCACTCGGCAT-1,42,36,0.0,0.6931472,-0.42149004,-0.84253025,0.0,0.0,0.20168759681644627,False,False,False,2.0
CGACTTCGCAAGCGGT-1,14,92,0.0,1.4978662,-0.42149004,-0.14409073,0.0,0.0,0.43583961039200964,False,False,False,2.8284271247461903
CGACTTGCACGCCTGC-1,11,107,0.0,0.54930615,-0.42149004,-0.9673742,0.0,0.0,0.15983363170060141,False,False,False,2.8284271247461903
CGAGATGCCGCATCTT-1,23,111,0.0,1.0397208,-0.42149004,-0.54172873,0.0,0.0,0.3025313752421983,False,False,False,4.0
CGAGATGCGGTATGCG-1,50,24,0.0,3.0645251,-0.42149004,1.2156593,0.0,0.0,0.8916961116870826,False,True,False,1.4142135623730951
CGAGCCTGCAAGGTTA-1,30,18,0.0,2.3025851,-0.42149004,0.5543488,0.0,0.0,0.6699916339588086,False,False,False,1.4142135623730951
CGAGCGAGCCACGCTA-1,32,30,0.3465736,1.2424533,1.2687509,-0.3657711,0.22809449225870276,0.63092977,0.3615212085345766,True,False,False,0.0
CGAGCGGCACAGTAGG-1,26,104,0.0,0.3465736,-0.42149004,-1.1433318,0.0,0.0,0.10084381839069423,False,False,False,3.1622776601683795
CGAGCGTAATGGAGTG-1,41,111,0.0,3.24612,-0.42149004,1.3732708,0.0,0.0,0.9445354003233408,False,True,False,2.8284271247461903
CGAGCGTGCATTGTGG-1,68,38,0.0,1.0986123,-0.42149004,-0.49061504,0.0,0.0,0.31966725340996727,False,False,False,5.0990195135927845
CGAGCGTGGACTGGAA-1,15,85,0.0,2.9843538,-0.42149004,1.1460761,0.0,0.0,0.8683683351392593,False,True,False,2.8284271247461903
CGAGCTATGTCCTCGC-1,18,54,0.0,1.8444397,-0.42149004,0.1567108,0.0,0.0,0.5366833938133795,False,False,False,4.47213595499958
CGAGCTTAGAATACCT-1,37,99,0.0,0.54930615,-0.42149004,-0.9673742,0.0,0.0,0.15983363170060141,False,False,False,2.0
CGAGGAAGACTTAGAT-1,41,73,0.0,0.0,-0.42149004,-1.4441334,0.0,0.0,0.0,False,False,False,5.656854249492381
CGAGGAAGGCAGAAGG-1,6,98,0.0,0.6931472,-0.42149004,-0.84253025,0.0,0.0,0.20168759681644627,False,False,False,1.4142135623730951
CGAGGAGCATGCTATG-1,70,24,0.6931472,3.3522072,2.9589918,1.465347,0.9754040019538301,1.0,0.9754040019538301,True,True,True,0.0
CGAGGAGCGTTCGTTA-1,32,82,0.0,1.732868,-0.42149004,0.05987433,0.0,0.0,0.5042189433338424,False,False,False,3.1622776601683795
CGAGGAGTCTAAGGAT-1,29,65,0.0,3.4820678,-0.42149004,1.5780569,0.0,0.0,1.0,False,True,False,2.0
CGAGGATTCGATCATA-1,42,84,0.0,0.0,-0.42149004,-1.4441334,0.0,0.0,0.0,False,False,False,1.4142135623730951
CGAGGCATCCAAGTCC-1,11,47,0.0,1.5222611,-0.42149004,-0.12291759,0.0,0.0,0.442937908665388,False,False,False,2.0
CGAGTCACTCATAGAT-1,52,56,0.0,2.8279958,-0.42149004,1.0103683,0.0,0.0,0.8228722849114638,False,True,False,2.8284271247461903
CGAGTCATCCGCACCA-1,43,45,0.0,2.418141,-0.42149004,0.6546431,0.0,0.0,0.7036153187917414,False,False,False,1.4142135623730951
CGAGTCCATGTCAACA-1,67,37,0.0,0.6931472,-0.42149004,-0.84253025,0.0,0.0,0.20168759681644627,False,False,False,5.830951894845301
CGAGTCCGTTGGAACT-1,39,17,0.6931472,2.948577,2.9589918,1.1150243,0.8579582270318326,1.0,0.8579582270318326,True,True,True,0.0
CGAGTGCGGCTCGTGG-1,44,64,0.3465736,0.0,1.2687509,-1.4441334,0.0,0.63092977,0.0,True,False,False,0.0
CGATAACTCCTTATGC-1,70,20,0.3465736,3.4923582,1.2687509,1.5869883,0.6309297680854797,0.63092977,1.0,True,True,True,0.0
CGATAAGAATTCCAGT-1,38,50,0.6931472,1.609438,2.9589918,-0.047254253,0.4683040608715467,1.0,0.4683040608715467,True,False,False,0.0
CGATAAGGATAGGCAA-1,39,27,0.0,1.3862944,-0.42149004,-0.2409272,0.0,0.0,0.40337515866356816,False,False,False,3.1622776601683795
CGATAAGGTGCCTGAC-1,34,82,0.0,2.0471723,-0.42149004,0.33266842,0.0,0.0,0.5956732271057577,False,False,False,5.0990195135927845
CGATGACCAGATCTGT-1,5,89,0.0,1.0397208,-0.42149004,-0.54172873,0.0,0.0,0.3025313752421983,False,False,False,1.4142135623730951
CGATGACCTCATCCTC-1,67,39,0.0,0.3465736,-0.42149004,-1.1433318,0.0,0.0,0.10084381839069423,False,False,False,4.47213595499958
CGATGAGGCCAACGTA-1,41,89,0.0,1.3540251,-0.42149004,-0.26893464,0.0,0.0,0.39398566026301807,False,False,False,1.4142135623730951
CGATGATCAGCTATAA-1,25,39,0.0,0.0,-0.42149004,-1.4441334,0.0,0.0,0.0,False,False,False,1.4142135623730951
CGATGATCCTGCAGCC-1,65,15,0.0,2.7666948,-0.42149004,0.9571634,0.0,0.0,0.8050353117540351,False,True,False,1.4142135623730951
CGATGCACCAGGCCTC-1,32,62,0.0,2.6365,-0.42149004,0.84416336,0.0,0.0,0.7671520235048532,False,False,False,2.0
CGATGCCTGCTCACCG-1,63,101,0.0,2.9674473,-0.42149004,1.1314025,0.0,0.0,0.8634490104397562,False,True,False,3.1622776601683795
CGATGTCCGACTACAG-1,39,55,0.0,2.282174,-0.42149004,0.5366335,0.0,0.0,0.6640525637943038,False,False,False,1.4142135623730951
CGATTGGAACAGGCCA-1,38,6,0.3465736,0.0,1.2687509,-1.4441334,0.0,0.63092977,0.0,True,False,False,0.0
CGCAACCATGCACCGA-1,27,57,0.0,1.1512926,-0.42149004,-0.44489226,0.0,0.0,0.3349958269706398,False,False,False,2.0
CGCAATGTATCCAATG-1,23,11,0.3465736,3.6579418,1.2687509,1.7307032,0.6309297680854797,0.63092977,1.0,True,True,True,0.0
CGCACGCAGCCGTTAT-1,1,99,0.0,0.0,-0.42149004,-1.4441334,0.0,0.0,0.0,False,False,False,1.4142135623730951
CGCACGCAGGTAAGTC-1,26,32,0.0,1.4978662,-0.42149004,-0.14409073,0.0,0.0,0.43583961039200964,False,False,False,1.4142135623730951
CGCACGCATAATGGTG-1,8,8,0.0,2.138333,-0.42149004,0.41178957,0.0,0.0,0.6221986086696945,False,False,False,1.4142135623730951
CGCACGGCTGTCAGGT-1,17,65,0.0,2.5119402,-0.42149004,0.73605436,0.0,0.0,0.7309084568689163,False,False,False,1.4142135623730951
CGCACGTAGCATTGTT-1,47,107,0.0,1.7917595,-0.42149004,0.11098804,0.0,0.0,0.5213548277461335,False,False,False,1.4142135623730951
CGCACGTATGAAGGCC-1,62,86,0.0,3.926608,-0.42149004,1.9638867,0.0,0.0,1.0,False,True,False,2.8284271247461903
CGCACGTGACTGTTGG-1,42,12,0.54930615,0.54930615,2.2574785,-0.9673742,0.15983363170060141,1.0,0.15983363170060141,True,False,False,0.0
CGCACTAACTACCGGT-1,17,53,0.0,1.6661022,-0.42149004,0.0019263168,0.0,0.0,0.4847918584431252,False,False,False,3.1622776601683795
CGCACTCACCAGCACG-1,68,74,0.0,2.0715673,-0.42149004,0.35384157,0.0,0.0,0.602771530374754,False,False,False,1.4142135623730951
CGCACTGTGAGCCTGT-1,26,52,0.3465736,2.524928,1.2687509,0.7473269,0.4635362655799437,0.63092977,0.7346875817676474,True,False,False,0.0
CGCACTTAAGGCATGC-1,57,97,0.0,3.7308202,-0.42149004,1.7939565,0.0,0.0,1.0,False,True,False,4.0
CGCAGACACTGGCGTA-1,59,31,0.0,0.0,-0.42149004,-1.4441334,0.0,0.0,0.0,False,False,False,1.4142135623730951
CGCAGAGCAGTCCGAG-1,21,23,0.0,2.4849067,-0.42149004,0.7125911,0.0,0.0,0.723042397086682,False,False,False,1.4142135623730951
CGCAGATAGATGTTCT-1,43,47,0.0,1.7005987,-0.42149004,0.031866897,0.0,0.0,0.49482944493329234,False,False,False,1.4142135623730951
CGCAGATATGGACAGT-1,9,75,0.0,2.9700856,-0.42149004,1.1336924,0.0,0.0,0.8642166970143453,False,True,False,2.8284271247461903
CGCAGATTCGACCGAA-1,45,33,0.3465736,0.0,1.2687509,-1.4441334,0.0,0.63092977,0.0,True,False,False,0.0
CGCATCCTGTTGTAGC-1,1,73,0.0,0.0,-0.42149004,-1.4441334,0.0,0.0,0.0,False,False,False,3.1622776601683795
CGCATCTTGACTTAGT-1,26,46,0.0,0.89587975,-0.42149004,-0.66657263,0.0,0.0,0.26067743010882455,False,False,False,1.4142135623730951
CGCATGAGGAGCGTCT-1,27,85,0.0,1.1512926,-0.42149004,-0.44489226,0.0,0.0,0.3349958269706398,False,False,False,3.1622776601683795
CGCATGGAATTCACGA-1,42,106,0.0,3.5670469,-0.42149004,1.6518128,0.0,0.0,1.0,False,True,False,2.0
CGCCAACCTGGCGAAT-1,8,12,0.0,2.7361355,-0.42149004,0.9306401,0.0,0.0,0.7961433718881725,False,True,False,3.1622776601683795
CGCCACAATAGCTCAA-1,16,30,0.54930615,0.89587975,2.2574785,-0.66657263,0.26067743010882455,1.0,0.26067743010882455,True,False,False,0.0
CGCCATGAGGCGATGA-1,35,41,0.0,0.89587975,-0.42149004,-0.66657263,0.0,0.0,0.26067743010882455,False,False,False,2.0
CGCCGATTGTCCTTCG-1,10,98,0.0,0.3465736,-0.42149004,-1.1433318,0.0,0.0,0.10084381839069423,False,False,False,1.4142135623730951
CGCCGGACTAGGTACA-1,8,98,0.0,0.0,-0.42149004,-1.4441334,0.0,0.0,0.0,False,False,False,3.1622776601683795
CGCCGGATCATTAGAC-1,12,104,0.0,0.3465736,-0.42149004,-1.1433318,0.0,0.0,0.10084381839069423,False,False,False,1.4142135623730951
CGCCGGTATCTAGCAC-1,53,25,0.3465736,2.4337673,1.2687509,0.66820574,0.4468006064376623,0.63092977,0.7081621902124751,True,False,False,0.0
CGCCTAGAGCGTGGAG-1,14,104,0.0,1.0397208,-0.42149004,-0.54172873,0.0,0.0,0.3025313752421983,False,False,False,1.4142135623730951
CGCCTCGAGCCACTCG-1,33,93,0.0,0.6931472,-0.42149004,-0.84253025,0.0,0.0,0.20168759681644627,False,False,False,3.1622776601683795
CGCCTCGATAATGCGG-1,40,100,0.0,0.54930615,-0.42149004,-0.9673742,0.0,0.0,0.15983363170060141,False,False,False,2.8284271247461903
CGCCTCGGAACTGTGC-1,18,94,0.0,0.3465736,-0.42149004,-1.1433318,0.0,0.0,0.10084381839069423,False,False,False,5.830951894845301
CGCCTCGGCTACTCGC-1,1,29,0.3465736,1.7917595,1.2687509,0.11098804,0.32893828056011326,0.63092977,0.5213548277461335,True,False,False,0.0
CGCCTCGTACGAAGGC-1,59,27,0.3465736,2.4849067,1.2687509,0.7125911,0.4561889719098697,0.63092977,0.723042397086682,True,False,False,0.0
CGCCTCTAATTCGCGG-1,36,34,0.0,2.3124864,-0.42149004,0.56294245,0.0,0.0,0.672872646694103,False,False,False,2.0
CGCCTCTACTCGGAAC-1,63,35,0.0,0.54930615,-0.42149004,-0.9673742,0.0,0.0,0.15983363170060141,False,False,False,3.1622776601683795
CGCCTCTGACTATTGT-1,67,29,0.0,3.5811987,-0.42149004,1.6640956,0.0,0.0,1.0,False,True,False,1.4142135623730951
CGCCTTAAGGTACGCT-1,64,10,0.89587975,2.7276607,3.9477193,0.92328453,0.7936774150600256,1.0,0.7936774150600256,True,True,True,0.0
CGCCTTACGAGTAGCG-1,19,37,0.0,1.0986123,-0.42149004,-0.49061504,0.0,0.0,0.31966725340996727,False,False,False,2.0
CGCCTTAGCGGCCTCC-1,14,98,0.0,0.6931472,-0.42149004,-0.84253025,0.0,0.0,0.20168759681644627,False,False,False,2.8284271247461903
CGCCTTAGGATCGGCA-1,55,37,0.0,0.6931472,-0.42149004,-0.84253025,0.0,0.0,0.20168759681644627,False,False,False,3.1622776601683795
CGCCTTATCTTGGCGA-1,33,91,0.0,0.0,-0.42149004,-1.4441334,0.0,0.0,0.0,False,False,False,4.0
CGCCTTGACGTGAATC-1,19,17,0.0,3.074234,-0.42149004,1.2240858,0.0,0.0,0.8945211135558933,False,True,False,2.0
CGCCTTGTGAAGTCTA-1,38,76,0.0,0.0,-0.42149004,-1.4441334,0.0,0.0,0.0,False,False,False,2.0
CGCTAGACTTCATCAC-1,16,42,0.0,1.0986123,-0.42149004,-0.49061504,0.0,0.0,0.31966725340996727,False,False,False,1.4142135623730951
CGCTAGCCGCATGCAT-1,54,80,0.0,3.2291691,-0.42149004,1.3585587,0.0,0.0,0.9396031669475093,False,True,False,1.4142135623730951
CGCTATAGTCTTCATC-1,27,109,0.0,1.8688347,-0.42149004,0.17788394,0.0,0.0,0.5437816920867579,False,False,False,2.8284271247461903
CGCTATGGTTGGTTAA-1,16,88,0.0,2.1242476,-0.42149004,0.39956433,0.0,0.0,0.6181000939441909,False,False,False,4.47213595499958
CGCTATTAATCTATAA-1,45,111,0.0,1.4451859,-0.42149004,-0.1898135,0.0,0.0,0.42051104182695487,False,False,False,1.4142135623730951
CGCTATTATGATACGT-1,24,52,0.0,1.4451859,-0.42149004,-0.1898135,0.0,0.0,0.42051104182695487,False,False,False,2.0
CGCTCGCAATTGGCGA-1,43,39,0.0,2.0948274,-0.42149004,0.37402973,0.0,0.0,0.6095396133176433,False,False,False,2.8284271247461903
CGCTCGGCCGGTTGTC-1,49,63,0.0,0.54930615,-0.42149004,-0.9673742,0.0,0.0,0.15983363170060141,False,False,False,3.1622776601683795
CGCTCGGTACTGCGAA-1,37,73,0.0,0.0,-0.42149004,-1.4441334,0.0,0.0,0.0,False,False,False,2.0
CGCTCGTTATAGATCT-1,1,37,0.0,1.3540251,-0.42149004,-0.26893464,0.0,0.0,0.39398566026301807,False,False,False,4.0
CGCTGCAATCGCTGTT-1,66,22,0.0,2.943052,-0.42149004,1.1102291,0.0,0.0,0.8563506372321111,False,True,False,2.0
CGCTGCGAGTCCACAT-1,65,71,0.3465736,1.5890269,1.2687509,-0.064969584,0.29171983714560995,0.63092977,0.4623649919559464,True,False,False,0.0
CGCTGCGGTTGAGTAG-1,3,91,0.0,0.0,-0.42149004,-1.4441334,0.0,0.0,0.0,False,False,False,1.4142135623730951
CGCTGCTATGACAGAC-1,32,112,0.0,0.0,-0.42149004,-1.4441334,0.0,0.0,0.0,False,False,False,4.242640687119285
CGCTGCTTCGCATACT-1,33,81,0.0,2.2924838,-0.42149004,0.5455816,0.0,0.0,0.6670524122852097,False,False,False,4.0
CGCTGTGACATAGGCA-1,54,76,0.0,3.1934397,-0.42149004,1.327548,0.0,0.0,0.9292068467451394,False,True,False,3.1622776601683795
CGCTTAGAATTCTTAC-1,57,33,0.0,0.0,-0.42149004,-1.4441334,0.0,0.0,0.0,False,False,False,1.4142135623730951
CGCTTAGGCTGAGTCC-1,77,39,0.0,0.0,-0.42149004,-1.4441334,0.0,0.0,0.0,False,False,False,4.242640687119285
CGCTTATGGTTAGGAT-1,42,70,0.0,0.0,-0.42149004,-1.4441334,0.0,0.0,0.0,False,False,False,2.8284271247461903
CGCTTGCGTACGGCAC-1,26,10,0.3465736,3.1513095,1.2687509,1.290982,0.5785298396543207,0.63092977,0.916948080306682,True,True,True,0.0
CGCTTGCTTGGTCTGG-1,6,74,0.0,1.1512926,-0.42149004,-0.44489226,0.0,0.0,0.3349958269706398,False,False,False,3.1622776601683795
CGCTTGGCTTGGATCT-1,18,92,0.0,0.3465736,-0.42149004,-1.1433318,0.0,0.0,0.10084381839069423,False,False,False,6.324555320336759
CGGAACCGATTGAGTC-1,14,100,0.0,0.0,-0.42149004,-1.4441334,0.0,0.0,0.0,False,False,False,4.242640687119285
CGGACCAGCAGAATTC-1,1,107,0.54930615,0.3465736,2.2574785,-1.1433318,0.10084381839069423,1.0,0.10084381839069423,True,False,False,0.0
CGGACTGTGAGTATAG-1,46,56,0.0,1.3862944,-0.42149004,-0.2409272,0.0,0.0,0.40337515866356816,False,False,False,1.4142135623730951
CGGAGCCGCAATAGCC-1,58,98,0.0,3.4538777,-0.42149004,1.5535899,0.0,0.0,1.0,False,True,False,2.8284271247461903
CGGAGCGGTAAGACGC-1,37,41,0.0,2.0794415,-0.42149004,0.36067587,0.0,0.0,0.6050627305019255,False,False,False,4.0
CGGAGCGTAGAATCTT-1,8,94,0.0,0.0,-0.42149004,-1.4441334,0.0,0.0,0.0,False,False,False,3.1622776601683795
CGGAGCGTCTGACAGT-1,2,78,0.0,0.0,-0.42149004,-1.4441334,0.0,0.0,0.0,False,False,False,3.1622776601683795
CGGAGCTCCGATACCT-1,7,87,0.0,0.3465736,-0.42149004,-1.1433318,0.0,0.0,0.10084381839069423,False,False,False,1.4142135623730951
CGGAGGCTAGTCGGCA-1,12,56,0.0,2.138333,-0.42149004,0.41178957,0.0,0.0,0.6221986086696945,False,False,False,1.4142135623730951
CGGAGTAAGGTGCGGT-1,18,106,0.0,0.89587975,-0.42149004,-0.66657263,0.0,0.0,0.26067743010882455,False,False,False,3.1622776601683795
CGGAGTAAGTGCACAT-1,48,22,1.0397208,1.4978662,4.649233,-0.14409073,0.43583961039200964,1.0,0.43583961039200964,True,False,False,0.0
CGGAGTCTTACGTGAA-1,44,22,0.3465736,1.5222611,1.2687509,-0.12291759,0.27946271199052064,0.63092977,0.442937908665388,True,False,False,0.0
CGGAGTGGCGACTAAG-1,48,100,0.0,3.2108111,-0.42149004,1.3426253,0.0,0.0,0.9342614927389086,False,True,False,3.1622776601683795
CGGAGTGGTCAAGTAT-1,50,68,0.0,3.1132684,-0.42149004,1.257965,0.0,0.0,0.9058791101622582,False,True,False,1.4142135623730951
CGGATTCCAGACGGTT-1,49,35,1.0986123,1.1512926,4.936447,-0.44489226,0.3349958269706398,1.0,0.3349958269706398,True,False,False,0.0
CGGATTGCGTCTACCT-1,58,58,0.0,0.0,-0.42149004,-1.4441334,0.0,0.0,0.0,False,False,False,6.324555320336759
CGGATTGTGCAGGAGC-1,74,32,0.0,0.0,-0.42149004,-1.4441334,0.0,0.0,0.0,False,False,False,5.0990195135927845
CGGCAACCACTAGCAT-1,22,72,0.0,3.2050874,-0.42149004,1.3376575,0.0,0.0,0.9325960337028915,False,True,False,6.0
CGGCAACCTAAGTCCA-1,40,82,0.0,0.0,-0.42149004,-1.4441334,0.0,0.0,0.0,False,False,False,4.0
CGGCAAGATGCGTCGG-1,28,34,0.0,2.5964785,-0.42149004,0.8094276,0.0,0.0,0.7555068588063591,False,False,False,1.4142135623730951
CGGCAATCGATAGCGA-1,3,95,0.0,0.3465736,-0.42149004,-1.1433318,0.0,0.0,0.10084381839069423,False,False,False,1.4142135623730951
CGGCACTCCGGTTCGC-1,32,34,0.0,0.54930615,-0.42149004,-0.9673742,0.0,0.0,0.15983363170060141,False,False,False,3.1622776601683795
CGGCACTCTAGCGGAA-1,10,36,0.0,0.3465736,-0.42149004,-1.1433318,0.0,0.0,0.10084381839069423,False,False,False,1.4142135623730951
CGGCATGGCCGCTTGT-1,66,88,0.0,2.8650498,-0.42149004,1.0425286,0.0,0.0,0.833654027016345,False,True,False,2.0
CGGCATTATCGCGTGG-1,18,68,0.0,2.5964785,-0.42149004,0.8094276,0.0,0.0,0.7555068588063591,False,False,False,4.47213595499958
CGGCCATCAACCGGCG-1,65,99,0.0,3.2228599,-0.42149004,1.3530827,0.0,0.0,0.9377673373629226,False,True,False,2.0
CGGCCTAACGATAATG-1,56,84,0.0,2.9540415,-0.42149004,1.1197672,0.0,0.0,0.8595482722219312,False,True,False,2.0
CGGCCTGTCTGTCTGT-1,13,31,0.54930615,1.2424533,2.2574785,-0.3657711,0.3615212085345766,1.0,0.3615212085345766,True,False,False,0.0
CGGCGTAGCGCTAGGA-1,52,52,0.0,0.6931472,-0.42149004,-0.84253025,0.0,0.0,0.20168759681644627,False,False,False,1.4142135623730951
CGGCGTTGGTTGCAGC-1,57,19,0.3465736,3.4437761,1.2687509,1.5448225,0.6309297680854797,0.63092977,1.0,True,True,True,0.0
CGGCTCGTGGAGTACT-1,51,9,0.6931472,3.540434,2.9589918,1.6287146,1.0,1.0,1.0,True,True,True,0.0
CGGCTGTACATGATGT-1,8,80,0.0,1.6479185,-0.42149004,-0.013855865,0.0,0.0,0.4795008782415942,False,False,False,2.0
CGGCTTACGTGCACGA-1,30,12,0.54930615,2.0715673,2.2574785,0.35384157,0.602771530374754,1.0,0.602771530374754,True,False,False,0.0
CGGCTTATTCGCTAAT-1,22,12,0.0,3.4412189,-0.42149004,1.5426029,0.0,0.0,1.0,False,True,False,1.4142135623730951
CGGCTTCCTACTGGTT-1,0,48,0.0,1.8444397,-0.42149004,0.1567108,0.0,0.0,0.5366833938133795,False,False,False,3.1622776601683795
CGGCTTCGATCTCCAA-1,68,10,0.54930615,2.9674473,2.2574785,1.1314025,0.8634490104397562,1.0,0.8634490104397562,True,True,True,0.0
CGGCTTCTACGATATG-1,11,83,0.0,2.1242476,-0.42149004,0.39956433,0.0,0.0,0.6181000939441909,False,False,False,2.0
CGGCTTGTGCCGGCCT-1,58,36,0.3465736,0.54930615,1.2687509,-0.9673742,0.10084379618112044,0.63092977,0.15983363170060141,True,False,False,0.0
CGGTAGAACGTGACTT-1,39,29,0.0,1.2424533,-0.42149004,-0.3657711,0.0,0.0,0.3615212085345766,False,False,False,1.4142135623730951
CGGTAGATTCCTATGC-1,39,31,0.0,1.4978662,-0.42149004,-0.14409073,0.0,0.0,0.43583961039200964,False,False,False,1.4142135623730951
CGGTATAGGATGAGCG-1,29,51,0.54930615,0.89587975,2.2574785,-0.66657263,0.26067743010882455,1.0,0.26067743010882455,True,False,False,0.0
CGGTCAACGGCGGATT-1,38,20,0.3465736,0.6931472,1.2687509,-0.84253025,0.12725070868511817,0.63092977,0.20168759681644627,True,False,False,0.0
CGGTCATGGAGGACTC-1,46,44,0.0,0.804719,-0.42149004,-0.7456938,0.0,0.0,0.23415203855365221,False,False,False,3.1622776601683795
CGGTCCATGCGACTCC-1,8,74,0.0,3.0433874,-0.42149004,1.1973132,0.0,0.0,0.8855455870134337,False,True,False,4.242640687119285
CGGTCCATTACAACTA-1,40,44,0.0,1.7917595,-0.42149004,0.11098804,0.0,0.0,0.5213548277461335,False,False,False,1.4142135623730951
CGGTCCGGTTCTTAGC-1,50,26,0.89587975,2.0126758,3.9477193,0.30272785,0.5856356422157494,1.0,0.5856356422157494,True,False,False,0.0
CGGTCTGCGGACTCTG-1,6,26,0.0,2.7607305,-0.42149004,0.95198685,0.0,0.0,0.8032998741042376,False,True,False,1.4142135623730951
CGGTCTGCGTATCTGG-1,63,83,0.0,2.6876392,-0.42149004,0.88854873,0.0,0.0,0.7820322303790603,False,False,False,5.0990195135927845
CGGTCTGCTTGAATGA-1,53,9,0.6931472,3.5450385,2.9589918,1.632711,1.0,1.0,1.0,True,True,True,0.0
CGGTCTTATCCAAGCT-1,19,113,0.0,0.54930615,-0.42149004,-0.9673742,0.0,0.0,0.15983363170060141,False,False,False,1.4142135623730951
CGGTCTTGCTATTCTA-1,33,21,0.0,2.5964785,-0.42149004,0.8094276,0.0,0.0,0.7555068588063591,False,False,False,3.1622776601683795
CGGTGAACGGTTAGAT-1,50,22,0.0,3.1012678,-0.42149004,1.2475493,0.0,0.0,0.9023872532680118,False,True,False,1.4142135623730951
CGGTGAACTCACATTG-1,42,30,0.0,2.0036666,-0.42149004,0.29490855,0.0,0.0,0.5830142217624709,False,False,False,1.4142135623730951
CGGTGAGCATGTATAC-1,22,114,0.0,0.0,-0.42149004,-1.4441334,0.0,0.0,0.0,False,False,False,2.0
CGGTTACCATCAACCA-1,62,104,0.0,2.7276607,-0.42149004,0.92328453,0.0,0.0,0.7936774150600256,False,True,False,4.47213595499958
CGGTTATCTGTCTTAA-1,31,61,0.0,1.5222611,-0.42149004,-0.12291759,0.0,0.0,0.442937908665388,False,False,False,1.4142135623730951
CGGTTGATTGAGCGCC-1,15,25,0.0,3.120138,-0.42149004,1.2639272,0.0,0.0,0.9078779567460511,False,True,False,4.0
CGTAACAGGTCTTGAA-1,13,109,0.0,0.6931472,-0.42149004,-0.84253025,0.0,0.0,0.20168759681644627,False,False,False,3.1622776601683795
CGTAACATAAGTCATC-1,16,84,0.0,2.7803407,-0.42149004,0.9690071,0.0,0.0,0.8090059086908138,False,True,False,3.1622776601683795
CGTAACATTCGCGATA-1,26,88,0.3465736,2.393746,1.2687509,0.63346994,0.43945331276758826,0.63092977,0.6965170055315097,True,False,False,0.0
CGTAACATTGGCTGAG-1,30,100,0.0,1.4978662,-0.42149004,-0.14409073,0.0,0.0,0.43583961039200964,False,False,False,3.1622776601683795
CGTAACCGGTATGCTA-1,52,114,0.0,2.4337673,-0.42149004,0.66820574,0.0,0.0,0.7081621902124751,False,False,False,7.0710678118654755
CGTAACCTGACATCGA-1,15,51,0.0,1.9033313,-0.42149004,0.20782453,0.0,0.0,0.553819281972384,False,False,False,1.4142135623730951
CGTAAGCCGACCGCTT-1,47,21,0.54930615,0.3465736,2.2574785,-1.1433318,0.10084381839069423,1.0,0.10084381839069423,True,False,False,0.0
CGTAATGTTATCGCCG-1,9,117,0.0,0.3465736,-0.42149004,-1.1433318,0.0,0.0,0.10084381839069423,False,False,False,1.4142135623730951
CGTACAGACGAGGACC-1,20,58,0.0,1.9033313,-0.42149004,0.20782453,0.0,0.0,0.553819281972384,False,False,False,1.4142135623730951
CGTACAGGCCGCACTG-1,15,71,0.0,2.799211,-0.42149004,0.98538524,0.0,0.0,0.8144966920987373,False,True,False,1.4142135623730951
CGTACAGTAAGTAATG-1,27,105,0.0,0.3465736,-0.42149004,-1.1433318,0.0,0.0,0.10084381839069423,False,False,False,2.8284271247461903
CGTACATCACTGGATG-1,37,37,0.0,0.6931472,-0.42149004,-0.84253025,0.0,0.0,0.20168759681644627,False,False,False,2.0
CGTACATCGATGTCTT-1,0,46,0.0,2.8919125,-0.42149004,1.0658436,0.0,0.0,0.8414703704104908,False,True,False,5.0990195135927845
CGTAGCCAAGTCCGTC-1,39,21,0.3465736,1.0986123,1.2687509,-0.49061504,0.20168758605847292,0.63092977,0.31966725340996727,True,False,False,0.0
CGTAGCCTTGAGCAAG-1,13,71,0.0,2.8872757,-0.42149004,1.0618192,0.0,0.0,0.8401211939269906,False,True,False,1.4142135623730951
CGTAGTACAAGGTACT-1,64,48,0.0,0.3465736,-0.42149004,-1.1433318,0.0,0.0,0.10084381839069423,False,False,False,3.1622776601683795
CGTAGTACGCATAATG-1,40,58,0.0,0.3465736,-0.42149004,-1.1433318,0.0,0.0,0.10084381839069423,False,False,False,2.0
CGTAGTCCGAGCATGA-1,11,99,0.0,0.3465736,-0.42149004,-1.1433318,0.0,0.0,0.10084381839069423,False,False,False,2.0
CGTAGTGACTCAAGGA-1,48,96,0.0,3.2148597,-0.42149004,1.3461391,0.0,0.0,0.9354394993749954,False,True,False,1.4142135623730951
CGTAGTTATTGGTAGT-1,14,114,0.3465736,0.0,1.2687509,-1.4441334,0.0,0.63092977,0.0,True,False,False,0.0
CGTAGTTCGTTGGTAG-1,31,99,0.0,0.6931472,-0.42149004,-0.84253025,0.0,0.0,0.20168759681644627,False,False,False,2.8284271247461903
CGTCAAGGCGGAATGT-1,40,66,0.3465736,0.6931472,1.2687509,-0.84253025,0.12725070868511817,0.63092977,0.20168759681644627,True,False,False,0.0
CGTCAGAACGTTGCCG-1,49,79,0.0,3.4533772,-0.42149004,1.5531555,0.0,0.0,1.0,False,True,False,2.0
CGTCCAATCTGCGTCC-1,54,46,0.0,2.4337673,-0.42149004,0.66820574,0.0,0.0,0.7081621902124751,False,False,False,1.4142135623730951
CGTCCATAATCCGCTT-1,59,23,0.0,3.0972028,-0.42149004,1.2440212,0.0,0.0,0.9012044508388619,False,True,False,1.4142135623730951
CGTCCATCGTCCAATA-1,46,52,0.0,0.0,-0.42149004,-1.4441334,0.0,0.0,0.0,False,False,False,1.4142135623730951
CGTCCATGTAGCGTCT-1,57,89,0.3465736,2.8173947,1.2687509,1.0011674,0.5172284450034039,0.63092977,0.819787670778166,True,True,True,0.0
CGTCGGATCGCAGAAC-1,11,87,0.0,2.0715673,-0.42149004,0.35384157,0.0,0.0,0.602771530374754,False,False,False,2.0
CGTCGGCAGACGGTAT-1,39,53,0.3465736,1.4451859,1.2687509,-0.1898135,0.2653129340972641,0.63092977,0.42051104182695487,True,False,False,0.0
CGTCGGCGGTAGATCA-1,32,14,0.0,1.0986123,-0.42149004,-0.49061504,0.0,0.0,0.31966725340996727,False,False,False,2.0
CGTCGGTTAGCGGTGA-1,1,85,0.0,2.9674473,-0.42149004,1.1314025,0.0,0.0,0.8634490104397562,False,True,False,1.4142135623730951
CGTCTTGCAACTTCTG-1,69,13,0.3465736,2.2386684,1.2687509,0.49887362,0.41098358676587554,0.63092977,0.651393558451017,True,False,False,0.0
CGTGAATGGTCCTGCG-1,11,93,0.3465736,0.6931472,1.2687509,-0.84253025,0.12725070868511817,0.63092977,0.20168759681644627,True,False,False,0.0
CGTGAGCAATGGACAT-1,61,49,0.3465736,0.89587975,1.2687509,-0.66657263,0.16446915052367952,0.63092977,0.26067743010882455,True,False,False,0.0
CGTGAGCTGTTATCGT-1,62,76,0.0,3.1172054,-0.42149004,1.261382,0.0,0.0,0.907024665265284,False,True,False,2.0
CGTGAGGAACATAGGT-1,75,27,0.3465736,0.0,1.2687509,-1.4441334,0.0,0.63092977,0.0,True,False,False,0.0
CGTGAGGCCTACAAGT-1,14,6,0.0,3.5646486,-0.42149004,1.6497313,0.0,0.0,1.0,False,True,False,2.0
CGTGCGGATTCATGTA-1,23,37,0.0,1.3540251,-0.42149004,-0.26893464,0.0,0.0,0.39398566026301807,False,False,False,1.4142135623730951
CGTGGCTCCTTGTCTT-1,36,36,0.0,2.0471723,-0.42149004,0.33266842,0.0,0.0,0.5956732271057577,False,False,False,1.4142135623730951
CGTGTACGATGATTGT-1,46,104,0.0,2.9085555,-0.42149004,1.0802885,0.0,0.0,0.8463130423508674,False,True,False,4.0
CGTGTAGTATTCTTGG-1,11,21,0.0,0.3465736,-0.42149004,-1.1433318,0.0,0.0,0.10084381839069423,False,False,False,4.0
CGTGTATGAGGCCAGG-1,65,109,0.0,1.994492,-0.42149004,0.28694567,0.0,0.0,0.5803446635363207,False,False,False,10.0
CGTGTTAACCTGAAGC-1,52,10,0.0,3.7923865,-0.42149004,1.8473918,0.0,0.0,1.0,False,True,False,1.4142135623730951
CGTGTTACCATATGTA-1,40,8,0.804719,1.0397208,3.5031278,-0.54172873,0.3025313752421983,1.0,0.3025313752421983,True,False,False,0.0
CGTGTTAGATGGTATC-1,33,31,0.0,0.3465736,-0.42149004,-1.1433318,0.0,0.0,0.10084381839069423,False,False,False,1.4142135623730951
CGTGTTGGACGTCTGG-1,10,44,0.0,1.8920949,-0.42149004,0.19807209,0.0,0.0,0.5505497750296472,False,False,False,2.8284271247461903
CGTTAACGAGAAGGAC-1,4,28,0.3465736,1.2424533,1.2687509,-0.3657711,0.22809449225870276,0.63092977,0.3615212085345766,True,False,False,0.0
CGTTACAGTGCACTCA-1,19,43,0.0,0.6931472,-0.42149004,-0.84253025,0.0,0.0,0.20168759681644627,False,False,False,1.4142135623730951
CGTTCCTGTCACCGTG-1,9,73,0.0,2.668769,-0.42149004,0.8721706,0.0,0.0,0.7765414669536078,False,False,False,4.47213595499958
CGTTCTCGAGGTTCGC-1,43,117,0.0,1.732868,-0.42149004,0.05987433,0.0,0.0,0.5042189433338424,False,False,False,2.0
CGTTGGTCGTCACTGT-1,44,42,0.0,1.4978662,-0.42149004,-0.14409073,0.0,0.0,0.43583961039200964,False,False,False,2.8284271247461903
CGTTGGTGGCGTCTGC-1,5,53,0.0,2.3895617,-0.42149004,0.62983835,0.0,0.0,0.6952995135325362,False,False,False,4.242640687119285
CGTTGTGAGCAAGTGG-1,35,93,0.0,2.7403195,-0.42149004,0.9342715,0.0,0.0,0.7973608039397329,False,True,False,3.1622776601683795
CTAACAAGGTGATCAA-1,1,21,0.3465736,3.2854414,1.2687509,1.407399,0.6031542987391736,0.63092977,0.9559769236588895,True,True,True,0.0
CTAACAGTATACCGGC-1,28,92,0.3465736,2.524928,1.2687509,0.7473269,0.4635362655799437,0.63092977,0.7346875817676474,True,False,False,0.0
CTAACCTCACCGAAGA-1,8,22,0.0,3.475886,-0.42149004,1.5726917,0.0,0.0,1.0,False,True,False,3.1622776601683795
CTAACGTTAGGCAATG-1,42,6,0.3465736,1.0986123,1.2687509,-0.49061504,0.20168758605847292,0.63092977,0.31966725340996727,True,False,False,0.0
CTAAGAACCTTATTCC-1,7,113,0.0,0.3465736,-0.42149004,-1.1433318,0.0,0.0,0.10084381839069423,False,False,False,2.8284271247461903
CTAAGAATTGATTCAC-1,12,110,0.0,0.3465736,-0.42149004,-1.1433318,0.0,0.0,0.10084381839069423,False,False,False,3.1622776601683795
CTAAGAGGCTATGTTC-1,7,83,0.0,0.0,-0.42149004,-1.4441334,0.0,0.0,0.0,False,False,False,2.0
CTAAGCGTGCCTGCAA-1,34,80,0.0,1.5890269,-0.42149004,-0.064969584,0.0,0.0,0.4623649919559464,False,False,False,4.47213595499958
CTAAGCTCCACGATCA-1,57,71,0.0,2.418141,-0.42149004,0.6546431,0.0,0.0,0.7036153187917414,False,False,False,2.0
CTAAGCTTACAGTACG-1,55,79,0.3465736,2.2386684,1.2687509,0.49887362,0.41098358676587554,0.63092977,0.651393558451017,True,False,False,0.0
CTAAGTGGCCGATTAG-1,34,36,0.0,1.7005987,-0.42149004,0.031866897,0.0,0.0,0.49482944493329234,False,False,False,1.4142135623730951
CTAATCACTCCGAGAC-1,69,37,0.0,0.3465736,-0.42149004,-1.1433318,0.0,0.0,0.10084381839069423,False,False,False,6.0
CTAATCTGGCCGTGTT-1,28,60,0.0,2.585242,-0.42149004,0.79967517,0.0,0.0,0.7522373468680046,False,False,False,1.4142135623730951
CTAATGACATCATTCT-1,23,89,0.0,1.777674,-0.42149004,0.098762795,0.0,0.0,0.5172563105228211,False,False,False,3.1622776601683795
CTAATGAGCGAGGCTA-1,23,79,0.0,2.4952164,-0.42149004,0.7215392,0.0,0.0,0.726042245577588,False,False,False,5.0990195135927845
CTAATTACGCAATGGA-1,13,97,0.0,0.6931472,-0.42149004,-0.84253025,0.0,0.0,0.20168759681644627,False,False,False,1.4142135623730951
CTAATTATGTTGCCGC-1,64,88,0.3465736,3.3755507,1.2687509,1.4856076,0.6196969238999829,0.63092977,0.9821963635991019,True,True,True,0.0
CTACAACCGCTGTCTA-1,23,59,0.0,2.705823,-0.42149004,0.9043309,0.0,0.0,0.7873232090584891,False,True,False,4.0
CTACAGAACCAGTTGA-1,19,75,0.0,2.7080503,-0.42149004,0.90626407,0.0,0.0,0.787971300543565,False,True,False,4.0
CTACAGAATTAATGAC-1,52,70,0.0,2.2213256,-0.42149004,0.48382127,0.0,0.0,0.6463472551389307,False,False,False,3.1622776601683795
CTACAGATCGGTCGCC-1,34,48,0.0,0.0,-0.42149004,-1.4441334,0.0,0.0,0.0,False,False,False,1.4142135623730951
CTACAGATGGTCATAC-1,30,36,0.0,2.2499049,-0.42149004,0.50862604,0.0,0.0,0.6546630603981359,False,False,False,1.4142135623730951
CTACAGCGTCTACACT-1,46,70,0.0,1.3540251,-0.42149004,-0.26893464,0.0,0.0,0.39398566026301807,False,False,False,1.4142135623730951
CTACAGGTAGAATTCC-1,61,89,0.0,3.3807864,-0.42149004,1.4901518,0.0,0.0,0.9837197872305644,False,True,False,1.4142135623730951
CTACAGGTCGCTAAGC-1,55,25,0.0,3.6199663,-0.42149004,1.6977432,0.0,0.0,1.0,False,True,False,1.4142135623730951
CTACATCTACTGGCTT-1,43,63,0.0,0.3465736,-0.42149004,-1.1433318,0.0,0.0,0.10084381839069423,False,False,False,1.4142135623730951
CTACCAGACCTCTTAG-1,40,46,0.0,2.6020033,-0.42149004,0.8142228,0.0,0.0,0.7571144486060806,False,False,False,1.4142135623730951
CTACCAGGAGACATCT-1,57,47,0.0,1.7917595,-0.42149004,0.11098804,0.0,0.0,0.5213548277461335,False,False,False,2.8284271247461903
CTACCATCGATGAGAA-1,68,32,0.0,1.3540251,-0.42149004,-0.26893464,0.0,0.0,0.39398566026301807,False,False,False,2.0
CTACCTTATCAACTGA-1,48,102,0.0,3.389961,-0.42149004,1.4981147,0.0,0.0,0.9863893654391858,False,True,False,2.8284271247461903
CTACGAATCAGCCTGG-1,11,63,0.0,0.3465736,-0.42149004,-1.1433318,0.0,0.0,0.10084381839069423,False,False,False,1.4142135623730951
CTACGAATTGGCTGGT-1,45,95,0.0,2.4337673,-0.42149004,0.66820574,0.0,0.0,0.7081621902124751,False,False,False,2.8284271247461903
CTACGAGCCGGACGGT-1,32,18,0.0,2.705823,-0.42149004,0.9043309,0.0,0.0,0.7873232090584891,False,True,False,1.4142135623730951
CTACGAGCCTGGAGAC-1,48,12,0.54930615,1.0397208,2.2574785,-0.54172873,0.3025313752421983,1.0,0.3025313752421983,True,False,False,0.0
CTACGATGCGTCCGGC-1,60,100,0.3465736,3.1172054,1.2687509,1.261382,0.5722688617036356,0.63092977,0.907024665265284,True,True,True,0.0
CTACGCCGCATGAATG-1,0,54,0.0,0.0,-0.42149004,-1.4441334,0.0,0.0,0.0,False,False,False,2.0
CTACGCTACATCTGTT-1,16,48,0.0,0.0,-0.42149004,-1.4441334,0.0,0.0,0.0,False,False,False,1.4142135623730951
CTACGCTTAGAAGTGC-1,21,85,0.0,2.4260151,-0.42149004,0.6614774,0.0,0.0,0.7059065089276776,False,False,False,5.830951894845301
CTACTCGGCGTCTAAT-1,5,43,0.3465736,2.8650498,1.2687509,1.0425286,0.5259771419289487,0.63092977,0.833654027016345,True,True,True,0.0
CTACTGCTCCGACAGT-1,44,94,0.0,0.6931472,-0.42149004,-0.84253025,0.0,0.0,0.20168759681644627,False,False,False,3.1622776601683795
CTACTTATGAACATAA-1,12,82,0.0,2.0036666,-0.42149004,0.29490855,0.0,0.0,0.5830142217624709,False,False,False,1.4142135623730951
CTAGACGATTGAGCTA-1,50,96,0.0,2.5619822,-0.42149004,0.7794872,0.0,0.0,0.7454693238725285,False,False,False,1.4142135623730951
CTAGATACAGACCGAG-1,0,102,0.0,0.6931472,-0.42149004,-0.84253025,0.0,0.0,0.20168759681644627,False,False,False,2.0
CTAGCAACCAGTGCGG-1,49,107,0.0,3.0910425,-0.42149004,1.2386744,0.0,0.0,0.8994119432516126,False,True,False,1.4142135623730951
CTAGCACGATCACTGT-1,55,95,0.0,3.3595066,-0.42149004,1.4716824,0.0,0.0,0.9775279388066878,False,True,False,4.242640687119285
CTAGCACGCCAAGCTT-1,8,66,0.0,2.0036666,-0.42149004,0.29490855,0.0,0.0,0.5830142217624709,False,False,False,2.8284271247461903
CTAGCCGAAGATGGAC-1,12,50,0.0,2.5053177,-0.42149004,0.73030645,0.0,0.0,0.7289814672511867,False,False,False,1.4142135623730951
CTAGCCGATTCAATGC-1,8,40,0.0,2.1242476,-0.42149004,0.39956433,0.0,0.0,0.6181000939441909,False,False,False,2.0
CTAGCGCCTAGCTTAA-1,14,62,0.0,2.6020033,-0.42149004,0.8142228,0.0,0.0,0.7571144486060806,False,False,False,1.4142135623730951
CTAGGACGCAAGCATT-1,16,40,0.0,0.3465736,-0.42149004,-1.1433318,0.0,0.0,0.10084381839069423,False,False,False,1.4142135623730951
CTAGGCCAGGAGTACG-1,49,67,0.0,1.1512926,-0.42149004,-0.44489226,0.0,0.0,0.3349958269706398,False,False,False,1.4142135623730951
CTAGTCAGGCGACAGT-1,23,15,0.0,3.5433688,-0.42149004,1.631262,0.0,0.0,1.0,False,True,False,1.4142135623730951
CTAGTGTAGTAAGTCA-1,1,113,0.3465736,0.3465736,1.2687509,-1.1433318,0.06362536695009495,0.63092977,0.10084381839069423,True,False,False,0.0
CTAGTTATGTCCAAGG-1,27,9,0.0,3.2384863,-0.42149004,1.3666453,0.0,0.0,0.9423142287661272,False,True,False,1.4142135623730951
CTAGTTCTACATGACG-1,65,95,0.0,2.705823,-0.42149004,0.9043309,0.0,0.0,0.7873232090584891,False,True,False,2.0
CTATAACTACGCCTGG-1,59,9,0.0,3.8169267,-0.42149004,1.868691,0.0,0.0,1.0,False,True,False,2.8284271247461903
CTATAACTCCTGGAGG-1,63,49,0.0,0.0,-0.42149004,-1.4441334,0.0,0.0,0.0,False,False,False,2.0
CTATACCGACTCGCAT-1,49,61,0.0,1.3540251,-0.42149004,-0.26893464,0.0,0.0,0.39398566026301807,False,False,False,1.4142135623730951
CTATAGATCCACAAGC-1,25,97,0.0,0.54930615,-0.42149004,-0.9673742,0.0,0.0,0.15983363170060141,False,False,False,4.47213595499958
CTATCCATTAGCTCGA-1,30,32,0.0,2.799211,-0.42149004,0.98538524,0.0,0.0,0.8144966920987373,False,True,False,2.8284271247461903
CTATCCATTGAGCCAC-1,47,35,0.0,0.6931472,-0.42149004,-0.84253025,0.0,0.0,0.20168759681644627,False,False,False,1.4142135623730951
CTATCCGCTGCAATTG-1,24,24,0.0,3.4006414,-0.42149004,1.5073845,0.0,0.0,0.989497079309071,False,True,False,1.4142135623730951
CTATCGAATGGTCTGT-1,71,43,0.0,0.0,-0.42149004,-1.4441334,0.0,0.0,0.0,False,False,False,1.4142135623730951
CTATCGAGATGCCTAC-1,16,58,0.0,1.3862944,-0.42149004,-0.2409272,0.0,0.0,0.40337515866356816,False,False,False,3.1622776601683795
CTATCGATCACGATTA-1,0,38,0.0,1.777674,-0.42149004,0.098762795,0.0,0.0,0.5172563105228211,False,False,False,3.1622776601683795
CTATCGATCTGCGTGA-1,64,110,0.0,4.0098066,-0.42149004,2.0360973,0.0,0.0,1.0,False,True,False,9.486832980505138
CTATCGCAGTCAATGG-1,8,90,0.0,1.8444397,-0.42149004,0.1567108,0.0,0.0,0.5366833938133795,False,False,False,2.8284271247461903
CTATCGGATATCGGAG-1,30,66,0.0,2.8841605,-0.42149004,1.0591154,0.0,0.0,0.8392147490731067,False,True,False,3.1622776601683795
CTATCGGCTTAACTAG-1,14,20,0.0,3.4339871,-0.42149004,1.5363263,0.0,0.0,0.9991998079396781,False,True,False,1.4142135623730951
CTATCGTATCAGCGTG-1,19,19,0.0,2.5678992,-0.42149004,0.78462285,0.0,0.0,0.7471910535471538,False,False,False,1.4142135623730951
CTATCGTATGATAGGA-1,50,110,0.0,2.6208735,-0.42149004,0.83060074,0.0,0.0,0.7626051520841197,False,False,False,2.8284271247461903
CTATCGTATGGTGATG-1,8,104,0.0,0.0,-0.42149004,-1.4441334,0.0,0.0,0.0,False,False,False,2.0
CTATGCAACAGAGTCG-1,13,101,0.0,0.89587975,-0.42149004,-0.66657263,0.0,0.0,0.26067743010882455,False,False,False,4.0
CTATGCCACGAGGCTG-1,16,4,0.0,2.7276607,-0.42149004,0.92328453,0.0,0.0,0.7936774150600256,False,True,False,2.0
CTATGCCATGCGGACA-1,63,87,0.0,3.2228599,-0.42149004,1.3530827,0.0,0.0,0.9377673373629226,False,True,False,1.4142135623730951
CTATGCCGTACAGCGT-1,44,74,0.0,2.418141,-0.42149004,0.6546431,0.0,0.0,0.7036153187917414,False,False,False,4.0
CTATGCCTATTGATCT-1,15,107,0.0,0.54930615,-0.42149004,-0.9673742,0.0,0.0,0.15983363170060141,False,False,False,1.4142135623730951
CTATGTAGCGCAGATA-1,9,87,0.0,1.4451859,-0.42149004,-0.1898135,0.0,0.0,0.42051104182695487,False,False,False,2.8284271247461903
CTATGTAGGCCGAACG-1,34,76,0.0,1.5455213,-0.42149004,-0.10272945,0.0,0.0,0.4497059891104685,False,False,False,1.4142135623730951
CTATGTCACTTGAACC-1,76,10,0.0,0.0,-0.42149004,-1.4441334,0.0,0.0,0.0,False,False,False,3.1622776601683795
CTATGTGCCTTCAGGT-1,14,8,0.3465736,3.7576723,1.2687509,1.8172623,0.6309297680854797,0.63092977,1.0,True,True,True,0.0
CTATGTGCGGTTGACT-1,35,63,0.3465736,0.3465736,1.2687509,-1.1433318,0.06362536695009495,0.63092977,0.10084381839069423,True,False,False,0.0
CTATTAAGCCAGCACT-1,60,42,0.0,0.89587975,-0.42149004,-0.66657263,0.0,0.0,0.26067743010882455,False,False,False,1.4142135623730951
CTATTAGACTAAGTGG-1,76,24,0.0,0.0,-0.42149004,-1.4441334,0.0,0.0,0.0,False,False,False,1.4142135623730951
CTATTAGCGGCTTCGT-1,19,53,0.0,1.609438,-0.42149004,-0.047254253,0.0,0.0,0.4683040608715467,False,False,False,3.1622776601683795
CTATTAGTACTGGCTC-1,33,5,0.0,1.2424533,-0.42149004,-0.3657711,0.0,0.0,0.3615212085345766,False,False,False,1.4142135623730951
CTATTATGAGATACGA-1,30,24,0.0,1.609438,-0.42149004,-0.047254253,0.0,0.0,0.4683040608715467,False,False,False,2.0
CTATTATGGCACCTCG-1,21,17,0.0,2.65906,-0.42149004,0.86374396,0.0,0.0,0.773716425119855,False,False,False,2.0
CTATTCCGGCCGTCGG-1,51,75,0.0,3.437616,-0.42149004,1.539476,0.0,0.0,1.0,False,True,False,4.0
CTATTCGTCTTACATA-1,55,87,0.0,0.54930615,-0.42149004,-0.9673742,0.0,0.0,0.15983363170060141,False,False,False,2.8284271247461903
CTATTCTGCAACGCAC-1,14,40,0.3465736,0.0,1.2687509,-1.4441334,0.0,0.63092977,0.0,True,False,False,0.0
CTATTCTGTAGGACCT-1,32,96,0.0,0.6931472,-0.42149004,-0.84253025,0.0,0.0,0.20168759681644627,False,False,False,1.4142135623730951
CTCAAGAAGCACTGTA-1,4,112,0.0,0.3465736,-0.42149004,-1.1433318,0.0,0.0,0.10084381839069423,False,False,False,3.1622776601683795
CTCAATACAGTATTCT-1,68,12,0.0,2.5184762,-0.42149004,0.7417272,0.0,0.0,0.732810268573064,False,False,False,1.4142135623730951
CTCAATACGTTAACCG-1,40,64,0.0,0.0,-0.42149004,-1.4441334,0.0,0.0,0.0,False,False,False,2.0
CTCAATGACCATTAAG-1,38,60,0.0,0.3465736,-0.42149004,-1.1433318,0.0,0.0,0.10084381839069423,False,False,False,1.4142135623730951
CTCAATTGGCGATTCC-1,65,79,0.0,2.441401,-0.42149004,0.6748313,0.0,0.0,0.7103834017346308,False,False,False,3.1622776601683795
CTCACCAGGAATTGAC-1,65,31,0.6931472,1.7005987,2.9589918,0.031866897,0.49482944493329234,1.0,0.49482944493329234,True,False,False,0.0
CTCACCAGTGTAAGTT-1,22,108,0.0,0.3465736,-0.42149004,-1.1433318,0.0,0.0,0.10084381839069423,False,False,False,4.242640687119285
CTCACCGAGGATCCGC-1,8,32,0.0,1.1512926,-0.42149004,-0.44489226,0.0,0.0,0.3349958269706398,False,False,False,1.4142135623730951
CTCACCGTGACTCGGA-1,66,98,0.0,1.1512926,-0.42149004,-0.44489226,0.0,0.0,0.3349958269706398,False,False,False,1.4142135623730951
CTCACCTGAGACTAAG-1,47,61,0.0,1.5890269,-0.42149004,-0.064969584,0.0,0.0,0.4623649919559464,False,False,False,1.4142135623730951
CTCACCTGCCGACTAA-1,42,96,0.0,0.3465736,-0.42149004,-1.1433318,0.0,0.0,0.10084381839069423,False,False,False,1.4142135623730951
CTCACCTGGCTTAGGT-1,66,28,0.0,3.510542,-0.42149004,1.6027704,0.0,0.0,1.0,False,True,False,1.4142135623730951
CTCACCTTAATAAGAT-1,56,50,0.0,2.6155543,-0.42149004,0.8259841,0.0,0.0,0.7610574297678038,False,False,False,2.0
CTCACCTTATCTCCTT-1,9,41,0.0,2.1783543,-0.42149004,0.44652516,0.0,0.0,0.6338437234120109,False,False,False,3.1622776601683795
CTCACCTTCTGAAGTA-1,17,59,0.0,0.0,-0.42149004,-1.4441334,0.0,0.0,0.0,False,False,False,2.0
CTCACGAGTAGATGAG-1,47,53,0.0,0.3465736,-0.42149004,-1.1433318,0.0,0.0,0.10084381839069423,False,False,False,2.0
CTCACGATCTCCGGAG-1,35,19,0.0,2.4849067,-0.42149004,0.7125911,0.0,0.0,0.723042397086682,False,False,False,1.4142135623730951
CTCACGTATTCAAGCG-1,24,90,0.0,1.7005987,-0.42149004,0.031866897,0.0,0.0,0.49482944493329234,False,False,False,2.8284271247461903
CTCACGTTCGGTCTGC-1,30,76,0.0,2.0948274,-0.42149004,0.37402973,0.0,0.0,0.6095396133176433,False,False,False,3.1622776601683795
CTCAGAAGACAACTCG-1,50,60,0.0,1.4451859,-0.42149004,-0.1898135,0.0,0.0,0.42051104182695487,False,False,False,1.4142135623730951
CTCAGGATACGCGGCA-1,51,47,0.0,0.89587975,-0.42149004,-0.66657263,0.0,0.0,0.26067743010882455,False,False,False,1.4142135623730951
CTCAGGCACGTCAGAC-1,36,28,0.0,2.623512,-0.42149004,0.8328908,0.0,0.0,0.7633728986061222,False,False,False,1.4142135623730951
CTCAGGTCACTACAGC-1,40,50,0.0,1.8444397,-0.42149004,0.1567108,0.0,0.0,0.5366833938133795,False,False,False,2.0
CTCAGGTCGTGCTCGC-1,39,15,0.89587975,1.7482538,3.9477193,0.07322818,0.5086958249006557,1.0,0.5086958249006557,True,False,False,0.0
CTCATAATAGCACCGT-1,22,110,0.0,1.3540251,-0.42149004,-0.26893464,0.0,0.0,0.39398566026301807,False,False,False,3.1622776601683795
CTCATAGCCAATGTCG-1,44,90,0.0,0.3465736,-0.42149004,-1.1433318,0.0,0.0,0.10084381839069423,False,False,False,2.0
CTCATCCTGGCAAGTC-1,35,87,0.0,0.804719,-0.42149004,-0.7456938,0.0,0.0,0.23415203855365221,False,False,False,2.0
CTCATCTATTCGATAC-1,70,22,0.0,3.037673,-0.42149004,1.1923535,0.0,0.0,0.8838828455934856,False,True,False,2.0
CTCCAAGCGTCCTTCA-1,60,102,0.0,3.4143562,-0.42149004,1.5192881,0.0,0.0,0.9934877386468307,False,True,False,2.0
CTCCAAGTGAGCCAAT-1,0,24,0.0,3.1745696,-0.42149004,1.3111701,0.0,0.0,0.9237161432671002,False,True,False,1.4142135623730951
CTCCACATAACCTATT-1,1,75,0.0,0.3465736,-0.42149004,-1.1433318,0.0,0.0,0.10084381839069423,False,False,False,4.47213595499958
CTCCACGCTAGCTAGA-1,39,41,0.0,1.7917595,-0.42149004,0.11098804,0.0,0.0,0.5213548277461335,False,False,False,2.8284271247461903
CTCCACTGGCTAATGG-1,41,113,0.0,3.2847407,-0.42149004,1.4067909,0.0,0.0,0.9557730225238199,False,True,False,2.0
CTCCAGTGGTTCTAGG-1,0,36,0.0,0.54930615,-0.42149004,-0.9673742,0.0,0.0,0.15983363170060141,False,False,False,3.1622776601683795
CTCCATGGCGACCAGT-1,53,55,0.0,2.7403195,-0.42149004,0.9342715,0.0,0.0,0.7973608039397329,False,True,False,2.0
CTCCGGATCCTCGCTC-1,57,93,0.0,2.9907072,-0.42149004,1.1515905,0.0,0.0,0.8702170334352323,False,True,False,4.0
CTCCGGCCTACAGCTT-1,47,85,0.0,1.3862944,-0.42149004,-0.2409272,0.0,0.0,0.40337515866356816,False,False,False,2.0
CTCCGGTTCAGCGGAT-1,62,22,0.0,1.0397208,-0.42149004,-0.54172873,0.0,0.0,0.3025313752421983,False,False,False,1.4142135623730951
CTCCGTAAGGTCTGTT-1,15,113,0.0,0.0,-0.42149004,-1.4441334,0.0,0.0,0.0,False,False,False,1.4142135623730951
CTCCTACATTGTATCT-1,40,62,0.0,0.3465736,-0.42149004,-1.1433318,0.0,0.0,0.10084381839069423,False,False,False,2.0
CTCCTACCTCGTGGTA-1,31,107,0.0,2.7146728,-0.42149004,0.912012,0.0,0.0,0.7898982901612945,False,True,False,2.0
CTCCTACTTGAGTAAG-1,58,96,0.0,3.1288338,-0.42149004,1.2714746,0.0,0.0,0.9104082171661869,False,True,False,3.1622776601683795
CTCCTGTCGAAGCCAA-1,37,19,0.0,2.282174,-0.42149004,0.5366335,0.0,0.0,0.6640525637943038,False,False,False,1.4142135623730951
CTCCTTATCTTAAGAC-1,24,80,0.0,2.2554297,-0.42149004,0.51342124,0.0,0.0,0.6562706501978574,False,False,False,4.0
CTCCTTATGGAACCTT-1,53,33,0.0,0.54930615,-0.42149004,-0.9673742,0.0,0.0,0.15983363170060141,False,False,False,2.0
CTCCTTGAATTGGCTA-1,48,118,0.0,0.3465736,-0.42149004,-1.1433318,0.0,0.0,0.10084381839069423,False,False,False,3.1622776601683795
CTCGACAGCACTCGGA-1,47,65,0.0,0.0,-0.42149004,-1.4441334,0.0,0.0,0.0,False,False,False,2.0
CTCGACATAATTCTAT-1,15,111,0.0,0.54930615,-0.42149004,-0.9673742,0.0,0.0,0.15983363170060141,False,False,False,2.8284271247461903
CTCGACTCCTAATGGA-1,35,69,0.3465736,0.6931472,1.2687509,-0.84253025,0.12725070868511817,0.63092977,0.20168759681644627,True,False,False,0.0
CTCGATGCGGTGTTAA-1,58,74,0.0,1.8688347,-0.42149004,0.17788394,0.0,0.0,0.5437816920867579,False,False,False,2.8284271247461903
CTCGATGTTGAACGGC-1,55,85,0.0,1.5890269,-0.42149004,-0.064969584,0.0,0.0,0.4623649919559464,False,False,False,3.1622776601683795
CTCGATGTTGCTATGT-1,29,31,0.0,2.2499049,-0.42149004,0.50862604,0.0,0.0,0.6546630603981359,False,False,False,2.0
CTCGCATACTCAACTC-1,49,21,0.3465736,2.1719027,1.2687509,0.4409256,0.3987264584589023,0.63092977,0.6319664701648409,True,False,False,0.0
CTCGCTAGCACCATCT-1,48,64,0.0,0.6931472,-0.42149004,-0.84253025,0.0,0.0,0.20168759681644627,False,False,False,2.8284271247461903
CTCGCTGTTCATAGAT-1,20,62,0.3465736,1.8920949,1.2687509,0.19807209,0.34735824187896835,0.63092977,0.5505497750296472,True,False,False,0.0
CTCGGAATTCTTGATA-1,46,26,1.3195287,0.3465736,6.0138574,-1.1433318,0.10084381839069423,1.0,0.10084381839069423,True,False,False,0.0
CTCGGACTAACGTGGC-1,22,26,0.3465736,2.2499049,1.2687509,0.50862604,0.4130464128711263,0.63092977,0.6546630603981359,True,False,False,0.0
CTCGGAGTCTTAAGGA-1,36,26,0.0,2.32698,-0.42149004,0.57552195,0.0,0.0,0.6770899272365691,False,False,False,1.4142135623730951
CTCGGATCGGAATACG-1,45,87,0.0,0.54930615,-0.42149004,-0.9673742,0.0,0.0,0.15983363170060141,False,False,False,2.0
CTCGGATTGAATGAGT-1,2,20,0.3465736,3.230734,1.2687509,1.3599169,0.5931109087416324,0.63092977,0.9400585274988587,True,True,True,0.0
CTCGGTCTCCAACTGC-1,42,10,0.0,0.0,-0.42149004,-1.4441334,0.0,0.0,0.0,False,False,False,2.0
CTCGTCGCGATTAATT-1,31,45,0.0,0.0,-0.42149004,-1.4441334,0.0,0.0,0.0,False,False,False,1.4142135623730951
CTCGTTCTGTCACGTT-1,43,91,0.0,0.6931472,-0.42149004,-0.84253025,0.0,0.0,0.20168759681644627,False,False,False,1.4142135623730951
CTCGTTGCACCTTAGG-1,64,108,0.0,2.5184762,-0.42149004,0.7417272,0.0,0.0,0.732810268573064,False,False,False,8.602325267042627
CTGAAGCGGTTGCCAA-1,20,10,0.0,3.8990564,-0.42149004,1.9399738,0.0,0.0,1.0,False,True,False,1.4142135623730951
CTGAAGCGTGGTGAAG-1,6,48,0.0,2.2924838,-0.42149004,0.5455816,0.0,0.0,0.6670524122852097,False,False,False,2.0
CTGAAGGAGCCTCACT-1,27,41,0.6931472,0.3465736,2.9589918,-1.1433318,0.10084381839069423,1.0,0.10084381839069423,True,False,False,0.0
CTGAAGGATCTGTACG-1,37,25,0.0,2.6287477,-0.42149004,0.837435,0.0,0.0,0.7648963422200559,False,False,False,2.0
CTGAAGGTGCTCGAGG-1,46,72,0.0,3.2951505,-0.42149004,1.4158258,0.0,0.0,0.9588020054575846,False,True,False,2.8284271247461903
CTGAAGTGCTATGGCG-1,37,113,0.0,0.0,-0.42149004,-1.4441334,0.0,0.0,0.0,False,False,False,2.0
CTGAAGTGCTGAACTG-1,33,85,0.0,0.0,-0.42149004,-1.4441334,0.0,0.0,0.0,False,False,False,2.0
CTGAAGTTGCAGACAT-1,33,15,0.0,2.5708318,-0.42149004,0.7871681,0.0,0.0,0.7480443450279207,False,False,False,1.4142135623730951
CTGAAGTTGGATCGGC-1,66,12,0.0,1.7917595,-0.42149004,0.11098804,0.0,0.0,0.5213548277461335,False,False,False,2.8284271247461903
CTGAATTCGCGTAAGG-1,42,32,0.3465736,1.3540251,1.2687509,-0.26893464,0.2485772812587506,0.63092977,0.39398566026301807,True,False,False,0.0
CTGACCGCCAATTAGG-1,64,34,0.0,0.89587975,-0.42149004,-0.66657263,0.0,0.0,0.26067743010882455,False,False,False,2.0
CTGACGTATCCGCCAC-1,67,35,0.0,0.6931472,-0.42149004,-0.84253025,0.0,0.0,0.20168759681644627,False,False,False,4.242640687119285
CTGACTCCGAATCTGC-1,53,71,0.0,0.89587975,-0.42149004,-0.66657263,0.0,0.0,0.26067743010882455,False,False,False,4.47213595499958
CTGACTCGAATTCGTG-1,47,43,0.0,2.4814224,-0.42149004,0.709567,0.0,0.0,0.722028566433125,False,False,False,2.8284271247461903
CTGACTGATTAGGCTG-1,50,108,0.0,2.582393,-0.42149004,0.79720235,0.0,0.0,0.7514083340896199,False,False,False,2.0
CTGACTGGTATGATAA-1,8,62,0.0,2.8332133,-0.42149004,1.0148969,0.0,0.0,0.824390473135499,False,True,False,2.0
CTGACTGGTCTACCTT-1,7,45,0.0,2.6441336,-0.42149004,0.8507889,0.0,0.0,0.769373235027009,False,False,False,1.4142135623730951
CTGACTGTGGCCGGTT-1,23,69,0.0,3.0972028,-0.42149004,1.2440212,0.0,0.0,0.9012044508388619,False,True,False,5.656854249492381
CTGAGGTTCAGGCCAA-1,62,10,0.0,3.329647,-0.42149004,1.4457664,0.0,0.0,0.9688396003388284,False,True,False,1.4142135623730951
CTGATCCAACGCACAA-1,3,85,0.0,0.89587975,-0.42149004,-0.66657263,0.0,0.0,0.26067743010882455,False,False,False,3.1622776601683795
CTGATGCCAATGCTTC-1,6,14,0.0,3.4538777,-0.42149004,1.5535899,0.0,0.0,1.0,False,True,False,1.4142135623730951
CTGATTAACAGCGGCC-1,56,18,0.0,3.0177407,-0.42149004,1.1750536,0.0,0.0,0.8780830532525242,False,True,False,1.4142135623730951
CTGATTAACGCAAGAA-1,9,43,0.0,2.138333,-0.42149004,0.41178957,0.0,0.0,0.6221986086696945,False,False,False,3.1622776601683795
CTGATTACAATGTCCA-1,12,44,0.0,2.138333,-0.42149004,0.41178957,0.0,0.0,0.6221986086696945,False,False,False,1.4142135623730951
CTGATTAGGTGCCGAA-1,54,110,0.0,3.591176,-0.42149004,1.6727552,0.0,0.0,1.0,False,True,False,3.1622776601683795
CTGATTATCAATAGAC-1,44,112,0.0,2.2499049,-0.42149004,0.50862604,0.0,0.0,0.6546630603981359,False,False,False,2.0
CTGCATAATGGACCGC-1,57,103,0.3465736,3.8123095,1.2687509,1.8646835,0.6309297680854797,0.63092977,1.0,True,True,True,0.0
CTGCATTGAGCACGGA-1,4,46,0.0,1.9560115,-0.42149004,0.25354728,0.0,0.0,0.569147845541821,False,False,False,2.8284271247461903
CTGCATTGAGGAGCCG-1,9,37,0.0,1.0397208,-0.42149004,-0.54172873,0.0,0.0,0.3025313752421983,False,False,False,1.4142135623730951
CTGCCACGTGTTAATA-1,74,24,0.54930615,1.3540251,2.2574785,-0.26893464,0.39398566026301807,1.0,0.39398566026301807,True,False,False,0.0
CTGCCGATTGCGATGT-1,26,48,0.3465736,0.89587975,1.2687509,-0.66657263,0.16446915052367952,0.63092977,0.26067743010882455,True,False,False,0.0
CTGCCGCTTCGGCTGC-1,18,10,0.0,3.0546238,-0.42149004,1.2070656,0.0,0.0,0.8888150789693171,False,True,False,1.4142135623730951
CTGCCGTGAAGTCGCA-1,45,69,0.3465736,0.54930615,1.2687509,-0.9673742,0.10084379618112044,0.63092977,0.15983363170060141,True,False,False,0.0
CTGCCTAGTGAATAAG-1,7,77,0.0,2.3410656,-0.42149004,0.5877472,0.0,0.0,0.6811884519533082,False,False,False,2.0
CTGCCTATACATCCAT-1,4,70,0.0,0.54930615,-0.42149004,-0.9673742,0.0,0.0,0.15983363170060141,False,False,False,4.0
CTGCCTCCAACACCAG-1,51,97,0.0,2.6491587,-0.42149004,0.85515034,0.0,0.0,0.7708354123845605,False,False,False,2.8284271247461903
CTGCCTGACACGGATT-1,52,46,0.0,1.5890269,-0.42149004,-0.064969584,0.0,0.0,0.4623649919559464,False,False,False,1.4142135623730951
CTGCCTGTGAGCCAGG-1,10,80,0.3465736,2.4814224,1.2687509,0.709567,0.45554931597074294,0.63092977,0.722028566433125,True,False,False,0.0
CTGCGGAAGCAGGCAC-1,70,12,0.3465736,3.4811218,1.2687509,1.5772358,0.6309297680854797,0.63092977,1.0,True,True,True,0.0
CTGCGGCATGTAAGTA-1,73,39,0.0,0.6931472,-0.42149004,-0.84253025,0.0,0.0,0.20168759681644627,False,False,False,3.1622776601683795
CTGCTCATTAGAGTGC-1,34,58,0.0,0.0,-0.42149004,-1.4441334,0.0,0.0,0.0,False,False,False,2.8284271247461903
CTGGAACAATAGACAG-1,44,34,0.0,0.0,-0.42149004,-1.4441334,0.0,0.0,0.0,False,False,False,1.4142135623730951
CTGGAAGGCAACCGGA-1,69,75,0.0,1.0397208,-0.42149004,-0.54172873,0.0,0.0,0.3025313752421983,False,False,False,2.0
CTGGAAGTCTAAGCTC-1,65,87,0.0,2.9085555,-0.42149004,1.0802885,0.0,0.0,0.8463130423508674,False,True,False,1.4142135623730951
CTGGAATAGGAATTAG-1,66,24,0.3465736,3.300615,1.2687509,1.4205687,0.6059399337862811,0.63092977,0.9603920506476832,True,True,True,0.0
CTGGAATAGTGCAAGT-1,31,63,0.0,3.0479121,-0.42149004,1.2012403,0.0,0.0,0.8868621521041042,False,True,False,3.1622776601683795
CTGGAATGGATAGTTC-1,72,38,0.0,0.3465736,-0.42149004,-1.1433318,0.0,0.0,0.10084381839069423,False,False,False,4.47213595499958
CTGGAATGGATCAGCA-1,24,60,0.0,2.7403195,-0.42149004,0.9342715,0.0,0.0,0.7973608039397329,False,True,False,3.1622776601683795
CTGGCCTTGCATTCGG-1,53,45,0.3465736,2.9289665,1.2687509,1.0980039,0.5377112276996838,0.63092977,0.852252112515372,True,True,True,0.0
CTGGCGCACTTACTGA-1,17,61,0.0,2.7361355,-0.42149004,0.9306401,0.0,0.0,0.7961433718881725,False,True,False,2.8284271247461903
CTGGCGCATATCCGTG-1,22,102,0.0,2.8314803,-0.42149004,1.0133927,0.0,0.0,0.8238861954949052,False,True,False,3.1622776601683795
CTGGCGGACAACGCAC-1,34,18,0.3465736,2.585242,1.2687509,0.79967517,0.4746089348046667,0.63092977,0.7522373468680046,True,False,False,0.0
CTGGCTGGACGCTTGG-1,27,23,0.0,2.5964785,-0.42149004,0.8094276,0.0,0.0,0.7555068588063591,False,False,False,1.4142135623730951
CTGGTACTCGAAGTGG-1,6,12,0.0,2.799211,-0.42149004,0.98538524,0.0,0.0,0.8144966920987373,False,True,False,3.1622776601683795
CTGGTGAGGTCTCGTC-1,64,22,0.0,2.1242476,-0.42149004,0.39956433,0.0,0.0,0.6181000939441909,False,False,False,1.4142135623730951
CTGGTGATCCTGAAGG-1,57,49,0.0,2.2154083,-0.42149004,0.47868547,0.0,0.0,0.6446254755081277,False,False,False,2.8284271247461903
CTGGTGATCGCCGTAG-1,23,39,0.0,0.89587975,-0.42149004,-0.66657263,0.0,0.0,0.26067743010882455,False,False,False,1.4142135623730951
CTGGTGCACCATACCA-1,11,27,0.0,0.6931472,-0.42149004,-0.84253025,0.0,0.0,0.20168759681644627,False,False,False,1.4142135623730951
CTGGTGCGAGAAGCTT-1,68,28,0.54930615,3.6471887,2.2574785,1.7213702,1.0,1.0,1.0,True,True,True,0.0
CTGGTGCGTTCACGAG-1,29,67,0.0,2.29756,-0.42149004,0.5499873,0.0,0.0,0.6685294366187859,False,False,False,2.8284271247461903
CTGGTGCTACAGTATT-1,54,12,0.6931472,2.8715014,2.9589918,1.0481282,0.8355313002459861,1.0,0.8355313002459861,True,True,True,0.0
CTGGTGCTTATGACCA-1,49,31,0.0,0.0,-0.42149004,-1.4441334,0.0,0.0,0.0,False,False,False,1.4142135623730951
CTGGTGGCCAATAAGT-1,30,80,0.0,2.7276607,-0.42149004,0.92328453,0.0,0.0,0.7936774150600256,False,True,False,1.4142135623730951
CTGGTGGCCTTCCGAC-1,57,109,0.0,2.5964785,-0.42149004,0.8094276,0.0,0.0,0.7555068588063591,False,False,False,2.8284271247461903
CTGGTTGCGTTAATTG-1,61,9,0.0,3.2755404,-0.42149004,1.3988056,0.0,0.0,0.9530959708710084,False,True,False,2.0
CTGGTTGGACATCACC-1,17,69,0.0,3.0201273,-0.42149004,1.177125,0.0,0.0,0.8787774840880732,False,True,False,3.1622776601683795
CTGGTTGGCTTGTTAC-1,66,46,0.0,0.0,-0.42149004,-1.4441334,0.0,0.0,0.0,False,False,False,1.4142135623730951
CTGTATCGAAGTGGAT-1,58,108,0.0,3.0307283,-0.42149004,1.186326,0.0,0.0,0.8818621381863131,False,True,False,3.1622776601683795
CTGTATCTTCGCCATA-1,42,54,0.0,0.3465736,-0.42149004,-1.1433318,0.0,0.0,0.10084381839069423,False,False,False,1.4142135623730951
CTGTATGGCTCAACAT-1,43,19,0.97295505,1.5222611,4.323616,-0.12291759,0.442937908665388,1.0,0.442937908665388,True,False,False,0.0
CTGTCACTATGTGCAT-1,4,84,0.0,0.3465736,-0.42149004,-1.1433318,0.0,0.0,0.10084381839069423,False,False,False,2.0
CTGTCACTCGGCCTTA-1,40,78,0.0,0.3465736,-0.42149004,-1.1433318,0.0,0.0,0.10084381839069423,False,False,False,2.0
CTGTCAGATCGATGCG-1,21,49,0.0,0.54930615,-0.42149004,-0.9673742,0.0,0.0,0.15983363170060141,False,False,False,1.4142135623730951
CTGTCAGGCTTCCTAA-1,60,16,0.0,2.1242476,-0.42149004,0.39956433,0.0,0.0,0.6181000939441909,False,False,False,1.4142135623730951
CTGTCAGGTGGATCGT-1,72,26,0.3465736,2.9674473,1.2687509,1.1314025,0.5447756839103923,0.63092977,0.8634490104397562,True,True,True,0.0
CTGTCTATCCACATCT-1,30,22,0.0,2.393746,-0.42149004,0.63346994,0.0,0.0,0.6965170055315097,False,False,False,2.0
CTGTGCAACATTGAGG-1,0,74,0.0,0.54930615,-0.42149004,-0.9673742,0.0,0.0,0.15983363170060141,False,False,False,4.0
CTGTGGCTTGTCAGCT-1,32,110,0.0,0.6931472,-0.42149004,-0.84253025,0.0,0.0,0.20168759681644627,False,False,False,3.1622776601683795
CTGTGGTAAGCTAATA-1,40,110,0.0,1.8444397,-0.42149004,0.1567108,0.0,0.0,0.5366833938133795,False,False,False,2.0
CTGTTATGGCCAGCGG-1,8,30,0.3465736,1.6661022,1.2687509,0.0019263168,0.3058696148172497,0.63092977,0.4847918584431252,True,False,False,0.0
CTGTTCCAGAAGCTGA-1,39,69,0.0,0.3465736,-0.42149004,-1.1433318,0.0,0.0,0.10084381839069423,False,False,False,3.1622776601683795
CTGTTCGTATGCACCA-1,57,53,0.0,0.54930615,-0.42149004,-0.9673742,0.0,0.0,0.15983363170060141,False,False,False,2.8284271247461903
CTGTTCTGCTCAGGAC-1,18,88,0.0,2.441401,-0.42149004,0.6748313,0.0,0.0,0.7103834017346308,False,False,False,6.324555320336759
CTGTTGCTACTCACAG-1,17,87,0.0,0.54930615,-0.42149004,-0.9673742,0.0,0.0,0.15983363170060141,False,False,False,5.656854249492381
CTGTTGGATCAACGCA-1,1,61,0.0,3.4478412,-0.42149004,1.5483506,0.0,0.0,1.0,False,True,False,5.0990195135927845
CTTAATACGGCTAGCA-1,59,109,0.0,2.623512,-0.42149004,0.8328908,0.0,0.0,0.7633728986061222,False,False,False,4.47213595499958
CTTACGAACTCCGTCC-1,56,64,0.0,0.0,-0.42149004,-1.4441334,0.0,0.0,0.0,False,False,False,2.0
CTTACGCAACTCAACG-1,18,102,0.0,1.8444397,-0.42149004,0.1567108,0.0,0.0,0.5366833938133795,False,False,False,4.242640687119285
CTTACGCAGAGGCTCG-1,5,33,0.3465736,1.3540251,1.2687509,-0.26893464,0.2485772812587506,0.63092977,0.39398566026301807,True,False,False,0.0
CTTACGCCATGCACAG-1,34,24,0.3465736,2.524928,1.2687509,0.7473269,0.4635362655799437,0.63092977,0.7346875817676474,True,False,False,0.0
CTTACGGTAAGCCGAA-1,39,63,0.0,0.3465736,-0.42149004,-1.1433318,0.0,0.0,0.10084381839069423,False,False,False,2.0
CTTACGTCATCCTTAT-1,34,52,0.0,0.0,-0.42149004,-1.4441334,0.0,0.0,0.0,False,False,False,1.4142135623730951
CTTAGCAACTAGGACC-1,52,16,0.0,3.4319017,-0.42149004,1.5345163,0.0,0.0,0.9985930202223587,False,True,False,2.0
CTTAGCAAGGACAGCC-1,36,106,0.0,0.3465736,-0.42149004,-1.1433318,0.0,0.0,0.10084381839069423,False,False,False,3.1622776601683795
CTTAGCACGACAGAAC-1,33,11,0.3465736,2.65906,1.2687509,0.86374396,0.48816072466479654,0.63092977,0.773716425119855,True,False,False,0.0
CTTAGCCTAATGGTAA-1,38,108,0.0,1.0397208,-0.42149004,-0.54172873,0.0,0.0,0.3025313752421983,False,False,False,2.0
CTTAGCCTGTAAGACA-1,61,105,0.0,2.3680992,-0.42149004,0.61121047,0.0,0.0,0.6890545117355424,False,False,False,4.47213595499958
CTTAGCGTAGCGTGCG-1,20,22,0.0,2.5184765,-0.42149004,0.74172735,0.0,0.0,0.7328103285204773,False,False,False,1.4142135623730951
CTTAGCTACGCAAGGT-1,37,71,0.0,0.3465736,-0.42149004,-1.1433318,0.0,0.0,0.10084381839069423,False,False,False,2.8284271247461903
CTTAGCTATCCTTGCG-1,24,12,0.0,2.8872757,-0.42149004,1.0618192,0.0,0.0,0.8401211939269906,False,True,False,1.4142135623730951
CTTAGCTTAGTTCTCG-1,27,87,0.0,1.4451859,-0.42149004,-0.1898135,0.0,0.0,0.42051104182695487,False,False,False,1.4142135623730951
CTTAGCTTCGCTGACC-1,43,9,0.0,0.0,-0.42149004,-1.4441334,0.0,0.0,0.0,False,False,False,1.4142135623730951
CTTAGTAAGCGTGGCA-1,38,24,0.0,1.3862944,-0.42149004,-0.2409272,0.0,0.0,0.40337515866356816,False,False,False,2.0
CTTAGTAATGCAACGA-1,65,9,0.3465736,2.9944806,1.2687509,1.1548655,0.5497385647544005,0.63092977,0.871314990292106,True,True,True,0.0
CTTAGTCCTCATAAGT-1,20,16,0.0,2.9907072,-0.42149004,1.1515905,0.0,0.0,0.8702170334352323,False,True,False,3.1622776601683795
CTTAGTCTATCGAGAC-1,36,64,0.0,0.3465736,-0.42149004,-1.1433318,0.0,0.0,0.10084381839069423,False,False,False,1.4142135623730951
CTTAGTCTCGACAACT-1,24,84,0.0,2.29756,-0.42149004,0.5499873,0.0,0.0,0.6685294366187859,False,False,False,4.47213595499958
CTTAGTCTGTGCATCC-1,15,37,0.0,1.2424533,-0.42149004,-0.3657711,0.0,0.0,0.3615212085345766,False,False,False,2.0
CTTAGTCTTATTCGGA-1,52,94,0.0,1.732868,-0.42149004,0.05987433,0.0,0.0,0.5042189433338424,False,False,False,1.4142135623730951
CTTAGTCTTCGATGTC-1,14,0,0.0,0.97295505,-0.42149004,-0.5996767,0.0,0.0,0.28310429694725775,False,False,False,3.1622776601683795
CTTAGTGCGACCTATT-1,58,48,0.0,1.994492,-0.42149004,0.28694567,0.0,0.0,0.5803446635363207,False,False,False,2.8284271247461903
CTTAGTGCGTTGACGC-1,16,78,0.0,2.2154083,-0.42149004,0.47868547,0.0,0.0,0.6446254755081277,False,False,False,3.1622776601683795
CTTAGTGGCTAAGACG-1,12,54,0.0,2.1242476,-0.42149004,0.39956433,0.0,0.0,0.6181000939441909,False,False,False,3.1622776601683795
CTTAGTGGTACACGAC-1,35,43,0.0,2.5184765,-0.42149004,0.74172735,0.0,0.0,0.7328103285204773,False,False,False,1.4142135623730951
CTTAGTTCACCGCCAG-1,2,62,0.0,3.0456548,-0.42149004,1.1992811,0.0,0.0,0.886205328279159,False,True,False,6.0
CTTAGTTGCTCGTTGT-1,27,99,0.0,0.0,-0.42149004,-1.4441334,0.0,0.0,0.0,False,False,False,2.0
CTTAGTTGGAGCGACC-1,64,30,0.3465736,2.7361355,1.2687509,0.9306401,0.5023105529881965,0.63092977,0.7961433718881725,True,True,True,0.0
CTTATTCACTAGCTGG-1,24,98,0.0,1.2424533,-0.42149004,-0.3657711,0.0,0.0,0.3615212085345766,False,False,False,3.1622776601683795
CTTCAAGTCGACCTTC-1,30,94,0.0,0.0,-0.42149004,-1.4441334,0.0,0.0,0.0,False,False,False,2.8284271247461903
CTTCACAAGTTCCTCA-1,5,67,0.0,0.6931472,-0.42149004,-0.84253025,0.0,0.0,0.20168759681644627,False,False,False,5.0990195135927845
CTTCATGCCTAGACGG-1,10,58,0.0,1.4451859,-0.42149004,-0.1898135,0.0,0.0,0.42051104182695487,False,False,False,1.4142135623730951
CTTCATTGGATACCAC-1,17,39,0.3465736,0.54930615,1.2687509,-0.9673742,0.10084379618112044,0.63092977,0.15983363170060141,True,False,False,0.0
CTTCCAATTGAAGATT-1,28,48,0.0,0.89587975,-0.42149004,-0.66657263,0.0,0.0,0.26067743010882455,False,False,False,1.4142135623730951
CTTCCACGATCCTGTA-1,7,71,0.0,0.3465736,-0.42149004,-1.1433318,0.0,0.0,0.10084381839069423,False,False,False,6.324555320336759
CTTCCACGCCTTCCTG-1,13,11,0.0,3.1883636,-0.42149004,1.3231423,0.0,0.0,0.9277298224115631,False,True,False,1.4142135623730951
CTTCCGACGCACAACC-1,38,82,0.0,1.3195286,-0.42149004,-0.2988752,0.0,0.0,0.3839480753730098,False,False,False,4.0
CTTCCGAGACATTGAT-1,1,27,0.0,2.158744,-0.42149004,0.4295049,0.0,0.0,0.6281376788341992,False,False,False,2.0
CTTCCGTCGCTGCATC-1,26,66,0.0,2.8650498,-0.42149004,1.0425286,0.0,0.0,0.833654027016345,False,True,False,1.4142135623730951
CTTCCTAGCCGATTGG-1,0,92,0.0,0.6931472,-0.42149004,-0.84253025,0.0,0.0,0.20168759681644627,False,False,False,2.8284271247461903
CTTCCTGGTGTTGGAC-1,1,53,0.0,0.54930615,-0.42149004,-0.9673742,0.0,0.0,0.15983363170060141,False,False,False,1.4142135623730951
CTTCGACCAAGCCGAG-1,49,103,0.0,3.239255,-0.42149004,1.3673124,0.0,0.0,0.9425378725826403,False,True,False,1.4142135623730951
CTTCGACTCCAGACTG-1,28,112,0.0,0.89587975,-0.42149004,-0.66657263,0.0,0.0,0.26067743010882455,False,False,False,5.0990195135927845
CTTCGAGCTGCAGCCT-1,21,115,0.0,0.54930615,-0.42149004,-0.9673742,0.0,0.0,0.15983363170060141,False,False,False,1.4142135623730951
CTTCGAGTGATGGAAT-1,9,13,0.0,3.1354942,-0.42149004,1.2772554,0.0,0.0,0.9123462371079617,False,True,False,4.0
CTTCGATAACATTGGT-1,44,70,0.0,0.3465736,-0.42149004,-1.1433318,0.0,0.0,0.10084381839069423,False,False,False,1.4142135623730951
CTTCGATACTCCGACC-1,38,74,0.0,0.3465736,-0.42149004,-1.1433318,0.0,0.0,0.10084381839069423,False,False,False,3.1622776601683795
CTTCGATATGTAGGAG-1,22,86,0.0,2.2499049,-0.42149004,0.50862604,0.0,0.0,0.6546630603981359,False,False,False,4.47213595499958
CTTCGATGGACGTACC-1,13,77,0.0,2.7212088,-0.42149004,0.9176848,0.0,0.0,0.7918001018654423,False,True,False,1.4142135623730951
CTTCGCACCTGGCGGA-1,76,18,0.0,0.0,-0.42149004,-1.4441334,0.0,0.0,0.0,False,False,False,2.8284271247461903
CTTCGCCGCAACATTA-1,62,70,0.0,1.0397208,-0.42149004,-0.54172873,0.0,0.0,0.3025313752421983,False,False,False,1.4142135623730951
CTTCGGCTCACTACCT-1,21,97,0.0,2.2499049,-0.42149004,0.50862604,0.0,0.0,0.6546630603981359,False,False,False,2.0
CTTCGTATTAATACGG-1,55,51,0.0,1.1512926,-0.42149004,-0.44489226,0.0,0.0,0.3349958269706398,False,False,False,1.4142135623730951
CTTCGTCAAGACTCGT-1,42,50,0.0,0.89587975,-0.42149004,-0.66657263,0.0,0.0,0.26067743010882455,False,False,False,1.4142135623730951
CTTCGTCACCAAGAGG-1,3,77,0.0,0.0,-0.42149004,-1.4441334,0.0,0.0,0.0,False,False,False,2.0
CTTCTACTCAAGTCGT-1,63,111,0.0,2.4260151,-0.42149004,0.6614774,0.0,0.0,0.7059065089276776,False,False,False,8.94427190999916
CTTCTGAGCCAGGAAC-1,13,51,0.0,2.1910133,-0.42149004,0.45751235,0.0,0.0,0.637527182230367,False,False,False,2.8284271247461903
CTTCTGAGGTCGCATA-1,10,6,0.3465736,2.9700856,1.2687509,1.1336924,0.5452600402228602,0.63092977,0.8642166970143453,True,True,True,0.0
CTTCTGTACGGACATC-1,52,48,0.3465736,0.6931472,1.2687509,-0.84253025,0.12725070868511817,0.63092977,0.20168759681644627,True,False,False,0.0
CTTGAACCGAGTTAAT-1,14,10,0.0,3.7609296,-0.42149004,1.8200893,0.0,0.0,1.0,False,True,False,2.0
CTTGAACTTAGAGGAA-1,49,41,0.0,0.0,-0.42149004,-1.4441334,0.0,0.0,0.0,False,False,False,1.4142135623730951
CTTGAGCCTTGTTCCA-1,31,35,0.0,1.0397208,-0.42149004,-0.54172873,0.0,0.0,0.3025313752421983,False,False,False,2.0
CTTGATGCAATCACAA-1,58,78,0.0,2.754694,-0.42149004,0.94674754,0.0,0.0,0.8015433949123754,False,True,False,2.0
CTTGCCGGAAGACGCA-1,59,93,0.0,2.6491587,-0.42149004,0.85515034,0.0,0.0,0.7708354123845605,False,False,False,4.47213595499958
CTTGCGTAACAGCAGT-1,29,33,0.0,2.6390574,-0.42149004,0.8463831,0.0,0.0,0.7678961907109617,False,False,False,2.0
CTTGGAACTCCACGCC-1,23,115,0.0,0.3465736,-0.42149004,-1.1433318,0.0,0.0,0.10084381839069423,False,False,False,3.1622776601683795
CTTGGACAGGTTAGAA-1,67,83,0.0,2.3592494,-0.42149004,0.6035294,0.0,0.0,0.686479430632737,False,False,False,5.830951894845301
CTTGGACATTACAGGA-1,69,33,0.0,1.6661022,-0.42149004,0.0019263168,0.0,0.0,0.4847918584431252,False,False,False,3.1622776601683795
CTTGGACTTGTCTGTC-1,13,93,0.0,0.3465736,-0.42149004,-1.1433318,0.0,0.0,0.10084381839069423,False,False,False,2.0
CTTGGAGGCCACCTGC-1,16,96,0.0,1.777674,-0.42149004,0.098762795,0.0,0.0,0.5172563105228211,False,False,False,4.0
CTTGGATCAACCGTAT-1,18,114,0.0,0.3465736,-0.42149004,-1.1433318,0.0,0.0,0.10084381839069423,False,False,False,2.0
CTTGGTTAGAGTCATC-1,31,59,0.0,0.3465736,-0.42149004,-1.1433318,0.0,0.0,0.10084381839069423,False,False,False,1.4142135623730951
CTTGTAAGCGCTTCAT-1,13,103,0.0,0.0,-0.42149004,-1.4441334,0.0,0.0,0.0,False,False,False,2.0
CTTGTATCGTATGATT-1,23,109,0.0,0.0,-0.42149004,-1.4441334,0.0,0.0,0.0,False,False,False,4.47213595499958
CTTGTCAAGGCGTCAA-1,61,91,0.0,2.8872757,-0.42149004,1.0618192,0.0,0.0,0.8401211939269906,False,True,False,3.1622776601683795
GAACAAGGTCGAGCAA-1,61,71,0.3465736,2.2154083,1.2687509,0.47868547,0.40671340176433507,0.63092977,0.6446254755081277,True,False,False,0.0
GAACAGATAACCTTAA-1,40,76,0.0,0.3465736,-0.42149004,-1.1433318,0.0,0.0,0.10084381839069423,False,False,False,2.8284271247461903
GAACAGATCCGCTAGA-1,67,79,0.0,1.2424533,-0.42149004,-0.3657711,0.0,0.0,0.3615212085345766,False,False,False,3.1622776601683795
GAACAGCCATGTTGCA-1,19,117,0.3465736,0.3465736,1.2687509,-1.1433318,0.06362536695009495,0.63092977,0.10084381839069423,True,False,False,0.0
GAACATTCGACACGTA-1,28,52,0.6931472,0.89587975,2.9589918,-0.66657263,0.26067743010882455,1.0,0.26067743010882455,True,False,False,0.0
GAACCGAACGAAGACT-1,56,20,0.3465736,2.5964785,1.2687509,0.8094276,0.4766717672136855,0.63092977,0.7555068588063591,True,False,False,0.0
GAACGCCACGGTGGTT-1,70,34,0.0,1.3540251,-0.42149004,-0.26893464,0.0,0.0,0.39398566026301807,False,False,False,4.47213595499958
GAACGCCAGTGCATAC-1,55,47,0.0,2.4814224,-0.42149004,0.709567,0.0,0.0,0.722028566433125,False,False,False,1.4142135623730951
GAACGCTAGAAGGCTA-1,38,100,0.0,0.3465736,-0.42149004,-1.1433318,0.0,0.0,0.10084381839069423,False,False,False,3.1622776601683795
GAACGCTTAGAACGTC-1,71,15,0.0,2.673554,-0.42149004,0.8763237,0.0,0.0,0.7779337855922056,False,False,False,1.4142135623730951
GAACTAACTCTACGTG-1,25,67,0.0,3.1630747,-0.42149004,1.3011934,0.0,0.0,0.9203714372900091,False,True,False,2.8284271247461903
GAACTACAAGTAGGAG-1,35,15,0.0,2.804736,-0.42149004,0.99018043,0.0,0.0,0.8161042818984588,False,True,False,1.4142135623730951
GAACTACCTTATCATA-1,45,81,0.0,2.5053177,-0.42149004,0.73030645,0.0,0.0,0.7289814672511867,False,False,False,1.4142135623730951
GAACTATCGTCTCGTC-1,11,13,0.0,2.0871935,-0.42149004,0.367404,0.0,0.0,0.6073183418480741,False,False,False,3.1622776601683795
GAACTCATAGTGAGTG-1,54,58,0.0,0.54930615,-0.42149004,-0.9673742,0.0,0.0,0.15983363170060141,False,False,False,3.1622776601683795
GAACTCCTCATACATA-1,63,71,0.0,2.3025851,-0.42149004,0.5543488,0.0,0.0,0.6699916339588086,False,False,False,1.4142135623730951
GAACTCCTGGAGGCTC-1,52,44,0.0,2.138333,-0.42149004,0.41178957,0.0,0.0,0.6221986086696945,False,False,False,1.4142135623730951
GAACTGTAACTCAGGC-1,31,75,0.0,1.3195286,-0.42149004,-0.2988752,0.0,0.0,0.3839480753730098,False,False,False,2.0
GAACTTGGTGAGGATA-1,52,78,0.0,3.521143,-0.42149004,1.6119714,0.0,0.0,1.0,False,True,False,1.4142135623730951
GAAGCGATTGCCGAAT-1,17,19,0.0,2.668769,-0.42149004,0.8721706,0.0,0.0,0.7765414669536078,False,False,False,1.4142135623730951
GAAGCGGCTGATCAGT-1,56,30,0.97295505,0.0,4.323616,-1.4441334,0.0,1.0,0.0,True,False,False,0.0
GAAGCGTATCATCGTT-1,10,88,0.0,2.0126758,-0.42149004,0.30272785,0.0,0.0,0.5856356422157494,False,False,False,2.8284271247461903
GAAGCGTCAGTAAGTC-1,8,116,0.0,0.89587975,-0.42149004,-0.66657263,0.0,0.0,0.26067743010882455,False,False,False,2.8284271247461903
GAAGCTGCCTCGTGAG-1,6,30,0.0,1.5890269,-0.42149004,-0.064969584,0.0,0.0,0.4623649919559464,False,False,False,1.4142135623730951
GAAGCTGTTCTACATC-1,31,27,0.0,1.7917595,-0.42149004,0.11098804,0.0,0.0,0.5213548277461335,False,False,False,3.1622776601683795
GAAGCTTGACGCTTAA-1,72,40,0.0,0.3465736,-0.42149004,-1.1433318,0.0,0.0,0.10084381839069423,False,False,False,2.8284271247461903
GAAGGATGGTATACGT-1,67,31,0.0,2.705823,-0.42149004,0.9043309,0.0,0.0,0.7873232090584891,False,True,False,1.4142135623730951
GAAGTCCAATCGTGTT-1,9,103,0.0,0.3465736,-0.42149004,-1.1433318,0.0,0.0,0.10084381839069423,False,False,False,3.1622776601683795
GAAGTTCTGCAGTTCT-1,4,68,0.0,1.0986123,-0.42149004,-0.49061504,0.0,0.0,0.31966725340996727,False,False,False,4.0
GAATAAGGAGAACTAA-1,43,61,0.0,1.994492,-0.42149004,0.28694567,0.0,0.0,0.5803446635363207,False,False,False,1.4142135623730951
GAATACAGACGAACTG-1,42,98,0.3465736,1.3540251,1.2687509,-0.26893464,0.2485772812587506,0.63092977,0.39398566026301807,True,False,False,0.0
GAATACCTGCCACGGC-1,70,40,0.0,0.54930615,-0.42149004,-0.9673742,0.0,0.0,0.15983363170060141,False,False,False,3.1622776601683795
GAATACTAAGGCGAAT-1,30,28,0.0,2.441401,-0.42149004,0.6748313,0.0,0.0,0.7103834017346308,False,False,False,2.8284271247461903
GAATCAATTACCGACC-1,31,9,0.0,3.0972028,-0.42149004,1.2440212,0.0,0.0,0.9012044508388619,False,True,False,2.0
GAATCATAGTCTGAAG-1,44,30,0.54930615,0.3465736,2.2574785,-1.1433318,0.10084381839069423,1.0,0.10084381839069423,True,False,False,0.0
GAATCATGAACCAGTG-1,55,63,0.0,0.54930615,-0.42149004,-0.9673742,0.0,0.0,0.15983363170060141,False,False,False,3.1622776601683795
GAATCATTATGAGCTG-1,6,42,0.0,2.7607305,-0.42149004,0.95198685,0.0,0.0,0.8032998741042376,False,True,False,1.4142135623730951
GAATGACAACAGAATA-1,6,6,0.0,3.2896256,-0.42149004,1.4110307,0.0,0.0,0.9571944156578632,False,True,False,3.1622776601683795
GAATGACAACTAGTCA-1,62,28,0.0,1.3862944,-0.42149004,-0.2409272,0.0,0.0,0.40337515866356816,False,False,False,1.4142135623730951
GAATGACACGACTAGG-1,45,51,0.3465736,0.54930615,1.2687509,-0.9673742,0.10084379618112044,0.63092977,0.15983363170060141,True,False,False,0.0
GAATGACCACAATCGA-1,50,58,0.0,1.8317808,-0.42149004,0.14572372,0.0,0.0,0.5329999699643477,False,False,False,1.4142135623730951
GAATGAGTATAGACCA-1,42,104,0.0,3.0177407,-0.42149004,1.1750536,0.0,0.0,0.8780830532525242,False,True,False,2.8284271247461903
GAATGGCCAAGGAGGC-1,56,38,0.0,0.6931472,-0.42149004,-0.84253025,0.0,0.0,0.20168759681644627,False,False,False,2.8284271247461903
GAATGTATTGGATCAA-1,22,30,0.54930615,0.54930615,2.2574785,-0.9673742,0.15983363170060141,1.0,0.15983363170060141,True,False,False,0.0
GAATGTGCCTAGCAGA-1,14,38,0.0,0.0,-0.42149004,-1.4441334,0.0,0.0,0.0,False,False,False,1.4142135623730951
GACAACATCATGCCGC-1,47,9,1.0986123,1.2424533,4.936447,-0.3657711,0.3615212085345766,1.0,0.3615212085345766,True,False,False,0.0
GACAACCTAGGAGTCT-1,64,40,0.0,0.89587975,-0.42149004,-0.66657263,0.0,0.0,0.26067743010882455,False,False,False,3.1622776601683795
GACAACGGACTCAGCT-1,34,62,0.0,0.89587975,-0.42149004,-0.66657263,0.0,0.0,0.26067743010882455,False,False,False,1.4142135623730951
GACAACGGCGATGTTA-1,52,42,0.89587975,0.6931472,3.9477193,-0.84253025,0.20168759681644627,1.0,0.20168759681644627,True,False,False,0.0
GACAACTTAACCAACC-1,35,81,0.0,0.3465736,-0.42149004,-1.1433318,0.0,0.0,0.10084381839069423,False,False,False,4.242640687119285
GACAACTTGATTGTGA-1,34,6,0.0,3.0612464,-0.42149004,1.2128135,0.0,0.0,0.8907420685870465,False,True,False,1.4142135623730951
GACAAGCCTCGTTAGT-1,13,95,0.0,1.2424533,-0.42149004,-0.3657711,0.0,0.0,0.3615212085345766,False,False,False,1.4142135623730951
GACAAGCTGAATCTGG-1,35,75,0.0,2.0471723,-0.42149004,0.33266842,0.0,0.0,0.5956732271057577,False,False,False,2.0
GACAAGGTGGTCCGGC-1,16,0,0.0,2.4337673,-0.42149004,0.66820574,0.0,0.0,0.7081621902124751,False,False,False,1.4142135623730951
GACAATCTATTAGATT-1,24,48,0.0,0.6931472,-0.42149004,-0.84253025,0.0,0.0,0.20168759681644627,False,False,False,1.4142135623730951
GACAATGACAAGCTTA-1,12,52,0.0,1.5890269,-0.42149004,-0.064969584,0.0,0.0,0.4623649919559464,False,False,False,3.1622776601683795
GACAATTGTATGCTTC-1,45,45,0.0,0.54930615,-0.42149004,-0.9673742,0.0,0.0,0.15983363170060141,False,False,False,3.1622776601683795
GACAGCAACTCAGAAC-1,54,10,0.0,3.5141006,-0.42149004,1.6058592,0.0,0.0,1.0,False,True,False,1.4142135623730951
GACAGTCACTTCGCTC-1,40,70,0.0,0.3465736,-0.42149004,-1.1433318,0.0,0.0,0.10084381839069423,False,False,False,4.0
GACATCAGATTCTTAC-1,1,51,0.3465736,1.3540251,1.2687509,-0.26893464,0.2485772812587506,0.63092977,0.39398566026301807,True,False,False,0.0
GACATCCTCAACCTCG-1,14,14,0.0,3.5246274,-0.42149004,1.6149957,0.0,0.0,1.0,False,True,False,2.0
GACATCCTTCATTATC-1,10,38,0.0,1.0397208,-0.42149004,-0.54172873,0.0,0.0,0.3025313752421983,False,False,False,2.0
GACATCTGCGGTCTTG-1,51,13,0.0,3.391096,-0.42149004,1.4990999,0.0,0.0,0.9867196357214704,False,True,False,1.4142135623730951
GACATTATCTTAATCT-1,16,34,0.3465736,1.0986123,1.2687509,-0.49061504,0.20168758605847292,0.63092977,0.31966725340996727,True,False,False,0.0
GACCAATTGCGTCAGA-1,11,67,0.0,2.8903718,-0.42149004,1.0645064,0.0,0.0,0.8410220836539097,False,True,False,3.1622776601683795
GACCACATTCTTGAAT-1,33,63,0.0,2.6990814,-0.42149004,0.89847976,0.0,0.0,0.7853616098008203,False,True,False,2.0
GACCACGGCGTACATA-1,47,11,0.3465736,0.54930615,1.2687509,-0.9673742,0.10084379618112044,0.63092977,0.15983363170060141,True,False,False,0.0
GACCACTCCTGACGTT-1,21,101,0.0,2.8903718,-0.42149004,1.0645064,0.0,0.0,0.8410220836539097,False,True,False,2.0
GACCACTTACGGACAT-1,20,112,0.0,1.3862944,-0.42149004,-0.2409272,0.0,0.0,0.40337515866356816,False,False,False,1.4142135623730951
GACCACTTAGACAGGT-1,55,97,0.0,3.7385192,-0.42149004,1.8006387,0.0,0.0,1.0,False,True,False,4.0
GACCGAAGACTGGCAG-1,65,103,0.0,2.5619822,-0.42149004,0.7794872,0.0,0.0,0.7454693238725285,False,False,False,5.830951894845301
GACCGAATCTAATACG-1,53,69,0.0,3.1002545,-0.42149004,1.2466699,0.0,0.0,0.9020924318894527,False,True,False,4.0
GACCGACAATAGGAAT-1,51,7,0.54930615,2.0471723,2.2574785,0.33266842,0.5956732271057577,1.0,0.5956732271057577,True,False,False,0.0
GACCGGCCATGTACCG-1,34,92,0.0,1.4451859,-0.42149004,-0.1898135,0.0,0.0,0.42051104182695487,False,False,False,4.0
GACCGTATTAGACCGG-1,17,31,0.0,0.6931472,-0.42149004,-0.84253025,0.0,0.0,0.20168759681644627,False,False,False,1.4142135623730951
GACCTGCTGTACGAAG-1,42,18,0.54930615,1.0986123,2.2574785,-0.49061504,0.31966725340996727,1.0,0.31966725340996727,True,False,False,0.0
GACCTGTCGATTGCAG-1,8,14,0.0,1.5890269,-0.42149004,-0.064969584,0.0,0.0,0.4623649919559464,False,False,False,2.8284271247461903
GACGAGAAGTTACAGA-1,70,32,0.0,0.89587975,-0.42149004,-0.66657263,0.0,0.0,0.26067743010882455,False,False,False,2.8284271247461903
GACGAGCTGCACTCGT-1,38,32,0.0,1.2424533,-0.42149004,-0.3657711,0.0,0.0,0.3615212085345766,False,False,False,2.0
GACGAGTGCTGGAGAT-1,9,17,0.0,3.2930858,-0.42149004,1.4140339,0.0,0.0,0.9582012524465364,False,True,False,2.0
GACGCAGCGTCAAGTT-1,49,73,0.0,3.394486,-0.42149004,1.502042,0.0,0.0,0.9877060104597406,False,True,False,3.1622776601683795
GACGCCGAACTTCCGT-1,1,35,0.0,0.0,-0.42149004,-1.4441334,0.0,0.0,0.0,False,False,False,2.0
GACGCCTCGTCAGAGG-1,46,20,0.3465736,0.54930615,1.2687509,-0.9673742,0.10084379618112044,0.63092977,0.15983363170060141,True,False,False,0.0
GACGCCTCTTGATTGT-1,20,18,0.0,2.9289665,-0.42149004,1.0980039,0.0,0.0,0.852252112515372,False,True,False,1.4142135623730951
GACGCTCACCAACCGG-1,16,104,0.0,1.0397208,-0.42149004,-0.54172873,0.0,0.0,0.3025313752421983,False,False,False,2.8284271247461903
GACGCTGTACAAGGCG-1,7,79,0.0,2.8518913,-0.42149004,1.031108,0.0,0.0,0.82982526565941,False,True,False,2.8284271247461903
GACGGCTTAGGTGCGA-1,19,65,0.0,2.7403195,-0.42149004,0.9342715,0.0,0.0,0.7973608039397329,False,True,False,3.1622776601683795
GACGGTACCTGGCCGT-1,40,20,0.3465736,0.3465736,1.2687509,-1.1433318,0.06362536695009495,0.63092977,0.10084381839069423,True,False,False,0.0
GACGGTGGTTGATGTC-1,58,52,0.0,0.89587975,-0.42149004,-0.66657263,0.0,0.0,0.26067743010882455,False,False,False,1.4142135623730951
GACGTACAGGAACGCT-1,49,25,0.6931472,0.0,2.9589918,-1.4441334,0.0,1.0,0.0,True,False,False,0.0
GACGTACTGCGTGCGG-1,67,9,0.0,2.962128,-0.42149004,1.1267856,0.0,0.0,0.8619012081935558,False,True,False,1.4142135623730951
GACGTCTTATCTCAGC-1,36,116,0.0,0.0,-0.42149004,-1.4441334,0.0,0.0,0.0,False,False,False,3.1622776601683795
GACGTGGTGCTCCAGA-1,62,84,0.0,3.903348,-0.42149004,1.9436985,0.0,0.0,1.0,False,True,False,4.47213595499958
GACTACGAGTTCCATT-1,31,69,0.0,2.2154083,-0.42149004,0.47868547,0.0,0.0,0.6446254755081277,False,False,False,4.0
GACTACGCCTATAGCC-1,69,83,0.0,0.804719,-0.42149004,-0.7456938,0.0,0.0,0.23415203855365221,False,False,False,7.0710678118654755
GACTAGATTAGCTAAC-1,13,49,0.0,2.3810868,-0.42149004,0.6224828,0.0,0.0,0.6928335567043892,False,False,False,2.0
GACTAGTAATCTTGCT-1,33,55,0.54930615,0.54930615,2.2574785,-0.9673742,0.15983363170060141,1.0,0.15983363170060141,True,False,False,0.0
GACTCGGCTTGCGGAT-1,17,111,0.0,0.3465736,-0.42149004,-1.1433318,0.0,0.0,0.10084381839069423,False,False,False,1.4142135623730951
GACTGACAGGAACCAG-1,4,20,0.0,3.3315663,-0.42149004,1.4474323,0.0,0.0,0.9693980704410362,False,True,False,1.4142135623730951
GACTGCCATAGAATAC-1,30,84,0.0,3.3315663,-0.42149004,1.4474323,0.0,0.0,0.9693980704410362,False,True,False,3.1622776601683795
GACTGCGGTCTGCGTG-1,23,85,0.0,2.65906,-0.42149004,0.86374396,0.0,0.0,0.773716425119855,False,False,False,4.242640687119285
GACTTCATACCGCTGT-1,41,31,0.0,1.7917595,-0.42149004,0.11098804,0.0,0.0,0.5213548277461335,False,False,False,1.4142135623730951
GACTTGAACGTCCGTA-1,50,32,0.0,0.0,-0.42149004,-1.4441334,0.0,0.0,0.0,False,False,False,1.4142135623730951
GACTTGCTTCTAGGAG-1,7,89,0.0,0.3465736,-0.42149004,-1.1433318,0.0,0.0,0.10084381839069423,False,False,False,1.4142135623730951
GACTTGTCGTTCCGGC-1,2,114,0.0,0.3465736,-0.42149004,-1.1433318,0.0,0.0,0.10084381839069423,False,False,False,1.4142135623730951
GAGCCAAGCGATCGTA-1,51,29,0.3465736,0.3465736,1.2687509,-1.1433318,0.06362536695009495,0.63092977,0.10084381839069423,True,False,False,0.0
GAGCCAAGCGCCTCAC-1,4,74,0.0,0.0,-0.42149004,-1.4441334,0.0,0.0,0.0,False,False,False,3.1622776601683795
GAGCCACTTATGCATT-1,5,113,0.0,0.3465736,-0.42149004,-1.1433318,0.0,0.0,0.10084381839069423,False,False,False,2.0
GAGCCAGCTTACGGTA-1,56,82,0.3465736,3.1621795,1.2687509,1.3004164,0.5805253856444825,0.63092977,0.9201109457967939,True,True,True,0.0
GAGCCAGGTGTCAGTT-1,2,100,0.0,0.0,-0.42149004,-1.4441334,0.0,0.0,0.0,False,False,False,2.0
GAGCCAGTATTGTCAA-1,19,3,0.3465736,1.4978662,1.2687509,-0.14409073,0.2749841843070965,0.63092977,0.43583961039200964,True,False,False,0.0
GAGCCTCACGTATGTA-1,26,64,0.0,2.754694,-0.42149004,0.94674754,0.0,0.0,0.8015433949123754,False,True,False,1.4142135623730951
GAGCCTCCAGTACCGA-1,56,28,0.3465736,2.3810868,1.2687509,0.6224828,0.4371293152533383,0.63092977,0.6928335567043892,True,False,False,0.0
GAGCGAATCGGTAGAA-1,43,27,0.0,2.2154083,-0.42149004,0.47868547,0.0,0.0,0.6446254755081277,False,False,False,1.4142135623730951
GAGCGATACTCCAGGC-1,15,27,0.0,2.802901,-0.42149004,0.98858786,0.0,0.0,0.8155703702532288,False,True,False,2.0
GAGCGGCAATGGAATA-1,29,7,0.3465736,1.9459101,1.2687509,0.24477994,0.35723785683387227,0.63092977,0.5662085938945155,True,False,False,0.0
GAGCTAACCTACTTAC-1,28,110,0.0,1.3540251,-0.42149004,-0.26893464,0.0,0.0,0.39398566026301807,False,False,False,3.1622776601683795
GAGCTAAGGTTGCGTT-1,52,26,0.0,2.8332133,-0.42149004,1.0148969,0.0,0.0,0.824390473135499,False,True,False,1.4142135623730951
GAGCTACAAGATCAAG-1,45,35,0.0,0.0,-0.42149004,-1.4441334,0.0,0.0,0.0,False,False,False,1.4142135623730951
GAGCTACAGCTCGGTA-1,32,78,0.0,0.804719,-0.42149004,-0.7456938,0.0,0.0,0.23415203855365221,False,False,False,3.1622776601683795
GAGCTTGATGGAAGCT-1,11,97,0.3465736,0.54930615,1.2687509,-0.9673742,0.10084379618112044,0.63092977,0.15983363170060141,True,False,False,0.0
GAGGAAGCCGATGTGA-1,72,30,0.0,1.2424533,-0.42149004,-0.3657711,0.0,0.0,0.3615212085345766,False,False,False,3.1622776601683795
GAGGAAGGACAATGAA-1,74,22,1.7005987,2.5708318,7.8723373,0.7871681,0.7480443450279207,1.0,0.7480443450279207,True,False,False,0.0
GAGGAAGGCAACGGCG-1,66,36,0.0,1.0397208,-0.42149004,-0.54172873,0.0,0.0,0.3025313752421983,False,False,False,4.47213595499958
GAGGACAGATCGCCTA-1,46,18,0.6931472,0.6931472,2.9589918,-0.84253025,0.20168759681644627,1.0,0.20168759681644627,True,False,False,0.0
GAGGACGAGTCCTAGT-1,21,25,0.0,3.3576918,-0.42149004,1.4701073,0.0,0.0,0.9769998820254889,False,True,False,1.4142135623730951
GAGGATCCAGAACTGG-1,29,69,0.0,0.804719,-0.42149004,-0.7456938,0.0,0.0,0.23415203855365221,False,False,False,3.1622776601683795
GAGGATGATAGGAAGG-1,26,74,0.0,2.6876392,-0.42149004,0.88854873,0.0,0.0,0.7820322303790603,False,False,False,2.8284271247461903
GAGGCCACAAGGTGCA-1,22,36,0.0,1.9356005,-0.42149004,0.23583196,0.0,0.0,0.563208780372934,False,False,False,2.0
GAGGCCACTTCTAGAT-1,24,8,0.3465736,3.4334667,1.2687509,1.5358746,0.6303293631877297,0.63092977,0.9990483807737081,True,True,True,0.0
GAGGCCAGCAGAGGTT-1,26,44,0.0,0.3465736,-0.42149004,-1.1433318,0.0,0.0,0.10084381839069423,False,False,False,1.4142135623730951
GAGGCCATGGCTCGGA-1,4,42,0.0,3.3485172,-0.42149004,1.4621444,0.0,0.0,0.9743303038168677,False,True,False,1.4142135623730951
GAGGCGCTCCATTCCT-1,21,45,0.0,1.0397208,-0.42149004,-0.54172873,0.0,0.0,0.3025313752421983,False,False,False,1.4142135623730951
GAGGTAACATTCGATC-1,21,89,0.0,2.282174,-0.42149004,0.5366335,0.0,0.0,0.6640525637943038,False,False,False,5.0990195135927845
GAGGTAACTAGACAGT-1,21,103,0.0,2.8585138,-0.42149004,1.0368559,0.0,0.0,0.8317522552771394,False,True,False,4.0
GAGGTAACTGCGAGAC-1,40,38,0.0,0.89587975,-0.42149004,-0.66657263,0.0,0.0,0.26067743010882455,False,False,False,1.4142135623730951
GAGGTATTAATAGCGG-1,36,66,0.0,0.6931472,-0.42149004,-0.84253025,0.0,0.0,0.20168759681644627,False,False,False,1.4142135623730951
GAGGTCACTGTAAGCT-1,52,84,0.0,1.2424533,-0.42149004,-0.3657711,0.0,0.0,0.3615212085345766,False,False,False,3.1622776601683795
GAGGTCCAAGTAGCTA-1,63,19,0.0,2.3410656,-0.42149004,0.5877472,0.0,0.0,0.6811884519533082,False,False,False,1.4142135623730951
GAGGTGAGATCATTGG-1,70,26,0.0,3.6987808,-0.42149004,1.7661486,0.0,0.0,1.0,False,True,False,2.0
GAGGTGAGGATTCATT-1,65,25,0.0,2.138333,-0.42149004,0.41178957,0.0,0.0,0.6221986086696945,False,False,False,1.4142135623730951
GAGGTGCATTCGGATC-1,39,65,0.0,0.0,-0.42149004,-1.4441334,0.0,0.0,0.0,False,False,False,1.4142135623730951
GAGGTGCGGCTGACCA-1,10,54,0.0,0.89587975,-0.42149004,-0.66657263,0.0,0.0,0.26067743010882455,False,False,False,1.4142135623730951
GAGGTGGCTCGAGGTT-1,37,111,0.0,0.0,-0.42149004,-1.4441334,0.0,0.0,0.0,False,False,False,2.8284271247461903
GAGGTGTAGCAACTCA-1,28,40,0.804719,0.89587975,3.5031278,-0.66657263,0.26067743010882455,1.0,0.26067743010882455,True,False,False,0.0
GAGTAACGTGGCTTGA-1,59,67,0.0,0.3465736,-0.42149004,-1.1433318,0.0,0.0,0.10084381839069423,False,False,False,2.8284271247461903
GAGTAGACGCAGGCTC-1,33,33,0.0,0.3465736,-0.42149004,-1.1433318,0.0,0.0,0.10084381839069423,False,False,False,3.1622776601683795
GAGTAGATACGTCAAC-1,9,79,0.0,2.32698,-0.42149004,0.57552195,0.0,0.0,0.6770899272365691,False,False,False,1.4142135623730951
GAGTAGATTATGGTTC-1,25,103,0.0,0.3465736,-0.42149004,-1.1433318,0.0,0.0,0.10084381839069423,False,False,False,2.8284271247461903
GAGTAGGATGGTAGTC-1,34,72,0.0,1.777674,-0.42149004,0.098762795,0.0,0.0,0.5172563105228211,False,False,False,1.4142135623730951
GAGTCACCGTCCTCCA-1,4,108,0.0,0.89587975,-0.42149004,-0.66657263,0.0,0.0,0.26067743010882455,False,False,False,2.8284271247461903
GAGTCCACGCCTGAAG-1,55,91,0.0,2.7725887,-0.42149004,0.96227896,0.0,0.0,0.8067503073359007,False,True,False,2.8284271247461903
GAGTCCACTCATAACA-1,41,85,0.0,0.0,-0.42149004,-1.4441334,0.0,0.0,0.0,False,False,False,2.0
GAGTCCTCTAGCGACA-1,54,34,0.0,1.2424533,-0.42149004,-0.3657711,0.0,0.0,0.3615212085345766,False,False,False,1.4142135623730951
GAGTCCTGTTACATCT-1,2,18,0.0,3.2726748,-0.42149004,1.3963186,0.0,0.0,0.9522621822820317,False,True,False,2.0
GAGTCGAGCGTGCTTC-1,2,36,0.0,2.1242476,-0.42149004,0.39956433,0.0,0.0,0.6181000939441909,False,False,False,2.8284271247461903
GAGTCTCGAGATAGTC-1,43,107,0.0,1.3862944,-0.42149004,-0.2409272,0.0,0.0,0.40337515866356816,False,False,False,1.4142135623730951
GAGTCTGACTATAGAA-1,21,59,0.0,1.732868,-0.42149004,0.05987433,0.0,0.0,0.5042189433338424,False,False,False,2.0
GAGTGCAGCGTCATCG-1,54,38,0.0,0.0,-0.42149004,-1.4441334,0.0,0.0,0.0,False,False,False,2.8284271247461903
GAGTGCCGCATTAGGC-1,45,67,0.0,0.3465736,-0.42149004,-1.1433318,0.0,0.0,0.10084381839069423,False,False,False,1.4142135623730951
GAGTGCGGATACAGTC-1,65,45,0.0,0.3465736,-0.42149004,-1.1433318,0.0,0.0,0.10084381839069423,False,False,False,2.0
GAGTGCGTACTGTAAC-1,10,26,0.54930615,2.3124864,2.2574785,0.56294245,0.672872646694103,1.0,0.672872646694103,True,False,False,0.0
GAGTGGAGCAAGCGCA-1,26,90,0.0,2.5708318,-0.42149004,0.7871681,0.0,0.0,0.7480443450279207,False,False,False,2.0
GAGTTAATCTCGTTAT-1,17,79,0.0,2.2924838,-0.42149004,0.5455816,0.0,0.0,0.6670524122852097,False,False,False,4.47213595499958
GAGTTACTCAATGGAA-1,34,102,0.0,0.3465736,-0.42149004,-1.1433318,0.0,0.0,0.10084381839069423,False,False,False,1.4142135623730951
GAGTTAGCAGTAGATG-1,53,109,0.0,3.3546522,-0.42149004,1.4674691,0.0,0.0,0.9761154178898113,False,True,False,2.8284271247461903
GAGTTCTATCGTGCCT-1,30,56,0.0,1.0397208,-0.42149004,-0.54172873,0.0,0.0,0.3025313752421983,False,False,False,1.4142135623730951
GAGTTGGTATTAATAG-1,11,51,0.0,2.0471723,-0.42149004,0.33266842,0.0,0.0,0.5956732271057577,False,False,False,2.0
GATAAGCACGTGCGTA-1,28,106,0.0,0.6931472,-0.42149004,-0.84253025,0.0,0.0,0.20168759681644627,False,False,False,1.4142135623730951
GATAAGTTGGCGATTA-1,63,81,0.0,2.5964785,-0.42149004,0.8094276,0.0,0.0,0.7555068588063591,False,False,False,5.0990195135927845
GATAATCAGCTATTGT-1,35,25,0.3465736,2.8518913,1.2687509,1.031108,0.5235614624139632,0.63092977,0.82982526565941,True,True,True,0.0
GATACCTCGCGACTGC-1,9,49,0.0,2.3502402,-0.42149004,0.5957101,0.0,0.0,0.6838580101794585,False,False,False,1.4142135623730951
GATACTTCACTCAGCA-1,56,56,0.0,0.0,-0.42149004,-1.4441334,0.0,0.0,0.0,False,False,False,4.242640687119285
GATAGAGTCTGAATCG-1,50,34,0.0,0.54930615,-0.42149004,-0.9673742,0.0,0.0,0.15983363170060141,False,False,False,1.4142135623730951
GATAGAGTGATAAGCT-1,54,22,0.0,3.3865402,-0.42149004,1.4951457,0.0,0.0,0.985393998588922,False,True,False,2.0
GATAGATATGGTTCCG-1,1,67,0.0,2.4526374,-0.42149004,0.68458366,0.0,0.0,0.7136528936905142,False,False,False,1.4142135623730951
GATAGATGTTGAAGAT-1,59,73,0.0,2.7666948,-0.42149004,0.9571634,0.0,0.0,0.8050353117540351,False,True,False,2.8284271247461903
GATAGTGACACTCCAA-1,51,53,0.3465736,1.3862944,1.2687509,-0.2409272,0.25450139530704863,0.63092977,0.40337515866356816,True,False,False,0.0
GATATCCATATGAGGC-1,57,13,0.3465736,2.9085555,1.2687509,1.0802885,0.5339640915381495,0.63092977,0.8463130423508674,True,True,True,0.0
GATATCTTGTGACACG-1,40,26,0.0,1.3540251,-0.42149004,-0.26893464,0.0,0.0,0.39398566026301807,False,False,False,2.8284271247461903
GATATGCTCACGTTAC-1,64,54,0.0,0.0,-0.42149004,-1.4441334,0.0,0.0,0.0,False,False,False,4.47213595499958
GATCACGGCGTCTGGA-1,5,7,0.0,3.2148597,-0.42149004,1.3461391,0.0,0.0,0.9354394993749954,False,True,False,2.0
GATCACTTAACGGATT-1,20,114,0.3465736,0.6931472,1.2687509,-0.84253025,0.12725070868511817,0.63092977,0.20168759681644627,True,False,False,0.0
GATCATCGGTGCGTTC-1,2,44,0.0,2.0948274,-0.42149004,0.37402973,0.0,0.0,0.6095396133176433,False,False,False,3.1622776601683795
GATCCACCGCGTGCAA-1,42,80,0.0,0.0,-0.42149004,-1.4441334,0.0,0.0,0.0,False,False,False,2.8284271247461903
GATCCACCTTACCTTG-1,5,83,0.0,0.0,-0.42149004,-1.4441334,0.0,0.0,0.0,False,False,False,1.4142135623730951
GATCCATAGGATGTAA-1,12,112,0.0,0.0,-0.42149004,-1.4441334,0.0,0.0,0.0,False,False,False,2.8284271247461903
GATCCGGACATACACC-1,24,28,0.3465736,1.777674,1.2687509,0.098762795,0.32635240403891436,0.63092977,0.5172563105228211,True,False,False,0.0
GATCGCGGAGTCTAAT-1,8,110,0.0,0.89587975,-0.42149004,-0.66657263,0.0,0.0,0.26067743010882455,False,False,False,1.4142135623730951
GATCGGAGATACGCAG-1,34,54,0.3465736,0.3465736,1.2687509,-1.1433318,0.06362536695009495,0.63092977,0.10084381839069423,True,False,False,0.0
GATCGTAACATTAATA-1,13,67,0.0,2.3978953,-0.42149004,0.6370714,0.0,0.0,0.6977243864001085,False,False,False,3.1622776601683795
GATCGTAAGAGTCGCA-1,22,92,0.0,2.0126758,-0.42149004,0.30272785,0.0,0.0,0.5856356422157494,False,False,False,5.656854249492381
GATCGTCATGCGGAGG-1,63,37,0.0,1.2424533,-0.42149004,-0.3657711,0.0,0.0,0.3615212085345766,False,False,False,4.47213595499958
GATCGTGGCCACAACC-1,20,48,0.0,0.0,-0.42149004,-1.4441334,0.0,0.0,0.0,False,False,False,1.4142135623730951
GATCGTTGTATCTACT-1,74,14,0.0,1.2424533,-0.42149004,-0.3657711,0.0,0.0,0.3615212085345766,False,False,False,2.0
GATCTATGAAGATGCG-1,52,50,0.3465736,0.6931472,1.2687509,-0.84253025,0.12725070868511817,0.63092977,0.20168759681644627,True,False,False,0.0
GATCTTGTCATGATCT-1,63,51,0.0,0.0,-0.42149004,-1.4441334,0.0,0.0,0.0,False,False,False,2.8284271247461903
GATGACTCTGAATCTT-1,64,50,0.0,0.3465736,-0.42149004,-1.1433318,0.0,0.0,0.10084381839069423,False,False,False,3.1622776601683795
GATGAGTGAACGGCTG-1,34,42,0.0,0.6931472,-0.42149004,-0.84253025,0.0,0.0,0.20168759681644627,False,False,False,1.4142135623730951
GATGCCACATTATCAC-1,3,55,0.0,1.3540251,-0.42149004,-0.26893464,0.0,0.0,0.39398566026301807,False,False,False,1.4142135623730951
GATGCCAGACATAATG-1,14,46,0.3465736,1.5890269,1.2687509,-0.064969584,0.29171983714560995,0.63092977,0.4623649919559464,True,False,False,0.0
GATGCCATCTATAACC-1,0,114,0.0,0.6931472,-0.42149004,-0.84253025,0.0,0.0,0.20168759681644627,False,False,False,1.4142135623730951
GATGCCGACAGATATT-1,10,56,0.0,1.4978662,-0.42149004,-0.14409073,0.0,0.0,0.43583961039200964,False,False,False,1.4142135623730951
GATGCCTAGAGTCTGT-1,42,64,0.0,0.0,-0.42149004,-1.4441334,0.0,0.0,0.0,False,False,False,2.0
GATGCGGTCCAGCTTA-1,76,28,0.0,0.0,-0.42149004,-1.4441334,0.0,0.0,0.0,False,False,False,1.4142135623730951
GATGGACCTGGACGGA-1,50,48,0.3465736,1.8444397,1.2687509,0.1567108,0.3386095291940037,0.63092977,0.5366833938133795,True,False,False,0.0
GATGGACGGCAGATGA-1,54,32,0.0,0.89587975,-0.42149004,-0.66657263,0.0,0.0,0.26067743010882455,False,False,False,1.4142135623730951
GATGGATCGTGGAGGT-1,0,88,0.0,1.3862944,-0.42149004,-0.2409272,0.0,0.0,0.40337515866356816,False,False,False,2.0
GATGTAGCGAGGTCCA-1,46,86,0.0,2.393746,-0.42149004,0.63346994,0.0,0.0,0.6965170055315097,False,False,False,1.4142135623730951
GATGTAGGAGTTGGCC-1,32,64,0.0,2.3592496,-0.42149004,0.6035296,0.0,0.0,0.6864794905801502,False,False,False,3.1622776601683795
GATGTTCTATAGGATA-1,9,83,0.0,1.7482538,-0.42149004,0.07322818,0.0,0.0,0.5086958249006557,False,False,False,2.8284271247461903
GATTATGTGACATGAT-1,42,8,0.3465736,0.6931472,1.2687509,-0.84253025,0.12725070868511817,0.63092977,0.20168759681644627,True,False,False,0.0
GATTCCATACTGAACC-1,35,51,0.3465736,0.3465736,1.2687509,-1.1433318,0.06362536695009495,0.63092977,0.10084381839069423,True,False,False,0.0
GATTCCATTGAGTTGA-1,44,86,0.0,0.0,-0.42149004,-1.4441334,0.0,0.0,0.0,False,False,False,1.4142135623730951
GATTCCGCTATCGGCT-1,15,39,0.0,0.54930615,-0.42149004,-0.9673742,0.0,0.0,0.15983363170060141,False,False,False,1.4142135623730951
GATTCCGCTGCAAGAT-1,46,66,0.0,1.1512926,-0.42149004,-0.44489226,0.0,0.0,0.3349958269706398,False,False,False,1.4142135623730951
GATTCCGTCTAACGTT-1,70,14,0.3465736,3.2384863,1.2687509,1.3666453,0.5945340978190604,0.63092977,0.9423142287661272,True,True,True,0.0
GATTCCGTGCGTATAC-1,35,103,0.0,0.54930615,-0.42149004,-0.9673742,0.0,0.0,0.15983363170060141,False,False,False,2.8284271247461903
GATTCCTGCAGATCGT-1,52,12,0.0,3.4796991,-0.42149004,1.576001,0.0,0.0,1.0,False,True,False,2.0
GATTCGCCATGTATCA-1,45,9,0.0,1.5890269,-0.42149004,-0.064969584,0.0,0.0,0.4623649919559464,False,False,False,1.4142135623730951
GATTGACTCCATGCGA-1,64,76,0.0,3.2551293,-0.42149004,1.3810903,0.0,0.0,0.9471569007065037,False,True,False,2.0
GATTGTCGCAACGAGG-1,36,94,0.0,2.8825955,-0.42149004,1.0577571,0.0,0.0,0.8387593885217574,False,True,False,2.8284271247461903
GCAACAGCCTGCTCTA-1,15,19,0.3465736,3.24612,1.2687509,1.3732708,0.5959355010745312,0.63092977,0.9445354003233408,True,True,True,0.0
GCAACAGGCCATTGAC-1,27,37,0.6931472,2.7403195,2.9589918,0.9342715,0.7973608039397329,1.0,0.7973608039397329,True,True,True,0.0
GCAACATACATCAGCA-1,21,73,0.0,3.0342128,-0.42149004,1.1893502,0.0,0.0,0.8828760088048124,False,True,False,6.324555320336759
GCAACATCAGTCAAGT-1,12,92,0.0,1.1512926,-0.42149004,-0.44489226,0.0,0.0,0.3349958269706398,False,False,False,1.4142135623730951
GCAAGAATGTTCCACC-1,35,21,0.0,3.1780539,-0.42149004,1.3141942,0.0,0.0,0.9247299739206573,False,True,False,1.4142135623730951
GCAAGAGTCGGTGGAC-1,3,13,0.0,3.8899426,-0.42149004,1.9320637,0.0,0.0,1.0,False,True,False,2.8284271247461903
GCAAGATAGGTTAACT-1,38,62,0.0,0.0,-0.42149004,-1.4441334,0.0,0.0,0.0,False,False,False,1.4142135623730951
GCAAGCACTACCGCCA-1,15,63,0.0,2.5437982,-0.42149004,0.76370484,0.0,0.0,0.7401782852456865,False,False,False,1.4142135623730951
GCAAGCTTATTGACGT-1,10,74,0.0,2.6365,-0.42149004,0.84416336,0.0,0.0,0.7671520235048532,False,False,False,3.1622776601683795
GCAATACATGAGGACA-1,23,91,0.0,1.4978662,-0.42149004,-0.14409073,0.0,0.0,0.43583961039200964,False,False,False,4.242640687119285
GCAATCCTCGAGCGTT-1,45,21,0.3465736,1.3540251,1.2687509,-0.26893464,0.2485772812587506,0.63092977,0.39398566026301807,True,False,False,0.0
GCAATCGTGACTCCAA-1,60,46,0.0,2.4849067,-0.42149004,0.7125911,0.0,0.0,0.723042397086682,False,False,False,2.0
GCAATTAATCAACGTA-1,32,106,0.0,2.2213256,-0.42149004,0.48382127,0.0,0.0,0.6463472551389307,False,False,False,3.1622776601683795
GCAATTCCTATCATAC-1,56,68,0.0,0.89587975,-0.42149004,-0.66657263,0.0,0.0,0.26067743010882455,False,False,False,1.4142135623730951
GCAATTCTGTGACAGA-1,54,26,0.3465736,3.0677824,1.2687509,1.2184863,0.563195596375046,0.63092977,0.8926438802911943,True,True,True,0.0
GCACAGCAGTCTGTAA-1,16,110,0.0,0.3465736,-0.42149004,-1.1433318,0.0,0.0,0.10084381839069423,False,False,False,1.4142135623730951
GCACAGCTGTGGTTGA-1,51,79,0.3465736,3.414897,1.2687509,1.5197574,0.626920260277533,0.63092977,0.9936450806242454,True,True,True,0.0
GCACAGGCTCTACCAT-1,4,8,0.0,3.3315663,-0.42149004,1.4474323,0.0,0.0,0.9693980704410362,False,True,False,1.4142135623730951
GCACATCGTCTGCGGA-1,8,118,0.0,0.54930615,-0.42149004,-0.9673742,0.0,0.0,0.15983363170060141,False,False,False,2.0
GCACCGAAGATGTCTA-1,61,77,0.0,2.4636269,-0.42149004,0.6941217,0.0,0.0,0.7168505286803343,False,False,False,1.4142135623730951
GCACCTAGCCGAATCT-1,38,40,0.0,1.777674,-0.42149004,0.098762795,0.0,0.0,0.5172563105228211,False,False,False,3.1622776601683795
GCACCTTACTGGCTAC-1,41,75,0.0,0.3465736,-0.42149004,-1.1433318,0.0,0.0,0.10084381839069423,False,False,False,4.242640687119285
GCACCTTAGCCTCGCA-1,25,99,0.0,0.6931472,-0.42149004,-0.84253025,0.0,0.0,0.20168759681644627,False,False,False,2.8284271247461903
GCACCTTCGCGGTAGA-1,3,69,0.0,2.4814224,-0.42149004,0.709567,0.0,0.0,0.722028566433125,False,False,False,3.1622776601683795
GCACGAGCAGTACCGA-1,19,23,0.0,2.4849067,-0.42149004,0.7125911,0.0,0.0,0.723042397086682,False,False,False,2.0
GCACGAGCTATTGTCG-1,69,41,0.0,0.3465736,-0.42149004,-1.1433318,0.0,0.0,0.10084381839069423,False,False,False,2.0
GCACGCAACCATACCA-1,38,18,0.0,2.4526374,-0.42149004,0.68458366,0.0,0.0,0.7136528936905142,False,False,False,1.4142135623730951
GCACGCATAGATTGCT-1,32,42,0.0,0.54930615,-0.42149004,-0.9673742,0.0,0.0,0.15983363170060141,False,False,False,1.4142135623730951
GCACGCATAGGCGATC-1,42,78,0.0,0.89587975,-0.42149004,-0.66657263,0.0,0.0,0.26067743010882455,False,False,False,2.0
GCACGCGTGACATCAG-1,1,19,0.0,2.8903718,-0.42149004,1.0645064,0.0,0.0,0.8410220836539097,False,True,False,1.4142135623730951
GCACGGAAGGATAGTA-1,20,24,0.0,2.2154083,-0.42149004,0.47868547,0.0,0.0,0.6446254755081277,False,False,False,2.0
GCACTACACTATTGCG-1,46,38,0.0,0.6931472,-0.42149004,-0.84253025,0.0,0.0,0.20168759681644627,False,False,False,1.4142135623730951
GCACTCCGACTGGCGT-1,70,42,0.0,0.6931472,-0.42149004,-0.84253025,0.0,0.0,0.20168759681644627,False,False,False,1.4142135623730951
GCACTCTGTTGCCATA-1,49,97,0.0,3.230734,-0.42149004,1.3599169,0.0,0.0,0.9400585274988587,False,True,False,2.0
GCACTCTTGCTACCGA-1,66,34,0.0,1.0986123,-0.42149004,-0.49061504,0.0,0.0,0.31966725340996727,False,False,False,2.8284271247461903
GCACTGAATATGACAG-1,53,75,0.0,3.389961,-0.42149004,1.4981147,0.0,0.0,0.9863893654391858,False,True,False,4.47213595499958
GCACTGCCTCGATGCG-1,29,19,1.1512926,2.585242,5.193369,0.79967517,0.7522373468680046,1.0,0.7522373468680046,True,False,False,0.0
GCACTGGACGCAGCAC-1,29,101,0.0,0.54930615,-0.42149004,-0.9673742,0.0,0.0,0.15983363170060141,False,False,False,2.0
GCACTGTTGCGGCCTT-1,37,33,0.0,1.3862944,-0.42149004,-0.2409272,0.0,0.0,0.40337515866356816,False,False,False,1.4142135623730951
GCAGACGCCTGGTTAT-1,53,91,0.0,1.4451859,-0.42149004,-0.1898135,0.0,0.0,0.42051104182695487,False,False,False,1.4142135623730951
GCAGATACGTTGAACG-1,45,27,0.804719,0.0,3.5031278,-1.4441334,0.0,1.0,0.0,True,False,False,0.0
GCAGATAGTTGGAGAC-1,8,6,0.0,3.6733274,-0.42149004,1.7440568,0.0,0.0,1.0,False,True,False,2.0
GCAGATCCTAATGTGG-1,39,83,0.0,1.0397208,-0.42149004,-0.54172873,0.0,0.0,0.3025313752421983,False,False,False,4.47213595499958
GCAGCCGGATGCCGCA-1,13,79,0.0,2.9085555,-0.42149004,1.0802885,0.0,0.0,0.8463130423508674,False,True,False,1.4142135623730951
GCAGCGACAGTTCGGT-1,61,27,0.0,2.0036666,-0.42149004,0.29490855,0.0,0.0,0.5830142217624709,False,False,False,2.0
GCAGCGATCTAACGAA-1,12,58,0.0,2.2499049,-0.42149004,0.50862604,0.0,0.0,0.6546630603981359,False,False,False,1.4142135623730951
GCAGGCAGTGATCTAC-1,41,19,0.3465736,1.0986123,1.2687509,-0.49061504,0.20168758605847292,0.63092977,0.31966725340996727,True,False,False,0.0
GCAGGCCAACATCGCT-1,0,96,0.0,0.0,-0.42149004,-1.4441334,0.0,0.0,0.0,False,False,False,2.8284271247461903
GCAGGCCATTCCTGCC-1,41,69,0.0,0.0,-0.42149004,-1.4441334,0.0,0.0,0.0,False,False,False,2.8284271247461903
GCAGGCTACCGTCCTT-1,28,84,0.0,2.4526374,-0.42149004,0.68458366,0.0,0.0,0.7136528936905142,False,False,False,3.1622776601683795
GCAGGCTGGTTCCAAG-1,22,50,0.89587975,1.5890269,3.9477193,-0.064969584,0.4623649919559464,1.0,0.4623649919559464,True,False,False,0.0
GCAGGTCACTACCTCA-1,44,98,0.0,2.9115229,-0.42149004,1.082864,0.0,0.0,0.8471764849269514,False,True,False,1.4142135623730951
GCAGGTGCTGATGCTT-1,32,38,0.0,2.0126758,-0.42149004,0.30272785,0.0,0.0,0.5856356422157494,False,False,False,1.4142135623730951
GCAGTACTCAACGAAG-1,1,117,0.0,0.3465736,-0.42149004,-1.1433318,0.0,0.0,0.10084381839069423,False,False,False,1.4142135623730951
GCAGTAGATGTCCAAT-1,33,13,0.0,3.4110987,-0.42149004,1.5164608,0.0,0.0,0.9925398901128346,False,True,False,1.4142135623730951
GCAGTTCGGCATTAGC-1,21,111,0.0,1.8444397,-0.42149004,0.1567108,0.0,0.0,0.5366833938133795,False,False,False,2.0
GCATAACCGAGGTGAT-1,51,45,0.54930615,0.3465736,2.2574785,-1.1433318,0.10084381839069423,1.0,0.10084381839069423,True,False,False,0.0
GCATACTAGCATCGAA-1,48,54,0.0,1.3540251,-0.42149004,-0.26893464,0.0,0.0,0.39398566026301807,False,False,False,1.4142135623730951
GCATGACGGATTATCA-1,43,77,0.0,0.6931472,-0.42149004,-0.84253025,0.0,0.0,0.20168759681644627,False,False,False,1.4142135623730951
GCATGCTGAGACAGGT-1,40,42,0.0,2.29756,-0.42149004,0.5499873,0.0,0.0,0.6685294366187859,False,False,False,1.4142135623730951
GCATGTCGAGTGTCTT-1,59,99,0.0,3.111288,-0.42149004,1.2562462,0.0,0.0,0.9053028956257166,False,True,False,1.4142135623730951
GCATTACCTGTCAAGA-1,29,75,0.0,2.2499049,-0.42149004,0.50862604,0.0,0.0,0.6546630603981359,False,False,False,3.1622776601683795
GCATTGACTACAGCGA-1,36,90,0.0,0.6931472,-0.42149004,-0.84253025,0.0,0.0,0.20168759681644627,False,False,False,4.242640687119285
GCATTGCTGTTCCATC-1,7,47,0.0,1.9033313,-0.42149004,0.20782453,0.0,0.0,0.553819281972384,False,False,False,1.4142135623730951
GCATTGGTTACCAAGC-1,25,85,0.0,2.4337673,-0.42149004,0.66820574,0.0,0.0,0.7081621902124751,False,False,False,3.1622776601683795
GCCACGAAGGAATTCC-1,49,7,0.0,1.3540251,-0.42149004,-0.26893464,0.0,0.0,0.39398566026301807,False,False,False,1.4142135623730951
GCCACGACCGTTAAGT-1,69,23,0.0,3.6221137,-0.42149004,1.6996069,0.0,0.0,1.0,False,True,False,1.4142135623730951
GCCACGCCTTAGTACG-1,55,11,0.0,3.312696,-0.42149004,1.4310541,0.0,0.0,0.9639072870331126,False,True,False,1.4142135623730951
GCCACTATAGACCATA-1,25,57,0.0,1.3540251,-0.42149004,-0.26893464,0.0,0.0,0.39398566026301807,False,False,False,2.8284271247461903
GCCACTCCGTCACCTC-1,28,10,0.3465736,3.4143562,1.2687509,1.5192881,0.6268209885402126,0.63092977,0.9934877386468307,True,True,True,0.0
GCCAGACAGACGCCTA-1,20,94,0.0,1.3540251,-0.42149004,-0.26893464,0.0,0.0,0.39398566026301807,False,False,False,5.0990195135927845
GCCAGACATCTATCAC-1,46,80,0.0,2.804736,-0.42149004,0.99018043,0.0,0.0,0.8161042818984588,False,True,False,2.8284271247461903
GCCAGTAGACGATACC-1,39,67,0.0,0.3465736,-0.42149004,-1.1433318,0.0,0.0,0.10084381839069423,False,False,False,1.4142135623730951
GCCAGTGCTCTACACT-1,3,9,0.0,3.1558673,-0.42149004,1.2949378,0.0,0.0,0.918274276948421,False,True,False,2.0
GCCAGTTAATTCTTGC-1,66,94,0.0,1.9356005,-0.42149004,0.23583196,0.0,0.0,0.563208780372934,False,False,False,3.1622776601683795
GCCAGTTCCTCGTGCC-1,50,82,0.0,2.9303932,-0.42149004,1.0992421,0.0,0.0,0.8526672283699328,False,True,False,1.4142135623730951
GCCATTCTCGTGTAGA-1,12,72,0.0,0.89587975,-0.42149004,-0.66657263,0.0,0.0,0.26067743010882455,False,False,False,2.8284271247461903
GCCATTCTTGCAACCA-1,3,53,0.0,1.4451859,-0.42149004,-0.1898135,0.0,0.0,0.42051104182695487,False,False,False,2.8284271247461903
GCCATTGAGTGCTGCG-1,3,79,0.0,0.0,-0.42149004,-1.4441334,0.0,0.0,0.0,False,False,False,2.8284271247461903
GCCATTGATACTCAAG-1,3,57,0.0,2.441401,-0.42149004,0.6748313,0.0,0.0,0.7103834017346308,False,False,False,1.4142135623730951
GCCATTGCATGTTAAC-1,61,35,0.0,0.0,-0.42149004,-1.4441334,0.0,0.0,0.0,False,False,False,3.1622776601683795
GCCATTGTAACTGATC-1,49,87,0.0,0.3465736,-0.42149004,-1.1433318,0.0,0.0,0.10084381839069423,False,False,False,1.4142135623730951
GCCATTGTAATGTCTT-1,20,30,0.89587975,0.804719,3.9477193,-0.7456938,0.23415203855365221,1.0,0.23415203855365221,True,False,False,0.0
GCCGAGTCCTCGTCCA-1,47,75,0.0,2.9674473,-0.42149004,1.1314025,0.0,0.0,0.8634490104397562,False,True,False,4.242640687119285
GCCGATCGAGTGAAGT-1,17,57,0.0,0.0,-0.42149004,-1.4441334,0.0,0.0,0.0,False,False,False,2.8284271247461903
GCCGATCTCGTGACTC-1,10,70,0.0,1.8444397,-0.42149004,0.1567108,0.0,0.0,0.5366833938133795,False,False,False,4.0
GCCGCACTTCGTCTAT-1,7,75,0.0,2.585242,-0.42149004,0.79967517,0.0,0.0,0.7522373468680046,False,False,False,2.8284271247461903
GCCGCTGATTGGCCAG-1,34,70,0.0,2.65906,-0.42149004,0.86374396,0.0,0.0,0.773716425119855,False,False,False,1.4142135623730951
GCCGCTTCTAAGGTGA-1,19,29,0.0,3.0056336,-0.42149004,1.1645455,0.0,0.0,0.8745602235280782,False,True,False,1.4142135623730951
GCCGGCGAACCATTGT-1,26,40,0.3465736,0.54930615,1.2687509,-0.9673742,0.10084379618112044,0.63092977,0.15983363170060141,True,False,False,0.0
GCCGGCGTAGGTGACG-1,10,14,0.0,3.448347,-0.42149004,1.5487897,0.0,0.0,1.0,False,True,False,3.1622776601683795
GCCGGCGTGAACTTGC-1,43,53,0.0,0.0,-0.42149004,-1.4441334,0.0,0.0,0.0,False,False,False,1.4142135623730951
GCCGGTATGCTCATGC-1,40,72,0.0,0.3465736,-0.42149004,-1.1433318,0.0,0.0,0.10084381839069423,False,False,False,5.0990195135927845
GCCGTACCAGATCTAG-1,14,34,0.0,1.732868,-0.42149004,0.05987433,0.0,0.0,0.5042189433338424,False,False,False,2.0
GCCGTATGCCAGTCTT-1,31,105,0.0,2.2213256,-0.42149004,0.48382127,0.0,0.0,0.6463472551389307,False,False,False,2.8284271247461903
GCCTATAGCATACCTT-1,30,30,0.0,2.441401,-0.42149004,0.6748313,0.0,0.0,0.7103834017346308,False,False,False,2.0
GCCTCATGCGAGCAGG-1,68,82,0.0,0.6931472,-0.42149004,-0.84253025,0.0,0.0,0.20168759681644627,False,False,False,6.324555320336759
GCCTCCAACAGTAGCC-1,7,95,0.0,0.0,-0.42149004,-1.4441334,0.0,0.0,0.0,False,False,False,3.1622776601683795
GCCTCCGTCTACCTCG-1,46,8,0.6931472,1.2424533,2.9589918,-0.3657711,0.3615212085345766,1.0,0.3615212085345766,True,False,False,0.0
GCCTCCTGCGGCCGTT-1,20,70,0.0,0.3465736,-0.42149004,-1.1433318,0.0,0.0,0.10084381839069423,False,False,False,6.0
GCCTGGAACGTCTGCT-1,12,86,0.0,2.4849067,-0.42149004,0.7125911,0.0,0.0,0.723042397086682,False,False,False,1.4142135623730951
GCCTGGACCTATTGTC-1,12,34,0.3465736,1.2424533,1.2687509,-0.3657711,0.22809449225870276,0.63092977,0.3615212085345766,True,False,False,0.0
GCCTGGAGCAAGTTAG-1,19,93,0.0,0.6931472,-0.42149004,-0.84253025,0.0,0.0,0.20168759681644627,False,False,False,6.324555320336759
GCCTGGTAAGGCGACT-1,8,92,0.0,0.54930615,-0.42149004,-0.9673742,0.0,0.0,0.15983363170060141,False,False,False,3.1622776601683795
GCCTGGTACATGGTCG-1,29,57,0.0,0.0,-0.42149004,-1.4441334,0.0,0.0,0.0,False,False,False,2.0
GCCTGGTCAGGTTGCC-1,39,87,0.0,1.7482538,-0.42149004,0.07322818,0.0,0.0,0.5086958249006557,False,False,False,4.242640687119285
GCCTGTGAAGTCGGCG-1,59,45,0.0,2.0126758,-0.42149004,0.30272785,0.0,0.0,0.5856356422157494,False,False,False,1.4142135623730951
GCCTGTGACACCAGAA-1,18,84,0.0,2.0126758,-0.42149004,0.30272785,0.0,0.0,0.5856356422157494,False,False,False,5.0990195135927845
GCCTTAATTGACGGAT-1,6,62,0.0,3.012933,-0.42149004,1.1708809,0.0,0.0,0.8766841603809357,False,True,False,4.0
GCCTTCGATCAGGTCG-1,77,21,0.0,0.0,-0.42149004,-1.4441334,0.0,0.0,0.0,False,False,False,2.0
GCCTTCGCTTATGTTC-1,36,12,0.3465736,1.0986123,1.2687509,-0.49061504,0.20168758605847292,0.63092977,0.31966725340996727,True,False,False,0.0
GCCTTCTGATTCCGTC-1,57,99,0.0,2.8102005,-0.42149004,0.9949233,0.0,0.0,0.8176943270885574,False,True,False,2.8284271247461903
GCCTTCTGTCACGCTC-1,38,42,0.0,1.9459101,-0.42149004,0.24477994,0.0,0.0,0.5662085938945155,False,False,False,3.1622776601683795
GCCTTGAGATCTGAGC-1,26,96,0.0,0.54930615,-0.42149004,-0.9673742,0.0,0.0,0.15983363170060141,False,False,False,4.47213595499958
GCCTTGCCACTTCTGA-1,32,58,0.0,0.0,-0.42149004,-1.4441334,0.0,0.0,0.0,False,False,False,1.4142135623730951
GCCTTGCCTAGTCGAT-1,68,16,0.0,1.994492,-0.42149004,0.28694567,0.0,0.0,0.5803446635363207,False,False,False,1.4142135623730951
GCCTTGGCGAACAATC-1,32,66,0.0,0.0,-0.42149004,-1.4441334,0.0,0.0,0.0,False,False,False,4.242640687119285
GCGAATAGTGGCTAAT-1,38,96,0.0,0.89587975,-0.42149004,-0.66657263,0.0,0.0,0.26067743010882455,False,False,False,1.4142135623730951
GCGAATCGAGAACACG-1,44,72,0.0,2.0126758,-0.42149004,0.30272785,0.0,0.0,0.5856356422157494,False,False,False,3.1622776601683795
GCGAATGCAGTGTCAA-1,53,99,0.0,2.8995464,-0.42149004,1.0724692,0.0,0.0,0.8436916218975888,False,True,False,2.8284271247461903
GCGAATTGGCTAGCCA-1,60,92,0.0,2.6287477,-0.42149004,0.837435,0.0,0.0,0.7648963422200559,False,False,False,4.0
GCGACACTAAGCTAAG-1,36,76,0.0,0.89587975,-0.42149004,-0.66657263,0.0,0.0,0.26067743010882455,False,False,False,2.8284271247461903
GCGACAGTGCCGCACC-1,40,98,0.0,0.6931472,-0.42149004,-0.84253025,0.0,0.0,0.20168759681644627,False,False,False,2.0
GCGAGCGGACCATAAC-1,27,67,0.0,3.111288,-0.42149004,1.2562462,0.0,0.0,0.9053028956257166,False,True,False,2.0
GCGAGCGGTTGTCATG-1,33,109,0.0,2.2154083,-0.42149004,0.47868547,0.0,0.0,0.6446254755081277,False,False,False,2.0
GCGAGGATCGACCTTA-1,33,89,0.0,0.54930615,-0.42149004,-0.9673742,0.0,0.0,0.15983363170060141,False,False,False,2.0
GCGAGGTGCTACCTCG-1,3,63,0.0,3.0656133,-0.42149004,1.2166036,0.0,0.0,0.8920127139591372,False,True,False,5.830951894845301
GCGATCTTGCTCACGC-1,32,40,0.3465736,0.3465736,1.2687509,-1.1433318,0.06362536695009495,0.63092977,0.10084381839069423,True,False,False,0.0
GCGATGACCGTGTAAT-1,35,91,0.0,1.2424533,-0.42149004,-0.3657711,0.0,0.0,0.3615212085345766,False,False,False,4.47213595499958
GCGATGCCTCTAAGTC-1,5,11,0.0,2.8173947,-0.42149004,1.0011674,0.0,0.0,0.819787670778166,False,True,False,4.0
GCGATGGAGCTACATT-1,66,14,0.0,2.2499049,-0.42149004,0.50862604,0.0,0.0,0.6546630603981359,False,False,False,2.0
GCGATGTACTGCTATT-1,63,55,0.0,0.0,-0.42149004,-1.4441334,0.0,0.0,0.0,False,False,False,4.242640687119285
GCGATTCTAACAGTAA-1,55,7,0.3465736,2.9217722,1.2687509,1.0917598,0.5363904874586117,0.63092977,0.8501587888082345,True,True,True,0.0
GCGGAGCCTGTAACAT-1,72,44,0.0,0.3465736,-0.42149004,-1.1433318,0.0,0.0,0.10084381839069423,False,False,False,1.4142135623730951
GCGGCAAGTGTTATGT-1,37,55,0.89587975,0.0,3.9477193,-1.4441334,0.0,1.0,0.0,True,False,False,0.0
GCGGTCCATCACGGCA-1,3,109,0.0,0.89587975,-0.42149004,-0.66657263,0.0,0.0,0.26067743010882455,False,False,False,2.8284271247461903
GCGGTCCGCTGTCTCA-1,14,116,0.0,0.54930615,-0.42149004,-0.9673742,0.0,0.0,0.15983363170060141,False,False,False,1.4142135623730951
GCGGTCCTGTAGTCTG-1,37,109,0.0,0.0,-0.42149004,-1.4441334,0.0,0.0,0.0,False,False,False,2.0
GCGGTCGGCGTACCTT-1,19,7,0.0,3.263979,-0.42149004,1.3887712,0.0,0.0,0.9497319218618959,False,True,False,1.4142135623730951
GCGGTCGTTGATCTTG-1,19,91,0.0,0.0,-0.42149004,-1.4441334,0.0,0.0,0.0,False,False,False,7.0710678118654755
GCGGTGGACATCAATC-1,0,34,0.0,0.6931472,-0.42149004,-0.84253025,0.0,0.0,0.20168759681644627,False,False,False,1.4142135623730951
GCGGTGGCCGACGCAT-1,38,58,0.3465736,0.0,1.2687509,-1.4441334,0.0,0.63092977,0.0,True,False,False,0.0
GCGGTTCTGTGGACGT-1,69,11,0.3465736,3.459842,1.2687509,1.5587665,0.6309297680854797,0.63092977,1.0,True,True,True,0.0
GCGGTTGCCTCGACGG-1,59,13,0.0,3.6141942,-0.42149004,1.6927333,0.0,0.0,1.0,False,True,False,2.0
GCGTAACGTTACAGGT-1,59,19,0.0,2.799211,-0.42149004,0.98538524,0.0,0.0,0.8144966920987373,False,True,False,1.4142135623730951
GCGTAATTCTTGCCTT-1,2,58,0.0,2.524928,-0.42149004,0.7473269,0.0,0.0,0.7346875817676474,False,False,False,2.0
GCGTACCGGAACGACA-1,24,10,0.3465736,3.4208078,1.2687509,1.5248876,0.6280053908885515,0.63092977,0.9953649719115297,True,True,True,0.0
GCGTACCGGATGGCTC-1,24,50,0.0,0.0,-0.42149004,-1.4441334,0.0,0.0,0.0,False,False,False,1.4142135623730951
GCGTACCGTGTATCAG-1,32,76,0.0,1.4451859,-0.42149004,-0.1898135,0.0,0.0,0.42051104182695487,False,False,False,1.4142135623730951
GCGTACGAATCTAATC-1,36,32,0.3465736,1.4451859,1.2687509,-0.1898135,0.2653129340972641,0.63092977,0.42051104182695487,True,False,False,0.0
GCGTCCAGCAATTGGC-1,29,11,0.0,2.3410656,-0.42149004,0.5877472,0.0,0.0,0.6811884519533082,False,False,False,1.4142135623730951
GCGTCCTCTGCCGTTG-1,15,93,0.0,0.0,-0.42149004,-1.4441334,0.0,0.0,0.0,False,False,False,4.0
GCGTCGGAATGCTGCC-1,24,76,0.0,1.7917595,-0.42149004,0.11098804,0.0,0.0,0.5213548277461335,False,False,False,5.656854249492381
GCGTCGGTCACGCCAG-1,37,105,0.0,0.804719,-0.42149004,-0.7456938,0.0,0.0,0.23415203855365221,False,False,False,3.1622776601683795
GCGTCTCGCAACTCAT-1,25,33,0.0,0.3465736,-0.42149004,-1.1433318,0.0,0.0,0.10084381839069423,False,False,False,1.4142135623730951
GCGTTAATAGTCAGTA-1,62,46,0.0,1.9356005,-0.42149004,0.23583196,0.0,0.0,0.563208780372934,False,False,False,2.0
GCGTTCGAGGCCACAA-1,13,85,0.0,2.2213256,-0.42149004,0.48382127,0.0,0.0,0.6463472551389307,False,False,False,2.0
GCGTTCGATCTTGGCC-1,7,101,0.0,0.0,-0.42149004,-1.4441334,0.0,0.0,0.0,False,False,False,2.8284271247461903
GCGTTGTATCGGAGCT-1,50,28,0.0,0.54930615,-0.42149004,-0.9673742,0.0,0.0,0.15983363170060141,False,False,False,1.4142135623730951
GCTAACCATAGGCGTT-1,51,91,0.3465736,0.54930615,1.2687509,-0.9673742,0.10084379618112044,0.63092977,0.15983363170060141,True,False,False,0.0
GCTACCATCCTGTAGA-1,22,58,0.0,1.0397208,-0.42149004,-0.54172873,0.0,0.0,0.3025313752421983,False,False,False,3.1622776601683795
GCTACTTCTGACGCGA-1,51,69,0.0,2.963463,-0.42149004,1.1279445,0.0,0.0,0.8622897073966158,False,True,False,2.0
GCTATGCGTGAACGGT-1,23,43,0.89587975,1.0397208,3.9477193,-0.54172873,0.3025313752421983,1.0,0.3025313752421983,True,False,False,0.0
GCTCAACCACGGCAAC-1,26,84,0.0,2.4849067,-0.42149004,0.7125911,0.0,0.0,0.723042397086682,False,False,False,4.0
GCTCATACAATTAGAC-1,31,65,0.0,2.0471723,-0.42149004,0.33266842,0.0,0.0,0.5956732271057577,False,False,False,4.0
GCTCATTGGTTCAACA-1,75,35,0.0,0.0,-0.42149004,-1.4441334,0.0,0.0,0.0,False,False,False,7.0710678118654755
GCTCCGAGACTACATA-1,49,99,0.0,3.2625148,-0.42149004,1.3875004,0.0,0.0,0.9493058955781164,False,True,False,2.8284271247461903
GCTCCGGCAACATGAT-1,64,92,0.0,2.0471723,-0.42149004,0.33266842,0.0,0.0,0.5956732271057577,False,False,False,3.1622776601683795
GCTCCTATGTCTTCGC-1,55,21,0.0,2.6287477,-0.42149004,0.837435,0.0,0.0,0.7648963422200559,False,False,False,1.4142135623730951
GCTCGATCGCAGCCAC-1,66,8,0.0,1.8444397,-0.42149004,0.1567108,0.0,0.0,0.5366833938133795,False,False,False,1.4142135623730951
GCTCGATGCTCGCATG-1,19,87,0.0,2.6968138,-0.42149004,0.8965116,0.0,0.0,0.7847017886052106,False,True,False,7.0710678118654755
GCTCGCATCGTCATTA-1,58,40,0.0,0.0,-0.42149004,-1.4441334,0.0,0.0,0.0,False,False,False,3.1622776601683795
GCTCGGACCTTCAAGT-1,4,40,0.0,1.994492,-0.42149004,0.28694567,0.0,0.0,0.5803446635363207,False,False,False,2.0
GCTCGGAGATGAATGT-1,25,61,0.0,3.0260446,-0.42149004,1.1822609,0.0,0.0,0.8804992936925828,False,True,False,2.0
GCTCGTCTGCCGCAAT-1,36,8,0.6931472,0.0,2.9589918,-1.4441334,0.0,1.0,0.0,True,False,False,0.0
GCTGAATGACCGTGAG-1,48,92,0.0,2.2499049,-0.42149004,0.50862604,0.0,0.0,0.6546630603981359,False,False,False,3.1622776601683795
GCTGACAGCCGGAGCG-1,29,85,0.0,2.8314803,-0.42149004,1.0133927,0.0,0.0,0.8238861954949052,False,True,False,4.0
GCTGACCACGTCTTGG-1,0,86,0.3465736,3.1383219,1.2687509,1.2797096,0.57614550247347,0.63092977,0.9131689953728931,True,True,True,0.0
GCTGACCGCATCGGAT-1,8,34,0.0,0.6931472,-0.42149004,-0.84253025,0.0,0.0,0.20168759681644627,False,False,False,1.4142135623730951
GCTGACTTGTCTCAAT-1,43,37,0.0,0.0,-0.42149004,-1.4441334,0.0,0.0,0.0,False,False,False,2.0
GCTGAGGACAAGAAGT-1,57,55,0.0,0.0,-0.42149004,-1.4441334,0.0,0.0,0.0,False,False,False,4.242640687119285
GCTGAGTGTTCAACCG-1,45,19,0.3465736,0.54930615,1.2687509,-0.9673742,0.10084379618112044,0.63092977,0.15983363170060141,True,False,False,0.0
GCTGCCGCCTATGTAG-1,51,85,0.0,1.9459101,-0.42149004,0.24477994,0.0,0.0,0.5662085938945155,False,False,False,2.8284271247461903
GCTGCGTTATGTGGAC-1,58,28,0.804719,2.0126758,3.5031278,0.30272785,0.5856356422157494,1.0,0.5856356422157494,True,False,False,0.0
GCTGGATGACTCTACC-1,31,85,0.0,1.7005987,-0.42149004,0.031866897,0.0,0.0,0.49482944493329234,False,False,False,2.8284271247461903
GCTGTAGTGCTGTCGC-1,28,76,0.0,1.7005987,-0.42149004,0.031866897,0.0,0.0,0.49482944493329234,False,False,False,4.0
GCTGTCGCGATGGTAG-1,67,95,0.0,0.3465736,-0.42149004,-1.1433318,0.0,0.0,0.10084381839069423,False,False,False,2.8284271247461903
GCTGTCTAATTGGCAA-1,6,116,0.0,0.54930615,-0.42149004,-0.9673742,0.0,0.0,0.15983363170060141,False,False,False,1.4142135623730951
GCTGTTATGGTTGCCG-1,57,9,0.0,2.9753213,-0.42149004,1.1382365,0.0,0.0,0.8657401206458079,False,True,False,1.4142135623730951
GCTGTTCAACCGAATA-1,58,18,0.3465736,3.6246076,1.2687509,1.7017715,0.6309297680854797,0.63092977,1.0,True,True,True,0.0
GCTGTTCATCAGCGTC-1,64,100,0.0,2.7080503,-0.42149004,0.90626407,0.0,0.0,0.787971300543565,False,True,False,3.1622776601683795
GCTGTTGATAGTCTTA-1,26,86,0.0,0.89587975,-0.42149004,-0.66657263,0.0,0.0,0.26067743010882455,False,False,False,2.0
GCTTAATAGAGGCGAG-1,26,6,0.0,3.872934,-0.42149004,1.9173014,0.0,0.0,1.0,False,True,False,2.8284271247461903
GCTTACAGATGTGCAC-1,16,116,0.0,0.3465736,-0.42149004,-1.1433318,0.0,0.0,0.10084381839069423,False,False,False,2.8284271247461903
GCTTACCTCGTGCTAT-1,66,90,0.0,2.5119402,-0.42149004,0.73605436,0.0,0.0,0.7309084568689163,False,False,False,2.8284271247461903
GCTTACGCAATACTAG-1,3,25,0.0,3.263979,-0.42149004,1.3887712,0.0,0.0,0.9497319218618959,False,True,False,2.8284271247461903
GCTTAGACTACCAATG-1,62,14,0.3465736,2.5529728,1.2687509,0.7716677,0.4686848176044847,0.63092977,0.7428478434718367,True,False,False,0.0
GCTTATCCGCATTCTT-1,6,16,0.3465736,3.2220654,1.2687509,1.3523932,0.5915194847057588,0.63092977,0.9375361801372771,True,True,True,0.0
GCTTCGATTGCGGTGC-1,75,19,0.0,0.3465736,-0.42149004,-1.1433318,0.0,0.0,0.10084381839069423,False,False,False,1.4142135623730951
GCTTCGCTCAAGCGAT-1,54,28,0.0,1.777674,-0.42149004,0.098762795,0.0,0.0,0.5172563105228211,False,False,False,1.4142135623730951
GCTTCGGCATCAGAGT-1,53,65,0.0,0.3465736,-0.42149004,-1.1433318,0.0,0.0,0.10084381839069423,False,False,False,3.1622776601683795
GCTTCTAAGTCTGACG-1,32,104,0.0,1.3540251,-0.42149004,-0.26893464,0.0,0.0,0.39398566026301807,False,False,False,3.1622776601683795
GCTTCTAGCCGAACAG-1,77,27,0.0,0.0,-0.42149004,-1.4441334,0.0,0.0,0.0,False,False,False,2.0
GCTTCTAGCGTTCATT-1,33,73,0.0,1.4978662,-0.42149004,-0.14409073,0.0,0.0,0.43583961039200964,False,False,False,2.0
GCTTCTCCAGAACCGC-1,50,104,0.3465736,2.8102005,1.2687509,0.9949233,0.5159076921547959,0.63092977,0.8176943270885574,True,True,True,0.0
GCTTCTGAACCGCTAT-1,4,10,0.0,3.1558673,-0.42149004,1.2949378,0.0,0.0,0.918274276948421,False,True,False,3.1622776601683795
GCTTCTGTATCGACGC-1,65,11,0.0,1.5890269,-0.42149004,-0.064969584,0.0,0.0,0.4623649919559464,False,False,False,1.4142135623730951
GCTTCTGTTACGAGAA-1,54,56,0.0,1.0397208,-0.42149004,-0.54172873,0.0,0.0,0.3025313752421983,False,False,False,3.1622776601683795
GCTTCTTGAATCGGTT-1,14,16,0.0,2.8083856,-0.42149004,0.9933481,0.0,0.0,0.8171662503248875,False,True,False,1.4142135623730951
GCTTCTTGGACGAGCG-1,24,72,0.0,2.3221955,-0.42149004,0.5713693,0.0,0.0,0.6756977484752691,False,False,False,4.0
GCTTGACCTCCGCTTC-1,53,103,0.0,3.53366,-0.42149004,1.6228353,0.0,0.0,1.0,False,True,False,2.8284271247461903
GCTTGAGCTCTTGACA-1,15,49,0.0,0.0,-0.42149004,-1.4441334,0.0,0.0,0.0,False,False,False,1.4142135623730951
GCTTGCAATACAAGGC-1,58,14,0.0,2.7647147,-0.42149004,0.9554449,0.0,0.0,0.8044591771473779,False,True,False,1.4142135623730951
GCTTGCCATAGTGGAT-1,19,73,0.0,2.2554297,-0.42149004,0.51342124,0.0,0.0,0.6562706501978574,False,False,False,4.47213595499958
GCTTGCTTACTTAACG-1,25,55,0.0,2.1719027,-0.42149004,0.4409256,0.0,0.0,0.6319664701648409,False,False,False,1.4142135623730951
GCTTGGATCCAACCGG-1,26,106,0.0,1.3862944,-0.42149004,-0.2409272,0.0,0.0,0.40337515866356816,False,False,False,3.1622776601683795
GCTTGGATGCTCGCTT-1,45,71,0.0,1.7917595,-0.42149004,0.11098804,0.0,0.0,0.5213548277461335,False,False,False,2.0
GCTTGGCACTCCGTCT-1,75,11,0.0,0.0,-0.42149004,-1.4441334,0.0,0.0,0.0,False,False,False,2.0
GCTTGGCAGCGGATCA-1,0,94,0.0,0.3465736,-0.42149004,-1.1433318,0.0,0.0,0.10084381839069423,False,False,False,2.0
GCTTGGCTGCGGTAAC-1,32,98,0.0,0.3465736,-0.42149004,-1.1433318,0.0,0.0,0.10084381839069423,False,False,False,1.4142135623730951
GCTTGGTCAACCGTGG-1,39,11,0.6931472,0.0,2.9589918,-1.4441334,0.0,1.0,0.0,True,False,False,0.0
GCTTGGTGTTCGAACA-1,59,41,0.0,0.0,-0.42149004,-1.4441334,0.0,0.0,0.0,False,False,False,2.0
GGAACAGGTGATCTCC-1,2,76,0.0,0.3465736,-0.42149004,-1.1433318,0.0,0.0,0.10084381839069423,False,False,False,3.1622776601683795
GGAACATCGTGGAATC-1,51,43,0.3465736,0.89587975,1.2687509,-0.66657263,0.16446915052367952,0.63092977,0.26067743010882455,True,False,False,0.0
GGAACGATAACATTAT-1,18,6,0.3465736,3.0677824,1.2687509,1.2184863,0.563195596375046,0.63092977,0.8926438802911943,True,True,True,0.0
GGAACTTCGACATGTC-1,28,44,0.3465736,0.54930615,1.2687509,-0.9673742,0.10084379618112044,0.63092977,0.15983363170060141,True,False,False,0.0
GGAAGAATAACTAACC-1,14,74,0.0,2.8888261,-0.42149004,1.0631648,0.0,0.0,0.8405723181944674,False,True,False,1.4142135623730951
GGAAGCAGTCATTCAG-1,63,17,0.0,2.3592496,-0.42149004,0.6035296,0.0,0.0,0.6864794905801502,False,False,False,2.0
GGAAGCATTAGAGGCA-1,57,101,0.0,3.9638424,-0.42149004,1.9962034,0.0,0.0,1.0,False,True,False,2.0
GGAAGCTATGGCACAG-1,24,116,0.0,0.0,-0.42149004,-1.4441334,0.0,0.0,0.0,False,False,False,4.47213595499958
GGAAGTCTTGTCGCAT-1,61,53,0.0,0.0,-0.42149004,-1.4441334,0.0,0.0,0.0,False,False,False,1.4142135623730951
GGAATCCTTAGACTGT-1,41,61,0.0,0.54930615,-0.42149004,-0.9673742,0.0,0.0,0.15983363170060141,False,False,False,1.4142135623730951
GGAATGCACCTCAATA-1,5,35,0.0,2.8468661,-0.42149004,1.0267465,0.0,0.0,0.8283630683193873,False,True,False,1.4142135623730951
GGAATGCGCCGACAGG-1,74,16,0.0,1.0986123,-0.42149004,-0.49061504,0.0,0.0,0.31966725340996727,False,False,False,2.8284271247461903
GGAATGGCAACTTGGA-1,44,84,0.0,0.6931472,-0.42149004,-0.84253025,0.0,0.0,0.20168759681644627,False,False,False,1.4142135623730951
GGAATGTCTTGTGCAC-1,9,97,0.0,0.3465736,-0.42149004,-1.1433318,0.0,0.0,0.10084381839069423,False,False,False,2.0
GGACAGTGCGGCAACA-1,23,61,0.0,1.7917595,-0.42149004,0.11098804,0.0,0.0,0.5213548277461335,False,False,False,3.1622776601683795
GGACCACTTATCGTTC-1,57,105,0.0,3.2847407,-0.42149004,1.4067909,0.0,0.0,0.9557730225238199,False,True,False,2.0
GGACCAGATAGGATGT-1,71,25,0.0,3.4891067,-0.42149004,1.5841662,0.0,0.0,1.0,False,True,False,1.4142135623730951
GGACCATCACCGCCAA-1,21,31,0.54930615,0.3465736,2.2574785,-1.1433318,0.10084381839069423,1.0,0.10084381839069423,True,False,False,0.0
GGACCGATCTGGATTA-1,34,84,0.0,0.54930615,-0.42149004,-0.9673742,0.0,0.0,0.15983363170060141,False,False,False,3.1622776601683795
GGACCGCTTCCTGGCA-1,43,59,0.0,1.2424533,-0.42149004,-0.3657711,0.0,0.0,0.3615212085345766,False,False,False,1.4142135623730951
GGACGAGTCTGTTCAC-1,20,116,0.0,0.6931472,-0.42149004,-0.84253025,0.0,0.0,0.20168759681644627,False,False,False,1.4142135623730951
GGACGGCTATCGACCA-1,8,68,0.0,0.6931472,-0.42149004,-0.84253025,0.0,0.0,0.20168759681644627,False,False,False,4.47213595499958
GGACGGTATGCGGCTG-1,5,15,0.3465736,3.6170886,1.2687509,1.6952455,0.6309297680854797,0.63092977,1.0,True,True,True,0.0
GGACGGTGCAGTAGGA-1,17,75,0.0,2.3895617,-0.42149004,0.62983835,0.0,0.0,0.6952995135325362,False,False,False,2.0
GGACGTACATACCAGA-1,61,45,0.0,2.1242476,-0.42149004,0.39956433,0.0,0.0,0.6181000939441909,False,False,False,1.4142135623730951
GGACGTACTTCGGACA-1,65,19,0.0,3.1549592,-0.42149004,1.2941496,0.0,0.0,0.9180100287506396,False,True,False,1.4142135623730951
GGACGTAGCCGCGTAA-1,11,113,0.0,0.89587975,-0.42149004,-0.66657263,0.0,0.0,0.26067743010882455,False,False,False,2.8284271247461903
GGACGTAGTGTAGAAG-1,14,54,0.0,2.0948274,-0.42149004,0.37402973,0.0,0.0,0.6095396133176433,False,False,False,4.242640687119285
GGACGTCGAACGGCTT-1,48,30,0.0,0.0,-0.42149004,-1.4441334,0.0,0.0,0.0,False,False,False,1.4142135623730951
GGACGTCGAGGATTCA-1,47,109,0.0,2.7647147,-0.42149004,0.9554449,0.0,0.0,0.8044591771473779,False,True,False,1.4142135623730951
GGACGTCGCACGAGAA-1,35,99,0.0,0.6931472,-0.42149004,-0.84253025,0.0,0.0,0.20168759681644627,False,False,False,1.4142135623730951
GGACGTTAGATATTAC-1,39,13,0.0,0.0,-0.42149004,-1.4441334,0.0,0.0,0.0,False,False,False,1.4142135623730951
GGACGTTAGATTCAGG-1,67,77,0.0,2.1910133,-0.42149004,0.45751235,0.0,0.0,0.637527182230367,False,False,False,1.4142135623730951
GGACGTTGGAGGTGAT-1,33,97,0.3465736,0.89587975,1.2687509,-0.66657263,0.16446915052367952,0.63092977,0.26067743010882455,True,False,False,0.0
GGACTCACGGTCCAAT-1,15,81,0.0,2.8995464,-0.42149004,1.0724692,0.0,0.0,0.8436916218975888,False,True,False,2.8284271247461903
GGACTCACTAGAGCCG-1,9,31,0.0,1.3862944,-0.42149004,-0.2409272,0.0,0.0,0.40337515866356816,False,False,False,1.4142135623730951
GGAGAAGCCAAGCGCT-1,44,26,0.0,1.9459101,-0.42149004,0.24477994,0.0,0.0,0.5662085938945155,False,False,False,1.4142135623730951
GGAGACATGACCTAGG-1,2,68,0.0,3.5154285,-0.42149004,1.6070117,0.0,0.0,1.0,False,True,False,2.0
GGAGACTATTGTGACA-1,9,23,0.0,3.2353997,-0.42149004,1.3639663,0.0,0.0,0.9414160966202195,False,True,False,2.0
GGAGATCCGTAGGATA-1,59,101,0.0,1.8920949,-0.42149004,0.19807209,0.0,0.0,0.5505497750296472,False,False,False,1.4142135623730951
GGAGATCCTGTACCAG-1,21,83,0.0,2.138333,-0.42149004,0.41178957,0.0,0.0,0.6221986086696945,False,False,False,7.0710678118654755
GGAGATGCGTGCAGTA-1,63,69,0.0,0.89587975,-0.42149004,-0.66657263,0.0,0.0,0.26067743010882455,False,False,False,1.4142135623730951
GGAGATGGCTCGAGAT-1,49,39,0.3465736,0.0,1.2687509,-1.4441334,0.0,0.63092977,0.0,True,False,False,0.0
GGAGATGTGCCATAAC-1,11,5,0.0,3.8276954,-0.42149004,1.8780373,0.0,0.0,1.0,False,True,False,1.4142135623730951
GGAGCGAATTGGACGG-1,24,34,0.3465736,0.6931472,1.2687509,-0.84253025,0.12725070868511817,0.63092977,0.20168759681644627,True,False,False,0.0
GGAGCGAGTGTAACTT-1,38,84,0.0,2.7647147,-0.42149004,0.9554449,0.0,0.0,0.8044591771473779,False,True,False,5.0990195135927845
GGAGCGGCACCTCGTA-1,35,83,0.0,1.0397208,-0.42149004,-0.54172873,0.0,0.0,0.3025313752421983,False,False,False,4.47213595499958
GGAGGTCGTAGGAGCT-1,43,41,0.0,2.0471723,-0.42149004,0.33266842,0.0,0.0,0.5956732271057577,False,False,False,2.8284271247461903
GGAGTCCAGATAGCTT-1,49,85,0.0,0.89587975,-0.42149004,-0.66657263,0.0,0.0,0.26067743010882455,False,False,False,2.0
GGAGTCTAAGGCCGCT-1,16,70,0.0,3.1513095,-0.42149004,1.290982,0.0,0.0,0.916948080306682,False,True,False,2.0
GGAGTCTAAGTGGTCC-1,36,108,0.0,0.0,-0.42149004,-1.4441334,0.0,0.0,0.0,False,False,False,1.4142135623730951
GGAGTGTCCATGTATT-1,18,74,0.0,2.0794415,-0.42149004,0.36067587,0.0,0.0,0.6050627305019255,False,False,False,3.1622776601683795
GGATAAGTCAGGATAG-1,52,22,0.0,3.2116237,-0.42149004,1.3433304,0.0,0.0,0.9344978853719814,False,True,False,2.0
GGATAATTATGCTGGT-1,40,10,0.0,0.3465736,-0.42149004,-1.1433318,0.0,0.0,0.10084381839069423,False,False,False,1.4142135623730951
GGATAATTCAATGCTG-1,21,65,0.0,2.2213256,-0.42149004,0.48382127,0.0,0.0,0.6463472551389307,False,False,False,3.1622776601683795
GGATCGAGTGTCCACT-1,11,37,0.0,0.0,-0.42149004,-1.4441334,0.0,0.0,0.0,False,False,False,1.4142135623730951
GGATCGCTGGCATATT-1,25,53,0.0,1.5890269,-0.42149004,-0.064969584,0.0,0.0,0.4623649919559464,False,False,False,1.4142135623730951
GGATCGGACGTCTTGT-1,16,98,0.0,2.2154083,-0.42149004,0.47868547,0.0,0.0,0.6446254755081277,False,False,False,4.47213595499958
GGATCTTCTAAGCGAA-1,7,105,0.0,0.3465736,-0.42149004,-1.1433318,0.0,0.0,0.10084381839069423,False,False,False,1.4142135623730951
GGATGGATCACTCATA-1,47,45,0.0,0.89587975,-0.42149004,-0.66657263,0.0,0.0,0.26067743010882455,False,False,False,2.0
GGATTCCGACGTGATG-1,54,24,0.89587975,3.0677824,3.9477193,1.2184863,0.8926438802911943,1.0,0.8926438802911943,True,True,True,0.0
GGATTCGATGTCCGGA-1,61,103,0.0,3.4334667,-0.42149004,1.5358746,0.0,0.0,0.9990483807737081,False,True,False,3.1622776601683795
GGCAAGACAATCAGCT-1,60,68,0.0,0.0,-0.42149004,-1.4441334,0.0,0.0,0.0,False,False,False,1.4142135623730951
GGCAATGCGAACTTAA-1,16,76,0.0,3.1745696,-0.42149004,1.3111701,0.0,0.0,0.9237161432671002,False,True,False,1.4142135623730951
GGCACGACGGACGTCG-1,15,73,0.0,3.364912,-0.42149004,1.4763739,0.0,0.0,0.979100759106701,False,True,False,2.0
GGCAGCCGGCACTTCC-1,24,36,0.89587975,0.6931472,3.9477193,-0.84253025,0.20168759681644627,1.0,0.20168759681644627,True,False,False,0.0
GGCAGCGTATACGACT-1,46,76,0.0,3.1745696,-0.42149004,1.3111701,0.0,0.0,0.9237161432671002,False,True,False,2.8284271247461903
GGCAGCTCCTGGACGG-1,62,88,0.0,2.9700856,-0.42149004,1.1336924,0.0,0.0,0.8642166970143453,False,True,False,2.0
GGCAGGAAGTCTTCTA-1,24,108,0.0,0.3465736,-0.42149004,-1.1433318,0.0,0.0,0.10084381839069423,False,False,False,5.0990195135927845
GGCATAATCCTATCGC-1,25,63,0.0,2.948577,-0.42149004,1.1150243,0.0,0.0,0.8579582270318326,False,True,False,2.8284271247461903
GGCATAATCCTTCATG-1,60,18,0.0,3.0201273,-0.42149004,1.177125,0.0,0.0,0.8787774840880732,False,True,False,1.4142135623730951
GGCATACATGGCTCAG-1,50,40,0.3465736,0.3465736,1.2687509,-1.1433318,0.06362536695009495,0.63092977,0.10084381839069423,True,False,False,0.0
GGCATCGAACCTCATA-1,0,30,0.0,0.6931472,-0.42149004,-0.84253025,0.0,0.0,0.20168759681644627,False,False,False,1.4142135623730951
GGCATTCCGATGCTCG-1,51,23,0.0,3.5096483,-0.42149004,1.6019949,0.0,0.0,1.0,False,True,False,1.4142135623730951
GGCATTGCTAAGAATG-1,39,57,0.0,0.0,-0.42149004,-1.4441334,0.0,0.0,0.0,False,False,False,1.4142135623730951
GGCCAAGATGGATGGC-1,17,51,0.0,1.732868,-0.42149004,0.05987433,0.0,0.0,0.5042189433338424,False,False,False,1.4142135623730951
GGCCAATAACGCTACA-1,53,113,0.0,2.5529728,-0.42149004,0.7716677,0.0,0.0,0.7428478434718367,False,False,False,6.324555320336759
GGCCAGTAGGTATGAG-1,18,34,0.6931472,0.6931472,2.9589918,-0.84253025,0.20168759681644627,1.0,0.20168759681644627,True,False,False,0.0
GGCCATGCGTCTGTCG-1,1,41,0.3465736,2.8173947,1.2687509,1.0011674,0.5172284450034039,0.63092977,0.819787670778166,True,True,True,0.0
GGCCATGCTCCTCGTG-1,12,26,0.0,2.3592496,-0.42149004,0.6035296,0.0,0.0,0.6864794905801502,False,False,False,2.0
GGCCATTAGCTAGTGG-1,8,20,0.0,2.607468,-0.42149004,0.8189656,0.0,0.0,0.7587044738137081,False,False,False,4.242640687119285
GGCCGGCGGTCTGTTA-1,73,27,0.0,0.3465736,-0.42149004,-1.1433318,0.0,0.0,0.10084381839069423,False,False,False,1.4142135623730951
GGCCGGCTTCGTCAAC-1,6,82,0.0,0.6931472,-0.42149004,-0.84253025,0.0,0.0,0.20168759681644627,False,False,False,2.0
GGCCTGCGTTATGCCG-1,54,52,0.0,1.5890269,-0.42149004,-0.064969584,0.0,0.0,0.4623649919559464,False,False,False,1.4142135623730951
GGCCTTCGACCAGGTA-1,38,80,0.0,0.54930615,-0.42149004,-0.9673742,0.0,0.0,0.15983363170060141,False,False,False,2.0
GGCCTTGGATGTTGTC-1,61,39,0.0,0.89587975,-0.42149004,-0.66657263,0.0,0.0,0.26067743010882455,False,False,False,2.0
GGCGACCATAGCGTTA-1,47,95,0.0,3.0546238,-0.42149004,1.2070656,0.0,0.0,0.8888150789693171,False,True,False,2.0
GGCGACCTATCTGGCG-1,62,12,0.0,3.5246274,-0.42149004,1.6149957,0.0,0.0,1.0,False,True,False,1.4142135623730951
GGCGAGGCAGCCTACT-1,35,111,0.0,0.0,-0.42149004,-1.4441334,0.0,0.0,0.0,False,False,False,2.0
GGCGATCGGTCTGCTC-1,27,5,0.0,2.0471723,-0.42149004,0.33266842,0.0,0.0,0.5956732271057577,False,False,False,2.8284271247461903
GGCGCCAAGGAGCGCT-1,29,17,0.3465736,2.9674473,1.2687509,1.1314025,0.5447756839103923,0.63092977,0.8634490104397562,True,True,True,0.0
GGCGCCACCGGAGCAA-1,49,81,0.0,2.8715014,-0.42149004,1.0481282,0.0,0.0,0.8355313002459861,False,True,False,2.0
GGCGCCACTGAACATC-1,34,86,0.0,0.3465736,-0.42149004,-1.1433318,0.0,0.0,0.10084381839069423,False,False,False,1.4142135623730951
GGCGCCGTCGGACATA-1,57,91,0.0,3.4121869,-0.42149004,1.5174052,0.0,0.0,0.9928564923848892,False,True,False,2.0
GGCGCCGTGGTTACAT-1,3,41,0.0,2.6968138,-0.42149004,0.8965116,0.0,0.0,0.7847017886052106,False,True,False,2.0
GGCGCTAATATGCTCC-1,52,38,0.0,0.0,-0.42149004,-1.4441334,0.0,0.0,0.0,False,False,False,1.4142135623730951
GGCGCTTCACCAGCGA-1,4,96,0.3465736,0.3465736,1.2687509,-1.1433318,0.06362536695009495,0.63092977,0.10084381839069423,True,False,False,0.0
GGCGGAAGTCTTGTAG-1,36,58,0.0,0.3465736,-0.42149004,-1.1433318,0.0,0.0,0.10084381839069423,False,False,False,2.0
GGCGGAGCACTGATAA-1,31,67,0.0,2.7403195,-0.42149004,0.9342715,0.0,0.0,0.7973608039397329,False,True,False,4.47213595499958
GGCGGAGTTGAACTAT-1,23,33,0.0,0.0,-0.42149004,-1.4441334,0.0,0.0,0.0,False,False,False,1.4142135623730951
GGCGGATACAACGCAC-1,62,74,0.0,2.6968138,-0.42149004,0.8965116,0.0,0.0,0.7847017886052106,False,True,False,2.8284271247461903
GGCGGATATTGATTGA-1,31,17,0.0,1.994492,-0.42149004,0.28694567,0.0,0.0,0.5803446635363207,False,False,False,1.4142135623730951
GGCGTCGCCGTATGAT-1,53,89,0.0,1.0986123,-0.42149004,-0.49061504,0.0,0.0,0.31966725340996727,False,False,False,1.4142135623730951
GGCGTGAACTCAACGG-1,7,85,0.3465736,0.3465736,1.2687509,-1.1433318,0.06362536695009495,0.63092977,0.10084381839069423,True,False,False,0.0
GGCGTGCGCTAGATTA-1,2,48,0.0,1.2424533,-0.42149004,-0.3657711,0.0,0.0,0.3615212085345766,False,False,False,3.1622776601683795
GGCGTGGCACGGCACT-1,33,77,0.0,1.2424533,-0.42149004,-0.3657711,0.0,0.0,0.3615212085345766,False,False,False,2.0
GGCGTGTAATTACTTA-1,37,59,0.0,0.0,-0.42149004,-1.4441334,0.0,0.0,0.0,False,False,False,1.4142135623730951
GGCTAATGTCTAGCGT-1,14,108,0.0,0.0,-0.42149004,-1.4441334,0.0,0.0,0.0,False,False,False,2.0
GGCTCAATCAACATGA-1,50,72,0.0,3.40782,-0.42149004,1.513615,0.0,0.0,0.9915858470127986,False,True,False,2.8284271247461903
GGCTGACGCCGAATCA-1,37,81,0.0,1.6661022,-0.42149004,0.0019263168,0.0,0.0,0.4847918584431252,False,False,False,3.1622776601683795
GGCTGCTAACTTCGCT-1,65,105,0.0,1.3540251,-0.42149004,-0.26893464,0.0,0.0,0.39398566026301807,False,False,False,7.0710678118654755
GGCTGCTCCATAGCTG-1,65,111,0.0,3.1494746,-0.42149004,1.2893894,0.0,0.0,0.9164141486789807,False,True,False,10.770329614269007
GGCTGTGGAATAGCGT-1,1,115,0.0,0.0,-0.42149004,-1.4441334,0.0,0.0,0.0,False,False,False,1.4142135623730951
GGCTGTTCAATGTCAA-1,43,17,0.6931472,0.804719,2.9589918,-0.7456938,0.23415203855365221,1.0,0.23415203855365221,True,False,False,0.0
GGCTTGCCATAGGCTC-1,19,77,0.0,1.9560115,-0.42149004,0.25354728,0.0,0.0,0.569147845541821,False,False,False,4.47213595499958
GGTAAGGCGACGATGA-1,41,65,0.0,0.6931472,-0.42149004,-0.84253025,0.0,0.0,0.20168759681644627,False,False,False,1.4142135623730951
GGTACCACCTATACCT-1,22,8,0.0,3.8269844,-0.42149004,1.8774203,0.0,0.0,1.0,False,True,False,1.4142135623730951
GGTACCAGGTAGTGTT-1,22,76,0.0,2.8995464,-0.42149004,1.0724692,0.0,0.0,0.8436916218975888,False,True,False,7.0710678118654755
GGTACGATCGACTTAA-1,31,87,0.0,0.0,-0.42149004,-1.4441334,0.0,0.0,0.0,False,False,False,2.0
GGTACGCTTACCTGCG-1,14,48,0.0,1.4451859,-0.42149004,-0.1898135,0.0,0.0,0.42051104182695487,False,False,False,2.0
GGTACGGAGCATCAGC-1,19,55,0.0,2.1097538,-0.42149004,0.38698483,0.0,0.0,0.6138828134017247,False,False,False,4.0
GGTACGGTATGCTCCA-1,58,66,0.0,0.0,-0.42149004,-1.4441334,0.0,0.0,0.0,False,False,False,2.0
GGTACGTGCTCGGCAA-1,27,11,0.0,3.7818599,-0.42149004,1.8382554,0.0,0.0,1.0,False,True,False,1.4142135623730951
GGTAGCCATCAATCCG-1,25,73,0.0,3.263979,-0.42149004,1.3887712,0.0,0.0,0.9497319218618959,False,True,False,3.1622776601683795
GGTAGCTTAGCCAATC-1,48,46,0.0,0.6931472,-0.42149004,-0.84253025,0.0,0.0,0.20168759681644627,False,False,False,1.4142135623730951
GGTAGGCCACATGCAA-1,9,7,0.0,3.7012258,-0.42149004,1.7682706,0.0,0.0,1.0,False,True,False,1.4142135623730951
GGTAGGTCTGGCTAAC-1,51,117,0.0,0.0,-0.42149004,-1.4441334,0.0,0.0,0.0,False,False,False,6.0
GGTAGGTTGTTCTAAG-1,61,87,0.0,3.641724,-0.42149004,1.7166274,0.0,0.0,1.0,False,True,False,1.4142135623730951
GGTAGTACAGGTTAGA-1,49,13,0.3465736,1.0986123,1.2687509,-0.49061504,0.20168758605847292,0.63092977,0.31966725340996727,True,False,False,0.0
GGTAGTACCGCAACAG-1,33,35,0.0,1.3195286,-0.42149004,-0.2988752,0.0,0.0,0.3839480753730098,False,False,False,2.8284271247461903
GGTAGTGCATGAAGTG-1,5,27,0.0,1.9459101,-0.42149004,0.24477994,0.0,0.0,0.5662085938945155,False,False,False,1.4142135623730951
GGTAGTTGAAGTCCAT-1,13,5,0.0,2.9700856,-0.42149004,1.1336924,0.0,0.0,0.8642166970143453,False,True,False,3.1622776601683795
GGTATGCAACAGTGGC-1,57,51,0.0,1.609438,-0.42149004,-0.047254253,0.0,0.0,0.4683040608715467,False,False,False,2.0
GGTCACCGCATAACAA-1,28,32,0.0,2.8617926,-0.42149004,1.0397016,0.0,0.0,0.8327062584122332,False,True,False,1.4142135623730951
GGTCATGCTCTGCCAA-1,9,71,0.0,2.4708214,-0.42149004,0.7003661,0.0,0.0,0.7189439522998273,False,False,False,5.0990195135927845
GGTCCGGACGAGTGAA-1,9,99,0.0,0.6931472,-0.42149004,-0.84253025,0.0,0.0,0.20168759681644627,False,False,False,2.8284271247461903
GGTCCTGCGAGTAGGT-1,27,51,0.6931472,0.0,2.9589918,-1.4441334,0.0,1.0,0.0,True,False,False,0.0
GGTCTACAGGCTACAA-1,0,106,0.0,0.89587975,-0.42149004,-0.66657263,0.0,0.0,0.26067743010882455,False,False,False,1.4142135623730951
GGTCTGAAGGTTCGAA-1,19,101,0.0,3.012933,-0.42149004,1.1708809,0.0,0.0,0.8766841603809357,False,True,False,2.8284271247461903
GGTCTGAAGTATGTCA-1,40,92,0.0,1.2424533,-0.42149004,-0.3657711,0.0,0.0,0.3615212085345766,False,False,False,1.4142135623730951
GGTCTGAGATCCGCCA-1,68,88,0.0,1.2424533,-0.42149004,-0.3657711,0.0,0.0,0.3615212085345766,False,False,False,4.0
GGTCTGCGAACTGTAT-1,39,93,0.6931472,1.0397208,2.9589918,-0.54172873,0.3025313752421983,1.0,0.3025313752421983,True,False,False,0.0
GGTCTGGTTGTAGAAC-1,36,114,0.0,0.0,-0.42149004,-1.4441334,0.0,0.0,0.0,False,False,False,3.1622776601683795
GGTCTGTATCTTGTCG-1,0,60,0.0,2.2386684,-0.42149004,0.49887362,0.0,0.0,0.651393558451017,False,False,False,4.47213595499958
GGTCTGTTCACTAATC-1,4,56,0.0,1.8444397,-0.42149004,0.1567108,0.0,0.0,0.5366833938133795,False,False,False,2.0
GGTCTTATAGGCTGGC-1,36,92,0.0,2.1783543,-0.42149004,0.44652516,0.0,0.0,0.6338437234120109,False,False,False,3.1622776601683795
GGTCTTCCGCACATCC-1,33,41,0.3465736,0.54930615,1.2687509,-0.9673742,0.10084379618112044,0.63092977,0.15983363170060141,True,False,False,0.0
GGTCTTCCGGCTGGAC-1,26,22,0.0,3.4613218,-0.42149004,1.5600508,0.0,0.0,1.0,False,True,False,2.8284271247461903
GGTCTTGAACCGGCCA-1,40,60,0.3465736,0.3465736,1.2687509,-1.1433318,0.06362536695009495,0.63092977,0.10084381839069423,True,False,False,0.0
GGTCTTGATAACGTCA-1,25,115,0.0,0.0,-0.42149004,-1.4441334,0.0,0.0,0.0,False,False,False,5.0990195135927845
GGTCTTGATTCAACCT-1,71,23,0.0,2.8715014,-0.42149004,1.0481282,0.0,0.0,0.8355313002459861,False,True,False,1.4142135623730951
GGTGATGGTACAATGG-1,75,15,0.0,0.6931472,-0.42149004,-0.84253025,0.0,0.0,0.20168759681644627,False,False,False,3.1622776601683795
GGTGCAACCATGAGGA-1,75,23,0.97295505,0.6931472,4.323616,-0.84253025,0.20168759681644627,1.0,0.20168759681644627,True,False,False,0.0
GGTGCAATCAGACTTC-1,39,111,0.0,1.4978662,-0.42149004,-0.14409073,0.0,0.0,0.43583961039200964,False,False,False,2.0
GGTGCACTCCGGTTCG-1,16,28,0.0,1.6661022,-0.42149004,0.0019263168,0.0,0.0,0.4847918584431252,False,False,False,1.4142135623730951
GGTGCAGGCACCGCGT-1,40,96,0.0,0.0,-0.42149004,-1.4441334,0.0,0.0,0.0,False,False,False,2.8284271247461903
GGTGCAGTGGTCTTAT-1,18,96,0.0,0.89587975,-0.42149004,-0.66657263,0.0,0.0,0.26067743010882455,False,False,False,4.242640687119285
GGTGCAGTTCCATATG-1,57,25,0.0,3.5549397,-0.42149004,1.6413046,0.0,0.0,1.0,False,True,False,1.4142135623730951
GGTGCATCCAGAACGG-1,4,30,0.0,1.0397208,-0.42149004,-0.54172873,0.0,0.0,0.3025313752421983,False,False,False,1.4142135623730951
GGTGCATGATACGGAT-1,70,10,0.3465736,3.826273,1.2687509,1.8768028,0.6309297680854797,0.63092977,1.0,True,True,True,0.0
GGTGCGTGGAGTTGGT-1,0,72,0.0,0.3465736,-0.42149004,-1.1433318,0.0,0.0,0.10084381839069423,False,False,False,2.0
GGTGGCTTATTGCGTG-1,52,76,0.0,3.1142554,-0.42149004,1.2588216,0.0,0.0,0.9061662982368586,False,True,False,3.1622776601683795
GGTGTATGTTCCGATC-1,7,93,0.0,0.0,-0.42149004,-1.4441334,0.0,0.0,0.0,False,False,False,4.0
GGTGTCAAGCTGCACC-1,73,41,0.0,0.3465736,-0.42149004,-1.1433318,0.0,0.0,0.10084381839069423,False,False,False,1.4142135623730951
GGTGTCACCAGCGAAC-1,20,50,0.0,2.0715673,-0.42149004,0.35384157,0.0,0.0,0.602771530374754,False,False,False,2.0
GGTGTCATACTATTAG-1,1,45,0.0,1.994492,-0.42149004,0.28694567,0.0,0.0,0.5803446635363207,False,False,False,4.0
GGTTACAGCCGGCCGG-1,13,57,0.0,1.8317808,-0.42149004,0.14572372,0.0,0.0,0.5329999699643477,False,False,False,2.0
GGTTACCAGACAACAT-1,62,94,0.0,3.752471,-0.42149004,1.812748,0.0,0.0,1.0,False,True,False,1.4142135623730951
GGTTACGGACGATTAA-1,18,16,0.0,3.4292827,-0.42149004,1.5322431,0.0,0.0,0.9978309287396766,False,True,False,1.4142135623730951
GGTTAGACTCACTAGC-1,48,32,0.804719,0.6931472,3.5031278,-0.84253025,0.20168759681644627,1.0,0.20168759681644627,True,False,False,0.0
GGTTAGACTCGGAGGT-1,24,102,0.0,1.4451859,-0.42149004,-0.1898135,0.0,0.0,0.42051104182695487,False,False,False,3.1622776601683795
GGTTAGATGAGTCTAA-1,6,60,0.0,2.29756,-0.42149004,0.5499873,0.0,0.0,0.6685294366187859,False,False,False,4.47213595499958
GGTTAGATGCCGTTGC-1,10,96,0.0,0.3465736,-0.42149004,-1.1433318,0.0,0.0,0.10084381839069423,False,False,False,1.4142135623730951
GGTTAGCTTCATGAGT-1,55,17,0.0,2.9753213,-0.42149004,1.1382365,0.0,0.0,0.8657401206458079,False,True,False,2.0
GGTTAGTATGAGTGTC-1,47,97,0.3465736,2.7879746,1.2687509,0.9756328,0.5118273766432281,0.63092977,0.8112271801603829,True,True,True,0.0
GGTTAGTCGGCAGCGA-1,9,81,0.0,2.0871935,-0.42149004,0.367404,0.0,0.0,0.6073183418480741,False,False,False,1.4142135623730951
GGTTAGTGCTCCTACT-1,7,109,0.0,0.0,-0.42149004,-1.4441334,0.0,0.0,0.0,False,False,False,2.0
GGTTCAAGGTTAAGCC-1,9,67,0.0,0.54930615,-0.42149004,-0.9673742,0.0,0.0,0.15983363170060141,False,False,False,3.1622776601683795
GGTTCACCGACTCACG-1,42,46,0.6931472,2.2499049,2.9589918,0.50862604,0.6546630603981359,1.0,0.6546630603981359,True,False,False,0.0
GGTTCATTCCGGCCTC-1,45,93,0.0,0.3465736,-0.42149004,-1.1433318,0.0,0.0,0.10084381839069423,False,False,False,4.242640687119285
GGTTCTATACCGCTTG-1,21,29,1.0397208,1.0397208,4.649233,-0.54172873,0.3025313752421983,1.0,0.3025313752421983,True,False,False,0.0
GGTTCTATCATATGGC-1,71,9,0.0,2.7607305,-0.42149004,0.95198685,0.0,0.0,0.8032998741042376,False,True,False,1.4142135623730951
GGTTCTCCTATCAGTT-1,36,18,0.0,2.7647147,-0.42149004,0.9554449,0.0,0.0,0.8044591771473779,False,True,False,2.0
GGTTCTCGTGATGTGA-1,23,101,0.0,2.3025851,-0.42149004,0.5543488,0.0,0.0,0.6699916339588086,False,False,False,2.8284271247461903
GGTTCTGGAGTCTACC-1,21,61,0.0,2.5619822,-0.42149004,0.7794872,0.0,0.0,0.7454693238725285,False,False,False,1.4142135623730951
GGTTGACCATTGCTGT-1,6,56,0.0,1.7005987,-0.42149004,0.031866897,0.0,0.0,0.49482944493329234,False,False,False,3.1622776601683795
GGTTGATAAGTACCTG-1,3,35,0.0,1.7005987,-0.42149004,0.031866897,0.0,0.0,0.49482944493329234,False,False,False,1.4142135623730951
GGTTGCGATTGAACAG-1,10,68,0.0,1.0986123,-0.42149004,-0.49061504,0.0,0.0,0.31966725340996727,False,False,False,4.0
GGTTGCTACCGGAACA-1,20,2,0.0,0.804719,-0.42149004,-0.7456938,0.0,0.0,0.23415203855365221,False,False,False,1.4142135623730951
GTAACACCGAGCGTTA-1,49,75,0.0,2.3895617,-0.42149004,0.62983835,0.0,0.0,0.6952995135325362,False,False,False,4.47213595499958
GTAACACTGTACCACG-1,6,118,0.0,0.3465736,-0.42149004,-1.1433318,0.0,0.0,0.10084381839069423,False,False,False,3.1622776601683795
GTAACATAAGACCGTA-1,2,112,0.0,1.0397208,-0.42149004,-0.54172873,0.0,0.0,0.3025313752421983,False,False,False,1.4142135623730951
GTAACATACACCTGTT-1,36,86,0.0,0.54930615,-0.42149004,-0.9673742,0.0,0.0,0.15983363170060141,False,False,False,3.1622776601683795
GTAACATCTTATAATG-1,11,39,0.0,0.54930615,-0.42149004,-0.9673742,0.0,0.0,0.15983363170060141,False,False,False,1.4142135623730951
GTAACCACCTACAACC-1,7,59,0.0,3.0153427,-0.42149004,1.1729723,0.0,0.0,0.8773853053267732,False,True,False,4.242640687119285
GTAACCTAGCGTCACG-1,11,65,0.0,1.8444397,-0.42149004,0.1567108,0.0,0.0,0.5366833938133795,False,False,False,1.4142135623730951
GTAACGGCAGCCTACA-1,71,11,0.0,3.0910425,-0.42149004,1.2386744,0.0,0.0,0.8994119432516126,False,True,False,1.4142135623730951
GTAAGTATTGCTATCG-1,15,33,0.0,1.3862944,-0.42149004,-0.2409272,0.0,0.0,0.40337515866356816,False,False,False,1.4142135623730951
GTAAGTTGCGGAGCGT-1,48,58,0.0,1.8444397,-0.42149004,0.1567108,0.0,0.0,0.5366833938133795,False,False,False,2.0
GTAAGTTGCTGGTGGA-1,26,30,0.3465736,1.3195286,1.2687509,-0.2988752,0.24224427015195937,0.63092977,0.3839480753730098,True,False,False,0.0
GTAATCACGCACAGCT-1,19,69,0.0,0.6931472,-0.42149004,-0.84253025,0.0,0.0,0.20168759681644627,False,False,False,5.0990195135927845
GTAATCAGGCGGACGG-1,31,21,0.0,3.5141006,-0.42149004,1.6058592,0.0,0.0,1.0,False,True,False,1.4142135623730951
GTAATCTTGTCTAGTT-1,51,39,0.0,0.6931472,-0.42149004,-0.84253025,0.0,0.0,0.20168759681644627,False,False,False,1.4142135623730951
GTAATGACGGTCTACG-1,41,115,0.0,1.994492,-0.42149004,0.28694567,0.0,0.0,0.5803446635363207,False,False,False,2.0
GTAATGATCACGTAAG-1,11,55,0.0,1.2424533,-0.42149004,-0.3657711,0.0,0.0,0.3615212085345766,False,False,False,2.0
GTACAACTCGGCAGAA-1,29,83,0.0,1.9356005,-0.42149004,0.23583196,0.0,0.0,0.563208780372934,False,False,False,2.0
GTACAGAACAGGACTC-1,22,88,0.0,1.4451859,-0.42149004,-0.1898135,0.0,0.0,0.42051104182695487,False,False,False,4.0
GTACAGAACCGATTAT-1,13,89,0.0,2.2924838,-0.42149004,0.5455816,0.0,0.0,0.6670524122852097,False,False,False,1.4142135623730951
GTACAGATGACATCGC-1,45,41,0.0,2.2154083,-0.42149004,0.47868547,0.0,0.0,0.6446254755081277,False,False,False,3.1622776601683795
GTACAGCCGTTACAGA-1,25,25,0.0,3.074234,-0.42149004,1.2240858,0.0,0.0,0.8945211135558933,False,True,False,1.4142135623730951
GTACAGCTGAGCCGGA-1,63,25,0.0,1.8444397,-0.42149004,0.1567108,0.0,0.0,0.5366833938133795,False,False,False,1.4142135623730951
GTACAGCTGTTGTCCT-1,69,15,0.3465736,3.1002545,1.2687509,1.2466699,0.5691569688436788,0.63092977,0.9020924318894527,True,True,True,0.0
GTACAGGAACGAATGG-1,61,29,0.3465736,3.5047045,1.2687509,1.5977039,0.6309297680854797,0.63092977,1.0,True,True,True,0.0
GTACAGTATCGGAATT-1,49,59,0.0,2.2499049,-0.42149004,0.50862604,0.0,0.0,0.6546630603981359,False,False,False,1.4142135623730951
GTACATAAGCTACGCC-1,53,107,0.0,3.2573564,-0.42149004,1.3830233,0.0,0.0,0.9478049322441664,False,True,False,2.0
GTACCTCCTGATTCTT-1,6,90,0.0,1.2424533,-0.42149004,-0.3657711,0.0,0.0,0.3615212085345766,False,False,False,2.0
GTACCTGAAGTGAATG-1,34,66,0.0,3.1984649,-0.42149004,1.3319095,0.0,0.0,0.9306690440851619,False,True,False,3.1622776601683795
GTACCTTCATGTGCAA-1,14,56,0.0,1.9356005,-0.42149004,0.23583196,0.0,0.0,0.563208780372934,False,False,False,3.1622776601683795
GTACGAAGATTATCCG-1,58,34,0.0,0.0,-0.42149004,-1.4441334,0.0,0.0,0.0,False,False,False,2.0
GTACGAAGGATTATTG-1,19,81,0.0,2.282174,-0.42149004,0.5366335,0.0,0.0,0.6640525637943038,False,False,False,6.324555320336759
GTACGAAGGCGTCTAT-1,0,42,0.0,2.673554,-0.42149004,0.8763237,0.0,0.0,0.7779337855922056,False,False,False,1.4142135623730951
GTACGAATTACATAAT-1,17,11,0.0,3.5694337,-0.42149004,1.6538844,0.0,0.0,1.0,False,True,False,1.4142135623730951
GTACGAATTCTACCAA-1,21,47,0.3465736,0.3465736,1.2687509,-1.1433318,0.06362536695009495,0.63092977,0.10084381839069423,True,False,False,0.0
GTACGACAGCTCCGGA-1,72,42,0.0,0.3465736,-0.42149004,-1.1433318,0.0,0.0,0.10084381839069423,False,False,False,2.0
GTACGAGGTAGTGCAC-1,28,16,0.0,2.2499049,-0.42149004,0.50862604,0.0,0.0,0.6546630603981359,False,False,False,1.4142135623730951
GTACGATTAGTCTACA-1,47,89,0.54930615,0.54930615,2.2574785,-0.9673742,0.15983363170060141,1.0,0.15983363170060141,True,False,False,0.0
GTACGATTGCGATGGC-1,3,11,0.0,3.6838543,-0.42149004,1.7531935,0.0,0.0,1.0,False,True,False,4.0
GTACGCCTCGCTTCCA-1,48,18,0.6931472,1.1512926,2.9589918,-0.44489226,0.3349958269706398,1.0,0.3349958269706398,True,False,False,0.0
GTACGCTCGCCAACAT-1,49,11,0.54930615,1.3540251,2.2574785,-0.26893464,0.39398566026301807,1.0,0.39398566026301807,True,False,False,0.0
GTACGCTTGATACCAC-1,51,11,0.0,3.1639686,-0.42149004,1.3019692,0.0,0.0,0.9206315291338025,False,True,False,1.4142135623730951
GTACGGTTAATGCAGG-1,6,38,0.0,2.6968138,-0.42149004,0.8965116,0.0,0.0,0.7847017886052106,False,True,False,2.0
GTACTACCGTTAGGTG-1,16,54,0.0,0.3465736,-0.42149004,-1.1433318,0.0,0.0,0.10084381839069423,False,False,False,4.0
GTACTGCATAAGGTTA-1,33,19,0.0,2.418141,-0.42149004,0.6546431,0.0,0.0,0.7036153187917414,False,False,False,1.4142135623730951
GTACTTAACTTCAGCG-1,22,74,0.0,2.418141,-0.42149004,0.6546431,0.0,0.0,0.7036153187917414,False,False,False,6.324555320336759
GTACTTACTTCATACC-1,40,106,0.3465736,1.7917595,1.2687509,0.11098804,0.32893828056011326,0.63092977,0.5213548277461335,True,False,False,0.0
GTACTTAGTTGCGAAT-1,4,26,0.0,2.418141,-0.42149004,0.6546431,0.0,0.0,0.7036153187917414,False,False,False,2.0
GTACTTCCATCTGGCA-1,0,56,0.0,0.0,-0.42149004,-1.4441334,0.0,0.0,0.0,False,False,False,2.0
GTACTTCTGATCCTCG-1,17,47,0.0,0.0,-0.42149004,-1.4441334,0.0,0.0,0.0,False,False,False,1.4142135623730951
GTACTTGGTTCGCTTA-1,1,65,0.0,0.0,-0.42149004,-1.4441334,0.0,0.0,0.0,False,False,False,3.1622776601683795
GTAGAAGGACATCATA-1,38,90,0.0,2.5053177,-0.42149004,0.73030645,0.0,0.0,0.7289814672511867,False,False,False,3.1622776601683795
GTAGAAGTAAGCTGCG-1,34,26,0.3465736,3.2083662,1.2687509,1.3405031,0.5890045082383811,0.63092977,0.9335500368379853,True,True,True,0.0
GTAGAATCGCACATCG-1,15,7,0.0,4.145773,-0.42149004,2.1541064,0.0,0.0,1.0,False,True,False,1.4142135623730951
GTAGACCAGAATACTC-1,67,91,0.0,3.2083662,-0.42149004,1.3405031,0.0,0.0,0.9335500368379853,False,True,False,4.242640687119285
GTAGACCTGTCAACCA-1,27,33,0.3465736,2.7647147,1.2687509,0.9554449,0.5075572420718311,0.63092977,0.8044591771473779,True,True,True,0.0
GTAGACGTGCATGTGC-1,73,9,0.0,3.4533772,-0.42149004,1.5531555,0.0,0.0,1.0,False,True,False,1.4142135623730951
GTAGCAACGACCGTGG-1,49,57,0.0,2.0036666,-0.42149004,0.29490855,0.0,0.0,0.5830142217624709,False,False,False,2.8284271247461903
GTAGCAGAACATGGTG-1,43,21,0.3465736,0.89587975,1.2687509,-0.66657263,0.16446915052367952,0.63092977,0.26067743010882455,True,False,False,0.0
GTAGCAGAAGACTCTT-1,65,91,0.0,3.437616,-0.42149004,1.539476,0.0,0.0,1.0,False,True,False,3.1622776601683795
GTAGCATAGTTACAGG-1,24,110,0.0,0.0,-0.42149004,-1.4441334,0.0,0.0,0.0,False,False,False,5.0990195135927845
GTAGCATCGAAGGTCT-1,67,41,0.0,0.54930615,-0.42149004,-0.9673742,0.0,0.0,0.15983363170060141,False,False,False,2.8284271247461903
GTAGCCAGTGCGGTTG-1,23,99,0.0,2.8872757,-0.42149004,1.0618192,0.0,0.0,0.8401211939269906,False,True,False,2.0
GTAGCCGCACTCCATC-1,60,88,0.3465736,3.6505737,1.2687509,1.7243083,0.6309297680854797,0.63092977,1.0,True,True,True,0.0
GTAGCGCCTGAACTCA-1,13,55,0.0,2.5437982,-0.42149004,0.76370484,0.0,0.0,0.7401782852456865,False,False,False,2.8284271247461903
GTAGCGCTAGATCCGT-1,3,31,0.6931472,0.6931472,2.9589918,-0.84253025,0.20168759681644627,1.0,0.20168759681644627,True,False,False,0.0
GTAGCGCTCATCAGGT-1,38,36,0.0,0.0,-0.42149004,-1.4441334,0.0,0.0,0.0,False,False,False,1.4142135623730951
GTAGCGTGTAGCATGT-1,5,81,0.0,0.6931472,-0.42149004,-0.84253025,0.0,0.0,0.20168759681644627,False,False,False,1.4142135623730951
GTAGGAGCAACAGGCA-1,46,10,0.89587975,0.89587975,3.9477193,-0.66657263,0.26067743010882455,1.0,0.26067743010882455,True,False,False,0.0
GTAGGTGATAATTCAC-1,45,113,0.0,0.89587975,-0.42149004,-0.66657263,0.0,0.0,0.26067743010882455,False,False,False,1.4142135623730951
GTAGTCCAGCGGACAT-1,56,92,0.0,3.270515,-0.42149004,1.394444,0.0,0.0,0.9516337335660436,False,True,False,3.1622776601683795
GTAGTCCATTGTTCGT-1,12,38,0.3465736,0.0,1.2687509,-1.4441334,0.0,0.63092977,0.0,True,False,False,0.0
GTAGTCCGTGTACTAA-1,58,8,0.0,3.0019436,-0.42149004,1.1613429,0.0,0.0,0.8734865253911156,False,True,False,1.4142135623730951
GTAGTGACATTACGAC-1,47,117,0.0,0.6931472,-0.42149004,-0.84253025,0.0,0.0,0.20168759681644627,False,False,False,2.0
GTAGTTGTTCATGTAG-1,55,113,0.0,1.0397208,-0.42149004,-0.54172873,0.0,0.0,0.3025313752421983,False,False,False,6.0
GTATAACTTGTTGCGA-1,13,113,0.0,0.89587975,-0.42149004,-0.66657263,0.0,0.0,0.26067743010882455,False,False,False,1.4142135623730951
GTATAAGGCGTCTTCA-1,66,20,0.3465736,2.8650498,1.2687509,1.0425286,0.5259771419289487,0.63092977,0.833654027016345,True,True,True,0.0
GTATACATAGGTTGCC-1,60,12,0.0,3.5938287,-0.42149004,1.6750575,0.0,0.0,1.0,False,True,False,1.4142135623730951
GTATACGATACCTTGT-1,55,111,0.0,3.0019436,-0.42149004,1.1613429,0.0,0.0,0.8734865253911156,False,True,False,4.0
GTATCTACAGATCTCC-1,49,83,0.3465736,1.7917595,1.2687509,0.11098804,0.32893828056011326,0.63092977,0.5213548277461335,True,False,False,0.0
GTATCTAGCTACCAGC-1,48,40,0.3465736,0.54930615,1.2687509,-0.9673742,0.10084379618112044,0.63092977,0.15983363170060141,True,False,False,0.0
GTATCTGTCAACGGTG-1,39,77,0.0,0.54930615,-0.42149004,-0.9673742,0.0,0.0,0.15983363170060141,False,False,False,1.4142135623730951
GTATGACATAAGACGG-1,20,96,0.0,1.609438,-0.42149004,-0.047254253,0.0,0.0,0.4683040608715467,False,False,False,3.1622776601683795
GTATGATAGTATGGAT-1,19,59,0.3465736,1.8317808,1.2687509,0.14572372,0.3362855474391736,0.63092977,0.5329999699643477,True,False,False,0.0
GTATGATCACTTGACG-1,22,104,0.0,3.0260446,-0.42149004,1.1822609,0.0,0.0,0.8804992936925828,False,True,False,5.0990195135927845
GTATGCCTATCTTGCG-1,61,101,0.0,3.2896256,-0.42149004,1.4110307,0.0,0.0,0.9571944156578632,False,True,False,1.4142135623730951
GTATGCCTTACTCCAC-1,66,102,0.0,0.3465736,-0.42149004,-1.1433318,0.0,0.0,0.10084381839069423,False,False,False,5.0990195135927845
GTATGCGGTATCATGA-1,44,116,0.0,2.6441336,-0.42149004,0.8507889,0.0,0.0,0.769373235027009,False,False,False,1.4142135623730951
GTATGCTTGCGACTAA-1,16,72,0.0,3.0019436,-0.42149004,1.1613429,0.0,0.0,0.8734865253911156,False,True,False,2.8284271247461903
GTATGGTGGAGCGGCC-1,64,24,0.3465736,2.582393,1.2687509,0.79720235,0.47408588596466056,0.63092977,0.7514083340896199,True,False,False,0.0
GTATGTAGCAGGCATA-1,19,33,0.0,0.3465736,-0.42149004,-1.1433318,0.0,0.0,0.10084381839069423,False,False,False,1.4142135623730951
GTATGTAGCTCACCTT-1,52,72,0.0,0.3465736,-0.42149004,-1.1433318,0.0,0.0,0.10084381839069423,False,False,False,4.242640687119285
GTATGTAGGCTTAAGA-1,3,105,0.0,0.0,-0.42149004,-1.4441334,0.0,0.0,0.0,False,False,False,1.4142135623730951
GTATGTGCAAGCCGGA-1,48,52,0.0,0.0,-0.42149004,-1.4441334,0.0,0.0,0.0,False,False,False,2.8284271247461903
GTATGTTAGACTGCCT-1,1,77,0.0,0.0,-0.42149004,-1.4441334,0.0,0.0,0.0,False,False,False,4.0
GTATGTTAGTTCTACC-1,29,61,0.0,2.5964785,-0.42149004,0.8094276,0.0,0.0,0.7555068588063591,False,False,False,2.0
GTATGTTCTGGATCGC-1,67,75,0.54930615,2.1719027,2.2574785,0.4409256,0.6319664701648409,1.0,0.6319664701648409,True,False,False,0.0
GTATTAATGGTTGTGG-1,4,102,0.0,0.6931472,-0.42149004,-0.84253025,0.0,0.0,0.20168759681644627,False,False,False,3.1622776601683795
GTATTACGAGTCAATC-1,18,24,0.0,2.8502216,-0.42149004,1.0296588,0.0,0.0,0.8293394118571672,False,True,False,3.1622776601683795
GTATTACGGCCATTAT-1,17,27,0.0,3.1934397,-0.42149004,1.327548,0.0,0.0,0.9292068467451394,False,True,False,2.8284271247461903
GTATTACGGTATTGAG-1,52,34,0.0,0.0,-0.42149004,-1.4441334,0.0,0.0,0.0,False,False,False,1.4142135623730951
GTATTAGATTGAGGTC-1,22,112,0.0,0.6931472,-0.42149004,-0.84253025,0.0,0.0,0.20168759681644627,False,False,False,2.8284271247461903
GTATTAGGTTATCTGC-1,44,8,0.6931472,1.3540251,2.9589918,-0.26893464,0.39398566026301807,1.0,0.39398566026301807,True,False,False,0.0
GTATTATGAGTTAGCG-1,37,91,0.0,1.0397208,-0.42149004,-0.54172873,0.0,0.0,0.3025313752421983,False,False,False,2.8284271247461903
GTATTCCAAGTTACCT-1,24,78,0.0,1.8444397,-0.42149004,0.1567108,0.0,0.0,0.5366833938133795,False,False,False,4.47213595499958
GTATTCGTGACTTGAT-1,22,56,0.0,1.8444397,-0.42149004,0.1567108,0.0,0.0,0.5366833938133795,False,False,False,4.0
GTCAACAGACGCACGT-1,55,27,0.3465736,3.2498937,1.2687509,1.3765461,0.5966283103848216,0.63092977,0.9456334770750412,True,True,True,0.0
GTCAACAGCATAGATT-1,15,23,0.0,3.5167532,-0.42149004,1.6081614,0.0,0.0,1.0,False,True,False,4.0
GTCAACAGCGCACCGA-1,55,43,0.3465736,0.3465736,1.2687509,-1.1433318,0.06362536695009495,0.63092977,0.10084381839069423,True,False,False,0.0
GTCAACAGTTAAGTGA-1,34,104,0.0,1.2424533,-0.42149004,-0.3657711,0.0,0.0,0.3615212085345766,False,False,False,3.1622776601683795
GTCAACATAAGATAGA-1,10,94,0.0,1.4978662,-0.42149004,-0.14409073,0.0,0.0,0.43583961039200964,False,False,False,1.4142135623730951
GTCAACATGGTGCTAT-1,62,24,0.0,0.54930615,-0.42149004,-0.9673742,0.0,0.0,0.15983363170060141,False,False,False,1.4142135623730951
GTCAACCTGACGATAG-1,26,78,0.0,2.0471723,-0.42149004,0.33266842,0.0,0.0,0.5956732271057577,False,False,False,2.8284271247461903
GTCACCAAGAGCGGTG-1,58,104,0.0,2.9830732,-0.42149004,1.1449647,0.0,0.0,0.8679957419831921,False,True,False,1.4142135623730951
GTCACCTGAGATTGGA-1,3,93,0.0,0.0,-0.42149004,-1.4441334,0.0,0.0,0.0,False,False,False,1.4142135623730951
GTCACTAAGAGGAATA-1,57,45,0.0,0.89587975,-0.42149004,-0.66657263,0.0,0.0,0.26067743010882455,False,False,False,1.4142135623730951
GTCACTAAGCCAGCGG-1,40,94,0.0,0.3465736,-0.42149004,-1.1433318,0.0,0.0,0.10084381839069423,False,False,False,1.4142135623730951
GTCACTACTTAATGGA-1,57,85,0.0,2.9144728,-0.42149004,1.0854243,0.0,0.0,0.8480348119904347,False,True,False,3.1622776601683795
GTCACTGAATCTCACC-1,45,103,0.0,2.8314803,-0.42149004,1.0133927,0.0,0.0,0.8238861954949052,False,True,False,5.0990195135927845
GTCACTTATCCAAGAC-1,35,45,0.0,2.282174,-0.42149004,0.5366335,0.0,0.0,0.6640525637943038,False,False,False,1.4142135623730951
GTCACTTATGAATGCG-1,53,79,0.0,3.1917534,-0.42149004,1.3260844,0.0,0.0,0.9287161571848913,False,True,False,2.0
GTCACTTATGTCGTAT-1,37,103,0.0,2.3502402,-0.42149004,0.5957101,0.0,0.0,0.6838580101794585,False,False,False,4.242640687119285
GTCACTTCTGGAGCGG-1,74,18,0.0,0.0,-0.42149004,-1.4441334,0.0,0.0,0.0,False,False,False,1.4142135623730951
GTCAGCCAACATCACG-1,44,20,0.0,0.89587975,-0.42149004,-0.66657263,0.0,0.0,0.26067743010882455,False,False,False,1.4142135623730951
GTCAGCCATTGTGCGG-1,12,70,0.0,2.5053177,-0.42149004,0.73030645,0.0,0.0,0.7289814672511867,False,False,False,2.0
GTCAGCCTAATTACGT-1,8,84,0.0,1.2424533,-0.42149004,-0.3657711,0.0,0.0,0.3615212085345766,False,False,False,1.4142135623730951
GTCAGCCTCCGAACCT-1,39,43,0.0,1.4451859,-0.42149004,-0.1898135,0.0,0.0,0.42051104182695487,False,False,False,2.0
GTCAGCGATGTAATTG-1,29,91,0.0,1.9356005,-0.42149004,0.23583196,0.0,0.0,0.563208780372934,False,False,False,1.4142135623730951
GTCAGCGATTGATTCA-1,48,38,0.54930615,0.3465736,2.2574785,-1.1433318,0.10084381839069423,1.0,0.10084381839069423,True,False,False,0.0
GTCAGCTCAATCAAGG-1,46,112,0.0,2.2386684,-0.42149004,0.49887362,0.0,0.0,0.651393558451017,False,False,False,2.8284271247461903
GTCAGCTGGTGAGGCG-1,11,19,0.0,3.8103526,-0.42149004,1.862985,0.0,0.0,1.0,False,True,False,2.0
GTCAGGACAAGCCATG-1,10,84,0.0,2.5619822,-0.42149004,0.7794872,0.0,0.0,0.7454693238725285,False,False,False,1.4142135623730951
GTCAGGATCAACCAAC-1,66,50,0.0,0.0,-0.42149004,-1.4441334,0.0,0.0,0.0,False,False,False,2.8284271247461903
GTCAGGTACGTGGCAT-1,60,90,0.0,2.6287477,-0.42149004,0.837435,0.0,0.0,0.7648963422200559,False,False,False,2.0
GTCAGTAATCCAATTA-1,58,56,0.0,0.3465736,-0.42149004,-1.1433318,0.0,0.0,0.10084381839069423,False,False,False,4.47213595499958
GTCAGTAGGTGACCGG-1,37,49,0.3465736,0.0,1.2687509,-1.4441334,0.0,0.63092977,0.0,True,False,False,0.0
GTCAGTGAGGATCGTT-1,25,77,0.0,3.0816574,-0.42149004,1.2305288,0.0,0.0,0.8966811387515513,False,True,False,4.242640687119285
GTCAGTGCCAGAATAA-1,44,104,0.0,2.5964785,-0.42149004,0.8094276,0.0,0.0,0.7555068588063591,False,False,False,4.47213595499958
GTCAGTGCTGACAGCG-1,32,114,0.0,0.3465736,-0.42149004,-1.1433318,0.0,0.0,0.10084381839069423,False,False,False,5.830951894845301
GTCAGTTCTGCCTGGA-1,32,50,1.1512926,1.0986123,5.193369,-0.49061504,0.31966725340996727,1.0,0.31966725340996727,True,False,False,0.0
GTCATCACGTGGTTCA-1,32,52,0.6931472,0.0,2.9589918,-1.4441334,0.0,1.0,0.0,True,False,False,0.0
GTCATCACTATTGTGC-1,36,40,0.0,0.89587975,-0.42149004,-0.66657263,0.0,0.0,0.26067743010882455,False,False,False,3.1622776601683795
GTCATCAGTAGACCAG-1,26,36,0.6931472,1.609438,2.9589918,-0.047254253,0.4683040608715467,1.0,0.4683040608715467,True,False,False,0.0
GTCCAGCACGTTCAGA-1,76,40,0.0,0.0,-0.42149004,-1.4441334,0.0,0.0,0.0,False,False,False,2.8284271247461903
GTCCATCTATACAAGG-1,56,42,0.0,0.3465736,-0.42149004,-1.1433318,0.0,0.0,0.10084381839069423,False,False,False,1.4142135623730951
GTCCGACAGCCGCATT-1,30,96,0.0,0.6931472,-0.42149004,-0.84253025,0.0,0.0,0.20168759681644627,False,False,False,3.1622776601683795
GTCCGTACGGATGCTC-1,0,52,0.6931472,0.3465736,2.9589918,-1.1433318,0.10084381839069423,1.0,0.10084381839069423,True,False,False,0.0
GTCCTGCTTACGGCTG-1,46,12,0.0,0.89587975,-0.42149004,-0.66657263,0.0,0.0,0.26067743010882455,False,False,False,1.4142135623730951
GTCCTTCATCAGATCA-1,36,70,0.0,0.0,-0.42149004,-1.4441334,0.0,0.0,0.0,False,False,False,1.4142135623730951
GTCCTTCATGGATTAG-1,67,47,0.0,0.3465736,-0.42149004,-1.1433318,0.0,0.0,0.10084381839069423,False,False,False,1.4142135623730951
GTCCTTCGGAACCTGC-1,48,36,0.3465736,0.0,1.2687509,-1.4441334,0.0,0.63092977,0.0,True,False,False,0.0
GTCGAAGTCGTGTTCT-1,60,32,0.0,0.89587975,-0.42149004,-0.66657263,0.0,0.0,0.26067743010882455,False,False,False,2.0
GTCGAGAACTAGACGA-1,6,20,0.0,3.1002545,-0.42149004,1.2466699,0.0,0.0,0.9020924318894527,False,True,False,3.1622776601683795
GTCGAGTGCTCCTTCG-1,7,31,0.0,1.4978662,-0.42149004,-0.14409073,0.0,0.0,0.43583961039200964,False,False,False,1.4142135623730951
GTCGCAACGAGCTGAC-1,41,117,0.0,0.0,-0.42149004,-1.4441334,0.0,0.0,0.0,False,False,False,2.8284271247461903
GTCGCACGCAGCCTGC-1,60,52,0.3465736,0.6931472,1.2687509,-0.84253025,0.12725070868511817,0.63092977,0.20168759681644627,True,False,False,0.0
GTCGCAGATTACTGCA-1,53,21,0.0,2.8825955,-0.42149004,1.0577571,0.0,0.0,0.8387593885217574,False,True,False,3.1622776601683795
GTCGCATGCGGTAGAT-1,46,114,0.0,1.5222611,-0.42149004,-0.12291759,0.0,0.0,0.442937908665388,False,False,False,1.4142135623730951
GTCGCTAAGTGAGGTT-1,38,110,0.0,0.0,-0.42149004,-1.4441334,0.0,0.0,0.0,False,False,False,2.8284271247461903
GTCGGCCGTTGTGAAT-1,47,31,1.0397208,0.3465736,4.649233,-1.1433318,0.10084381839069423,1.0,0.10084381839069423,True,False,False,0.0
GTCGGCCTCCGGCATC-1,66,48,0.0,0.0,-0.42149004,-1.4441334,0.0,0.0,0.0,False,False,False,2.0
GTCGTAGACTGACAAG-1,18,26,0.0,2.65906,-0.42149004,0.86374396,0.0,0.0,0.773716425119855,False,False,False,2.8284271247461903
GTCGTGTTCATGTCAG-1,52,82,0.0,1.9560115,-0.42149004,0.25354728,0.0,0.0,0.569147845541821,False,False,False,3.1622776601683795
GTCTAAGATCGGACTA-1,46,50,0.0,0.89587975,-0.42149004,-0.66657263,0.0,0.0,0.26067743010882455,False,False,False,1.4142135623730951
GTCTAAGCGGCACGCC-1,10,78,0.0,2.5619822,-0.42149004,0.7794872,0.0,0.0,0.7454693238725285,False,False,False,1.4142135623730951
GTCTAATACGGCTAAG-1,22,70,0.0,3.3309274,-0.42149004,1.4468777,0.0,0.0,0.9692121535299535,False,True,False,6.324555320336759
GTCTAATCGAATTGGA-1,8,96,0.0,0.0,-0.42149004,-1.4441334,0.0,0.0,0.0,False,False,False,3.1622776601683795
GTCTAGCATGGTACGT-1,13,33,0.0,1.3862944,-0.42149004,-0.2409272,0.0,0.0,0.40337515866356816,False,False,False,1.4142135623730951
GTCTAGGACAGGATAA-1,17,33,0.3465736,0.3465736,1.2687509,-1.1433318,0.06362536695009495,0.63092977,0.10084381839069423,True,False,False,0.0
GTCTAGTCTAGCGACG-1,45,91,0.0,1.0397208,-0.42149004,-0.54172873,0.0,0.0,0.3025313752421983,False,False,False,2.8284271247461903
GTCTATCAATGGATTA-1,55,49,0.0,1.4978662,-0.42149004,-0.14409073,0.0,0.0,0.43583961039200964,False,False,False,1.4142135623730951
GTCTATCAGTACTAAT-1,30,90,0.0,0.0,-0.42149004,-1.4441334,0.0,0.0,0.0,False,False,False,2.8284271247461903
GTCTATCCAGGACGTC-1,59,25,0.3465736,3.2483873,1.2687509,1.3752387,0.5963517514783117,0.63092977,0.9451951415890661,True,True,True,0.0
GTCTATGGTGAAGAGC-1,16,24,0.0,2.802901,-0.42149004,0.98858786,0.0,0.0,0.8155703702532288,False,True,False,4.242640687119285
GTCTATGTTAATAGAA-1,20,32,0.0,0.54930615,-0.42149004,-0.9673742,0.0,0.0,0.15983363170060141,False,False,False,1.4142135623730951
GTCTATTAAGCACTTA-1,2,42,0.0,2.524928,-0.42149004,0.7473269,0.0,0.0,0.7346875817676474,False,False,False,1.4142135623730951
GTCTATTAGTGAGGCC-1,22,18,0.0,3.1558673,-0.42149004,1.2949378,0.0,0.0,0.918274276948421,False,True,False,1.4142135623730951
GTCTATTGCGAGTTAC-1,37,23,0.0,2.2499049,-0.42149004,0.50862604,0.0,0.0,0.6546630603981359,False,False,False,1.4142135623730951
GTCTCATGACTAGTTG-1,41,55,0.0,1.2424533,-0.42149004,-0.3657711,0.0,0.0,0.3615212085345766,False,False,False,1.4142135623730951
GTCTCGACTGACGAGT-1,68,26,0.0,3.7769055,-0.42149004,1.8339554,0.0,0.0,1.0,False,True,False,2.0
GTCTGAACAAGGTTAG-1,64,16,0.0,2.3895617,-0.42149004,0.62983835,0.0,0.0,0.6952995135325362,False,False,False,1.4142135623730951
GTCTGATAGATTATAA-1,55,59,0.0,0.0,-0.42149004,-1.4441334,0.0,0.0,0.0,False,False,False,4.0
GTCTGATATCTGAATT-1,37,75,0.0,0.0,-0.42149004,-1.4441334,0.0,0.0,0.0,False,False,False,2.8284271247461903
GTCTGTGGATCTGACG-1,18,28,0.0,2.138333,-0.42149004,0.41178957,0.0,0.0,0.6221986086696945,False,False,False,2.0
GTCTTCGATAGGTGTT-1,12,68,0.0,2.282174,-0.42149004,0.5366335,0.0,0.0,0.6640525637943038,False,False,False,2.8284271247461903
GTCTTCGGTAGCTACA-1,53,35,0.0,0.89587975,-0.42149004,-0.66657263,0.0,0.0,0.26067743010882455,False,False,False,1.4142135623730951
GTCTTGAACAATTACA-1,56,76,0.0,1.9756218,-0.42149004,0.27056763,0.0,0.0,0.5748539200933392,False,False,False,3.1622776601683795
GTCTTGAAGATTCATG-1,4,12,0.0,2.7146728,-0.42149004,0.912012,0.0,0.0,0.7898982901612945,False,True,False,3.1622776601683795
GTCTTGACAATAGCAA-1,27,63,0.0,3.342306,-0.42149004,1.4567534,0.0,0.0,0.9725229692360646,False,True,False,2.0
GTCTTGACCGGAGGCC-1,74,36,0.0,0.0,-0.42149004,-1.4441334,0.0,0.0,0.0,False,False,False,6.0
GTCTTGACTTGCTCTG-1,44,118,0.0,0.0,-0.42149004,-1.4441334,0.0,0.0,0.0,False,False,False,1.4142135623730951
GTCTTGATTGCCACCT-1,27,25,0.0,1.8444397,-0.42149004,0.1567108,0.0,0.0,0.5366833938133795,False,False,False,1.4142135623730951
GTCTTGCGATGAATGC-1,19,95,0.0,0.54930615,-0.42149004,-0.9673742,0.0,0.0,0.15983363170060141,False,False,False,4.47213595499958
GTCTTGCGGCGATTCA-1,44,58,0.0,0.0,-0.42149004,-1.4441334,0.0,0.0,0.0,False,False,False,2.0
GTCTTGCTGGACGATA-1,21,79,0.0,2.1910133,-0.42149004,0.45751235,0.0,0.0,0.637527182230367,False,False,False,7.0710678118654755
GTCTTGCTTGATCCAC-1,2,64,0.0,2.524928,-0.42149004,0.7473269,0.0,0.0,0.7346875817676474,False,False,False,4.47213595499958
GTCTTGTATTGTAGAT-1,48,86,0.0,0.6931472,-0.42149004,-0.84253025,0.0,0.0,0.20168759681644627,False,False,False,1.4142135623730951
GTGAACATTCAACGAT-1,25,69,0.0,3.4667115,-0.42149004,1.5647287,0.0,0.0,1.0,False,True,False,4.242640687119285
GTGAACGGTTCTAACG-1,30,6,0.54930615,1.0397208,2.2574785,-0.54172873,0.3025313752421983,1.0,0.3025313752421983,True,False,False,0.0
GTGAACTCGTGGTATC-1,71,41,0.0,0.0,-0.42149004,-1.4441334,0.0,0.0,0.0,False,False,False,2.8284271247461903
GTGAAGATGAGTGCCT-1,36,62,0.0,0.3465736,-0.42149004,-1.1433318,0.0,0.0,0.10084381839069423,False,False,False,1.4142135623730951
GTGAAGCCACAACCGG-1,14,84,0.0,2.948577,-0.42149004,1.1150243,0.0,0.0,0.8579582270318326,False,True,False,1.4142135623730951
GTGAAGTATTGGTCAC-1,72,20,0.0,3.0900083,-0.42149004,1.2377768,0.0,0.0,0.8991110072368977,False,True,False,1.4142135623730951
GTGAAGTGATCGTGCT-1,39,95,0.0,0.3465736,-0.42149004,-1.1433318,0.0,0.0,0.10084381839069423,False,False,False,2.0
GTGAATTAGACATTGC-1,11,71,0.0,1.6479185,-0.42149004,-0.013855865,0.0,0.0,0.4795008782415942,False,False,False,3.1622776601683795
GTGACAAGATGCTCAT-1,36,72,0.0,0.3465736,-0.42149004,-1.1433318,0.0,0.0,0.10084381839069423,False,False,False,1.4142135623730951
GTGACAGCCTAGCCTC-1,11,117,0.0,0.3465736,-0.42149004,-1.1433318,0.0,0.0,0.10084381839069423,False,False,False,1.4142135623730951
GTGACATACAGGTCCT-1,30,106,0.0,2.65906,-0.42149004,0.86374396,0.0,0.0,0.773716425119855,False,False,False,1.4142135623730951
GTGACATATGCTAGAT-1,13,45,0.0,1.609438,-0.42149004,-0.047254253,0.0,0.0,0.4683040608715467,False,False,False,1.4142135623730951
GTGACATGTACCACCT-1,58,90,0.0,3.4488525,-0.42149004,1.5492284,0.0,0.0,1.0,False,True,False,1.4142135623730951
GTGACCAGATCGAGAT-1,20,108,0.0,0.3465736,-0.42149004,-1.1433318,0.0,0.0,0.10084381839069423,False,False,False,2.8284271247461903
GTGACCGGAGTCATAC-1,50,64,0.0,0.6931472,-0.42149004,-0.84253025,0.0,0.0,0.20168759681644627,False,False,False,2.0
GTGACCGTGGATTAGC-1,56,34,0.0,0.6931472,-0.42149004,-0.84253025,0.0,0.0,0.20168759681644627,False,False,False,1.4142135623730951
GTGACTGTCCTGGTAT-1,40,84,0.0,1.2424533,-0.42149004,-0.3657711,0.0,0.0,0.3615212085345766,False,False,False,3.1622776601683795
GTGACTTCAACATCCG-1,49,113,0.0,2.5184765,-0.42149004,0.74172735,0.0,0.0,0.7328103285204773,False,False,False,4.47213595499958
GTGACTTCCTCACGAC-1,18,78,0.0,2.3592496,-0.42149004,0.6035296,0.0,0.0,0.6864794905801502,False,False,False,4.242640687119285
GTGAGCACCAGCATCC-1,67,81,0.0,0.3465736,-0.42149004,-1.1433318,0.0,0.0,0.10084381839069423,False,False,False,5.0990195135927845
GTGAGGATCTCAGCCT-1,4,60,0.0,2.418141,-0.42149004,0.6546431,0.0,0.0,0.7036153187917414,False,False,False,4.47213595499958
GTGAGGCATTCGGTGG-1,0,112,0.0,0.54930615,-0.42149004,-0.9673742,0.0,0.0,0.15983363170060141,False,False,False,1.4142135623730951
GTGAGGTCACAGGCCA-1,8,88,0.0,0.54930615,-0.42149004,-0.9673742,0.0,0.0,0.15983363170060141,False,False,False,2.0
GTGATCTACGAGATCC-1,53,57,0.0,1.5222611,-0.42149004,-0.12291759,0.0,0.0,0.442937908665388,False,False,False,2.8284271247461903
GTGATGGATTAGAACA-1,55,103,0.0,3.7191918,-0.42149004,1.7838639,0.0,0.0,1.0,False,True,False,2.0
GTGCAACGACGGTGTT-1,45,63,0.0,1.777674,-0.42149004,0.098762795,0.0,0.0,0.5172563105228211,False,False,False,1.4142135623730951
GTGCAACTACTGTACG-1,52,24,0.3465736,3.1513095,1.2687509,1.290982,0.5785298396543207,0.63092977,0.916948080306682,True,True,True,0.0
GTGCACCAATCATAAC-1,23,7,0.0,4.1371784,-0.42149004,2.146647,0.0,0.0,1.0,False,True,False,1.4142135623730951
GTGCACTTGTAAGCAC-1,58,44,0.0,1.3540251,-0.42149004,-0.26893464,0.0,0.0,0.39398566026301807,False,False,False,2.0
GTGCAGAAGGTGCGAG-1,18,110,0.3465736,2.3410656,1.2687509,0.5877472,0.42978207201340773,0.63092977,0.6811884519533082,True,False,False,0.0
GTGCAGCCGGTCTGCA-1,44,6,0.3465736,1.3195286,1.2687509,-0.2988752,0.24224427015195937,0.63092977,0.3839480753730098,True,False,False,0.0
GTGCAGGACTCCAAGG-1,64,38,0.0,0.0,-0.42149004,-1.4441334,0.0,0.0,0.0,False,False,False,4.242640687119285
GTGCAGGCACTCTAGG-1,32,88,0.0,0.0,-0.42149004,-1.4441334,0.0,0.0,0.0,False,False,False,1.4142135623730951
GTGCAGGCTGGACATG-1,19,85,0.0,2.804736,-0.42149004,0.99018043,0.0,0.0,0.8161042818984588,False,True,False,6.324555320336759
GTGCAGTTGTGGCGCT-1,42,14,0.0,0.6931472,-0.42149004,-0.84253025,0.0,0.0,0.20168759681644627,False,False,False,1.4142135623730951
GTGCATGGTTGAGTTC-1,25,105,0.0,0.54930615,-0.42149004,-0.9673742,0.0,0.0,0.15983363170060141,False,False,False,4.47213595499958
GTGCATTCCTGTGGTC-1,20,40,0.0,0.3465736,-0.42149004,-1.1433318,0.0,0.0,0.10084381839069423,False,False,False,2.8284271247461903
GTGCATTGCAATGTTG-1,60,38,0.0,0.3465736,-0.42149004,-1.1433318,0.0,0.0,0.10084381839069423,False,False,False,2.8284271247461903
GTGCCGTCCTGTCAGC-1,52,98,0.0,3.1639686,-0.42149004,1.3019692,0.0,0.0,0.9206315291338025,False,True,False,3.1622776601683795
GTGCCTGACACGTTGG-1,21,67,0.0,2.6441336,-0.42149004,0.8507889,0.0,0.0,0.769373235027009,False,False,False,5.0990195135927845
GTGCGTTCACGGATAA-1,12,76,0.0,0.89587975,-0.42149004,-0.66657263,0.0,0.0,0.26067743010882455,False,False,False,1.4142135623730951
GTGCTACGTTCTAACC-1,3,17,0.0,2.9261012,-0.42149004,1.095517,0.0,0.0,0.8514184038562796,False,True,False,2.8284271247461903
GTGCTCAATGCAACCT-1,58,72,0.0,1.777674,-0.42149004,0.098762795,0.0,0.0,0.5172563105228211,False,False,False,3.1622776601683795
GTGCTCGACGTGAACT-1,10,114,0.0,0.804719,-0.42149004,-0.7456938,0.0,0.0,0.23415203855365221,False,False,False,3.1622776601683795
GTGGAACAGAAGTCGA-1,41,95,0.0,1.1512926,-0.42149004,-0.44489226,0.0,0.0,0.3349958269706398,False,False,False,2.8284271247461903
GTGGAGTACAATCAAT-1,71,29,0.0,0.3465736,-0.42149004,-1.1433318,0.0,0.0,0.10084381839069423,False,False,False,2.0
GTGGATAATCATAATC-1,9,27,0.0,0.3465736,-0.42149004,-1.1433318,0.0,0.0,0.10084381839069423,False,False,False,1.4142135623730951
GTGGCGACCTAATATT-1,11,73,0.0,2.393746,-0.42149004,0.63346994,0.0,0.0,0.6965170055315097,False,False,False,4.0
GTGGCGACCTTGATTC-1,14,106,0.3465736,0.3465736,1.2687509,-1.1433318,0.06362536695009495,0.63092977,0.10084381839069423,True,False,False,0.0
GTGGCGACTGATTAAC-1,56,110,0.0,3.0201273,-0.42149004,1.177125,0.0,0.0,0.8787774840880732,False,True,False,3.1622776601683795
GTGGCGAGGAAGGCTA-1,25,93,0.0,2.1910133,-0.42149004,0.45751235,0.0,0.0,0.637527182230367,False,False,False,3.1622776601683795
GTGGCGATAGGCAGAA-1,62,42,0.0,0.6931472,-0.42149004,-0.84253025,0.0,0.0,0.20168759681644627,False,False,False,1.4142135623730951
GTGGCGATCTGCGATA-1,60,84,0.0,3.1012678,-0.42149004,1.2475493,0.0,0.0,0.9023872532680118,False,True,False,4.0
GTGGCGCACCTGTTCC-1,37,47,0.54930615,1.1512926,2.2574785,-0.44489226,0.3349958269706398,1.0,0.3349958269706398,True,False,False,0.0
GTGGCGCCAACAGCTC-1,6,58,0.0,0.804719,-0.42149004,-0.7456938,0.0,0.0,0.23415203855365221,False,False,False,4.242640687119285
GTGGCGCCACGCTGAG-1,62,112,0.0,2.1783543,-0.42149004,0.44652516,0.0,0.0,0.6338437234120109,False,False,False,8.602325267042627
GTGGCGCCACTACGCT-1,51,99,0.0,3.6420674,-0.42149004,1.7169254,0.0,0.0,1.0,False,True,False,2.0
GTGGCGCCAGACTCGA-1,20,36,0.0,2.0948274,-0.42149004,0.37402973,0.0,0.0,0.6095396133176433,False,False,False,1.4142135623730951
GTGGCGCCAGCTAACC-1,46,106,0.0,2.7403195,-0.42149004,0.9342715,0.0,0.0,0.7973608039397329,False,True,False,2.8284271247461903
GTGGCGGACATTCTCG-1,5,111,0.0,1.0986123,-0.42149004,-0.49061504,0.0,0.0,0.31966725340996727,False,False,False,4.0
GTGGCTTCCTACCGTT-1,23,95,0.0,0.0,-0.42149004,-1.4441334,0.0,0.0,0.0,False,False,False,4.47213595499958
GTGGTACTGGTTCCAA-1,76,38,0.0,0.0,-0.42149004,-1.4441334,0.0,0.0,0.0,False,False,False,4.47213595499958
GTGGTACTGTTGTAGC-1,23,93,0.0,0.54930615,-0.42149004,-0.9673742,0.0,0.0,0.15983363170060141,False,False,False,5.0990195135927845
GTGGTACTTGGTTGGA-1,25,15,0.0,3.4208078,-0.42149004,1.5248876,0.0,0.0,0.9953649719115297,False,True,False,1.4142135623730951
GTGGTAGGTCTAAGAA-1,21,37,0.0,1.9560115,-0.42149004,0.25354728,0.0,0.0,0.569147845541821,False,False,False,2.8284271247461903
GTGGTCGCTCTGTAGC-1,35,55,0.0,0.6931472,-0.42149004,-0.84253025,0.0,0.0,0.20168759681644627,False,False,False,1.4142135623730951
GTGGTTGACAAGGAGC-1,16,36,0.0,1.609438,-0.42149004,-0.047254253,0.0,0.0,0.4683040608715467,False,False,False,1.4142135623730951
GTGGTTGCACGCGGCA-1,5,29,0.0,0.89587975,-0.42149004,-0.66657263,0.0,0.0,0.26067743010882455,False,False,False,1.4142135623730951
GTGGTTGCCGCTTCAA-1,43,67,0.3465736,0.3465736,1.2687509,-1.1433318,0.06362536695009495,0.63092977,0.10084381839069423,True,False,False,0.0
GTTAACAACTTCGGAT-1,24,46,0.0,1.3540251,-0.42149004,-0.26893464,0.0,0.0,0.39398566026301807,False,False,False,1.4142135623730951
GTTAACTCCGACCACT-1,28,66,0.0,3.0546238,-0.42149004,1.2070656,0.0,0.0,0.8888150789693171,False,True,False,1.4142135623730951
GTTAATACATAATGCT-1,3,101,0.0,0.54930615,-0.42149004,-0.9673742,0.0,0.0,0.15983363170060141,False,False,False,2.8284271247461903
GTTAGACAATGGATGA-1,53,85,0.0,2.138333,-0.42149004,0.41178957,0.0,0.0,0.6221986086696945,False,False,False,4.242640687119285
GTTAGAGGTGTTAAGA-1,56,106,0.0,3.7630894,-0.42149004,1.8219639,0.0,0.0,1.0,False,True,False,1.4142135623730951
GTTAGGAAGTATACGA-1,49,115,0.0,0.54930615,-0.42149004,-0.9673742,0.0,0.0,0.15983363170060141,False,False,False,4.0
GTTAGGCCTGAACATC-1,15,99,0.0,1.3862944,-0.42149004,-0.2409272,0.0,0.0,0.40337515866356816,False,False,False,4.242640687119285
GTTAGGTACTAACTGG-1,18,82,0.0,1.9033313,-0.42149004,0.20782453,0.0,0.0,0.553819281972384,False,False,False,5.0990195135927845
GTTAGGTCCACTGGCG-1,57,11,0.0,3.4811218,-0.42149004,1.5772358,0.0,0.0,1.0,False,True,False,2.0
GTTATCCTATACTGGC-1,2,70,0.0,2.4814224,-0.42149004,0.709567,0.0,0.0,0.722028566433125,False,False,False,2.0
GTTATGATACGATTAT-1,37,27,0.0,0.89587975,-0.42149004,-0.66657263,0.0,0.0,0.26067743010882455,False,False,False,2.0
GTTATGTTGCTTAGAT-1,31,33,0.0,1.3540251,-0.42149004,-0.26893464,0.0,0.0,0.39398566026301807,False,False,False,3.1622776601683795
GTTATTCGTAACGTCC-1,35,37,0.3465736,1.3862944,1.2687509,-0.2409272,0.25450139530704863,0.63092977,0.40337515866356816,True,False,False,0.0
GTTATTGCTGAATCCG-1,33,115,0.0,0.3465736,-0.42149004,-1.1433318,0.0,0.0,0.10084381839069423,False,False,False,6.0
GTTATTGTACGTATAC-1,3,27,0.0,1.4978662,-0.42149004,-0.14409073,0.0,0.0,0.43583961039200964,False,False,False,1.4142135623730951
GTTCATACCTTGGTTA-1,42,34,0.3465736,0.3465736,1.2687509,-1.1433318,0.06362536695009495,0.63092977,0.10084381839069423,True,False,False,0.0
GTTCATCTTACATTCC-1,37,53,0.0,0.3465736,-0.42149004,-1.1433318,0.0,0.0,0.10084381839069423,False,False,False,1.4142135623730951
GTTCATTGCCTGAATA-1,5,59,0.0,1.0986123,-0.42149004,-0.49061504,0.0,0.0,0.31966725340996727,False,False,False,4.242640687119285
GTTCCAGTGCCTTACC-1,36,52,0.89587975,0.6931472,3.9477193,-0.84253025,0.20168759681644627,1.0,0.20168759681644627,True,False,False,0.0
GTTCCGAGTATGATCG-1,9,91,0.0,0.6931472,-0.42149004,-0.84253025,0.0,0.0,0.20168759681644627,False,False,False,2.8284271247461903
GTTCCGTAACTAATAC-1,6,110,0.0,0.89587975,-0.42149004,-0.66657263,0.0,0.0,0.26067743010882455,False,False,False,3.1622776601683795
GTTCCGTACCTCCACT-1,11,23,0.0,2.2154083,-0.42149004,0.47868547,0.0,0.0,0.6446254755081277,False,False,False,2.8284271247461903
GTTCCGTCATACGGCT-1,51,107,0.0,2.7725887,-0.42149004,0.96227896,0.0,0.0,0.8067503073359007,False,True,False,1.4142135623730951
GTTCCGTCTTATCTTA-1,63,73,0.0,3.0546238,-0.42149004,1.2070656,0.0,0.0,0.8888150789693171,False,True,False,2.0
GTTCCTGAACCTTCAA-1,31,31,0.0,1.6661022,-0.42149004,0.0019263168,0.0,0.0,0.4847918584431252,False,False,False,1.4142135623730951
GTTCCTTGAGGAACGC-1,38,26,0.0,1.2424533,-0.42149004,-0.3657711,0.0,0.0,0.3615212085345766,False,False,False,3.1622776601683795
GTTCGTAGGTAGTGAA-1,47,33,0.6931472,1.1512926,2.9589918,-0.44489226,0.3349958269706398,1.0,0.3349958269706398,True,False,False,0.0
GTTCTACTATACGAAC-1,49,117,0.0,0.0,-0.42149004,-1.4441334,0.0,0.0,0.0,False,False,False,4.0
GTTCTACTATCATATT-1,13,29,0.3465736,0.3465736,1.2687509,-1.1433318,0.06362536695009495,0.63092977,0.10084381839069423,True,False,False,0.0
GTTCTGGACACGCAAC-1,10,118,0.3465736,0.0,1.2687509,-1.4441334,0.0,0.63092977,0.0,True,False,False,0.0
GTTCTTACTGAAGTAT-1,60,24,0.0,2.0471723,-0.42149004,0.33266842,0.0,0.0,0.5956732271057577,False,False,False,1.4142135623730951
GTTCTTGATCTGTTGA-1,36,98,0.0,0.0,-0.42149004,-1.4441334,0.0,0.0,0.0,False,False,False,1.4142135623730951
GTTGAAGGAAGTCGGC-1,20,98,0.0,2.6287477,-0.42149004,0.837435,0.0,0.0,0.7648963422200559,False,False,False,1.4142135623730951
GTTGAATAAGTCAGCA-1,54,50,0.3465736,1.732868,1.2687509,0.05987433,0.31812674098192684,0.63092977,0.5042189433338424,True,False,False,0.0
GTTGAATCAACCTGGC-1,21,105,0.0,2.8262446,-0.42149004,1.0088484,0.0,0.0,0.8223627318985005,False,True,False,5.656854249492381
GTTGAATGGTACAGTA-1,50,88,0.0,0.54930615,-0.42149004,-0.9673742,0.0,0.0,0.15983363170060141,False,False,False,2.0
GTTGAATGTTGCTGCC-1,32,12,0.0,2.8617926,-0.42149004,1.0397016,0.0,0.0,0.8327062584122332,False,True,False,1.4142135623730951
GTTGACATGAACCAAC-1,29,35,0.0,1.5890269,-0.42149004,-0.064969584,0.0,0.0,0.4623649919559464,False,False,False,2.8284271247461903
GTTGACGAACCAGAAC-1,33,71,0.0,3.0177407,-0.42149004,1.1750536,0.0,0.0,0.8780830532525242,False,True,False,2.8284271247461903
GTTGACGAATCAACTA-1,1,111,0.0,1.3862944,-0.42149004,-0.2409272,0.0,0.0,0.40337515866356816,False,False,False,1.4142135623730951
GTTGACGCTCGATGGC-1,1,25,0.0,3.181514,-0.42149004,1.3171973,0.0,0.0,0.9257367707443883,False,True,False,2.0
GTTGACGGATAGCCAT-1,29,103,0.0,0.6931472,-0.42149004,-0.84253025,0.0,0.0,0.20168759681644627,False,False,False,2.8284271247461903
GTTGACGTCAGATTAG-1,59,81,0.0,2.9303932,-0.42149004,1.0992421,0.0,0.0,0.8526672283699328,False,True,False,1.4142135623730951
GTTGACTACAACATAC-1,4,6,0.0,2.1910133,-0.42149004,0.45751235,0.0,0.0,0.637527182230367,False,False,False,1.4142135623730951
GTTGACTAGAGCACGT-1,41,63,0.0,0.0,-0.42149004,-1.4441334,0.0,0.0,0.0,False,False,False,3.1622776601683795
GTTGAGAATCACGGAG-1,61,111,0.0,2.6020033,-0.42149004,0.8142228,0.0,0.0,0.7571144486060806,False,False,False,7.211102550927978
GTTGAGCTTCGTCCGG-1,44,40,0.0,2.5529728,-0.42149004,0.7716677,0.0,0.0,0.7428478434718367,False,False,False,3.1622776601683795
GTTGCTAGATCGTTGA-1,10,90,0.0,1.2424533,-0.42149004,-0.3657711,0.0,0.0,0.3615212085345766,False,False,False,2.0
GTTGCTCCTGAGATTC-1,17,103,0.0,0.6931472,-0.42149004,-0.84253025,0.0,0.0,0.20168759681644627,False,False,False,4.242640687119285
GTTGCTTGCAATCACT-1,42,118,0.0,0.54930615,-0.42149004,-0.9673742,0.0,0.0,0.15983363170060141,False,False,False,3.1622776601683795
GTTGGCGTGAGCGACC-1,22,14,0.0,2.9318156,-0.42149004,1.1004767,0.0,0.0,0.8530811452762277,False,True,False,1.4142135623730951
GTTGGTCCGCCAATCT-1,30,42,0.0,0.0,-0.42149004,-1.4441334,0.0,0.0,0.0,False,False,False,1.4142135623730951
GTTGTCCTGTGATGTA-1,43,79,0.0,1.0397208,-0.42149004,-0.54172873,0.0,0.0,0.3025313752421983,False,False,False,1.4142135623730951
GTTGTCGAACCATGTT-1,75,31,0.0,0.0,-0.42149004,-1.4441334,0.0,0.0,0.0,False,False,False,4.0
GTTGTCGTAATATGGA-1,9,77,0.0,2.9289665,-0.42149004,1.0980039,0.0,0.0,0.852252112515372,False,True,False,2.0
GTTGTCGTGGCATTAC-1,18,116,0.0,0.0,-0.42149004,-1.4441334,0.0,0.0,0.0,False,False,False,1.4142135623730951
TAACAGCAGGCCTTAC-1,20,100,0.0,3.0056336,-0.42149004,1.1645455,0.0,0.0,0.8745602235280782,False,True,False,1.4142135623730951
TAACAGGAACCGACAA-1,25,49,0.3465736,0.3465736,1.2687509,-1.1433318,0.06362536695009495,0.63092977,0.10084381839069423,True,False,False,0.0
TAACAGGTCCATACCA-1,40,48,0.0,2.5964785,-0.42149004,0.8094276,0.0,0.0,0.7555068588063591,False,False,False,2.0
TAACATGCGTGCGAAC-1,47,99,0.0,3.230734,-0.42149004,1.3599169,0.0,0.0,0.9400585274988587,False,True,False,2.0
TAACATGGCCACCTCC-1,23,81,0.0,1.994492,-0.42149004,0.28694567,0.0,0.0,0.5803446635363207,False,False,False,5.0990195135927845
TAACCAAGGTGCTCTA-1,9,53,0.0,1.4451859,-0.42149004,-0.1898135,0.0,0.0,0.42051104182695487,False,False,False,2.0
TAACCGGATGGACAGG-1,66,72,1.0397208,2.0715673,4.649233,0.35384157,0.602771530374754,1.0,0.602771530374754,True,False,False,0.0
TAACCGTACCATCCTG-1,10,24,0.0,2.6020033,-0.42149004,0.8142228,0.0,0.0,0.7571144486060806,False,False,False,1.4142135623730951
TAACCGTACTTCTAAC-1,8,112,0.0,0.3465736,-0.42149004,-1.1433318,0.0,0.0,0.10084381839069423,False,False,False,3.1622776601683795
TAACCTTGAGACTTCG-1,26,108,0.0,0.89587975,-0.42149004,-0.66657263,0.0,0.0,0.26067743010882455,False,False,False,3.1622776601683795
TAACGAATCCTAGATA-1,31,91,0.0,0.0,-0.42149004,-1.4441334,0.0,0.0,0.0,False,False,False,3.1622776601683795
TAACGAATGCTCCAAT-1,9,61,0.0,2.3025851,-0.42149004,0.5543488,0.0,0.0,0.6699916339588086,False,False,False,1.4142135623730951
TAACGACCTTGCCTAT-1,52,106,0.0,3.1967955,-0.42149004,1.3304605,0.0,0.0,0.9301832702128037,False,True,False,2.0
TAACGACTGGCCGTCG-1,73,19,0.3465736,3.2896256,1.2687509,1.4110307,0.603922450683732,0.63092977,0.9571944156578632,True,True,True,0.0
TAACGAGCCGAAGGTC-1,38,52,1.0397208,0.6931472,4.649233,-0.84253025,0.20168759681644627,1.0,0.20168759681644627,True,False,False,0.0
TAACGAGTTGCCAACC-1,25,75,0.0,3.436582,-0.42149004,1.5385785,0.0,0.0,0.9999548655925342,False,True,False,4.242640687119285
TAACGCATTGGTCCAA-1,25,41,0.54930615,0.0,2.2574785,-1.4441334,0.0,1.0,0.0,True,False,False,0.0
TAACGCGGCTATAGGT-1,14,110,0.0,1.2424533,-0.42149004,-0.3657711,0.0,0.0,0.3615212085345766,False,False,False,3.1622776601683795
TAACGCGTAATATGGC-1,31,51,0.6931472,1.0986123,2.9589918,-0.49061504,0.31966725340996727,1.0,0.31966725340996727,True,False,False,0.0
TAACGCGTCAAGCGTT-1,9,33,0.6931472,0.0,2.9589918,-1.4441334,0.0,1.0,0.0,True,False,False,0.0
TAACGCGTCCTACAAC-1,61,37,0.0,0.54930615,-0.42149004,-0.9673742,0.0,0.0,0.15983363170060141,False,False,False,3.1622776601683795
TAACGCTCATACGGCA-1,18,42,0.0,1.2424533,-0.42149004,-0.3657711,0.0,0.0,0.3615212085345766,False,False,False,2.8284271247461903
TAACGCTTATGCCATA-1,40,88,0.0,2.3410656,-0.42149004,0.5877472,0.0,0.0,0.6811884519533082,False,False,False,2.8284271247461903
TAACGCTTCGGCACTT-1,44,12,0.0,0.0,-0.42149004,-1.4441334,0.0,0.0,0.0,False,False,False,1.4142135623730951
TAACGTCACTATAATC-1,33,65,0.0,1.2424533,-0.42149004,-0.3657711,0.0,0.0,0.3615212085345766,False,False,False,2.8284271247461903
TAACGTGATTCACTAG-1,23,9,0.54930615,3.4923582,2.2574785,1.5869883,1.0,1.0,1.0,True,True,True,0.0
TAACGTGCCATAGTTA-1,46,24,0.804719,0.0,3.5031278,-1.4441334,0.0,1.0,0.0,True,False,False,0.0
TAACGTTGCGTCGATG-1,28,102,0.0,0.0,-0.42149004,-1.4441334,0.0,0.0,0.0,False,False,False,1.4142135623730951
TAACTCCAACATGGAC-1,55,65,0.0,0.6931472,-0.42149004,-0.84253025,0.0,0.0,0.20168759681644627,False,False,False,1.4142135623730951
TAACTCCAGGTAGGCT-1,62,110,0.0,2.9957323,-0.42149004,1.1559519,0.0,0.0,0.8716791908103126,False,True,False,7.615773105863909
TAACTTAACCTCGGTG-1,11,109,0.0,0.6931472,-0.42149004,-0.84253025,0.0,0.0,0.20168759681644627,False,False,False,2.0
TAACTTGCACGGCGGA-1,50,84,0.0,1.7917595,-0.42149004,0.11098804,0.0,0.0,0.5213548277461335,False,False,False,1.4142135623730951
TAAGAACAGGTGTAAC-1,67,43,0.0,0.6931472,-0.42149004,-0.84253025,0.0,0.0,0.20168759681644627,False,False,False,1.4142135623730951
TAAGAATATGAGATAG-1,39,103,0.0,0.0,-0.42149004,-1.4441334,0.0,0.0,0.0,False,False,False,3.1622776601683795
TAAGACCGAGTGAACA-1,50,42,0.3465736,0.54930615,1.2687509,-0.9673742,0.10084379618112044,0.63092977,0.15983363170060141,True,False,False,0.0
TAAGATTAGATATTCC-1,4,32,0.3465736,0.3465736,1.2687509,-1.1433318,0.06362536695009495,0.63092977,0.10084381839069423,True,False,False,0.0
TAAGATTGAGATTACA-1,31,37,0.3465736,1.9356005,1.2687509,0.23583196,0.3553451851844011,0.63092977,0.563208780372934,True,False,False,0.0
TAAGATTGCAAGTTCT-1,5,109,0.0,0.89587975,-0.42149004,-0.66657263,0.0,0.0,0.26067743010882455,False,False,False,4.0
TAAGATTGCTCACTTC-1,41,27,0.0,1.9756218,-0.42149004,0.27056763,0.0,0.0,0.5748539200933392,False,False,False,1.4142135623730951
TAAGATTGGCGGTCGT-1,14,94,0.0,0.89587975,-0.42149004,-0.66657263,0.0,0.0,0.26067743010882455,False,False,False,2.8284271247461903
TAAGCAAGTAATGTGG-1,62,78,0.0,3.4923582,-0.42149004,1.5869883,0.0,0.0,1.0,False,True,False,2.8284271247461903
TAAGCACGAGACCTAC-1,30,98,0.0,1.2424533,-0.42149004,-0.3657711,0.0,0.0,0.3615212085345766,False,False,False,3.1622776601683795
TAAGCAGTAGATACTC-1,24,40,0.6931472,0.3465736,2.9589918,-1.1433318,0.10084381839069423,1.0,0.10084381839069423,True,False,False,0.0
TAAGCCACAATTGCCT-1,14,60,0.0,2.4526374,-0.42149004,0.68458366,0.0,0.0,0.7136528936905142,False,False,False,1.4142135623730951
TAAGCCATACGACACG-1,27,113,0.0,1.7005987,-0.42149004,0.031866897,0.0,0.0,0.49482944493329234,False,False,False,6.324555320336759
TAAGCCTGTAGCGTCC-1,50,86,0.0,1.2424533,-0.42149004,-0.3657711,0.0,0.0,0.3615212085345766,False,False,False,2.8284271247461903
TAAGCTCCTTCACGCC-1,29,109,0.0,1.9459101,-0.42149004,0.24477994,0.0,0.0,0.5662085938945155,False,False,False,2.0
TAAGGACGCCTGGTTG-1,28,62,0.0,3.389961,-0.42149004,1.4981147,0.0,0.0,0.9863893654391858,False,True,False,1.4142135623730951
TAAGGATCTGAAGATA-1,55,89,0.0,1.4451859,-0.42149004,-0.1898135,0.0,0.0,0.42051104182695487,False,False,False,2.0
TAAGGTATGAATGCTA-1,56,94,0.0,2.4708211,-0.42149004,0.70036584,0.0,0.0,0.718943872369943,False,False,False,4.47213595499958
TAAGGTCCGTGACCGT-1,22,24,0.54930615,2.29756,2.2574785,0.5499873,0.6685294366187859,1.0,0.6685294366187859,True,False,False,0.0
TAAGTGCTTGACGATT-1,3,71,0.0,0.3465736,-0.42149004,-1.1433318,0.0,0.0,0.10084381839069423,False,False,False,3.1622776601683795
TAAGTGGCCGCTCACC-1,37,57,0.0,0.6931472,-0.42149004,-0.84253025,0.0,0.0,0.20168759681644627,False,False,False,1.4142135623730951
TAAGTGTCAAGGTGGC-1,23,113,0.0,0.0,-0.42149004,-1.4441334,0.0,0.0,0.0,False,False,False,3.1622776601683795
TAATACCATTCTAGAT-1,9,5,0.0,2.6968138,-0.42149004,0.8965116,0.0,0.0,0.7847017886052106,False,True,False,1.4142135623730951
TAATACCGTTAATTGC-1,37,85,0.0,2.4814224,-0.42149004,0.709567,0.0,0.0,0.722028566433125,False,False,False,4.47213595499958
TAATAGCGCTGTACTC-1,45,59,0.0,0.54930615,-0.42149004,-0.9673742,0.0,0.0,0.15983363170060141,False,False,False,1.4142135623730951
TAATCGACATTGTTGG-1,22,90,0.0,1.994492,-0.42149004,0.28694567,0.0,0.0,0.5803446635363207,False,False,False,4.47213595499958
TAATCGCAATGTAATA-1,12,24,0.0,2.8279958,-0.42149004,1.0103683,0.0,0.0,0.8228722849114638,False,True,False,2.8284271247461903
TAATCTGATAAGATGT-1,23,103,0.0,2.6990814,-0.42149004,0.89847976,0.0,0.0,0.7853616098008203,False,True,False,4.47213595499958
TAATGACGAAGCGGCT-1,39,9,0.6931472,0.89587975,2.9589918,-0.66657263,0.26067743010882455,1.0,0.26067743010882455,True,False,False,0.0
TAATGATCCGGTTATT-1,17,35,0.3465736,1.2424533,1.2687509,-0.3657711,0.22809449225870276,0.63092977,0.3615212085345766,True,False,False,0.0
TAATGATCTACTAACC-1,20,6,0.0,3.414897,-0.42149004,1.5197574,0.0,0.0,0.9936450806242454,False,True,False,2.0
TAATGTGCACGATCTG-1,22,60,0.0,2.158744,-0.42149004,0.4295049,0.0,0.0,0.6281376788341992,False,False,False,2.8284271247461903
TAATTAAGGAGTACTG-1,21,99,0.3465736,2.3895617,1.2687509,0.62983835,0.43868516082302994,0.63092977,0.6952995135325362,True,False,False,0.0
TAATTACCGGTGCGAG-1,41,43,0.3465736,2.1719027,1.2687509,0.4409256,0.3987264584589023,0.63092977,0.6319664701648409,True,False,False,0.0
TAATTAGCTCGATTGT-1,48,26,0.3465736,0.0,1.2687509,-1.4441334,0.0,0.63092977,0.0,True,False,False,0.0
TAATTGACGTCGTTCC-1,51,15,0.0,3.1457846,-0.42149004,1.2861867,0.0,0.0,0.9153404505420183,False,True,False,1.4142135623730951
TACAAGCAGATCGTTG-1,22,10,0.0,3.397293,-0.42149004,1.5044785,0.0,0.0,0.9885228139482852,False,True,False,1.4142135623730951
TACAAGCATAGGCTGG-1,2,26,0.0,2.9318156,-0.42149004,1.1004767,0.0,0.0,0.8530811452762277,False,True,False,2.8284271247461903
TACAAGCGCCTCTACA-1,52,80,0.0,3.0153427,-0.42149004,1.1729723,0.0,0.0,0.8773853053267732,False,True,False,1.4142135623730951
TACAAGCGGAAGTACG-1,21,69,0.0,2.8919125,-0.42149004,1.0658436,0.0,0.0,0.8414703704104908,False,True,False,7.0710678118654755
TACAAGGTCGACAAGT-1,63,15,0.3465736,2.3502402,1.2687509,0.5957101,0.4314663757659234,0.63092977,0.6838580101794585,True,False,False,0.0
TACAAGTCCACGGTGA-1,9,115,0.0,0.6931472,-0.42149004,-0.84253025,0.0,0.0,0.20168759681644627,False,False,False,3.1622776601683795
TACAAGTCGAATGCAA-1,10,82,0.0,1.5222611,-0.42149004,-0.12291759,0.0,0.0,0.442937908665388,False,False,False,2.0
TACAAGTGGTCTGAGG-1,9,101,0.0,0.3465736,-0.42149004,-1.1433318,0.0,0.0,0.10084381839069423,False,False,False,4.47213595499958
TACAAGTGTCTGTCCG-1,15,65,0.0,2.5678992,-0.42149004,0.78462285,0.0,0.0,0.7471910535471538,False,False,False,1.4142135623730951
TACACCGGTATGTATC-1,2,60,0.0,2.3592494,-0.42149004,0.6035294,0.0,0.0,0.686479430632737,False,False,False,4.0
TACACCTCGTACTCCA-1,52,30,0.3465736,0.89587975,1.2687509,-0.66657263,0.16446915052367952,0.63092977,0.26067743010882455,True,False,False,0.0
TACACCTTGCGGCAGG-1,40,112,0.0,2.0715673,-0.42149004,0.35384157,0.0,0.0,0.602771530374754,False,False,False,1.4142135623730951
TACACTCAGTAGAATG-1,9,45,0.0,2.5964785,-0.42149004,0.8094276,0.0,0.0,0.7555068588063591,False,False,False,1.4142135623730951
TACACTGAATAGCAGA-1,18,112,0.0,0.3465736,-0.42149004,-1.1433318,0.0,0.0,0.10084381839069423,False,False,False,1.4142135623730951
TACACTGCAGGTTAGA-1,40,86,0.0,1.9033313,-0.42149004,0.20782453,0.0,0.0,0.553819281972384,False,False,False,3.1622776601683795
TACACTGCGTCCGGAC-1,30,20,0.3465736,2.524928,1.2687509,0.7473269,0.4635362655799437,0.63092977,0.7346875817676474,True,False,False,0.0
TACACTGTAGTCAACG-1,68,44,0.6931472,0.3465736,2.9589918,-1.1433318,0.10084381839069423,1.0,0.10084381839069423,True,False,False,0.0
TACACTGTCGAACCAA-1,26,50,0.3465736,0.804719,1.2687509,-0.7456938,0.1477334913813981,0.63092977,0.23415203855365221,True,False,False,0.0
TACACTTAGTCGTGGT-1,5,79,0.0,0.6931472,-0.42149004,-0.84253025,0.0,0.0,0.20168759681644627,False,False,False,2.0
TACACTTCGAGGTGAC-1,17,81,0.0,2.744469,-0.42149004,0.93787295,0.0,0.0,0.7985681848083316,False,True,False,4.47213595499958
TACACTTCGCACCGAT-1,41,13,0.804719,0.3465736,3.5031278,-1.1433318,0.10084381839069423,1.0,0.10084381839069423,True,False,False,0.0
TACAGTACTTAGTGTA-1,54,14,0.0,3.0056336,-0.42149004,1.1645455,0.0,0.0,0.8745602235280782,False,True,False,2.0
TACAGTCTCGGCACGG-1,32,6,0.3465736,1.994492,1.2687509,0.28694567,0.3661567239746166,0.63092977,0.5803446635363207,True,False,False,0.0
TACATAGCAGACCAAG-1,9,47,0.0,2.6491587,-0.42149004,0.85515034,0.0,0.0,0.7708354123845605,False,False,False,1.4142135623730951
TACATATGCACCAGTG-1,19,49,0.0,0.6931472,-0.42149004,-0.84253025,0.0,0.0,0.20168759681644627,False,False,False,1.4142135623730951
TACATCGGACAACTGG-1,30,8,0.0,2.9144728,-0.42149004,1.0854243,0.0,0.0,0.8480348119904347,False,True,False,1.4142135623730951
TACATCGTCAGCGGTT-1,21,77,0.0,2.8841605,-0.42149004,1.0591154,0.0,0.0,0.8392147490731067,False,True,False,6.324555320336759
TACATCTAACATGTCC-1,20,8,0.0,3.6134682,-0.42149004,1.6921033,0.0,0.0,1.0,False,True,False,1.4142135623730951
TACATTGAATACGATC-1,10,34,0.54930615,0.3465736,2.2574785,-1.1433318,0.10084381839069423,1.0,0.10084381839069423,True,False,False,0.0
TACATTGAATGAACGT-1,52,112,0.0,3.2228599,-0.42149004,1.3530827,0.0,0.0,0.9377673373629226,False,True,False,5.656854249492381
TACCAGACAACCTCAG-1,20,88,0.0,2.0871935,-0.42149004,0.367404,0.0,0.0,0.6073183418480741,False,False,False,6.0
TACCATCTCGGCCGAA-1,60,10,0.0,3.4303317,-0.42149004,1.5331537,0.0,0.0,0.9981361809681483,False,True,False,1.4142135623730951
TACCATTGATCATTAG-1,75,41,0.0,0.0,-0.42149004,-1.4441334,0.0,0.0,0.0,False,False,False,1.4142135623730951
TACCATTGGTCTCCAA-1,9,93,0.0,0.0,-0.42149004,-1.4441334,0.0,0.0,0.0,False,False,False,2.0
TACCATTGTCCGCCTT-1,7,29,0.3465736,0.804719,1.2687509,-0.7456938,0.1477334913813981,0.63092977,0.23415203855365221,True,False,False,0.0
TACCGGACCGTTAGGT-1,64,14,0.54930615,2.537587,2.2574785,0.7583139,0.7383709706473546,1.0,0.7383709706473546,True,False,False,0.0
TACCTCAGCGGTTGAT-1,6,34,0.0,0.89587975,-0.42149004,-0.66657263,0.0,0.0,0.26067743010882455,False,False,False,1.4142135623730951
TACCTCAGGCAACAGA-1,25,29,0.0,1.3540251,-0.42149004,-0.26893464,0.0,0.0,0.39398566026301807,False,False,False,1.4142135623730951
TACCTGATCGATCTCG-1,2,92,0.0,0.3465736,-0.42149004,-1.1433318,0.0,0.0,0.10084381839069423,False,False,False,2.0
TACCTGCGGTTGTCCT-1,25,31,0.804719,0.54930615,3.5031278,-0.9673742,0.15983363170060141,1.0,0.15983363170060141,True,False,False,0.0
TACCTGTTAACGGCCT-1,65,33,0.0,0.54930615,-0.42149004,-0.9673742,0.0,0.0,0.15983363170060141,False,False,False,1.4142135623730951
TACGACCGAGCGCAAC-1,17,3,0.0,1.2424533,-0.42149004,-0.3657711,0.0,0.0,0.3615212085345766,False,False,False,2.0
TACGACGCGATTCAAG-1,37,51,0.6931472,0.6931472,2.9589918,-0.84253025,0.20168759681644627,1.0,0.20168759681644627,True,False,False,0.0
TACGACGTCTCATATT-1,49,29,0.0,0.0,-0.42149004,-1.4441334,0.0,0.0,0.0,False,False,False,1.4142135623730951
TACGACGTGAAGTATC-1,63,7,0.0,1.9356005,-0.42149004,0.23583196,0.0,0.0,0.563208780372934,False,False,False,1.4142135623730951
TACGACTACCTTCCTC-1,5,103,0.0,0.54930615,-0.42149004,-0.9673742,0.0,0.0,0.15983363170060141,False,False,False,4.0
TACGACTCTGAACACT-1,58,88,0.0,3.594584,-0.42149004,1.6757131,0.0,0.0,1.0,False,True,False,1.4142135623730951
TACGACTGATAATCGC-1,5,13,0.0,3.3865402,-0.42149004,1.4951457,0.0,0.0,0.985393998588922,False,True,False,2.0
TACGAGATTGGTCTGT-1,21,87,0.0,2.0126758,-0.42149004,0.30272785,0.0,0.0,0.5856356422157494,False,False,False,5.0990195135927845
TACGCCGGAGTTCTGA-1,50,90,0.0,0.54930615,-0.42149004,-0.9673742,0.0,0.0,0.15983363170060141,False,False,False,1.4142135623730951
TACGCCTTGCCGTGTT-1,17,85,0.0,1.4451859,-0.42149004,-0.1898135,0.0,0.0,0.42051104182695487,False,False,False,4.47213595499958
TACGCTCCGGTTGGTA-1,23,31,0.3465736,0.89587975,1.2687509,-0.66657263,0.16446915052367952,0.63092977,0.26067743010882455,True,False,False,0.0
TACGCTCCTTGAGCAA-1,7,111,0.0,0.0,-0.42149004,-1.4441334,0.0,0.0,0.0,False,False,False,2.8284271247461903
TACGCTGATAGCAGTC-1,2,56,0.3465736,1.6479185,1.2687509,-0.013855865,0.3025313779057529,0.63092977,0.4795008782415942,True,False,False,0.0
TACGGAACAGACGCGG-1,17,49,0.3465736,0.6931472,1.2687509,-0.84253025,0.12725070868511817,0.63092977,0.20168759681644627,True,False,False,0.0
TACGGAATACTCGTTC-1,48,50,0.0,0.3465736,-0.42149004,-1.1433318,0.0,0.0,0.10084381839069423,False,False,False,1.4142135623730951
TACGGAATTGAACCAA-1,28,20,0.0,3.1269145,-0.42149004,1.2698088,0.0,0.0,0.9098497470639791,False,True,False,1.4142135623730951
TACGGAGGAAGCACCT-1,31,15,0.0,2.0036666,-0.42149004,0.29490855,0.0,0.0,0.5830142217624709,False,False,False,1.4142135623730951
TACGGAGTCAACGAAG-1,20,106,0.0,1.3540251,-0.42149004,-0.26893464,0.0,0.0,0.39398566026301807,False,False,False,4.242640687119285
TACGGATCAGCCATCC-1,30,54,0.0,0.804719,-0.42149004,-0.7456938,0.0,0.0,0.23415203855365221,False,False,False,1.4142135623730951
TACGGATCCTTGCGAT-1,62,50,0.0,0.0,-0.42149004,-1.4441334,0.0,0.0,0.0,False,False,False,1.4142135623730951
TACGGCCTTGTAGGAG-1,20,28,0.3465736,2.8585138,1.2687509,1.0368559,0.5247772575265803,0.63092977,0.8317522552771394,True,True,True,0.0
TACGGTAGTTGCGTGA-1,51,101,0.3465736,3.316001,1.2687509,1.4339225,0.6087645261191797,0.63092977,0.9648689234721654,True,True,True,0.0
TACGGTGAGCCGATGT-1,74,12,0.0,0.6931472,-0.42149004,-0.84253025,0.0,0.0,0.20168759681644627,False,False,False,1.4142135623730951
TACGGTTAATGTACTA-1,52,92,0.3465736,1.3862944,1.2687509,-0.2409272,0.25450139530704863,0.63092977,0.40337515866356816,True,False,False,0.0
TACGTACACCTTAAGC-1,57,15,0.0,3.5926936,-0.42149004,1.6740724,0.0,0.0,1.0,False,True,False,2.0
TACGTATCCTATCACG-1,21,109,0.0,0.89587975,-0.42149004,-0.66657263,0.0,0.0,0.26067743010882455,False,False,False,2.8284271247461903
TACGTATCGAGGTTGT-1,24,92,0.0,1.5222611,-0.42149004,-0.12291759,0.0,0.0,0.442937908665388,False,False,False,4.0
TACGTGAGGACAACCG-1,2,50,0.0,1.0397208,-0.42149004,-0.54172873,0.0,0.0,0.3025313752421983,False,False,False,1.4142135623730951
TACGTGATGGTAGGAT-1,6,88,0.3465736,0.3465736,1.2687509,-1.1433318,0.06362536695009495,0.63092977,0.10084381839069423,True,False,False,0.0
TACGTGGAGGCATGGC-1,63,43,0.0,0.3465736,-0.42149004,-1.1433318,0.0,0.0,0.10084381839069423,False,False,False,1.4142135623730951
TACGTGTACATCCGTG-1,68,36,0.0,0.6931472,-0.42149004,-0.84253025,0.0,0.0,0.20168759681644627,False,False,False,5.656854249492381
TACGTTACTGGTAGCG-1,12,84,0.0,1.1512926,-0.42149004,-0.44489226,0.0,0.0,0.3349958269706398,False,False,False,1.4142135623730951
TACGTTCCACGCTCGT-1,69,21,0.0,3.1392608,-0.42149004,1.2805245,0.0,0.0,0.9134421957177258,False,True,False,1.4142135623730951
TACTAGGATCAATGGC-1,59,71,0.0,2.84179,-0.42149004,1.0223408,0.0,0.0,0.8268860439858111,False,True,False,2.0
TACTAGTACCGGATGG-1,24,94,0.0,1.0397208,-0.42149004,-0.54172873,0.0,0.0,0.3025313752421983,False,False,False,4.47213595499958
TACTAGTGAGACAATG-1,4,110,0.0,1.2424533,-0.42149004,-0.3657711,0.0,0.0,0.3615212085345766,False,False,False,4.0
TACTATGTTGAATCTT-1,18,80,0.0,1.6479185,-0.42149004,-0.013855865,0.0,0.0,0.4795008782415942,False,False,False,5.830951894845301
TACTCACTACTCACTC-1,9,15,0.0,3.24612,-0.42149004,1.3732708,0.0,0.0,0.9445354003233408,False,True,False,2.8284271247461903
TACTCCGAAGTAGAAT-1,39,47,0.0,1.5890269,-0.42149004,-0.064969584,0.0,0.0,0.4623649919559464,False,False,False,1.4142135623730951
TACTCCGCCAATACAA-1,56,22,0.0,3.6090884,-0.42149004,1.6883019,0.0,0.0,1.0,False,True,False,2.0
TACTCCTACATCAACT-1,27,65,0.3465736,2.585242,1.2687509,0.79967517,0.4746089348046667,0.63092977,0.7522373468680046,True,False,False,0.0
TACTCCTGAAGGATTA-1,13,19,0.0,3.2116237,-0.42149004,1.3433304,0.0,0.0,0.9344978853719814,False,True,False,2.0
TAGAACGATTGCCTCC-1,3,115,0.0,0.3465736,-0.42149004,-1.1433318,0.0,0.0,0.10084381839069423,False,False,False,2.0
TAGAATTCAACGTGGC-1,61,41,0.3465736,0.3465736,1.2687509,-1.1433318,0.06362536695009495,0.63092977,0.10084381839069423,True,False,False,0.0
TAGACAATACTGGAAG-1,4,38,0.0,2.393746,-0.42149004,0.63346994,0.0,0.0,0.6965170055315097,False,False,False,2.8284271247461903
TAGACACCGGCGTCAA-1,18,4,0.0,1.8444397,-0.42149004,0.1567108,0.0,0.0,0.5366833938133795,False,False,False,1.4142135623730951
TAGACAGGAGATCATT-1,41,109,0.0,2.393746,-0.42149004,0.63346994,0.0,0.0,0.6965170055315097,False,False,False,1.4142135623730951
TAGACAGGATGCAATA-1,6,104,0.0,0.0,-0.42149004,-1.4441334,0.0,0.0,0.0,False,False,False,2.8284271247461903
TAGACAGTTCAGATTA-1,13,39,0.0,0.0,-0.42149004,-1.4441334,0.0,0.0,0.0,False,False,False,1.4142135623730951
TAGACATACGTCTAAT-1,36,88,0.0,0.3465736,-0.42149004,-1.1433318,0.0,0.0,0.10084381839069423,False,False,False,3.1622776601683795
TAGACATGGTTAGGTC-1,15,47,0.0,0.804719,-0.42149004,-0.7456938,0.0,0.0,0.23415203855365221,False,False,False,1.4142135623730951
TAGACCAGGATATCGG-1,61,83,0.0,3.5926936,-0.42149004,1.6740724,0.0,0.0,1.0,False,True,False,4.242640687119285
TAGACCATCGATTGAG-1,47,15,0.3465736,1.0397208,1.2687509,-0.54172873,0.1908760504201414,0.63092977,0.3025313752421983,True,False,False,0.0
TAGACCATTGCTTAGA-1,59,39,0.0,1.2424533,-0.42149004,-0.3657711,0.0,0.0,0.3615212085345766,False,False,False,2.8284271247461903
TAGACCGAAGCAGAGC-1,13,63,0.0,2.138333,-0.42149004,0.41178957,0.0,0.0,0.6221986086696945,False,False,False,2.0
TAGACCGCGGAAGGAC-1,37,43,0.0,1.9033313,-0.42149004,0.20782453,0.0,0.0,0.553819281972384,False,False,False,3.1622776601683795
TAGACCGGCCAGTACG-1,25,65,0.0,3.3702598,-0.42149004,1.4810154,0.0,0.0,0.9806568340959354,False,True,False,2.0
TAGACCTGAGGAGCTG-1,27,39,0.54930615,0.3465736,2.2574785,-1.1433318,0.10084381839069423,1.0,0.10084381839069423,True,False,False,0.0
TAGAGCAGACAGTCCA-1,14,26,0.0,3.2116237,-0.42149004,1.3433304,0.0,0.0,0.9344978853719814,False,True,False,2.8284271247461903
TAGAGGCGATTGATTC-1,43,65,0.0,0.0,-0.42149004,-1.4441334,0.0,0.0,0.0,False,False,False,1.4142135623730951
TAGATGAGCCGTCATT-1,63,23,0.0,1.7005987,-0.42149004,0.031866897,0.0,0.0,0.49482944493329234,False,False,False,1.4142135623730951
TAGATGAGGACGCTTA-1,12,98,0.0,0.6931472,-0.42149004,-0.84253025,0.0,0.0,0.20168759681644627,False,False,False,1.4142135623730951
TAGATGCGTGCCAGCG-1,43,33,0.0,0.3465736,-0.42149004,-1.1433318,0.0,0.0,0.10084381839069423,False,False,False,1.4142135623730951
TAGATGGCTGTATGCC-1,30,44,0.3465736,0.804719,1.2687509,-0.7456938,0.1477334913813981,0.63092977,0.23415203855365221,True,False,False,0.0
TAGATGTCGAGGCCAG-1,64,72,0.0,3.156774,-0.42149004,1.2957247,0.0,0.0,0.9185380855318384,False,True,False,1.4142135623730951
TAGCAATACTCGAACA-1,5,19,0.0,2.9700856,-0.42149004,1.1336924,0.0,0.0,0.8642166970143453,False,True,False,2.8284271247461903
TAGCAATTATGGACCG-1,66,70,0.3465736,0.3465736,1.2687509,-1.1433318,0.06362536695009495,0.63092977,0.10084381839069423,True,False,False,0.0
TAGCAGTCGTCATGAA-1,27,7,0.0,3.2610464,-0.42149004,1.3862259,0.0,0.0,0.948878630381129,False,True,False,1.4142135623730951
TAGCAGTGATTCTGTC-1,42,20,0.3465736,1.3862944,1.2687509,-0.2409272,0.25450139530704863,0.63092977,0.40337515866356816,True,False,False,0.0
TAGCCGCAATACCTGC-1,11,41,0.0,2.3502402,-0.42149004,0.5957101,0.0,0.0,0.6838580101794585,False,False,False,2.0
TAGCCGCTGTGGCTGG-1,16,108,0.0,0.3465736,-0.42149004,-1.1433318,0.0,0.0,0.10084381839069423,False,False,False,1.4142135623730951
TAGCGGACCACTGTTA-1,26,112,0.0,0.3465736,-0.42149004,-1.1433318,0.0,0.0,0.10084381839069423,False,False,False,5.830951894845301
TAGCGTACCTTGACAT-1,52,40,0.0,0.0,-0.42149004,-1.4441334,0.0,0.0,0.0,False,False,False,1.4142135623730951
TAGCGTACGGAGCGCC-1,7,73,0.0,1.7917595,-0.42149004,0.11098804,0.0,0.0,0.5213548277461335,False,False,False,4.47213595499958
TAGCGTATAGCGCTAA-1,47,69,0.0,0.6931472,-0.42149004,-0.84253025,0.0,0.0,0.20168759681644627,False,False,False,1.4142135623730951
TAGCGTCACGACAGGC-1,39,109,0.0,0.3465736,-0.42149004,-1.1433318,0.0,0.0,0.10084381839069423,False,False,False,1.4142135623730951
TAGCGTCTCAAGGTGG-1,12,100,0.0,0.3465736,-0.42149004,-1.1433318,0.0,0.0,0.10084381839069423,False,False,False,3.1622776601683795
TAGCGTCTCGGTCTAT-1,7,69,0.0,0.0,-0.42149004,-1.4441334,0.0,0.0,0.0,False,False,False,5.830951894845301
TAGCGTTATGACCTCC-1,12,30,0.6931472,1.0397208,2.9589918,-0.54172873,0.3025313752421983,1.0,0.3025313752421983,True,False,False,0.0
TAGCTACCATACTGCT-1,54,72,0.0,2.6365,-0.42149004,0.84416336,0.0,0.0,0.7671520235048532,False,False,False,4.242640687119285
TAGCTACCTGTAGGAT-1,12,66,0.0,2.7146728,-0.42149004,0.912012,0.0,0.0,0.7898982901612945,False,True,False,2.8284271247461903
TAGCTAGAAGCGATCA-1,26,94,0.0,0.89587975,-0.42149004,-0.66657263,0.0,0.0,0.26067743010882455,False,False,False,2.8284271247461903
TAGCTAGACACTGGTT-1,4,82,0.3465736,0.3465736,1.2687509,-1.1433318,0.06362536695009495,0.63092977,0.10084381839069423,True,False,False,0.0
TAGCTAGAGCACGCCG-1,49,101,0.0,3.074234,-0.42149004,1.2240858,0.0,0.0,0.8945211135558933,False,True,False,2.0
TAGCTAGAGGCCTGAA-1,52,62,0.0,0.6931472,-0.42149004,-0.84253025,0.0,0.0,0.20168759681644627,False,False,False,3.1622776601683795
TAGCTATGTTGAGCAC-1,25,17,0.0,3.2156656,-0.42149004,1.3468385,0.0,0.0,0.9356739736908428,False,True,False,1.4142135623730951
TAGCTCGAATCGTCCG-1,49,77,0.0,2.7647147,-0.42149004,0.9554449,0.0,0.0,0.8044591771473779,False,True,False,2.8284271247461903
TAGCTTAAGCTGGCGT-1,32,72,0.0,1.732868,-0.42149004,0.05987433,0.0,0.0,0.5042189433338424,False,False,False,3.1622776601683795
TAGGACATCAGCATGG-1,45,43,0.0,1.3540251,-0.42149004,-0.26893464,0.0,0.0,0.39398566026301807,False,False,False,3.1622776601683795
TAGGACGGCCAGCCGA-1,53,39,0.0,0.3465736,-0.42149004,-1.1433318,0.0,0.0,0.10084381839069423,False,False,False,2.8284271247461903
TAGGACTTCATGTTAT-1,63,47,0.0,0.0,-0.42149004,-1.4441334,0.0,0.0,0.0,False,False,False,2.8284271247461903
TAGGAGCCAGACTCAG-1,3,45,0.0,2.3410656,-0.42149004,0.5877472,0.0,0.0,0.6811884519533082,False,False,False,2.8284271247461903
TAGGAGGCGTATTGCC-1,61,99,0.0,3.8269844,-0.42149004,1.8774203,0.0,0.0,1.0,False,True,False,1.4142135623730951
TAGGATGCACCGTTCA-1,43,73,0.0,1.1512926,-0.42149004,-0.44489226,0.0,0.0,0.3349958269706398,False,False,False,4.47213595499958
TAGGCAGGCGGACGCC-1,67,89,0.0,1.8920949,-0.42149004,0.19807209,0.0,0.0,0.5505497750296472,False,False,False,3.1622776601683795
TAGGCATCGGAGCCTC-1,11,59,0.0,2.2386684,-0.42149004,0.49887362,0.0,0.0,0.651393558451017,False,False,False,2.0
TAGGCATCTGCGGACC-1,28,58,0.0,0.6931472,-0.42149004,-0.84253025,0.0,0.0,0.20168759681644627,False,False,False,3.1622776601683795
TAGGCGAGCGATCGGT-1,21,55,0.0,2.29756,-0.42149004,0.5499873,0.0,0.0,0.6685294366187859,False,False,False,3.1622776601683795
TAGGCGCATATCTAAC-1,25,35,0.0,0.3465736,-0.42149004,-1.1433318,0.0,0.0,0.10084381839069423,False,False,False,1.4142135623730951
TAGGCTCCGGCATACA-1,15,29,0.6931472,1.0397208,2.9589918,-0.54172873,0.3025313752421983,1.0,0.3025313752421983,True,False,False,0.0
TAGGCTTATCTAGCTC-1,64,70,0.3465736,1.609438,1.2687509,-0.047254253,0.29546697251917337,0.63092977,0.4683040608715467,True,False,False,0.0
TAGGTCTACTCGTGAA-1,20,90,0.0,1.4978662,-0.42149004,-0.14409073,0.0,0.0,0.43583961039200964,False,False,False,6.324555320336759
TAGGTCTATGGATTAT-1,0,80,0.0,0.3465736,-0.42149004,-1.1433318,0.0,0.0,0.10084381839069423,False,False,False,2.0
TAGGTCTGCCTCTGTA-1,12,46,0.0,1.5890269,-0.42149004,-0.064969584,0.0,0.0,0.4623649919559464,False,False,False,2.0
TAGGTCTTGGCTCGTC-1,36,74,0.0,0.0,-0.42149004,-1.4441334,0.0,0.0,0.0,False,False,False,1.4142135623730951
TAGTAAGCGGTGGATA-1,64,78,0.0,3.6256723,-0.42149004,1.7026956,0.0,0.0,1.0,False,True,False,2.8284271247461903
TAGTATAACCTCGACA-1,31,111,0.0,1.3540251,-0.42149004,-0.26893464,0.0,0.0,0.39398566026301807,False,False,False,4.47213595499958
TAGTATCCAATTACGT-1,23,77,0.0,2.29756,-0.42149004,0.5499873,0.0,0.0,0.6685294366187859,False,False,False,5.830951894845301
TAGTATTGCCGAGTTG-1,28,6,0.0,2.6711671,-0.42149004,0.87425214,0.0,0.0,0.7772392948092433,False,False,False,1.4142135623730951
TAGTCACTGGATAGGC-1,61,75,0.0,2.7361355,-0.42149004,0.9306401,0.0,0.0,0.7961433718881725,False,True,False,1.4142135623730951
TAGTGAACATGCAGAT-1,29,15,0.3465736,2.5529728,1.2687509,0.7716677,0.4686848176044847,0.63092977,0.7428478434718367,True,False,False,0.0
TAGTGAATGTTCAGTG-1,37,39,0.0,2.0036666,-0.42149004,0.29490855,0.0,0.0,0.5830142217624709,False,False,False,2.8284271247461903
TAGTGACCAGTTGCGG-1,4,36,0.0,2.9957323,-0.42149004,1.1559519,0.0,0.0,0.8716791908103126,False,True,False,2.0
TAGTGACCGTCGATTA-1,14,42,0.3465736,0.0,1.2687509,-1.4441334,0.0,0.63092977,0.0,True,False,False,0.0
TAGTGACTCAATTGCT-1,35,77,0.0,0.6931472,-0.42149004,-0.84253025,0.0,0.0,0.20168759681644627,False,False,False,2.8284271247461903
TAGTGACTCGCTCCGC-1,35,29,0.0,2.0471723,-0.42149004,0.33266842,0.0,0.0,0.5956732271057577,False,False,False,1.4142135623730951
TAGTGAGGACATGTTG-1,31,73,0.0,1.3540251,-0.42149004,-0.26893464,0.0,0.0,0.39398566026301807,False,False,False,2.8284271247461903
TAGTGAGGTATCGACC-1,18,32,0.54930615,1.3862944,2.2574785,-0.2409272,0.40337515866356816,1.0,0.40337515866356816,True,False,False,0.0
TAGTGCACATAGTCTG-1,10,28,0.54930615,0.6931472,2.2574785,-0.84253025,0.20168759681644627,1.0,0.20168759681644627,True,False,False,0.0
TAGTGCACTATTGTCA-1,32,86,0.0,0.89587975,-0.42149004,-0.66657263,0.0,0.0,0.26067743010882455,False,False,False,1.4142135623730951
TAGTGCACTTGTACCG-1,1,31,0.0,0.89587975,-0.42149004,-0.66657263,0.0,0.0,0.26067743010882455,False,False,False,1.4142135623730951
TAGTGCAGCTGGCGTC-1,8,42,0.0,2.5119402,-0.42149004,0.73605436,0.0,0.0,0.7309084568689163,False,False,False,2.8284271247461903
TAGTGCAGTGCGGTAG-1,42,40,0.0,2.0948274,-0.42149004,0.37402973,0.0,0.0,0.6095396133176433,False,False,False,3.1622776601683795
TAGTGCGTGGAGAAGT-1,6,46,0.0,2.1719027,-0.42149004,0.4409256,0.0,0.0,0.6319664701648409,False,False,False,2.0
TAGTGCTGTAGCGTTG-1,21,5,0.0,2.8995464,-0.42149004,1.0724692,0.0,0.0,0.8436916218975888,False,True,False,2.8284271247461903
TAGTGGTTGAACCAAT-1,45,107,0.0,1.8444397,-0.42149004,0.1567108,0.0,0.0,0.5366833938133795,False,False,False,2.8284271247461903
TAGTTACATAGAAGAT-1,14,18,0.0,3.120138,-0.42149004,1.2639272,0.0,0.0,0.9078779567460511,False,True,False,1.4142135623730951
TAGTTCAAGGTCCACG-1,72,32,0.0,0.3465736,-0.42149004,-1.1433318,0.0,0.0,0.10084381839069423,False,False,False,4.242640687119285
TAGTTCAATCGACCTC-1,37,15,0.0,2.5619822,-0.42149004,0.7794872,0.0,0.0,0.7454693238725285,False,False,False,1.4142135623730951
TAGTTCCGATAGAATC-1,41,39,0.0,1.9459101,-0.42149004,0.24477994,0.0,0.0,0.5662085938945155,False,False,False,2.8284271247461903
TAGTTCGAATTAGCGG-1,52,64,0.0,0.0,-0.42149004,-1.4441334,0.0,0.0,0.0,False,False,False,2.8284271247461903
TAGTTCGAGTAGGAAG-1,44,46,0.0,1.9459101,-0.42149004,0.24477994,0.0,0.0,0.5662085938945155,False,False,False,2.0
TAGTTCGATCCTCACG-1,65,47,0.0,0.0,-0.42149004,-1.4441334,0.0,0.0,0.0,False,False,False,2.8284271247461903
TAGTTCGTTGCTAATT-1,11,85,0.3465736,1.609438,1.2687509,-0.047254253,0.29546697251917337,0.63092977,0.4683040608715467,True,False,False,0.0
TAGTTCTGTCTGATAG-1,1,109,0.0,0.89587975,-0.42149004,-0.66657263,0.0,0.0,0.26067743010882455,False,False,False,1.4142135623730951
TAGTTGAGCCAGCCAG-1,51,113,0.0,2.8903718,-0.42149004,1.0645064,0.0,0.0,0.8410220836539097,False,True,False,5.830951894845301
TAGTTGAGCGACGCTA-1,70,8,0.0,2.8502216,-0.42149004,1.0296588,0.0,0.0,0.8293394118571672,False,True,False,2.0
TAGTTGGCTTAGGCCT-1,43,109,1.0397208,1.7005987,4.649233,0.031866897,0.49482944493329234,1.0,0.49482944493329234,True,False,False,0.0
TATCAACGAATATGAG-1,33,103,0.0,2.3810868,-0.42149004,0.6224828,0.0,0.0,0.6928335567043892,False,False,False,2.0
TATCAAGGCCGCGTGG-1,41,97,0.0,0.3465736,-0.42149004,-1.1433318,0.0,0.0,0.10084381839069423,False,False,False,1.4142135623730951
TATCAAGGCTCGTCGG-1,61,15,0.3465736,0.6931472,1.2687509,-0.84253025,0.12725070868511817,0.63092977,0.20168759681644627,True,False,False,0.0
TATCAATGCCGCTCAC-1,25,95,0.0,1.5222611,-0.42149004,-0.12291759,0.0,0.0,0.442937908665388,False,False,False,4.242640687119285
TATCACATAGCGAACT-1,52,88,0.0,1.3862944,-0.42149004,-0.2409272,0.0,0.0,0.40337515866356816,False,False,False,2.0
TATCACCGGCATCGTG-1,40,24,0.0,0.6931472,-0.42149004,-0.84253025,0.0,0.0,0.20168759681644627,False,False,False,2.8284271247461903
TATCACTTCGAGCCGT-1,39,91,0.0,1.8688347,-0.42149004,0.17788394,0.0,0.0,0.5437816920867579,False,False,False,2.0
TATCATGGATGTTGCC-1,23,35,0.0,0.54930615,-0.42149004,-0.9673742,0.0,0.0,0.15983363170060141,False,False,False,1.4142135623730951
TATCCAAGCGCCGTAG-1,51,89,0.0,0.6931472,-0.42149004,-0.84253025,0.0,0.0,0.20168759681644627,False,False,False,1.4142135623730951
TATCCAATACCGCAAT-1,60,94,0.0,3.342306,-0.42149004,1.4567534,0.0,0.0,0.9725229692360646,False,True,False,3.1622776601683795
TATCCACTTGCGTATC-1,38,68,0.0,0.0,-0.42149004,-1.4441334,0.0,0.0,0.0,False,False,False,2.8284271247461903
TATCCGATCTTGGCGG-1,10,46,0.0,2.3410656,-0.42149004,0.5877472,0.0,0.0,0.6811884519533082,False,False,False,2.0
TATCCGGAATGAGCGG-1,0,22,0.0,2.2769384,-0.42149004,0.5320893,0.0,0.0,0.6625291201803701,False,False,False,1.4142135623730951
TATCCTGCGGTTGATC-1,20,60,0.0,1.994492,-0.42149004,0.28694567,0.0,0.0,0.5803446635363207,False,False,False,1.4142135623730951
TATCCTTACCACGACT-1,2,16,0.0,3.1984649,-0.42149004,1.3319095,0.0,0.0,0.9306690440851619,False,True,False,3.1622776601683795
TATCTAGTCGCATGCA-1,20,52,0.0,1.4451859,-0.42149004,-0.1898135,0.0,0.0,0.42051104182695487,False,False,False,2.0
TATCTAGTGAATGATC-1,47,113,0.0,2.1783543,-0.42149004,0.44652516,0.0,0.0,0.6338437234120109,False,False,False,2.8284271247461903
TATCTAGTGCCATATT-1,43,115,0.3465736,2.4708214,1.2687509,0.7003661,0.45360314109098826,0.63092977,0.7189439522998273,True,False,False,0.0
TATGAACTACGCGGTG-1,57,23,0.0,3.0677824,-0.42149004,1.2184863,0.0,0.0,0.8926438802911943,False,True,False,1.4142135623730951
TATGAAGCGACCGTCC-1,19,89,0.0,2.1972246,-0.42149004,0.4629033,0.0,0.0,0.6393344968286989,False,False,False,7.0710678118654755
TATGACAATGCTTGAA-1,37,67,0.0,0.0,-0.42149004,-1.4441334,0.0,0.0,0.0,False,False,False,2.0
TATGACAGCGAGAAGC-1,36,30,0.3465736,1.3195286,1.2687509,-0.2988752,0.24224427015195937,0.63092977,0.3839480753730098,True,False,False,0.0
TATGACGCGTATGTCG-1,24,30,0.54930615,0.89587975,2.2574785,-0.66657263,0.26067743010882455,1.0,0.26067743010882455,True,False,False,0.0
TATGACGGAGATTGGC-1,28,90,0.0,2.8102005,-0.42149004,0.9949233,0.0,0.0,0.8176943270885574,False,True,False,2.0
TATGACTCAATGATCG-1,10,22,0.0,2.962128,-0.42149004,1.1267856,0.0,0.0,0.8619012081935558,False,True,False,3.1622776601683795
TATGAGCGATCCATTA-1,46,46,0.0,0.0,-0.42149004,-1.4441334,0.0,0.0,0.0,False,False,False,3.1622776601683795
TATGAGGATCTACTGG-1,29,47,0.0,1.4978662,-0.42149004,-0.14409073,0.0,0.0,0.43583961039200964,False,False,False,1.4142135623730951
TATGAGTTCCGAGTGA-1,38,106,0.0,0.0,-0.42149004,-1.4441334,0.0,0.0,0.0,False,False,False,2.0
TATGCTCCTGGTTAGT-1,12,64,0.0,1.8444397,-0.42149004,0.1567108,0.0,0.0,0.5366833938133795,False,False,False,2.0
TATGGAGTTCTACGGC-1,10,32,0.0,1.4978662,-0.42149004,-0.14409073,0.0,0.0,0.43583961039200964,False,False,False,1.4142135623730951
TATGGATATGGTGCGA-1,68,76,0.0,3.5228882,-0.42149004,1.6134862,0.0,0.0,1.0,False,True,False,1.4142135623730951
TATGGCAGTTCGTCTA-1,57,81,0.0,1.5890269,-0.42149004,-0.064969584,0.0,0.0,0.4623649919559464,False,False,False,1.4142135623730951
TATGGCCATAATAGAC-1,55,69,0.0,2.8279958,-0.42149004,1.0103683,0.0,0.0,0.8228722849114638,False,True,False,2.0
TATGGCCGGCGACACT-1,49,51,0.0,0.0,-0.42149004,-1.4441334,0.0,0.0,0.0,False,False,False,2.0
TATGGCCTCACGTACA-1,50,16,0.3465736,3.1780539,1.2687509,1.3141942,0.5834396679874521,0.63092977,0.9247299739206573,True,True,True,0.0
TATGTCATAAGCGTCG-1,58,84,0.0,2.393746,-0.42149004,0.63346994,0.0,0.0,0.6965170055315097,False,False,False,2.8284271247461903
TATGTCGAGGTTGAAG-1,30,86,0.0,1.4978662,-0.42149004,-0.14409073,0.0,0.0,0.43583961039200964,False,False,False,3.1622776601683795
TATGTTAGGCCGAACC-1,12,96,0.3465736,0.3465736,1.2687509,-1.1433318,0.06362536695009495,0.63092977,0.10084381839069423,True,False,False,0.0
TATGTTGCAGTCTAGG-1,59,55,0.0,0.3465736,-0.42149004,-1.1433318,0.0,0.0,0.10084381839069423,False,False,False,3.1622776601683795
TATGTTGGTAGGTCGT-1,52,96,0.0,2.6441336,-0.42149004,0.8507889,0.0,0.0,0.769373235027009,False,False,False,3.1622776601683795
TATGTTGGTCCAGTGA-1,49,49,0.3465736,1.4451859,1.2687509,-0.1898135,0.2653129340972641,0.63092977,0.42051104182695487,True,False,False,0.0
TATTAACTTCCGCTCA-1,32,36,0.0,2.0036666,-0.42149004,0.29490855,0.0,0.0,0.5830142217624709,False,False,False,1.4142135623730951
TATTAAGCAGCGCCGG-1,65,55,0.0,0.0,-0.42149004,-1.4441334,0.0,0.0,0.0,False,False,False,5.830951894845301
TATTAATATGTCGACT-1,63,29,0.0,2.5437982,-0.42149004,0.76370484,0.0,0.0,0.7401782852456865,False,False,False,1.4142135623730951
TATTCCGGTTGTTAAT-1,59,35,0.0,0.3465736,-0.42149004,-1.1433318,0.0,0.0,0.10084381839069423,False,False,False,1.4142135623730951
TATTCGACAACCGTGA-1,49,105,0.0,3.3166592,-0.42149004,1.4344939,0.0,0.0,0.9650604754400974,False,True,False,1.4142135623730951
TATTCGACATTACTAT-1,54,104,0.0,3.669444,-0.42149004,1.7406864,0.0,0.0,1.0,False,True,False,3.1622776601683795
TATTCGGTGGAGATTC-1,58,68,0.0,0.3465736,-0.42149004,-1.1433318,0.0,0.0,0.10084381839069423,False,False,False,1.4142135623730951
TATTCGTCTGCGGTGG-1,3,7,0.3465736,2.138333,1.2687509,0.41178957,0.39256362387107846,0.63092977,0.6221986086696945,True,False,False,0.0
TATTCGTTAACAGGCA-1,17,7,0.0,3.3087015,-0.42149004,1.4275872,0.0,0.0,0.9627449866193079,False,True,False,1.4142135623730951
TATTCGTTAATGCTCC-1,15,35,0.0,1.0986123,-0.42149004,-0.49061504,0.0,0.0,0.31966725340996727,False,False,False,1.4142135623730951
TATTCTAGAATCGGAC-1,54,106,0.0,2.8650498,-0.42149004,1.0425286,0.0,0.0,0.833654027016345,False,True,False,1.4142135623730951
TATTCTCAGCGGCTGG-1,54,70,0.0,2.791748,-0.42149004,0.9789079,0.0,0.0,0.8123251569997277,False,True,False,3.1622776601683795
TATTCTCCTATGATGG-1,53,47,0.0,0.6931472,-0.42149004,-0.84253025,0.0,0.0,0.20168759681644627,False,False,False,1.4142135623730951
TATTGAATCCGACTAA-1,30,52,0.3465736,0.0,1.2687509,-1.4441334,0.0,0.63092977,0.0,True,False,False,0.0
TATTGAATGAATGTGG-1,8,24,0.0,3.5926936,-0.42149004,1.6740724,0.0,0.0,1.0,False,True,False,1.4142135623730951
TATTGATCGTGATCTT-1,47,79,0.0,2.5184765,-0.42149004,0.74172735,0.0,0.0,0.7328103285204773,False,False,False,3.1622776601683795
TCAACAATGGAGGCCT-1,51,55,0.0,2.6968138,-0.42149004,0.8965116,0.0,0.0,0.7847017886052106,False,True,False,1.4142135623730951
TCAACACCAATCATTA-1,60,26,0.0,3.2506447,-0.42149004,1.377198,0.0,0.0,0.9458520053789536,False,True,False,1.4142135623730951
TCAACAGGACAGCAAC-1,14,32,0.0,1.5890269,-0.42149004,-0.064969584,0.0,0.0,0.4623649919559464,False,False,False,1.4142135623730951
TCAACAGGCCATGCCG-1,15,91,0.0,1.0986123,-0.42149004,-0.49061504,0.0,0.0,0.31966725340996727,False,False,False,3.1622776601683795
TCAACATGGATACAAC-1,64,52,0.0,0.0,-0.42149004,-1.4441334,0.0,0.0,0.0,False,False,False,4.0
TCAACCGGAGACCTCG-1,44,28,0.54930615,0.54930615,2.2574785,-0.9673742,0.15983363170060141,1.0,0.15983363170060141,True,False,False,0.0
TCAAGGAACCTATTGC-1,24,18,0.0,3.4319017,-0.42149004,1.5345163,0.0,0.0,0.9985930202223587,False,True,False,2.0
TCAAGGACGTTAGGAG-1,65,73,0.3465736,2.2924838,1.2687509,0.5455816,0.4208632237839672,0.63092977,0.6670524122852097,True,False,False,0.0
TCAAGGCAACGCGGCT-1,31,97,0.0,0.3465736,-0.42149004,-1.1433318,0.0,0.0,0.10084381839069423,False,False,False,2.0
TCAAGGCCATAGCCTG-1,14,68,0.0,2.1972246,-0.42149004,0.4629033,0.0,0.0,0.6393344968286989,False,False,False,2.0
TCAAGGCGTCTACTCC-1,59,105,0.0,3.3231955,-0.42149004,1.440167,0.0,0.0,0.9669623670741295,False,True,False,2.8284271247461903
TCAAGGTACACGAAGA-1,10,16,0.0,3.1132684,-0.42149004,1.257965,0.0,0.0,0.9058791101622582,False,True,False,1.4142135623730951
TCAAGGTATCAACTTA-1,46,60,0.3465736,0.89587975,1.2687509,-0.66657263,0.16446915052367952,0.63092977,0.26067743010882455,True,False,False,0.0
TCAAGGTCTGAATATG-1,55,57,0.0,0.0,-0.42149004,-1.4441334,0.0,0.0,0.0,False,False,False,4.47213595499958
TCAATATTCCGGTTAG-1,58,102,0.0,3.2625148,-0.42149004,1.3875004,0.0,0.0,0.9493058955781164,False,True,False,1.4142135623730951
TCAATATTCGACAAGA-1,4,18,0.0,3.1383219,-0.42149004,1.2797096,0.0,0.0,0.9131689953728931,False,True,False,2.8284271247461903
TCAATTAATAGAACCT-1,52,100,0.0,2.6663594,-0.42149004,0.87007934,0.0,0.0,0.7758403619727126,False,False,False,1.4142135623730951
TCAATTATACCAGAAC-1,0,116,0.3465736,0.0,1.2687509,-1.4441334,0.0,0.63092977,0.0,True,False,False,0.0
TCACAAGATGACTCGA-1,48,98,0.0,3.0656133,-0.42149004,1.2166036,0.0,0.0,0.8920127139591372,False,True,False,1.4142135623730951
TCACAAGCTCGAGGCA-1,35,61,0.0,0.0,-0.42149004,-1.4441334,0.0,0.0,0.0,False,False,False,2.0
TCACAAGGAGAACAAG-1,59,85,0.0,3.5433688,-0.42149004,1.631262,0.0,0.0,1.0,False,True,False,3.1622776601683795
TCACAGCACCAAGGTT-1,21,35,0.0,2.0871935,-0.42149004,0.367404,0.0,0.0,0.6073183418480741,False,False,False,2.0
TCACATAAGCGTTGCC-1,49,9,0.54930615,1.0397208,2.2574785,-0.54172873,0.3025313752421983,1.0,0.3025313752421983,True,False,False,0.0
TCACATAGACCTCCGT-1,21,19,0.3465736,2.8872757,1.2687509,1.0618192,0.5300574700480525,0.63092977,0.8401211939269906,True,True,True,0.0
TCACATCCTGTCGCGG-1,26,98,0.0,0.3465736,-0.42149004,-1.1433318,0.0,0.0,0.10084381839069423,False,False,False,3.1622776601683795
TCACATCCTTATACAG-1,4,88,0.0,0.3465736,-0.42149004,-1.1433318,0.0,0.0,0.10084381839069423,False,False,False,2.0
TCACATCCTTCTCAGT-1,30,46,0.0,1.5222611,-0.42149004,-0.12291759,0.0,0.0,0.442937908665388,False,False,False,1.4142135623730951
TCACATTGTCGGTGAC-1,24,54,0.0,2.7706318,-0.42149004,0.96058047,0.0,0.0,0.806180886839532,False,True,False,2.0
TCACCATAGATTGTTA-1,43,35,0.0,0.0,-0.42149004,-1.4441334,0.0,0.0,0.0,False,False,False,1.4142135623730951
TCACCGTTGCTAATGG-1,31,55,0.3465736,0.3465736,1.2687509,-1.1433318,0.06362536695009495,0.63092977,0.10084381839069423,True,False,False,0.0
TCACGACATCAGAAGG-1,28,98,0.0,0.3465736,-0.42149004,-1.1433318,0.0,0.0,0.10084381839069423,False,False,False,3.1622776601683795
TCACGATACCTAGCCA-1,47,83,0.0,2.802901,-0.42149004,0.98858786,0.0,0.0,0.8155703702532288,False,True,False,2.0
TCACGCTATCCACTAC-1,56,90,0.0,2.744469,-0.42149004,0.93787295,0.0,0.0,0.7985681848083316,False,True,False,1.4142135623730951
TCACTACGACTCTGCG-1,21,91,0.0,1.8688347,-0.42149004,0.17788394,0.0,0.0,0.5437816920867579,False,False,False,5.830951894845301
TCACTCCGCTCACTGG-1,62,32,0.3465736,3.6665115,1.2687509,1.7381412,0.6309297680854797,0.63092977,1.0,True,True,True,0.0
TCAGAATCCTACGGTG-1,5,87,0.0,0.0,-0.42149004,-1.4441334,0.0,0.0,0.0,False,False,False,1.4142135623730951
TCAGAATCGATATCAT-1,48,62,0.0,1.8688347,-0.42149004,0.17788394,0.0,0.0,0.5437816920867579,False,False,False,2.0
TCAGAATCTAATAGTC-1,44,18,0.0,0.3465736,-0.42149004,-1.1433318,0.0,0.0,0.10084381839069423,False,False,False,1.4142135623730951
TCAGACCGGCCTGCTC-1,66,18,0.0,3.2108111,-0.42149004,1.3426253,0.0,0.0,0.9342614927389086,False,True,False,2.0
TCAGATTACCAGGTTA-1,40,12,0.0,0.6931472,-0.42149004,-0.84253025,0.0,0.0,0.20168759681644627,False,False,False,1.4142135623730951
TCAGCGTGACCTTACC-1,29,63,0.0,2.7647147,-0.42149004,0.9554449,0.0,0.0,0.8044591771473779,False,True,False,2.8284271247461903
TCAGCTACCAACTCCG-1,20,74,0.0,3.1392608,-0.42149004,1.2805245,0.0,0.0,0.9134421957177258,False,True,False,5.0990195135927845
TCAGCTAGGATGTACT-1,35,49,0.3465736,0.3465736,1.2687509,-1.1433318,0.06362536695009495,0.63092977,0.10084381839069423,True,False,False,0.0
TCAGCTATTAATCGCT-1,33,51,0.0,0.0,-0.42149004,-1.4441334,0.0,0.0,0.0,False,False,False,1.4142135623730951
TCAGCTCGATGACTTC-1,15,115,0.0,0.89587975,-0.42149004,-0.66657263,0.0,0.0,0.26067743010882455,False,False,False,1.4142135623730951
TCAGCTCGCCAGGATG-1,38,86,0.0,2.8279958,-0.42149004,1.0103683,0.0,0.0,0.8228722849114638,False,True,False,5.0990195135927845
TCAGGAATAGAACCTG-1,71,17,0.0,3.0365224,-0.42149004,1.1913549,0.0,0.0,0.8835480592727332,False,True,False,1.4142135623730951
TCAGGAGCAACGGTCG-1,39,59,0.0,0.0,-0.42149004,-1.4441334,0.0,0.0,0.0,False,False,False,1.4142135623730951
TCAGGATACACTACAA-1,22,78,0.0,2.9661226,-0.42149004,1.1302527,0.0,0.0,0.8630635485723027,False,True,False,6.324555320336759
TCAGGTTGGCCTTGGC-1,0,84,0.0,3.4006414,-0.42149004,1.5073845,0.0,0.0,0.989497079309071,False,True,False,2.0
TCAGTATGTAGGACAA-1,23,47,0.54930615,0.54930615,2.2574785,-0.9673742,0.15983363170060141,1.0,0.15983363170060141,True,False,False,0.0
TCAGTCAGCGATCAGA-1,19,83,0.0,3.1780539,-0.42149004,1.3141942,0.0,0.0,0.9247299739206573,False,True,False,6.0
TCAGTCATTGCAAGTG-1,59,91,0.0,3.0972028,-0.42149004,1.2440212,0.0,0.0,0.9012044508388619,False,True,False,2.8284271247461903
TCAGTCCAACGGAAGT-1,39,23,0.0,0.804719,-0.42149004,-0.7456938,0.0,0.0,0.23415203855365221,False,False,False,1.4142135623730951
TCAGTCGAAGTATCTA-1,10,66,0.0,0.3465736,-0.42149004,-1.1433318,0.0,0.0,0.10084381839069423,False,False,False,2.0
TCAGTCGAGCGATGAA-1,0,50,0.0,1.5222611,-0.42149004,-0.12291759,0.0,0.0,0.442937908665388,False,False,False,1.4142135623730951
TCAGTCGCCAAGGTTG-1,44,56,0.3465736,0.3465736,1.2687509,-1.1433318,0.06362536695009495,0.63092977,0.10084381839069423,True,False,False,0.0
TCAGTCGTCACTGAGC-1,3,75,0.0,0.3465736,-0.42149004,-1.1433318,0.0,0.0,0.10084381839069423,False,False,False,2.8284271247461903
TCAGTCGTGCCGGCAG-1,29,89,0.0,1.9756218,-0.42149004,0.27056763,0.0,0.0,0.5748539200933392,False,False,False,3.1622776601683795
TCAGTCTGAGTGCTTG-1,1,57,0.0,2.0471723,-0.42149004,0.33266842,0.0,0.0,0.5956732271057577,False,False,False,1.4142135623730951
TCAGTGTAGGACGTCG-1,9,95,0.0,0.3465736,-0.42149004,-1.1433318,0.0,0.0,0.10084381839069423,False,False,False,2.8284271247461903
TCAGTTCAGAATCTCG-1,15,67,0.0,2.6968138,-0.42149004,0.8965116,0.0,0.0,0.7847017886052106,False,True,False,3.1622776601683795
TCAGTTCTCCGGACCG-1,42,72,0.0,0.0,-0.42149004,-1.4441334,0.0,0.0,0.0,False,False,False,4.242640687119285
TCAGTTGACAGTGCCA-1,40,28,0.0,2.138333,-0.42149004,0.41178957,0.0,0.0,0.6221986086696945,False,False,False,2.0
TCAGTTGCTAAGCCTA-1,62,16,0.0,1.609438,-0.42149004,-0.047254253,0.0,0.0,0.4683040608715467,False,False,False,1.4142135623730951
TCATAATTCGTGCAGA-1,71,21,0.0,2.441401,-0.42149004,0.6748313,0.0,0.0,0.7103834017346308,False,False,False,1.4142135623730951
TCATAGCTTCCAGTAC-1,38,56,0.3465736,0.0,1.2687509,-1.4441334,0.0,0.63092977,0.0,True,False,False,0.0
TCATAGGTAGTGACGA-1,60,50,0.3465736,0.97295505,1.2687509,-0.5996767,0.17861892841693613,0.63092977,0.28310429694725775,True,False,False,0.0
TCATAGGTATTGCGTG-1,68,20,0.0,3.5850596,-0.42149004,1.6674466,0.0,0.0,1.0,False,True,False,2.0
TCATAGGTGAGTCGAC-1,37,107,0.0,0.0,-0.42149004,-1.4441334,0.0,0.0,0.0,False,False,False,2.8284271247461903
TCATAGTAGACTCATA-1,48,116,0.0,0.0,-0.42149004,-1.4441334,0.0,0.0,0.0,False,False,False,3.1622776601683795
TCATCCACGTGGTCAC-1,37,9,0.3465736,0.6931472,1.2687509,-0.84253025,0.12725070868511817,0.63092977,0.20168759681644627,True,False,False,0.0
TCATCCGATTGAATTC-1,2,30,0.0,0.54930615,-0.42149004,-0.9673742,0.0,0.0,0.15983363170060141,False,False,False,1.4142135623730951
TCATCCTAGGACTCGC-1,6,66,0.0,2.6390574,-0.42149004,0.8463831,0.0,0.0,0.7678961907109617,False,False,False,4.47213595499958
TCATCGCTGCGTATTG-1,74,42,0.3465736,0.0,1.2687509,-1.4441334,0.0,0.63092977,0.0,True,False,False,0.0
TCATCGCTGTGCAACA-1,56,32,0.0,0.0,-0.42149004,-1.4441334,0.0,0.0,0.0,False,False,False,1.4142135623730951
TCATCGGCCTGTGCGG-1,59,69,0.0,0.804719,-0.42149004,-0.7456938,0.0,0.0,0.23415203855365221,False,False,False,2.0
TCATCGTTATGTATCT-1,31,101,0.0,1.8688347,-0.42149004,0.17788394,0.0,0.0,0.5437816920867579,False,False,False,2.0
TCATCTATCCACGATT-1,48,20,0.0,1.5890269,-0.42149004,-0.064969584,0.0,0.0,0.4623649919559464,False,False,False,1.4142135623730951
TCATCTCCAACCACCT-1,48,48,0.0,1.3540251,-0.42149004,-0.26893464,0.0,0.0,0.39398566026301807,False,False,False,1.4142135623730951
TCATCTCCAGCCGGTG-1,16,14,0.0,2.4708214,-0.42149004,0.7003661,0.0,0.0,0.7189439522998273,False,False,False,2.0
TCATCTGCCGCTATTC-1,54,90,0.0,0.89587975,-0.42149004,-0.66657263,0.0,0.0,0.26067743010882455,False,False,False,2.0
TCATCTTCCACGTATG-1,25,37,0.0,0.54930615,-0.42149004,-0.9673742,0.0,0.0,0.15983363170060141,False,False,False,1.4142135623730951
TCATCTTCGACACCGT-1,61,19,0.3465736,2.7803407,1.2687509,0.9690071,0.5104259103500779,0.63092977,0.8090059086908138,True,True,True,0.0
TCATGAGGCTTGACGC-1,16,20,0.0,1.9356005,-0.42149004,0.23583196,0.0,0.0,0.563208780372934,False,False,False,1.4142135623730951
TCATGAGGTTGATATG-1,34,20,0.0,2.1783543,-0.42149004,0.44652516,0.0,0.0,0.6338437234120109,False,False,False,2.0
TCATGAGTAAGACATC-1,25,111,0.0,0.6931472,-0.42149004,-0.84253025,0.0,0.0,0.20168759681644627,False,False,False,5.656854249492381
TCATGATTCTGATACT-1,17,71,0.0,2.7080503,-0.42149004,0.90626407,0.0,0.0,0.787971300543565,False,True,False,3.1622776601683795
TCATGCAGCGCCTTCG-1,66,96,0.0,1.7917595,-0.42149004,0.11098804,0.0,0.0,0.5213548277461335,False,False,False,1.4142135623730951
TCATGGTTCCGAACTT-1,9,109,0.3465736,0.0,1.2687509,-1.4441334,0.0,0.63092977,0.0,True,False,False,0.0
TCATTACGGCACAGTA-1,8,36,0.3465736,2.29756,1.2687509,0.5499873,0.421795122404207,0.63092977,0.6685294366187859,True,False,False,0.0
TCATTCACTGTAATGG-1,39,101,0.0,0.3465736,-0.42149004,-1.1433318,0.0,0.0,0.10084381839069423,False,False,False,4.242640687119285
TCATTGATAGACTTGC-1,23,53,0.0,1.9459101,-0.42149004,0.24477994,0.0,0.0,0.5662085938945155,False,False,False,1.4142135623730951
TCATTGATAGGTGGAA-1,12,20,0.0,3.4923582,-0.42149004,1.5869883,0.0,0.0,1.0,False,True,False,3.1622776601683795
TCATTGGCGACCGACG-1,38,10,0.6931472,0.0,2.9589918,-1.4441334,0.0,1.0,0.0,True,False,False,0.0
TCATTGTTCAATGCGT-1,31,49,1.0986123,0.0,4.936447,-1.4441334,0.0,1.0,0.0,True,False,False,0.0
TCCAACGAAGATGCTT-1,55,73,0.0,3.1249876,-0.42149004,1.2681364,0.0,0.0,0.9092890788899507,False,True,False,4.47213595499958
TCCAACGTGGTTGTTC-1,45,39,0.0,1.4978662,-0.42149004,-0.14409073,0.0,0.0,0.43583961039200964,False,False,False,2.0
TCCAACTAAGACTCCA-1,33,69,0.0,2.8502216,-0.42149004,1.0296588,0.0,0.0,0.8293394118571672,False,True,False,2.0
TCCAACTGAATAAGGT-1,38,48,0.54930615,0.6931472,2.2574785,-0.84253025,0.20168759681644627,1.0,0.20168759681644627,True,False,False,0.0
TCCAACTGCCGCCATA-1,42,88,0.0,0.54930615,-0.42149004,-0.9673742,0.0,0.0,0.15983363170060141,False,False,False,2.0
TCCAACTGGCTGAAGA-1,16,64,0.3465736,2.7403195,1.2687509,0.9342715,0.5030786671101474,0.63092977,0.7973608039397329,True,True,True,0.0
TCCAAGACCGCTTGAT-1,51,81,0.0,3.230734,-0.42149004,1.3599169,0.0,0.0,0.9400585274988587,False,True,False,2.0
TCCAATACTATCTGTT-1,26,14,0.3465736,2.791748,1.2687509,0.9789079,0.5125201229158391,0.63092977,0.8123251569997277,True,True,True,0.0
TCCAATCCAGATACAT-1,32,16,0.3465736,0.6931472,1.2687509,-0.84253025,0.12725070868511817,0.63092977,0.20168759681644627,True,False,False,0.0
TCCAATCTAACACGCA-1,34,100,0.0,0.3465736,-0.42149004,-1.1433318,0.0,0.0,0.10084381839069423,False,False,False,1.4142135623730951
TCCAATGCAAGTATCT-1,3,37,0.0,2.5529728,-0.42149004,0.7716677,0.0,0.0,0.7428478434718367,False,False,False,3.1622776601683795
TCCAATGTCCACGAGC-1,3,67,0.0,3.1780539,-0.42149004,1.3141942,0.0,0.0,0.9247299739206573,False,True,False,3.1622776601683795
TCCAATTAGCAATCAA-1,17,45,0.0,0.0,-0.42149004,-1.4441334,0.0,0.0,0.0,False,False,False,2.0
TCCAATTCCTGTGCGA-1,0,98,0.0,0.54930615,-0.42149004,-0.9673742,0.0,0.0,0.15983363170060141,False,False,False,2.0
TCCAATTGGTTACAGT-1,50,52,0.0,0.0,-0.42149004,-1.4441334,0.0,0.0,0.0,False,False,False,1.4142135623730951
TCCACCAAGTGACGAA-1,60,30,0.3465736,2.1910133,1.2687509,0.45751235,0.40223487723279483,0.63092977,0.637527182230367,True,False,False,0.0
TCCAGATCGGTCGAGT-1,2,116,0.0,0.3465736,-0.42149004,-1.1433318,0.0,0.0,0.10084381839069423,False,False,False,2.0
TCCAGATCTTCGCTTA-1,7,61,0.0,2.4337673,-0.42149004,0.66820574,0.0,0.0,0.7081621902124751,False,False,False,3.1622776601683795
TCCAGTACCGAGCGCA-1,60,82,0.0,3.2156656,-0.42149004,1.3468385,0.0,0.0,0.9356739736908428,False,True,False,2.8284271247461903
TCCAGTACGTGCTATG-1,26,62,0.0,3.1012678,-0.42149004,1.2475493,0.0,0.0,0.9023872532680118,False,True,False,1.4142135623730951
TCCAGTCACGGTGGCT-1,7,43,0.0,2.393746,-0.42149004,0.63346994,0.0,0.0,0.6965170055315097,False,False,False,1.4142135623730951
TCCAGTCAGTACATTA-1,60,74,0.0,2.585242,-0.42149004,0.79967517,0.0,0.0,0.7522373468680046,False,False,False,2.0
TCCAGTGATTGGTGCT-1,33,17,0.54930615,2.705823,2.2574785,0.9043309,0.7873232090584891,1.0,0.7873232090584891,True,True,True,0.0
TCCATCGGCTAGACGA-1,50,106,0.3465736,2.754694,1.2687509,0.94674754,0.5057175882625131,0.63092977,0.8015433949123754,True,True,True,0.0
TCCATGATGTGATCAA-1,28,80,0.3465736,2.6876392,1.2687509,0.88854873,0.493407413748431,0.63092977,0.7820322303790603,True,False,False,0.0
TCCATGCGTCCACCAG-1,19,79,0.0,2.2924838,-0.42149004,0.5455816,0.0,0.0,0.6670524122852097,False,False,False,5.656854249492381
TCCATGCGTCGGTTAC-1,48,10,0.804719,0.3465736,3.5031278,-1.1433318,0.10084381839069423,1.0,0.10084381839069423,True,False,False,0.0
TCCATGTCGGACCGAC-1,11,7,0.0,3.5553482,-0.42149004,1.6416591,0.0,0.0,1.0,False,True,False,1.4142135623730951
TCCGAACATAGTCTGA-1,37,101,0.0,1.1512926,-0.42149004,-0.44489226,0.0,0.0,0.3349958269706398,False,False,False,4.0
TCCGAACCTCAACCAT-1,31,57,0.3465736,0.0,1.2687509,-1.4441334,0.0,0.63092977,0.0,True,False,False,0.0
TCCGAAGTGACAGGCT-1,73,31,0.0,1.5890269,-0.42149004,-0.064969584,0.0,0.0,0.4623649919559464,False,False,False,4.47213595499958
TCCGAATACCGAATAG-1,7,35,0.0,2.3502402,-0.42149004,0.5957101,0.0,0.0,0.6838580101794585,False,False,False,1.4142135623730951
TCCGAATACTCGCTGG-1,17,23,0.0,2.3592494,-0.42149004,0.6035294,0.0,0.0,0.686479430632737,False,False,False,2.8284271247461903
TCCGAATAGAAGCACC-1,41,107,0.0,2.0715673,-0.42149004,0.35384157,0.0,0.0,0.602771530374754,False,False,False,1.4142135623730951
TCCGAATCATGTTGTC-1,42,44,0.54930615,1.2424533,2.2574785,-0.3657711,0.3615212085345766,1.0,0.3615212085345766,True,False,False,0.0
TCCGAATCGCAGGTTC-1,48,84,0.0,1.2424533,-0.42149004,-0.3657711,0.0,0.0,0.3615212085345766,False,False,False,1.4142135623730951
TCCGAGACAATACGCA-1,0,78,0.0,0.3465736,-0.42149004,-1.1433318,0.0,0.0,0.10084381839069423,False,False,False,4.0
TCCGAGTACGACTTAG-1,42,48,0.0,1.4978662,-0.42149004,-0.14409073,0.0,0.0,0.43583961039200964,False,False,False,1.4142135623730951
TCCGATGCGTATCCGG-1,24,38,0.3465736,0.89587975,1.2687509,-0.66657263,0.16446915052367952,0.63092977,0.26067743010882455,True,False,False,0.0
TCCGCCAACATTGCTC-1,45,23,0.804719,1.4978662,3.5031278,-0.14409073,0.43583961039200964,1.0,0.43583961039200964,True,False,False,0.0
TCCGCCAAGGTCCGTT-1,51,77,0.0,3.5246274,-0.42149004,1.6149957,0.0,0.0,1.0,False,True,False,2.0
TCCGCCAGTGATTAAT-1,41,57,0.0,0.0,-0.42149004,-1.4441334,0.0,0.0,0.0,False,False,False,1.4142135623730951
TCCGCCGGTCTATTCA-1,49,23,0.0,1.9356005,-0.42149004,0.23583196,0.0,0.0,0.563208780372934,False,False,False,1.4142135623730951
TCCGCCTTGTTCTGAT-1,57,77,0.0,2.1783543,-0.42149004,0.44652516,0.0,0.0,0.6338437234120109,False,False,False,2.8284271247461903
TCCGGCTATGCTCAGT-1,55,77,0.0,0.97295505,-0.42149004,-0.5996767,0.0,0.0,0.28310429694725775,False,False,False,2.0
TCCGGCTCTATGGACA-1,25,59,0.0,2.8502216,-0.42149004,1.0296588,0.0,0.0,0.8293394118571672,False,True,False,2.8284271247461903
TCCGGTACGTGGCCTC-1,56,36,0.0,0.54930615,-0.42149004,-0.9673742,0.0,0.0,0.15983363170060141,False,False,False,2.0
TCCGGTTCCGTTCTAG-1,51,93,0.3465736,1.777674,1.2687509,0.098762795,0.32635240403891436,0.63092977,0.5172563105228211,True,False,False,0.0
TCCGTCATAAGATGAC-1,8,10,0.0,2.668769,-0.42149004,0.8721706,0.0,0.0,0.7765414669536078,False,False,False,1.4142135623730951
TCCGTCCACTCGGAGC-1,22,100,0.0,2.84179,-0.42149004,1.0223408,0.0,0.0,0.8268860439858111,False,True,False,1.4142135623730951
TCCGTCGGTACAAGTT-1,51,19,0.0,2.7879746,-0.42149004,0.9756328,0.0,0.0,0.8112271801603829,False,True,False,1.4142135623730951
TCCGTGTCTTACATAA-1,44,54,0.0,0.0,-0.42149004,-1.4441334,0.0,0.0,0.0,False,False,False,2.0
TCCGTGTTCTGTTCTG-1,20,46,0.3465736,0.3465736,1.2687509,-1.1433318,0.06362536695009495,0.63092977,0.10084381839069423,True,False,False,0.0
TCCGTTGGAGCTCACT-1,13,15,0.0,2.418141,-0.42149004,0.6546431,0.0,0.0,0.7036153187917414,False,False,False,2.8284271247461903
TCCTAAGCGGTTCATC-1,8,28,0.0,1.1512926,-0.42149004,-0.44489226,0.0,0.0,0.3349958269706398,False,False,False,1.4142135623730951
TCCTAAGCTTAGGTTA-1,1,97,0.0,0.6931472,-0.42149004,-0.84253025,0.0,0.0,0.20168759681644627,False,False,False,3.1622776601683795
TCCTAATTGCGGCCTG-1,54,30,0.0,1.0397208,-0.42149004,-0.54172873,0.0,0.0,0.3025313752421983,False,False,False,2.0
TCCTAATTGCTCAACG-1,23,97,0.0,0.89587975,-0.42149004,-0.66657263,0.0,0.0,0.26067743010882455,False,False,False,2.8284271247461903
TCCTACAAGCTCGAAC-1,53,95,0.0,2.6876392,-0.42149004,0.88854873,0.0,0.0,0.7820322303790603,False,False,False,2.8284271247461903
TCCTACCGATCGTGGC-1,64,32,0.54930615,2.5649493,2.2574785,0.7820625,0.7463326865187282,1.0,0.7463326865187282,True,False,False,0.0
TCCTACGTAAGCCAGA-1,63,103,0.0,3.4006414,-0.42149004,1.5073845,0.0,0.0,0.989497079309071,False,True,False,4.242640687119285
TCCTAGGTATCTGATG-1,28,18,0.0,3.3509803,-0.42149004,1.4642822,0.0,0.0,0.9750469951252183,False,True,False,1.4142135623730951
TCCTATCCTCGAATCA-1,14,72,0.0,2.8995464,-0.42149004,1.0724692,0.0,0.0,0.8436916218975888,False,True,False,2.0
TCCTATCCTGTCAATA-1,11,69,0.0,2.0948274,-0.42149004,0.37402973,0.0,0.0,0.6095396133176433,False,False,False,3.1622776601683795
TCCTATGAGGATTGTT-1,42,26,0.0,1.1512926,-0.42149004,-0.44489226,0.0,0.0,0.3349958269706398,False,False,False,1.4142135623730951
TCCTATTGACTGTTGA-1,34,12,0.0,3.0201273,-0.42149004,1.177125,0.0,0.0,0.8787774840880732,False,True,False,1.4142135623730951
TCCTCAAGCGAGGTCC-1,3,107,0.0,1.0397208,-0.42149004,-0.54172873,0.0,0.0,0.3025313752421983,False,False,False,1.4142135623730951
TCCTCAATGAGGAACG-1,48,72,0.0,2.158744,-0.42149004,0.4295049,0.0,0.0,0.6281376788341992,False,False,False,2.0
TCCTCAATGCTAAGGC-1,7,97,0.0,0.0,-0.42149004,-1.4441334,0.0,0.0,0.0,False,False,False,2.8284271247461903
TCCTCACGTGTAGACG-1,27,79,0.0,1.732868,-0.42149004,0.05987433,0.0,0.0,0.5042189433338424,False,False,False,1.4142135623730951
TCCTCAGTCGGATGCG-1,20,14,0.0,2.7403195,-0.42149004,0.9342715,0.0,0.0,0.7973608039397329,False,True,False,1.4142135623730951
TCCTCATCGTGCTGGA-1,34,88,0.0,0.54930615,-0.42149004,-0.9673742,0.0,0.0,0.15983363170060141,False,False,False,1.4142135623730951
TCCTCATGGCACCGTT-1,58,10,0.0,3.5450385,-0.42149004,1.632711,0.0,0.0,1.0,False,True,False,2.8284271247461903
TCCTGAAGCGTGCACT-1,32,32,0.0,0.54930615,-0.42149004,-0.9673742,0.0,0.0,0.15983363170060141,False,False,False,2.0
TCCTGACACTTCACGG-1,16,86,0.0,2.585242,-0.42149004,0.79967517,0.0,0.0,0.7522373468680046,False,False,False,4.242640687119285
TCCTGATAAGTGCCGT-1,25,87,0.0,3.1269145,-0.42149004,1.2698088,0.0,0.0,0.9098497470639791,False,True,False,1.4142135623730951
TCCTGGTGCGAGGCCT-1,13,105,0.3465736,0.6931472,1.2687509,-0.84253025,0.12725070868511817,0.63092977,0.20168759681644627,True,False,False,0.0
TCCTGGTGGCAATAGC-1,39,51,0.0,1.6661022,-0.42149004,0.0019263168,0.0,0.0,0.4847918584431252,False,False,False,1.4142135623730951
TCCTTACTCGCAATGA-1,28,104,0.0,0.3465736,-0.42149004,-1.1433318,0.0,0.0,0.10084381839069423,False,False,False,3.1622776601683795
TCCTTCCAACCGCAAC-1,13,75,0.0,1.609438,-0.42149004,-0.047254253,0.0,0.0,0.4683040608715467,False,False,False,2.0
TCCTTGAACAGGACCA-1,35,11,0.6931472,1.8688347,2.9589918,0.17788394,0.5437816920867579,1.0,0.5437816920867579,True,False,False,0.0
TCCTTGAACGATGGTC-1,3,21,0.3465736,3.103288,1.2687509,1.2493026,0.5697138437023832,0.63092977,0.9029750576377894,True,True,True,0.0
TCCTTGGCTCAAGAGT-1,32,22,0.0,2.5708318,-0.42149004,0.7871681,0.0,0.0,0.7480443450279207,False,False,False,2.8284271247461903
TCGAACAGGTTGCACG-1,69,19,0.0,3.5804229,-0.42149004,1.6634222,0.0,0.0,1.0,False,True,False,1.4142135623730951
TCGAATCTTGCGTTAC-1,63,53,0.0,0.6931472,-0.42149004,-0.84253025,0.0,0.0,0.20168759681644627,False,False,False,3.1622776601683795
TCGAATGGTTCCACGC-1,60,40,0.0,0.54930615,-0.42149004,-0.9673742,0.0,0.0,0.15983363170060141,False,False,False,1.4142135623730951
TCGAATTAGTTACTCC-1,43,25,0.3465736,2.1242476,1.2687509,0.39956433,0.3899777489258216,0.63092977,0.6181000939441909,True,False,False,0.0
TCGAATTGTACACTAT-1,31,19,0.0,2.6711671,-0.42149004,0.87425214,0.0,0.0,0.7772392948092433,False,False,False,1.4142135623730951
TCGACCAATCCGGTTG-1,52,116,0.0,0.3465736,-0.42149004,-1.1433318,0.0,0.0,0.10084381839069423,False,False,False,7.0710678118654755
TCGACCTGCAGCTCAG-1,6,28,0.0,1.2424533,-0.42149004,-0.3657711,0.0,0.0,0.3615212085345766,False,False,False,1.4142135623730951
TCGACGAAGAGCAAGT-1,30,92,0.0,0.3465736,-0.42149004,-1.1433318,0.0,0.0,0.10084381839069423,False,False,False,2.0
TCGACGAAGCAGCTCA-1,9,89,0.0,2.138333,-0.42149004,0.41178957,0.0,0.0,0.6221986086696945,False,False,False,3.1622776601683795
TCGACTCAGGTTAACC-1,75,29,0.0,0.0,-0.42149004,-1.4441334,0.0,0.0,0.0,False,False,False,2.0
TCGAGTGGTAGGTCAC-1,45,83,0.0,1.0986123,-0.42149004,-0.49061504,0.0,0.0,0.31966725340996727,False,False,False,1.4142135623730951
TCGATAGGAGCTGCAG-1,7,91,0.0,0.0,-0.42149004,-1.4441334,0.0,0.0,0.0,False,False,False,3.1622776601683795
TCGATATTAGACATAC-1,26,28,0.0,1.8920949,-0.42149004,0.19807209,0.0,0.0,0.5505497750296472,False,False,False,1.4142135623730951
TCGATATTGTCCTAAC-1,60,112,0.0,0.89587975,-0.42149004,-0.66657263,0.0,0.0,0.26067743010882455,False,False,False,7.0710678118654755
TCGATCCAGTCTGTAG-1,45,61,0.0,0.3465736,-0.42149004,-1.1433318,0.0,0.0,0.10084381839069423,False,False,False,1.4142135623730951
TCGATCGCACCTAATC-1,50,112,0.0,2.3502402,-0.42149004,0.5957101,0.0,0.0,0.6838580101794585,False,False,False,4.47213595499958
TCGATCGTATAACGAC-1,3,111,0.0,0.0,-0.42149004,-1.4441334,0.0,0.0,0.0,False,False,False,2.8284271247461903
TCGATCGTGAGGCGCC-1,16,102,0.0,0.89587975,-0.42149004,-0.66657263,0.0,0.0,0.26067743010882455,False,False,False,4.242640687119285
TCGATCGTTGTCTGAA-1,8,70,0.0,0.54930615,-0.42149004,-0.9673742,0.0,0.0,0.15983363170060141,False,False,False,6.0
TCGATCTAATGTTAGT-1,40,34,0.0,0.0,-0.42149004,-1.4441334,0.0,0.0,0.0,False,False,False,1.4142135623730951
TCGATCTAGCCGATTC-1,53,37,0.0,0.54930615,-0.42149004,-0.9673742,0.0,0.0,0.15983363170060141,False,False,False,1.4142135623730951
TCGCAATAGTGACGCA-1,65,49,0.0,0.0,-0.42149004,-1.4441334,0.0,0.0,0.0,False,False,False,3.1622776601683795
TCGCAATGATAGTTCA-1,56,112,0.0,2.6876392,-0.42149004,0.88854873,0.0,0.0,0.7820322303790603,False,False,False,5.0990195135927845
TCGCACCTCATGTCAG-1,6,50,0.0,1.5222611,-0.42149004,-0.12291759,0.0,0.0,0.442937908665388,False,False,False,2.0
TCGCACGATTCGGTGG-1,12,88,0.0,2.5708318,-0.42149004,0.7871681,0.0,0.0,0.7480443450279207,False,False,False,2.0
TCGCACTCTTGGACAG-1,18,48,0.3465736,0.0,1.2687509,-1.4441334,0.0,0.63092977,0.0,True,False,False,0.0
TCGCACTGCTGTGCTC-1,48,42,0.0,1.7005987,-0.42149004,0.031866897,0.0,0.0,0.49482944493329234,False,False,False,2.0
TCGCACTGTACGGCGA-1,35,57,0.0,0.0,-0.42149004,-1.4441334,0.0,0.0,0.0,False,False,False,2.8284271247461903
TCGCACTTACTGAAGT-1,51,35,0.54930615,0.54930615,2.2574785,-0.9673742,0.15983363170060141,1.0,0.15983363170060141,True,False,False,0.0
TCGCACTTGGTCCGTC-1,50,8,0.3465736,1.777674,1.2687509,0.098762795,0.32635240403891436,0.63092977,0.5172563105228211,True,False,False,0.0
TCGCCGTATCATGCTT-1,59,87,0.0,2.9674473,-0.42149004,1.1314025,0.0,0.0,0.8634490104397562,False,True,False,1.4142135623730951
TCGCCGTTGTTACAAG-1,72,14,0.3465736,1.8688347,1.2687509,0.17788394,0.3430880568774279,0.63092977,0.5437816920867579,True,False,False,0.0
TCGCCTAGATAATTAA-1,21,39,0.0,1.0986123,-0.42149004,-0.49061504,0.0,0.0,0.31966725340996727,False,False,False,2.8284271247461903
TCGCCTATCGACTCCT-1,43,55,0.0,0.3465736,-0.42149004,-1.1433318,0.0,0.0,0.10084381839069423,False,False,False,1.4142135623730951
TCGCCTGACGGCCACT-1,43,51,0.3465736,0.3465736,1.2687509,-1.1433318,0.06362536695009495,0.63092977,0.10084381839069423,True,False,False,0.0
TCGCCTGCGTGCGTGG-1,36,10,0.3465736,1.3862944,1.2687509,-0.2409272,0.25450139530704863,0.63092977,0.40337515866356816,True,False,False,0.0
TCGCCTGCTATCAGTC-1,14,112,0.0,0.6931472,-0.42149004,-0.84253025,0.0,0.0,0.20168759681644627,False,False,False,2.0
TCGCCTGGTGGATTCT-1,17,95,0.0,1.0986123,-0.42149004,-0.49061504,0.0,0.0,0.31966725340996727,False,False,False,5.0990195135927845
TCGCGGAGTACAACCA-1,68,24,0.0,3.0456548,-0.42149004,1.1992811,0.0,0.0,0.886205328279159,False,True,False,2.0
TCGCGGTAGTATGATC-1,10,64,0.3465736,0.3465736,1.2687509,-1.1433318,0.06362536695009495,0.63092977,0.10084381839069423,True,False,False,0.0
TCGCGGTCCGGATCAG-1,75,39,0.0,0.0,-0.42149004,-1.4441334,0.0,0.0,0.0,False,False,False,3.1622776601683795
TCGCTTGTTCCAGTTG-1,62,82,0.0,2.3410656,-0.42149004,0.5877472,0.0,0.0,0.6811884519533082,False,False,False,4.47213595499958
TCGGAACGTCTGCAAG-1,35,97,0.0,2.3680992,-0.42149004,0.61121047,0.0,0.0,0.6890545117355424,False,False,False,1.4142135623730951
TCGGAATCAGCCTAAC-1,13,65,0.0,2.0471723,-0.42149004,0.33266842,0.0,0.0,0.5956732271057577,False,False,False,3.1622776601683795
TCGGACATTCTATGAG-1,39,35,0.3465736,0.6931472,1.2687509,-0.84253025,0.12725070868511817,0.63092977,0.20168759681644627,True,False,False,0.0
TCGGACCAGATTCAAT-1,71,27,0.0,3.3485172,-0.42149004,1.4621444,0.0,0.0,0.9743303038168677,False,True,False,1.4142135623730951
TCGGACCAGGATCGCC-1,33,113,0.0,0.54930615,-0.42149004,-0.9673742,0.0,0.0,0.15983363170060141,False,False,False,4.47213595499958
TCGGACGGCCGAGGAA-1,63,79,0.0,3.0931044,-0.42149004,1.240464,0.0,0.0,0.9000118969638169,False,True,False,4.242640687119285
TCGGACGTTGCCTCAG-1,8,50,0.3465736,1.0397208,1.2687509,-0.54172873,0.1908760504201414,0.63092977,0.3025313752421983,True,False,False,0.0
TCGGACTGCCACCTCC-1,53,63,0.0,0.0,-0.42149004,-1.4441334,0.0,0.0,0.0,False,False,False,4.242640687119285
TCGGAGCGTTACCTCG-1,58,82,0.0,2.7647147,-0.42149004,0.9554449,0.0,0.0,0.8044591771473779,False,True,False,2.0
TCGGAGCTGAGTCGGA-1,6,100,0.0,0.3465736,-0.42149004,-1.1433318,0.0,0.0,0.10084381839069423,False,False,False,1.4142135623730951
TCGGAGTTGTCTTGTT-1,19,39,0.0,0.6931472,-0.42149004,-0.84253025,0.0,0.0,0.20168759681644627,False,False,False,2.0
TCGGCACTGGCGCCGA-1,48,34,0.6931472,0.89587975,2.9589918,-0.66657263,0.26067743010882455,1.0,0.26067743010882455,True,False,False,0.0
TCGGCGACCTCGCTGA-1,64,90,0.0,3.67814,-0.42149004,1.7482338,0.0,0.0,1.0,False,True,False,2.0
TCGGCGCAGAATGTCT-1,44,78,0.3465736,0.3465736,1.2687509,-1.1433318,0.06362536695009495,0.63092977,0.10084381839069423,True,False,False,0.0
TCGGCGCAGATAGATA-1,38,46,0.97295505,1.2424533,4.323616,-0.3657711,0.3615212085345766,1.0,0.3615212085345766,True,False,False,0.0
TCGGCGCTATCACGTG-1,16,94,0.0,0.0,-0.42149004,-1.4441334,0.0,0.0,0.0,False,False,False,4.47213595499958
TCGGCGGAACATACGC-1,4,80,0.0,0.89587975,-0.42149004,-0.66657263,0.0,0.0,0.26067743010882455,False,False,False,2.0
TCGGTAATAGCGGTTC-1,9,29,0.0,0.0,-0.42149004,-1.4441334,0.0,0.0,0.0,False,False,False,1.4142135623730951
TCGGTAATTACGTGGA-1,47,103,0.0,3.2755404,-0.42149004,1.3988056,0.0,0.0,0.9530959708710084,False,True,False,3.1622776601683795
TCGGTAGGCATCACGC-1,42,102,0.0,3.111288,-0.42149004,1.2562462,0.0,0.0,0.9053028956257166,False,True,False,4.0
TCGGTATCGTAATTGG-1,63,31,0.0,2.1910133,-0.42149004,0.45751235,0.0,0.0,0.637527182230367,False,False,False,1.4142135623730951
TCGGTGATCGCCGGCC-1,47,29,0.3465736,0.0,1.2687509,-1.4441334,0.0,0.63092977,0.0,True,False,False,0.0
TCGGTGTCTAACCAAG-1,24,82,0.0,2.2499049,-0.42149004,0.50862604,0.0,0.0,0.6546630603981359,False,False,False,4.47213595499958
TCGTAAGGCGTTCAGG-1,9,55,0.3465736,0.89587975,1.2687509,-0.66657263,0.16446915052367952,0.63092977,0.26067743010882455,True,False,False,0.0
TCGTATACAAGACGAG-1,67,33,0.0,1.4978662,-0.42149004,-0.14409073,0.0,0.0,0.43583961039200964,False,False,False,2.8284271247461903
TCGTATAGGAGCCTAT-1,8,18,0.0,2.1783543,-0.42149004,0.44652516,0.0,0.0,0.6338437234120109,False,False,False,2.8284271247461903
TCGTATCAACAGCACC-1,12,80,0.0,1.994492,-0.42149004,0.28694567,0.0,0.0,0.5803446635363207,False,False,False,2.0
TCGTATCACGTTATGA-1,27,61,0.3465736,2.0948274,1.2687509,0.37402973,0.38457668686941365,0.63092977,0.6095396133176433,True,False,False,0.0
TCGTATCCTGATGCAA-1,8,64,0.0,2.2924838,-0.42149004,0.5455816,0.0,0.0,0.6670524122852097,False,False,False,2.0
TCGTATGCCGGACGTT-1,54,92,0.0,1.7005987,-0.42149004,0.031866897,0.0,0.0,0.49482944493329234,False,False,False,2.0
TCGTATGTCGTGCCTA-1,36,6,0.3465736,1.6661022,1.2687509,0.0019263168,0.3058696148172497,0.63092977,0.4847918584431252,True,False,False,0.0
TCGTATGTGGCCATTA-1,6,112,0.0,0.3465736,-0.42149004,-1.1433318,0.0,0.0,0.10084381839069423,False,False,False,3.1622776601683795
TCGTATTCTGAGTGGC-1,57,67,0.0,0.3465736,-0.42149004,-1.1433318,0.0,0.0,0.10084381839069423,False,False,False,1.4142135623730951
TCGTCAAGCCTAATCT-1,16,68,0.0,2.705823,-0.42149004,0.9043309,0.0,0.0,0.7873232090584891,False,True,False,2.8284271247461903
TCGTCAAGTCCAGGTT-1,61,107,0.0,3.0456548,-0.42149004,1.1992811,0.0,0.0,0.886205328279159,False,True,False,5.656854249492381
TCGTCACGATGTTCGA-1,57,29,0.6931472,1.0986123,2.9589918,-0.49061504,0.31966725340996727,1.0,0.31966725340996727,True,False,False,0.0
TCGTCAGAACAGCCAG-1,37,7,0.6931472,0.6931472,2.9589918,-0.84253025,0.20168759681644627,1.0,0.20168759681644627,True,False,False,0.0
TCGTCATCGTACCAAT-1,73,45,0.0,0.0,-0.42149004,-1.4441334,0.0,0.0,0.0,False,False,False,1.4142135623730951
TCGTCCAGCATGGCTT-1,42,66,0.0,0.0,-0.42149004,-1.4441334,0.0,0.0,0.0,False,False,False,1.4142135623730951
TCGTGCCTCGGTAGTT-1,32,102,0.0,1.8444397,-0.42149004,0.1567108,0.0,0.0,0.5366833938133795,False,False,False,1.4142135623730951
TCGTTAGCCAGGCCAG-1,41,11,0.0,0.3465736,-0.42149004,-1.1433318,0.0,0.0,0.10084381839069423,False,False,False,1.4142135623730951
TCGTTAGCTTACTCAT-1,7,19,0.0,2.1242476,-0.42149004,0.39956433,0.0,0.0,0.6181000939441909,False,False,False,3.1622776601683795
TCTAACAAGCCAATCC-1,23,25,0.0,3.2726748,-0.42149004,1.3963186,0.0,0.0,0.9522621822820317,False,True,False,1.4142135623730951
TCTAACCGTGCTAGCT-1,47,115,0.0,0.6931472,-0.42149004,-0.84253025,0.0,0.0,0.20168759681644627,False,False,False,2.0
TCTAACTCTATGTTCT-1,15,77,0.0,1.777674,-0.42149004,0.098762795,0.0,0.0,0.5172563105228211,False,False,False,2.0
TCTACAACTGGAACTT-1,35,109,0.3465736,0.54930615,1.2687509,-0.9673742,0.10084379618112044,0.63092977,0.15983363170060141,True,False,False,0.0
TCTACACTAATTACTC-1,53,73,0.0,2.1783543,-0.42149004,0.44652516,0.0,0.0,0.6338437234120109,False,False,False,5.656854249492381
TCTACACTGAGCTTCT-1,15,75,0.3465736,2.8650498,1.2687509,1.0425286,0.5259771419289487,0.63092977,0.833654027016345,True,True,True,0.0
TCTACAGCACCGAACC-1,76,30,0.0,0.0,-0.42149004,-1.4441334,0.0,0.0,0.0,False,False,False,3.1622776601683795
TCTACAGCACGTCCGA-1,37,29,0.0,2.1972246,-0.42149004,0.4629033,0.0,0.0,0.6393344968286989,False,False,False,1.4142135623730951
TCTACAGGTACGCAGT-1,50,66,0.3465736,0.89587975,1.2687509,-0.66657263,0.16446915052367952,0.63092977,0.26067743010882455,True,False,False,0.0
TCTACATAGACGTGAG-1,4,98,0.0,0.3465736,-0.42149004,-1.1433318,0.0,0.0,0.10084381839069423,False,False,False,1.4142135623730951
TCTACATGAACTATAC-1,35,27,0.3465736,2.6020033,1.2687509,0.8142228,0.47768604347320026,0.63092977,0.7571144486060806,True,False,False,0.0
TCTACATGAATCTGAT-1,61,51,0.0,0.0,-0.42149004,-1.4441334,0.0,0.0,0.0,False,False,False,1.4142135623730951
TCTACATGTCCGACTT-1,47,77,0.0,2.668769,-0.42149004,0.8721706,0.0,0.0,0.7765414669536078,False,False,False,3.1622776601683795
TCTACATTCGATCGCC-1,10,108,0.0,0.3465736,-0.42149004,-1.1433318,0.0,0.0,0.10084381839069423,False,False,False,1.4142135623730951
TCTACCGGTCAATAGC-1,70,18,0.3465736,2.7607305,1.2687509,0.95198685,0.5068258032716817,0.63092977,0.8032998741042376,True,True,True,0.0
TCTACTATGCTAGCTC-1,48,114,0.0,1.0397208,-0.42149004,-0.54172873,0.0,0.0,0.3025313752421983,False,False,False,3.1622776601683795
TCTACTCCGACTCGGC-1,49,71,0.0,3.0201273,-0.42149004,1.177125,0.0,0.0,0.8787774840880732,False,True,False,1.4142135623730951
TCTACTCGAGCAGAGG-1,65,89,0.0,2.8083856,-0.42149004,0.9933481,0.0,0.0,0.8171662503248875,False,True,False,1.4142135623730951
TCTACTGTCTCAATGA-1,47,51,0.0,0.0,-0.42149004,-1.4441334,0.0,0.0,0.0,False,False,False,2.0
TCTACTTAACCGGCCT-1,1,105,0.0,0.6931472,-0.42149004,-0.84253025,0.0,0.0,0.20168759681644627,False,False,False,1.4142135623730951
TCTACTTAGGTTCTTA-1,28,42,0.0,0.0,-0.42149004,-1.4441334,0.0,0.0,0.0,False,False,False,1.4142135623730951
TCTACTTAGTATTAGT-1,61,13,0.0,2.1242476,-0.42149004,0.39956433,0.0,0.0,0.6181000939441909,False,False,False,1.4142135623730951
TCTACTTCACCGTGGA-1,57,43,0.0,0.3465736,-0.42149004,-1.1433318,0.0,0.0,0.10084381839069423,False,False,False,1.4142135623730951
TCTAGAACTTCTTGCA-1,55,15,0.0,2.8083856,-0.42149004,0.9933481,0.0,0.0,0.8171662503248875,False,True,False,2.8284271247461903
TCTAGAATTGCGGTTG-1,38,112,0.0,1.0397208,-0.42149004,-0.54172873,0.0,0.0,0.3025313752421983,False,False,False,1.4142135623730951
TCTAGACGGTGGCTGA-1,5,105,0.0,0.0,-0.42149004,-1.4441334,0.0,0.0,0.0,False,False,False,3.1622776601683795
TCTAGAGTCTCCACGC-1,69,45,0.804719,0.6931472,3.5031278,-0.84253025,0.20168759681644627,1.0,0.20168759681644627,True,False,False,0.0
TCTAGATAAGGTTAGC-1,54,84,0.0,2.32698,-0.42149004,0.57552195,0.0,0.0,0.6770899272365691,False,False,False,2.8284271247461903
TCTAGCGACACCGAGC-1,67,87,0.0,1.9459101,-0.42149004,0.24477994,0.0,0.0,0.5662085938945155,False,False,False,3.1622776601683795
TCTAGCGGAATGGATC-1,74,30,0.0,1.4451859,-0.42149004,-0.1898135,0.0,0.0,0.42051104182695487,False,False,False,3.1622776601683795
TCTAGCTCCGAGGACC-1,75,13,0.0,0.0,-0.42149004,-1.4441334,0.0,0.0,0.0,False,False,False,2.8284271247461903
TCTAGCTTATTCGCCA-1,71,47,0.3465736,0.0,1.2687509,-1.4441334,0.0,0.63092977,0.0,True,False,False,0.0
TCTAGGCGGAAGGCAC-1,35,59,0.0,0.0,-0.42149004,-1.4441334,0.0,0.0,0.0,False,False,False,2.8284271247461903
TCTATGATCGGTGCCT-1,46,96,0.0,2.943052,-0.42149004,1.1102291,0.0,0.0,0.8563506372321111,False,True,False,1.4142135623730951
TCTATTCCTTCCGGAA-1,66,44,0.0,0.0,-0.42149004,-1.4441334,0.0,0.0,0.0,False,False,False,1.4142135623730951
TCTATTCTGCATTGGC-1,33,83,0.0,1.3862944,-0.42149004,-0.2409272,0.0,0.0,0.40337515866356816,False,False,False,4.0
TCTATTGGCTTCGATC-1,15,109,0.0,0.54930615,-0.42149004,-0.9673742,0.0,0.0,0.15983363170060141,False,False,False,2.0
TCTGAGCGTAATTGTC-1,66,32,0.0,1.0397208,-0.42149004,-0.54172873,0.0,0.0,0.3025313752421983,False,False,False,1.4142135623730951
TCTGAGTCAGATCTTG-1,36,44,0.0,1.9033313,-0.42149004,0.20782453,0.0,0.0,0.553819281972384,False,False,False,2.0
TCTGCAAGGACGGCAA-1,51,63,0.0,0.89587975,-0.42149004,-0.66657263,0.0,0.0,0.26067743010882455,False,False,False,3.1622776601683795
TCTGCAATTCACAAGA-1,41,53,0.54930615,1.0986123,2.2574785,-0.49061504,0.31966725340996727,1.0,0.31966725340996727,True,False,False,0.0
TCTGCAGTAGTTATGA-1,0,66,0.0,1.5890269,-0.42149004,-0.064969584,0.0,0.0,0.4623649919559464,False,False,False,2.0
TCTGCCTGGATGTCAG-1,42,22,0.0,1.3862944,-0.42149004,-0.2409272,0.0,0.0,0.40337515866356816,False,False,False,1.4142135623730951
TCTGCGCTTGCAGATA-1,7,49,0.0,1.5222611,-0.42149004,-0.12291759,0.0,0.0,0.442937908665388,False,False,False,1.4142135623730951
TCTGCGTGCTATTCTA-1,35,89,0.0,0.54930615,-0.42149004,-0.9673742,0.0,0.0,0.15983363170060141,False,False,False,2.8284271247461903
TCTGCGTGCTTCAGAC-1,44,82,0.3465736,0.97295505,1.2687509,-0.5996767,0.17861892841693613,0.63092977,0.28310429694725775,True,False,False,0.0
TCTGCGTTAGATAGGT-1,15,31,0.0,0.6931472,-0.42149004,-0.84253025,0.0,0.0,0.20168759681644627,False,False,False,1.4142135623730951
TCTGGACGCTAAGACA-1,11,31,0.0,1.7917595,-0.42149004,0.11098804,0.0,0.0,0.5213548277461335,False,False,False,1.4142135623730951
TCTGGATATTAACCTA-1,24,56,0.0,1.7917595,-0.42149004,0.11098804,0.0,0.0,0.5213548277461335,False,False,False,2.8284271247461903
TCTGGTAGTGCAGCAA-1,2,46,0.0,1.7005987,-0.42149004,0.031866897,0.0,0.0,0.49482944493329234,False,False,False,4.242640687119285
TCTGGTATCTGTAGCC-1,28,108,0.0,1.9356005,-0.42149004,0.23583196,0.0,0.0,0.563208780372934,False,False,False,1.4142135623730951
TCTGGTCCTCCACTGT-1,25,21,0.0,2.418141,-0.42149004,0.6546431,0.0,0.0,0.7036153187917414,False,False,False,2.8284271247461903
TCTGTACCTCACTCGC-1,6,44,0.3465736,2.6876392,1.2687509,0.88854873,0.493407413748431,0.63092977,0.7820322303790603,True,False,False,0.0
TCTGTACGCTGTCCTC-1,33,87,0.3465736,0.0,1.2687509,-1.4441334,0.0,0.63092977,0.0,True,False,False,0.0
TCTGTCACCGTTAATA-1,34,112,0.0,0.0,-0.42149004,-1.4441334,0.0,0.0,0.0,False,False,False,3.1622776601683795
TCTTACATTACTTCGC-1,54,40,0.0,0.54930615,-0.42149004,-0.9673742,0.0,0.0,0.15983363170060141,False,False,False,2.8284271247461903
TCTTACCATTCTAAGC-1,15,117,0.0,0.0,-0.42149004,-1.4441334,0.0,0.0,0.0,False,False,False,2.8284271247461903
TCTTACCGCACTGAAT-1,74,26,0.0,0.3465736,-0.42149004,-1.1433318,0.0,0.0,0.10084381839069423,False,False,False,1.4142135623730951
TCTTACCGCTCGTATG-1,43,95,0.0,0.6931472,-0.42149004,-0.84253025,0.0,0.0,0.20168759681644627,False,False,False,2.0
TCTTACCGGATCCGCT-1,63,9,0.0,2.524928,-0.42149004,0.7473269,0.0,0.0,0.7346875817676474,False,False,False,1.4142135623730951
TCTTACGAATCAGTGC-1,17,63,0.0,0.804719,-0.42149004,-0.7456938,0.0,0.0,0.23415203855365221,False,False,False,1.4142135623730951
TCTTACGAGGAATAAG-1,33,29,0.0,1.0397208,-0.42149004,-0.54172873,0.0,0.0,0.3025313752421983,False,False,False,1.4142135623730951
TCTTACGAGGCCGACA-1,12,48,0.0,2.0126758,-0.42149004,0.30272785,0.0,0.0,0.5856356422157494,False,False,False,1.4142135623730951
TCTTACGGCCGCAACA-1,35,33,0.0,2.2924838,-0.42149004,0.5455816,0.0,0.0,0.6670524122852097,False,False,False,1.4142135623730951
TCTTACTCTGTATGCG-1,40,56,0.3465736,0.6931472,1.2687509,-0.84253025,0.12725070868511817,0.63092977,0.20168759681644627,True,False,False,0.0
TCTTACTGAGACTAGT-1,33,95,0.0,1.5890269,-0.42149004,-0.064969584,0.0,0.0,0.4623649919559464,False,False,False,1.4142135623730951
TCTTAGATGCCTCCGA-1,26,38,0.3465736,0.3465736,1.2687509,-1.1433318,0.06362536695009495,0.63092977,0.10084381839069423,True,False,False,0.0
TCTTAGGCGACAGTCA-1,56,24,0.0,3.436582,-0.42149004,1.5385785,0.0,0.0,0.9999548655925342,False,True,False,2.0
TCTTAGTCGCGGCAGA-1,20,12,0.0,3.3522072,-0.42149004,1.465347,0.0,0.0,0.9754040019538301,False,True,False,1.4142135623730951
TCTTAGTCGTCTCGGC-1,38,66,0.0,0.3465736,-0.42149004,-1.1433318,0.0,0.0,0.10084381839069423,False,False,False,1.4142135623730951
TCTTCGAACAGCGTTA-1,51,87,0.0,1.5222611,-0.42149004,-0.12291759,0.0,0.0,0.442937908665388,False,False,False,3.1622776601683795
TCTTCGAATTGTATAC-1,58,20,0.0,2.2213256,-0.42149004,0.48382127,0.0,0.0,0.6463472551389307,False,False,False,1.4142135623730951
TCTTCGCCATTCGAAT-1,37,79,0.0,0.0,-0.42149004,-1.4441334,0.0,0.0,0.0,False,False,False,1.4142135623730951
TCTTCGTCAGACCAGG-1,47,111,0.0,2.4814224,-0.42149004,0.709567,0.0,0.0,0.722028566433125,False,False,False,3.1622776601683795
TCTTGAGTCATTATAC-1,31,93,0.0,0.6931472,-0.42149004,-0.84253025,0.0,0.0,0.20168759681644627,False,False,False,3.1622776601683795
TCTTGCACCAATCTAT-1,63,41,0.0,0.0,-0.42149004,-1.4441334,0.0,0.0,0.0,False,False,False,2.0
TCTTGCACGTCTAATG-1,69,77,0.0,1.2424533,-0.42149004,-0.3657711,0.0,0.0,0.3615212085345766,False,False,False,2.8284271247461903
TCTTGCACTATTCAGA-1,29,53,0.3465736,0.3465736,1.2687509,-1.1433318,0.06362536695009495,0.63092977,0.10084381839069423,True,False,False,0.0
TCTTGCAGACTGCGAG-1,17,13,0.0,2.5184765,-0.42149004,0.74172735,0.0,0.0,0.7328103285204773,False,False,False,2.0
TCTTGCCACGTTCACT-1,58,106,0.0,2.5964785,-0.42149004,0.8094276,0.0,0.0,0.7555068588063591,False,False,False,3.1622776601683795
TCTTGCCATCGTTGTA-1,55,41,0.0,0.6931472,-0.42149004,-0.84253025,0.0,0.0,0.20168759681644627,False,False,False,2.0
TCTTGCCGGCAGTCTA-1,50,56,0.0,2.1783543,-0.42149004,0.44652516,0.0,0.0,0.6338437234120109,False,False,False,2.0
TCTTGCGGCCTTAGTG-1,3,39,0.0,2.673554,-0.42149004,0.8763237,0.0,0.0,0.7779337855922056,False,False,False,2.8284271247461903
TCTTGCTCCGTCGGCA-1,24,32,0.54930615,0.3465736,2.2574785,-1.1433318,0.10084381839069423,1.0,0.10084381839069423,True,False,False,0.0
TCTTGCTGTCCTAGGC-1,64,86,0.0,2.8173947,-0.42149004,1.0011674,0.0,0.0,0.819787670778166,False,True,False,2.0
TCTTGTTACCGGTTAC-1,4,100,0.0,0.3465736,-0.42149004,-1.1433318,0.0,0.0,0.10084381839069423,False,False,False,1.4142135623730951
TCTTGTTATTCTTGAT-1,54,102,0.0,3.1383219,-0.42149004,1.2797096,0.0,0.0,0.9131689953728931,False,True,False,1.4142135623730951
TGAACCAATGTTGAGC-1,11,115,0.0,0.3465736,-0.42149004,-1.1433318,0.0,0.0,0.10084381839069423,False,False,False,2.0
TGAACGGACACGTATC-1,39,49,0.0,2.0471723,-0.42149004,0.33266842,0.0,0.0,0.5956732271057577,False,False,False,1.4142135623730951
TGAACGGATCTGGTAC-1,34,40,0.0,0.54930615,-0.42149004,-0.9673742,0.0,0.0,0.15983363170060141,False,False,False,1.4142135623730951
TGAACGGATTCAAGTT-1,66,86,0.0,3.3546522,-0.42149004,1.4674691,0.0,0.0,0.9761154178898113,False,True,False,2.8284271247461903
TGAAGATACAATCTGC-1,46,6,1.5455213,1.0397208,7.116024,-0.54172873,0.3025313752421983,1.0,0.3025313752421983,True,False,False,0.0
TGAAGCACCGTCATGA-1,46,68,0.0,0.3465736,-0.42149004,-1.1433318,0.0,0.0,0.10084381839069423,False,False,False,1.4142135623730951
TGAAGTATGATCGTGC-1,35,71,0.0,1.4978662,-0.42149004,-0.14409073,0.0,0.0,0.43583961039200964,False,False,False,2.0
TGAATATGAGCCGGTG-1,3,47,0.0,1.5890269,-0.42149004,-0.064969584,0.0,0.0,0.4623649919559464,False,False,False,4.242640687119285
TGAATATGGCCTGCCA-1,5,117,0.0,0.3465736,-0.42149004,-1.1433318,0.0,0.0,0.10084381839069423,False,False,False,2.0
TGAATGCGGTTATGGA-1,31,13,0.0,1.5890269,-0.42149004,-0.064969584,0.0,0.0,0.4623649919559464,False,False,False,1.4142135623730951
TGAATGGTGCTTCGAT-1,11,9,0.0,3.7923865,-0.42149004,1.8473918,0.0,0.0,1.0,False,True,False,2.0
TGAATGTACCTTCGTC-1,31,109,0.0,1.5222611,-0.42149004,-0.12291759,0.0,0.0,0.442937908665388,False,False,False,2.8284271247461903
TGAATGTTGACATCGT-1,29,93,0.0,0.6931472,-0.42149004,-0.84253025,0.0,0.0,0.20168759681644627,False,False,False,1.4142135623730951
TGAATTATGCCGCAGT-1,29,29,0.0,1.9560115,-0.42149004,0.25354728,0.0,0.0,0.569147845541821,False,False,False,2.0
TGAATTCGTGGTATAA-1,37,95,0.0,2.29756,-0.42149004,0.5499873,0.0,0.0,0.6685294366187859,False,False,False,2.0
TGACAGTACTATTCTA-1,60,80,0.0,3.181514,-0.42149004,1.3171973,0.0,0.0,0.9257367707443883,False,True,False,2.0
TGACATTACAACGCCG-1,27,43,0.54930615,0.6931472,2.2574785,-0.84253025,0.20168759681644627,1.0,0.20168759681644627,True,False,False,0.0
TGACCAACAGATAGGT-1,17,41,0.0,0.3465736,-0.42149004,-1.1433318,0.0,0.0,0.10084381839069423,False,False,False,2.0
TGACCAACTTGGTCAA-1,4,66,0.0,2.441401,-0.42149004,0.6748313,0.0,0.0,0.7103834017346308,False,False,False,4.47213595499958
TGACCAAGCTGCACAT-1,18,64,0.0,2.4849067,-0.42149004,0.7125911,0.0,0.0,0.723042397086682,False,False,False,2.0
TGACCAAGTAAGGACC-1,63,75,0.0,3.4121869,-0.42149004,1.5174052,0.0,0.0,0.9928564923848892,False,True,False,2.8284271247461903
TGACCAATCAGCCACG-1,28,82,0.0,1.6661022,-0.42149004,0.0019263168,0.0,0.0,0.4847918584431252,False,False,False,1.4142135623730951
TGACCAGCACTCCAGC-1,42,94,0.0,0.0,-0.42149004,-1.4441334,0.0,0.0,0.0,False,False,False,3.1622776601683795
TGACCAGGCTCATGCA-1,10,40,0.0,1.9356005,-0.42149004,0.23583196,0.0,0.0,0.563208780372934,False,False,False,2.8284271247461903
TGACCAGGTATGACCT-1,20,84,0.0,2.3592494,-0.42149004,0.6035294,0.0,0.0,0.686479430632737,False,False,False,7.0710678118654755
TGACCATGTACACTCA-1,43,7,0.0,1.8688347,-0.42149004,0.17788394,0.0,0.0,0.5437816920867579,False,False,False,1.4142135623730951
TGACCTCACGCACGAG-1,5,5,0.0,2.2386684,-0.42149004,0.49887362,0.0,0.0,0.651393558451017,False,False,False,2.8284271247461903
TGACCTCCTTCAGATT-1,58,54,0.0,0.0,-0.42149004,-1.4441334,0.0,0.0,0.0,False,False,False,2.8284271247461903
TGACGCTCACCAAGCC-1,15,61,0.0,2.0794415,-0.42149004,0.36067587,0.0,0.0,0.6050627305019255,False,False,False,2.0
TGACGCTCGCGGTAGT-1,32,24,0.0,2.0715673,-0.42149004,0.35384157,0.0,0.0,0.602771530374754,False,False,False,2.0
TGACGCTGCAGCTCAT-1,68,14,0.0,2.0215256,-0.42149004,0.31040892,0.0,0.0,0.5882107233185548,False,False,False,1.4142135623730951
TGACGCTGCGATAGTA-1,22,94,0.0,1.7005987,-0.42149004,0.031866897,0.0,0.0,0.49482944493329234,False,False,False,5.0990195135927845
TGACGCTTACTAGACA-1,19,21,0.54930615,2.4814224,2.2574785,0.709567,0.722028566433125,1.0,0.722028566433125,True,False,False,0.0
TGACGGAGCGCTATAC-1,39,105,0.0,0.3465736,-0.42149004,-1.1433318,0.0,0.0,0.10084381839069423,False,False,False,1.4142135623730951
TGACTCCAAGTCTACC-1,48,106,0.0,3.1513095,-0.42149004,1.290982,0.0,0.0,0.916948080306682,False,True,False,2.0
TGACTCGGCCGACCGA-1,47,7,0.804719,0.0,3.5031278,-1.4441334,0.0,1.0,0.0,True,False,False,0.0
TGACTCTGCTCGCACG-1,53,61,0.0,0.0,-0.42149004,-1.4441334,0.0,0.0,0.0,False,False,False,2.8284271247461903
TGACTTAATGCGTTGG-1,54,8,0.0,3.7393675,-0.42149004,1.801375,0.0,0.0,1.0,False,True,False,1.4142135623730951
TGACTTCGGCGTAACA-1,28,36,0.0,2.524928,-0.42149004,0.7473269,0.0,0.0,0.7346875817676474,False,False,False,1.4142135623730951
TGACTTGCACTCACGG-1,18,60,0.0,1.2424533,-0.42149004,-0.3657711,0.0,0.0,0.3615212085345766,False,False,False,1.4142135623730951
TGAGACAAGGACGACC-1,49,89,0.0,0.0,-0.42149004,-1.4441334,0.0,0.0,0.0,False,False,False,1.4142135623730951
TGAGACAGAAGTGCTC-1,35,79,0.0,0.0,-0.42149004,-1.4441334,0.0,0.0,0.0,False,False,False,3.1622776601683795
TGAGATGCTCTAATGA-1,16,38,0.0,0.3465736,-0.42149004,-1.1433318,0.0,0.0,0.10084381839069423,False,False,False,1.4142135623730951
TGAGCACCTCGACGTT-1,11,103,0.0,0.0,-0.42149004,-1.4441334,0.0,0.0,0.0,False,False,False,2.8284271247461903
TGAGCATAGTCTTATT-1,15,15,0.0,3.107304,-0.42149004,1.2527883,0.0,0.0,0.9041436325475185,False,True,False,1.4142135623730951
TGAGCCGCGTGATCAT-1,45,7,0.804719,1.3540251,3.5031278,-0.26893464,0.39398566026301807,1.0,0.39398566026301807,True,False,False,0.0
TGAGGAATCCATAGAA-1,47,19,0.3465736,0.6931472,1.2687509,-0.84253025,0.12725070868511817,0.63092977,0.20168759681644627,True,False,False,0.0
TGAGGTAGGACTACTG-1,34,64,0.0,3.0177407,-0.42149004,1.1750536,0.0,0.0,0.8780830532525242,False,True,False,1.4142135623730951
TGAGTAAGCGCAATCC-1,55,35,0.0,0.54930615,-0.42149004,-0.9673742,0.0,0.0,0.15983363170060141,False,False,False,2.0
TGAGTATTCTAGGACT-1,44,106,0.0,1.4978662,-0.42149004,-0.14409073,0.0,0.0,0.43583961039200964,False,False,False,2.8284271247461903
TGAGTGACCTACTCGT-1,32,28,0.0,1.7005987,-0.42149004,0.031866897,0.0,0.0,0.49482944493329234,False,False,False,2.0
TGAGTGAGATCGCTAA-1,20,68,0.0,1.4978662,-0.42149004,-0.14409073,0.0,0.0,0.43583961039200964,False,False,False,5.656854249492381
TGAGTGAGGCACGCCT-1,44,102,0.0,2.7879746,-0.42149004,0.9756328,0.0,0.0,0.8112271801603829,False,True,False,4.47213595499958
TGAGTTCGCTTGACCT-1,63,13,0.0,2.7647147,-0.42149004,0.9554449,0.0,0.0,0.8044591771473779,False,True,False,1.4142135623730951
TGAGTTGTCCTCGCTT-1,11,17,0.3465736,1.777674,1.2687509,0.098762795,0.32635240403891436,0.63092977,0.5172563105228211,True,False,False,0.0
TGATAAGCAGTAAGAA-1,43,103,0.0,3.2180753,-0.42149004,1.34893,0.0,0.0,0.9363751586016226,False,True,False,4.242640687119285
TGATAGGAGCATCAAC-1,47,49,0.0,1.4978662,-0.42149004,-0.14409073,0.0,0.0,0.43583961039200964,False,False,False,2.0
TGATCCGCACTCCTTA-1,39,19,0.54930615,2.3810868,2.2574785,0.6224828,0.6928335567043892,1.0,0.6928335567043892,True,False,False,0.0
TGATCGGACCTGGATG-1,50,76,0.0,2.6876392,-0.42149004,0.88854873,0.0,0.0,0.7820322303790603,False,False,False,3.1622776601683795
TGATCTTGCCTATTGT-1,6,8,0.0,3.1967955,-0.42149004,1.3304605,0.0,0.0,0.9301832702128037,False,True,False,3.1622776601683795
TGATGGAACTAACGAA-1,63,97,0.0,3.9505036,-0.42149004,1.9846263,0.0,0.0,1.0,False,True,False,2.0
TGATGGATGATCACGG-1,57,27,0.3465736,3.5015328,1.2687509,1.5949512,0.6309297680854797,0.63092977,1.0,True,True,True,0.0
TGATGGCCGGCATCGC-1,45,55,0.0,0.6931472,-0.42149004,-0.84253025,0.0,0.0,0.20168759681644627,False,False,False,1.4142135623730951
TGATGGCGCAGGCTAG-1,5,21,0.0,3.0177407,-0.42149004,1.1750536,0.0,0.0,0.8780830532525242,False,True,False,2.0
TGATGGCTGCGACGAT-1,56,40,0.0,0.0,-0.42149004,-1.4441334,0.0,0.0,0.0,False,False,False,3.1622776601683795
TGATGGTTCCACTGAT-1,54,112,0.0,3.4734879,-0.42149004,1.5706102,0.0,0.0,1.0,False,True,False,5.0990195135927845
TGATTAGAATGACATA-1,29,55,0.0,0.0,-0.42149004,-1.4441334,0.0,0.0,0.0,False,False,False,1.4142135623730951
TGATTCAACGACAAGG-1,2,98,0.0,0.0,-0.42149004,-1.4441334,0.0,0.0,0.0,False,False,False,2.8284271247461903
TGATTCAAGATCGAGC-1,18,18,0.0,1.7917595,-0.42149004,0.11098804,0.0,0.0,0.5213548277461335,False,False,False,1.4142135623730951
TGATTCACATGCAGAA-1,2,74,0.0,0.3465736,-0.42149004,-1.1433318,0.0,0.0,0.10084381839069423,False,False,False,4.242640687119285
TGATTCGTCTGGATCT-1,56,48,0.0,1.5890269,-0.42149004,-0.064969584,0.0,0.0,0.4623649919559464,False,False,False,2.0
TGCAACAGTGAAGCTC-1,23,57,0.0,2.3592494,-0.42149004,0.6035294,0.0,0.0,0.686479430632737,False,False,False,4.242640687119285
TGCAACGTTACCTGGT-1,43,75,0.0,1.5222611,-0.42149004,-0.12291759,0.0,0.0,0.442937908665388,False,False,False,3.1622776601683795
TGCACCGGTCACCTCC-1,17,25,0.0,3.0900083,-0.42149004,1.2377768,0.0,0.0,0.8991110072368977,False,True,False,4.242640687119285
TGCACGAATGTACTAA-1,7,13,0.0,2.7276607,-0.42149004,0.92328453,0.0,0.0,0.7936774150600256,False,True,False,2.8284271247461903
TGCACGAGTAGAGTTA-1,14,76,0.0,2.668769,-0.42149004,0.8721706,0.0,0.0,0.7765414669536078,False,False,False,1.4142135623730951
TGCACGAGTGTCAGCC-1,47,91,0.0,0.3465736,-0.42149004,-1.1433318,0.0,0.0,0.10084381839069423,False,False,False,2.0
TGCACGCTCCTATCCG-1,23,21,0.0,2.3025851,-0.42149004,0.5543488,0.0,0.0,0.6699916339588086,False,False,False,2.0
TGCACGGCTGAGACTT-1,38,34,0.0,0.54930615,-0.42149004,-0.9673742,0.0,0.0,0.15983363170060141,False,False,False,1.4142135623730951
TGCACGGTAGACGGTA-1,67,93,0.0,0.89587975,-0.42149004,-0.66657263,0.0,0.0,0.26067743010882455,False,False,False,4.47213595499958
TGCACGTAGTTCGAAG-1,46,78,0.0,2.1719027,-0.42149004,0.4409256,0.0,0.0,0.6319664701648409,False,False,False,2.0
TGCACGTGATTATCAA-1,51,115,0.0,1.2424533,-0.42149004,-0.3657711,0.0,0.0,0.3615212085345766,False,False,False,6.0
TGCACTCCAGCTACTC-1,29,111,0.0,0.6931472,-0.42149004,-0.84253025,0.0,0.0,0.20168759681644627,False,False,False,4.0
TGCAGAACTATCAACT-1,73,11,0.6931472,3.107304,2.9589918,1.2527883,0.9041436325475185,1.0,0.9041436325475185,True,True,True,0.0
TGCAGAAGCAGTAGGC-1,14,12,0.6931472,3.558197,2.9589918,1.6441318,1.0,1.0,1.0,True,True,True,0.0
TGCAGACAATACTGTT-1,45,65,0.0,0.3465736,-0.42149004,-1.1433318,0.0,0.0,0.10084381839069423,False,False,False,1.4142135623730951
TGCAGAGGAAGGCCTG-1,75,21,0.54930615,0.3465736,2.2574785,-1.1433318,0.10084381839069423,1.0,0.10084381839069423,True,False,False,0.0
TGCAGAGGTCGTAATT-1,46,108,0.0,2.2499049,-0.42149004,0.50862604,0.0,0.0,0.6546630603981359,False,False,False,2.0
TGCAGATGAGATCTAG-1,66,16,0.0,1.7005987,-0.42149004,0.031866897,0.0,0.0,0.49482944493329234,False,False,False,2.8284271247461903
TGCAGTACAACGAGTG-1,46,14,0.3465736,1.0986123,1.2687509,-0.49061504,0.20168758605847292,0.63092977,0.31966725340996727,True,False,False,0.0
TGCAGTCGAGCACCAA-1,57,79,0.0,2.7879746,-0.42149004,0.9756328,0.0,0.0,0.8112271801603829,False,True,False,1.4142135623730951
TGCAGTTATTCCACTC-1,32,60,0.3465736,0.54930615,1.2687509,-0.9673742,0.10084379618112044,0.63092977,0.15983363170060141,True,False,False,0.0
TGCAGTTGTCGGAGCG-1,10,100,0.0,0.0,-0.42149004,-1.4441334,0.0,0.0,0.0,False,False,False,3.1622776601683795
TGCATAAGTTCCTGAA-1,0,28,0.0,1.6661022,-0.42149004,0.0019263168,0.0,0.0,0.4847918584431252,False,False,False,1.4142135623730951
TGCATTAATGGCCACC-1,27,91,0.0,2.515219,-0.42149004,0.73890007,0.0,0.0,0.7318624799864812,False,False,False,1.4142135623730951
TGCATTCGCCAGCGAT-1,24,16,0.3465736,3.555348,1.2687509,1.6416589,0.6309297680854797,0.63092977,1.0,True,True,True,0.0
TGCATTCGCTACAATG-1,56,58,0.0,0.3465736,-0.42149004,-1.1433318,0.0,0.0,0.10084381839069423,False,False,False,5.0990195135927845
TGCATTCTTACGGAGG-1,43,15,0.3465736,1.0986123,1.2687509,-0.49061504,0.20168758605847292,0.63092977,0.31966725340996727,True,False,False,0.0
TGCATTGATAGACATA-1,1,49,0.0,1.9356005,-0.42149004,0.23583196,0.0,0.0,0.563208780372934,False,False,False,2.0
TGCATTGCTGTCGGCG-1,43,71,0.0,0.3465736,-0.42149004,-1.1433318,0.0,0.0,0.10084381839069423,False,False,False,2.8284271247461903
TGCCAATCCATGTCTA-1,24,62,0.0,1.4978662,-0.42149004,-0.14409073,0.0,0.0,0.43583961039200964,False,False,False,3.1622776601683795
TGCCACAATGCTACCG-1,24,20,0.0,3.086893,-0.42149004,1.2350731,0.0,0.0,0.8982046023479561,False,True,False,3.1622776601683795
TGCCACCTATTACATT-1,69,25,0.0,2.3410656,-0.42149004,0.5877472,0.0,0.0,0.6811884519533082,False,False,False,1.4142135623730951
TGCCACTATCAGGCAG-1,66,42,0.0,0.0,-0.42149004,-1.4441334,0.0,0.0,0.0,False,False,False,2.8284271247461903
TGCCACTCAACCGGCC-1,22,32,0.3465736,1.5890269,1.2687509,-0.064969584,0.29171983714560995,0.63092977,0.4623649919559464,True,False,False,0.0
TGCCACTTAAGTGATG-1,56,10,0.0,3.0656133,-0.42149004,1.2166036,0.0,0.0,0.8920127139591372,False,True,False,2.0
TGCCAGACGAGTTAGG-1,10,112,0.0,0.89587975,-0.42149004,-0.66657263,0.0,0.0,0.26067743010882455,False,False,False,3.1622776601683795
TGCCAGCTATTGTAGA-1,44,100,0.0,2.9261012,-0.42149004,1.095517,0.0,0.0,0.8514184038562796,False,True,False,2.8284271247461903
TGCCAGGATGAGGTTC-1,31,95,0.0,0.0,-0.42149004,-1.4441334,0.0,0.0,0.0,False,False,False,2.8284271247461903
TGCCAGTGATTCGTGC-1,41,49,0.0,2.2499049,-0.42149004,0.50862604,0.0,0.0,0.6546630603981359,False,False,False,2.0
TGCCAGTGCAGAGTAT-1,3,103,0.0,0.0,-0.42149004,-1.4441334,0.0,0.0,0.0,False,False,False,3.1622776601683795
TGCCGAATCAAGCGTC-1,10,48,0.0,0.89587975,-0.42149004,-0.66657263,0.0,0.0,0.26067743010882455,False,False,False,1.4142135623730951
TGCCGAGTTAAGAACG-1,54,64,0.0,0.0,-0.42149004,-1.4441334,0.0,0.0,0.0,False,False,False,2.8284271247461903
TGCCGGAACTTAGGCA-1,46,22,0.54930615,0.3465736,2.2574785,-1.1433318,0.10084381839069423,1.0,0.10084381839069423,True,False,False,0.0
TGCCGGCATTATAGAT-1,59,95,0.0,3.3528194,-0.42149004,1.4658785,0.0,0.0,0.9755821656661274,False,True,False,2.8284271247461903
TGCCTAAGTTAATTAT-1,37,69,0.0,0.0,-0.42149004,-1.4441334,0.0,0.0,0.0,False,False,False,2.0
TGCCTATCAATGCCAT-1,35,107,0.0,2.1910133,-0.42149004,0.45751235,0.0,0.0,0.637527182230367,False,False,False,2.0
TGCCTATCGGCTATGT-1,30,26,0.0,2.2924838,-0.42149004,0.5455816,0.0,0.0,0.6670524122852097,False,False,False,2.8284271247461903
TGCGAACATATCGGCT-1,13,7,0.0,3.3732061,-0.42149004,1.4835726,0.0,0.0,0.9815141220709218,False,True,False,1.4142135623730951
TGCGAATCCGGCTTGA-1,5,39,0.0,2.5619822,-0.42149004,0.7794872,0.0,0.0,0.7454693238725285,False,False,False,1.4142135623730951
TGCGAATTCTCCGCAC-1,37,89,0.0,2.0948274,-0.42149004,0.37402973,0.0,0.0,0.6095396133176433,False,False,False,4.47213595499958
TGCGACTACGTGCGAG-1,51,21,0.0,3.0365224,-0.42149004,1.1913549,0.0,0.0,0.8835480592727332,False,True,False,1.4142135623730951
TGCGAGCCAGACGAAT-1,18,100,0.0,2.2154083,-0.42149004,0.47868547,0.0,0.0,0.6446254755081277,False,False,False,3.1622776601683795
TGCGATACGCCTCGCA-1,3,43,0.0,3.0342128,-0.42149004,1.1893502,0.0,0.0,0.8828760088048124,False,True,False,2.0
TGCGATCTTGCTCGAT-1,60,104,0.0,3.230734,-0.42149004,1.3599169,0.0,0.0,0.9400585274988587,False,True,False,3.1622776601683795
TGCGATGTGCCTTGGC-1,13,9,0.0,3.6882539,-0.42149004,1.757012,0.0,0.0,1.0,False,True,False,1.4142135623730951
TGCGATTAGCTCCGCC-1,35,105,0.0,0.89587975,-0.42149004,-0.66657263,0.0,0.0,0.26067743010882455,False,False,False,4.0
TGCGCAATTGATCATA-1,3,81,0.0,0.54930615,-0.42149004,-0.9673742,0.0,0.0,0.15983363170060141,False,False,False,1.4142135623730951
TGCGCCGAACGGACTC-1,47,101,0.0,2.948577,-0.42149004,1.1150243,0.0,0.0,0.8579582270318326,False,True,False,4.0
TGCGCCGATCGCGAAG-1,19,51,0.0,1.0397208,-0.42149004,-0.54172873,0.0,0.0,0.3025313752421983,False,False,False,2.8284271247461903
TGCGCCTCTGGCTACA-1,24,114,0.0,0.3465736,-0.42149004,-1.1433318,0.0,0.0,0.10084381839069423,False,False,False,4.0
TGCGCCTCTTCGGCGA-1,69,49,0.6931472,0.0,2.9589918,-1.4441334,0.0,1.0,0.0,True,False,False,0.0
TGCGCTCATAGAACGA-1,46,88,0.0,2.2386684,-0.42149004,0.49887362,0.0,0.0,0.651393558451017,False,False,False,1.4142135623730951
TGCGGACCATGGTACC-1,69,85,0.0,2.0126758,-0.42149004,0.30272785,0.0,0.0,0.5856356422157494,False,False,False,5.830951894845301
TGCGGACTCACGTGAT-1,32,70,0.0,2.6020033,-0.42149004,0.8142228,0.0,0.0,0.7571144486060806,False,False,False,3.1622776601683795
TGCGGACTTAACTTCC-1,60,28,0.0,3.111288,-0.42149004,1.2562462,0.0,0.0,0.9053028956257166,False,True,False,1.4142135623730951
TGCGGACTTCTGTCGC-1,57,59,0.0,0.0,-0.42149004,-1.4441334,0.0,0.0,0.0,False,False,False,6.0
TGCGGAGGCTGGACCG-1,74,20,0.3465736,0.6931472,1.2687509,-0.84253025,0.12725070868511817,0.63092977,0.20168759681644627,True,False,False,0.0
TGCGGATCATCCTAGA-1,17,93,0.0,0.3465736,-0.42149004,-1.1433318,0.0,0.0,0.10084381839069423,False,False,False,5.830951894845301
TGCGGATCGGATCTTA-1,41,21,0.0,0.89587975,-0.42149004,-0.66657263,0.0,0.0,0.26067743010882455,False,False,False,1.4142135623730951
TGCGTATCTTGTACCG-1,34,22,0.0,2.7403195,-0.42149004,0.9342715,0.0,0.0,0.7973608039397329,False,True,False,2.0
TGCGTCTGGATCGGAT-1,28,14,0.6931472,1.3540251,2.9589918,-0.26893464,0.39398566026301807,1.0,0.39398566026301807,True,False,False,0.0
TGCGTGTCAGCCAGTG-1,59,57,0.0,0.3465736,-0.42149004,-1.1433318,0.0,0.0,0.10084381839069423,False,False,False,5.0990195135927845
TGCGTGTCGGCGGATA-1,34,96,0.3465736,2.537587,1.2687509,0.7583139,0.465860225271586,0.63092977,0.7383709706473546,True,False,False,0.0
TGCGTTAGCACGTACC-1,52,28,0.0,1.2424533,-0.42149004,-0.3657711,0.0,0.0,0.3615212085345766,False,False,False,1.4142135623730951
TGCGTTATGTTCCGGA-1,37,83,0.0,2.3592496,-0.42149004,0.6035296,0.0,0.0,0.6864794905801502,False,False,False,5.0990195135927845
TGCGTTGTATTGCCTG-1,51,33,0.0,1.4978662,-0.42149004,-0.14409073,0.0,0.0,0.43583961039200964,False,False,False,2.0
TGCTACATCACCGGAT-1,3,83,0.0,0.3465736,-0.42149004,-1.1433318,0.0,0.0,0.10084381839069423,False,False,False,1.4142135623730951
TGCTACGCTGCGTGGA-1,7,65,0.0,2.5184765,-0.42149004,0.74172735,0.0,0.0,0.7328103285204773,False,False,False,3.1622776601683795
TGCTACTTGTGGCTGG-1,33,39,0.0,2.0126758,-0.42149004,0.30272785,0.0,0.0,0.5856356422157494,False,False,False,1.4142135623730951
TGCTATAATGTCGCTG-1,62,96,0.0,3.2108111,-0.42149004,1.3426253,0.0,0.0,0.9342614927389086,False,True,False,1.4142135623730951
TGCTATCCATGTAATA-1,33,75,0.3465736,0.3465736,1.2687509,-1.1433318,0.06362536695009495,0.63092977,0.10084381839069423,True,False,False,0.0
TGCTATCCTAAGACGA-1,9,65,0.0,1.0397208,-0.42149004,-0.54172873,0.0,0.0,0.3025313752421983,False,False,False,1.4142135623730951
TGCTATGGTTGCGACA-1,15,87,0.0,2.7190397,-0.42149004,0.9158021,0.0,0.0,0.7911689355333851,False,True,False,4.242640687119285
TGCTATTGCGGCGTGG-1,29,13,0.3465736,1.732868,1.2687509,0.05987433,0.31812674098192684,0.63092977,0.5042189433338424,True,False,False,0.0
TGCTATTGTCAAGGAG-1,62,30,0.0,3.0699422,-0.42149004,1.2203609,0.0,0.0,0.8932723290071823,False,True,False,1.4142135623730951
TGCTCAGATTGGTAGC-1,62,102,0.0,2.4849067,-0.42149004,0.7125911,0.0,0.0,0.723042397086682,False,False,False,2.8284271247461903
TGCTCCTAACGGAAGA-1,52,8,0.0,3.7609296,-0.42149004,1.8200893,0.0,0.0,1.0,False,True,False,1.4142135623730951
TGCTGTCAGAACGAAG-1,31,47,0.3465736,1.2424533,1.2687509,-0.3657711,0.22809449225870276,0.63092977,0.3615212085345766,True,False,False,0.0
TGCTGTCTTGTTAATG-1,54,88,0.0,0.6931472,-0.42149004,-0.84253025,0.0,0.0,0.20168759681644627,False,False,False,2.8284271247461903
TGCTGTGAAGTCAAGA-1,45,17,1.2424533,1.4451859,5.6379604,-0.1898135,0.42051104182695487,1.0,0.42051104182695487,True,False,False,0.0
TGCTTACTCACCGGTC-1,23,105,0.0,2.0126758,-0.42149004,0.30272785,0.0,0.0,0.5856356422157494,False,False,False,5.656854249492381
TGCTTAGCCTGTTGGT-1,11,25,0.0,3.0699422,-0.42149004,1.2203609,0.0,0.0,0.8932723290071823,False,True,False,1.4142135623730951
TGCTTAGCTCCTGGCT-1,22,46,0.3465736,0.804719,1.2687509,-0.7456938,0.1477334913813981,0.63092977,0.23415203855365221,True,False,False,0.0
TGCTTATGAATAAGCA-1,43,113,0.0,2.9318156,-0.42149004,1.1004767,0.0,0.0,0.8530811452762277,False,True,False,1.4142135623730951
TGCTTATGACGCTGGC-1,47,87,0.3465736,2.1719027,1.2687509,0.4409256,0.3987264584589023,0.63092977,0.6319664701648409,True,False,False,0.0
TGCTTATGCGGTTCTG-1,13,87,0.0,2.441401,-0.42149004,0.6748313,0.0,0.0,0.7103834017346308,False,False,False,2.8284271247461903
TGGAAGACGTGAGTAG-1,19,11,0.3465736,3.5015328,1.2687509,1.5949512,0.6309297680854797,0.63092977,1.0,True,True,True,0.0
TGGAAGACTAGTCTTG-1,63,99,0.0,3.2610464,-0.42149004,1.3862259,0.0,0.0,0.948878630381129,False,True,False,2.8284271247461903
TGGAAGCCATAACAGT-1,16,26,0.0,2.9957323,-0.42149004,1.1559519,0.0,0.0,0.8716791908103126,False,True,False,3.1622776601683795
TGGAAGCTCCATCGAC-1,34,14,0.3465736,2.6287477,1.2687509,0.837435,0.48259587180633157,0.63092977,0.7648963422200559,True,False,False,0.0
TGGAAGGTTCGCTTGC-1,60,108,0.0,2.9085555,-0.42149004,1.0802885,0.0,0.0,0.8463130423508674,False,True,False,5.0990195135927845
TGGACGCCTGCGACCG-1,28,54,0.54930615,0.6931472,2.2574785,-0.84253025,0.20168759681644627,1.0,0.20168759681644627,True,False,False,0.0
TGGACTGACGTACCAC-1,14,22,0.0,3.1701798,-0.42149004,1.30736,0.0,0.0,0.9224388237496634,False,True,False,3.1622776601683795
TGGACTGAGTACCTAG-1,38,30,0.3465736,2.138333,1.2687509,0.41178957,0.39256362387107846,0.63092977,0.6221986086696945,True,False,False,0.0
TGGACTTCGCGGAACT-1,1,91,0.0,0.6931472,-0.42149004,-0.84253025,0.0,0.0,0.20168759681644627,False,False,False,1.4142135623730951
TGGAGTCGGCAAGCTC-1,70,28,0.0,2.9085555,-0.42149004,1.0802885,0.0,0.0,0.8463130423508674,False,True,False,1.4142135623730951
TGGAGTGAACGCGGTC-1,27,19,0.0,3.177185,-0.42149004,1.3134401,0.0,0.0,0.924477155696343,False,True,False,2.0
TGGAGTGATGGCTCTT-1,35,23,0.0,1.9560115,-0.42149004,0.25354728,0.0,0.0,0.569147845541821,False,False,False,1.4142135623730951
TGGAGTGCTCCTGATC-1,31,103,0.0,2.4526374,-0.42149004,0.68458366,0.0,0.0,0.7136528936905142,False,False,False,2.8284271247461903
TGGAGTTGAGTCGACA-1,8,82,0.0,1.5890269,-0.42149004,-0.064969584,0.0,0.0,0.4623649919559464,False,False,False,2.8284271247461903
TGGAGTTGGTGAATCA-1,60,110,0.0,3.2783892,-0.42149004,1.4012783,0.0,0.0,0.9539249237019798,False,True,False,5.830951894845301
TGGATCATTGTAACGG-1,41,41,0.0,2.2154083,-0.42149004,0.47868547,0.0,0.0,0.6446254755081277,False,False,False,2.0
TGGATCCAGTCACTTC-1,37,93,0.0,2.607468,-0.42149004,0.8189656,0.0,0.0,0.7587044738137081,False,False,False,2.0
TGGATCGGCCTCCATG-1,75,25,0.0,0.3465736,-0.42149004,-1.1433318,0.0,0.0,0.10084381839069423,False,False,False,1.4142135623730951
TGGATTAGTACATTGC-1,4,78,0.0,1.0397208,-0.42149004,-0.54172873,0.0,0.0,0.3025313752421983,False,False,False,1.4142135623730951
TGGCAAGCGACACTTA-1,40,16,0.6931472,1.4978662,2.9589918,-0.14409073,0.43583961039200964,1.0,0.43583961039200964,True,False,False,0.0
TGGCATCGATCAATTG-1,16,22,0.0,1.2424533,-0.42149004,-0.3657711,0.0,0.0,0.3615212085345766,False,False,False,2.8284271247461903
TGGCATGCGTTCACGC-1,18,36,0.0,1.0397208,-0.42149004,-0.54172873,0.0,0.0,0.3025313752421983,False,False,False,1.4142135623730951
TGGCATGTTCGAACAG-1,25,13,0.0,3.2204733,-0.42149004,1.3510113,0.0,0.0,0.9370729065273736,False,True,False,1.4142135623730951
TGGCCAACATTCTGAG-1,20,56,0.0,0.3465736,-0.42149004,-1.1433318,0.0,0.0,0.10084381839069423,False,False,False,3.1622776601683795
TGGCCACTCCGCGGAC-1,52,102,0.0,3.4796991,-0.42149004,1.576001,0.0,0.0,1.0,False,True,False,1.4142135623730951
TGGCCACTCCTGAGTG-1,61,95,0.0,4.020385,-0.42149004,2.0452783,0.0,0.0,1.0,False,True,False,2.0
TGGCCAGAGTATCTCC-1,27,107,0.0,0.3465736,-0.42149004,-1.1433318,0.0,0.0,0.10084381839069423,False,False,False,2.0
TGGCCAGATCCGGACA-1,48,76,0.0,3.0201273,-0.42149004,1.177125,0.0,0.0,0.8787774840880732,False,True,False,4.242640687119285
TGGCCTGACATACTCA-1,39,61,0.0,0.0,-0.42149004,-1.4441334,0.0,0.0,0.0,False,False,False,1.4142135623730951
TGGCCTGGCACTGTGG-1,45,49,0.3465736,0.6931472,1.2687509,-0.84253025,0.12725070868511817,0.63092977,0.20168759681644627,True,False,False,0.0
TGGCGACACTCGCATC-1,0,70,0.3465736,2.393746,1.2687509,0.63346994,0.43945331276758826,0.63092977,0.6965170055315097,True,False,False,0.0
TGGCGACACTGCCGGA-1,21,63,0.0,1.3195286,-0.42149004,-0.2988752,0.0,0.0,0.3839480753730098,False,False,False,1.4142135623730951
TGGCGACAGCACGGCC-1,60,106,0.0,3.3509803,-0.42149004,1.4642822,0.0,0.0,0.9750469951252183,False,True,False,4.242640687119285
TGGCGAGCTCCACGTG-1,7,63,0.0,2.8995464,-0.42149004,1.0724692,0.0,0.0,0.8436916218975888,False,True,False,3.1622776601683795
TGGCGATGAGTGGCAG-1,71,33,0.0,0.3465736,-0.42149004,-1.1433318,0.0,0.0,0.10084381839069423,False,False,False,4.242640687119285
TGGCTCCGCATCAGAT-1,26,76,0.0,2.2154083,-0.42149004,0.47868547,0.0,0.0,0.6446254755081277,False,False,False,4.47213595499958
TGGCTGGACCTTAGGA-1,16,2,0.0,1.609438,-0.42149004,-0.047254253,0.0,0.0,0.4683040608715467,False,False,False,1.4142135623730951
TGGTACAAGACCAATC-1,65,21,0.0,3.3595066,-0.42149004,1.4716824,0.0,0.0,0.9775279388066878,False,True,False,1.4142135623730951
TGGTACCAGATTGTTA-1,11,57,0.3465736,0.3465736,1.2687509,-1.1433318,0.06362536695009495,0.63092977,0.10084381839069423,True,False,False,0.0
TGGTACGGACGTAGTT-1,30,82,0.0,3.2483873,-0.42149004,1.3752387,0.0,0.0,0.9451951415890661,False,True,False,1.4142135623730951
TGGTACGGTCGGCGAA-1,20,44,1.0397208,0.3465736,4.649233,-1.1433318,0.10084381839069423,1.0,0.10084381839069423,True,False,False,0.0
TGGTACGTGCTGTTGA-1,19,107,0.0,0.3465736,-0.42149004,-1.1433318,0.0,0.0,0.10084381839069423,False,False,False,2.8284271247461903
TGGTACTGGTATCTTG-1,18,38,0.0,2.0126758,-0.42149004,0.30272785,0.0,0.0,0.5856356422157494,False,False,False,1.4142135623730951
TGGTAGACGTATTAAT-1,5,61,0.0,2.29756,-0.42149004,0.5499873,0.0,0.0,0.6685294366187859,False,False,False,5.0990195135927845
TGGTAGCATCAAGTCT-1,35,65,0.0,1.4451859,-0.42149004,-0.1898135,0.0,0.0,0.42051104182695487,False,False,False,2.0
TGGTAGCCAGTTGACA-1,21,71,0.0,2.8888261,-0.42149004,1.0631648,0.0,0.0,0.8405723181944674,False,True,False,7.0710678118654755
TGGTATGCAAGTCTAT-1,27,83,0.0,2.8715014,-0.42149004,1.0481282,0.0,0.0,0.8355313002459861,False,True,False,2.8284271247461903
TGGTATTAGCTAGACC-1,55,23,0.0,3.2050874,-0.42149004,1.3376575,0.0,0.0,0.9325960337028915,False,True,False,1.4142135623730951
TGGTATTCCTAGTCCA-1,36,56,0.0,0.6931472,-0.42149004,-0.84253025,0.0,0.0,0.20168759681644627,False,False,False,1.4142135623730951
TGGTATTGAGTTGTAA-1,53,51,0.3465736,0.3465736,1.2687509,-1.1433318,0.06362536695009495,0.63092977,0.10084381839069423,True,False,False,0.0
TGGTCATCTAGGTCAT-1,5,41,0.0,2.9144728,-0.42149004,1.0854243,0.0,0.0,0.8480348119904347,False,True,False,1.4142135623730951
TGGTCGCCGGCTTACT-1,44,68,0.54930615,0.6931472,2.2574785,-0.84253025,0.20168759681644627,1.0,0.20168759681644627,True,False,False,0.0
TGGTCTGCTCAGGTTG-1,53,67,0.0,2.4708214,-0.42149004,0.7003661,0.0,0.0,0.7189439522998273,False,False,False,3.1622776601683795
TGGTGCACGACCTTAG-1,33,43,0.6931472,0.6931472,2.9589918,-0.84253025,0.20168759681644627,1.0,0.20168759681644627,True,False,False,0.0
TGGTGCAGACCGAAGT-1,46,58,0.0,1.6479185,-0.42149004,-0.013855865,0.0,0.0,0.4795008782415942,False,False,False,2.0
TGGTGCAGTACCATGC-1,55,107,0.3465736,3.466224,1.2687509,1.5643055,0.6309297680854797,0.63092977,1.0,True,True,True,0.0
TGGTGCCGCTGCAACA-1,28,8,0.3465736,1.9033313,1.2687509,0.20782453,0.3494210711361031,0.63092977,0.553819281972384,True,False,False,0.0
TGGTGCCTAGCACGGC-1,43,97,0.6931472,0.89587975,2.9589918,-0.66657263,0.26067743010882455,1.0,0.26067743010882455,True,False,False,0.0
TGGTGCCTGTGGTTAC-1,2,14,0.0,3.1132684,-0.42149004,1.257965,0.0,0.0,0.9058791101622582,False,True,False,3.1622776601683795
TGGTGCCTTCCGCTAA-1,13,115,0.3465736,1.0397208,1.2687509,-0.54172873,0.1908760504201414,0.63092977,0.3025313752421983,True,False,False,0.0
TGGTGCGAACGTGGCG-1,15,11,0.0,3.525928,-0.42149004,1.6161245,0.0,0.0,1.0,False,True,False,1.4142135623730951
TGGTGCGAATCCTGCT-1,9,11,0.0,3.589654,-0.42149004,1.6714342,0.0,0.0,1.0,False,True,False,2.0
TGGTGCGAGGTCGTAT-1,22,84,0.0,1.4451859,-0.42149004,-0.1898135,0.0,0.0,0.42051104182695487,False,False,False,5.656854249492381
TGGTTGAACACGCCAA-1,33,53,0.3465736,0.6931472,1.2687509,-0.84253025,0.12725070868511817,0.63092977,0.20168759681644627,True,False,False,0.0
TGGTTGCCAGTGTCAA-1,1,79,0.0,0.6931472,-0.42149004,-0.84253025,0.0,0.0,0.20168759681644627,False,False,False,3.1622776601683795
TGGTTGCCTCCGGCTT-1,27,55,0.3465736,0.54930615,1.2687509,-0.9673742,0.10084379618112044,0.63092977,0.15983363170060141,True,False,False,0.0
TGGTTGGATTGAGCTG-1,3,97,0.0,0.6931472,-0.42149004,-0.84253025,0.0,0.0,0.20168759681644627,False,False,False,1.4142135623730951
TGTAAGATCTTCACAT-1,39,81,0.0,0.3465736,-0.42149004,-1.1433318,0.0,0.0,0.10084381839069423,False,False,False,3.1622776601683795
TGTAAGGTGAGCGACC-1,47,67,0.3465736,0.89587975,1.2687509,-0.66657263,0.16446915052367952,0.63092977,0.26067743010882455,True,False,False,0.0
TGTAAGTGATCAGACC-1,67,13,0.0,2.9318156,-0.42149004,1.1004767,0.0,0.0,0.8530811452762277,False,True,False,2.0
TGTAATCATATGAGAC-1,40,40,0.0,2.2554297,-0.42149004,0.51342124,0.0,0.0,0.6562706501978574,False,False,False,3.1622776601683795
TGTAATCGAGACTGGC-1,70,44,0.3465736,0.3465736,1.2687509,-1.1433318,0.06362536695009495,0.63092977,0.10084381839069423,True,False,False,0.0
TGTAATGCACTACGAG-1,63,89,0.0,3.7885609,-0.42149004,1.8440714,0.0,0.0,1.0,False,True,False,1.4142135623730951
TGTAATGCCTAACACC-1,68,48,0.3465736,0.3465736,1.2687509,-1.1433318,0.06362536695009495,0.63092977,0.10084381839069423,True,False,False,0.0
TGTAATTGTATCCTCG-1,19,97,0.0,2.32698,-0.42149004,0.57552195,0.0,0.0,0.6770899272365691,False,False,False,2.8284271247461903
TGTACCAACTACGCAT-1,25,107,0.0,0.3465736,-0.42149004,-1.1433318,0.0,0.0,0.10084381839069423,False,False,False,4.0
TGTACCACATACTGGT-1,39,113,0.3465736,1.1512926,1.2687509,-0.44489226,0.21135883942018927,0.63092977,0.3349958269706398,True,False,False,0.0
TGTAGGAGCTTCAATA-1,8,102,0.0,0.3465736,-0.42149004,-1.1433318,0.0,0.0,0.10084381839069423,False,False,False,4.0
TGTAGGATCAGAGCGT-1,50,30,0.0,0.0,-0.42149004,-1.4441334,0.0,0.0,0.0,False,False,False,1.4142135623730951
TGTAGGCACGTACCTC-1,15,9,0.0,3.5433688,-0.42149004,1.631262,0.0,0.0,1.0,False,True,False,1.4142135623730951
TGTAGGTCACTACATG-1,38,102,0.0,0.54930615,-0.42149004,-0.9673742,0.0,0.0,0.15983363170060141,False,False,False,4.47213595499958
TGTAGGTCTGAACGCA-1,48,16,0.0,1.4978662,-0.42149004,-0.14409073,0.0,0.0,0.43583961039200964,False,False,False,1.4142135623730951
TGTAGGTTCTGGCTTA-1,21,43,0.0,0.54930615,-0.42149004,-0.9673742,0.0,0.0,0.15983363170060141,False,False,False,1.4142135623730951
TGTATCGGCGGTCGCA-1,21,13,0.0,2.5053177,-0.42149004,0.73030645,0.0,0.0,0.7289814672511867,False,False,False,2.0
TGTATGATTGTAGGTG-1,65,53,0.0,0.0,-0.42149004,-1.4441334,0.0,0.0,0.0,False,False,False,5.0990195135927845
TGTATGCTCGCCTAGT-1,65,107,0.0,1.2424533,-0.42149004,-0.3657711,0.0,0.0,0.3615212085345766,False,False,False,8.602325267042627
TGTATGGAACTACGCA-1,4,94,0.0,0.0,-0.42149004,-1.4441334,0.0,0.0,0.0,False,False,False,2.0
TGTATGGTGCCAAGGT-1,46,40,0.0,2.721209,-0.42149004,0.917685,0.0,0.0,0.7918001618128556,False,True,False,2.0
TGTCAACTCATCAACG-1,22,52,0.3465736,2.4849067,1.2687509,0.7125911,0.4561889719098697,0.63092977,0.723042397086682,True,False,False,0.0
TGTCAAGAACTCGGCG-1,1,39,0.0,2.282174,-0.42149004,0.5366335,0.0,0.0,0.6640525637943038,False,False,False,2.0
TGTCAAGCGGATCGGT-1,53,101,0.0,3.4110987,-0.42149004,1.5164608,0.0,0.0,0.9925398901128346,False,True,False,2.0
TGTCAGAAGTTGTAAC-1,32,44,0.6931472,0.0,2.9589918,-1.4441334,0.0,1.0,0.0,True,False,False,0.0
TGTCAGACGAAGCACC-1,62,20,0.3465736,2.65906,1.2687509,0.86374396,0.48816072466479654,0.63092977,0.773716425119855,True,False,False,0.0
TGTCAGATAAGGTGAC-1,17,1,0.3465736,2.2499049,1.2687509,0.50862604,0.4130464128711263,0.63092977,0.6546630603981359,True,False,False,0.0
TGTCAGTGGCTTCCAT-1,55,67,0.0,0.3465736,-0.42149004,-1.1433318,0.0,0.0,0.10084381839069423,False,False,False,1.4142135623730951
TGTCATGCATGAGCAC-1,34,108,0.0,2.29756,-0.42149004,0.5499873,0.0,0.0,0.6685294366187859,False,False,False,1.4142135623730951
TGTCATGTGACACGCT-1,7,11,0.0,2.959447,-0.42149004,1.1244587,0.0,0.0,0.8611210925219446,False,True,False,2.8284271247461903
TGTCCATGTATGGAAT-1,27,97,0.0,0.0,-0.42149004,-1.4441334,0.0,0.0,0.0,False,False,False,4.0
TGTCCGATAGTCACAG-1,73,25,0.0,2.0471723,-0.42149004,0.33266842,0.0,0.0,0.5956732271057577,False,False,False,1.4142135623730951
TGTCCGGATGGCAGTT-1,68,22,0.0,3.1392608,-0.42149004,1.2805245,0.0,0.0,0.9134421957177258,False,True,False,2.8284271247461903
TGTCCTCAACGTTCTA-1,13,35,0.0,1.4978662,-0.42149004,-0.14409073,0.0,0.0,0.43583961039200964,False,False,False,1.4142135623730951
TGTCCTTCGCCTCGTA-1,2,40,0.0,2.6876392,-0.42149004,0.88854873,0.0,0.0,0.7820322303790603,False,False,False,1.4142135623730951
TGTCGAGTGCGTTAGC-1,18,30,0.54930615,2.6020033,2.2574785,0.8142228,0.7571144486060806,1.0,0.7571144486060806,True,False,False,0.0
TGTCGATTCACGTAGT-1,58,46,0.0,2.1242476,-0.42149004,0.39956433,0.0,0.0,0.6181000939441909,False,False,False,2.8284271247461903
TGTCGCGGAAGAGCTA-1,61,31,0.0,1.7917595,-0.42149004,0.11098804,0.0,0.0,0.5213548277461335,False,False,False,1.4142135623730951
TGTCGTTCATACGATA-1,59,43,0.0,0.0,-0.42149004,-1.4441334,0.0,0.0,0.0,False,False,False,1.4142135623730951
TGTCTAAGCAGACGTA-1,12,62,0.0,0.54930615,-0.42149004,-0.9673742,0.0,0.0,0.15983363170060141,False,False,False,1.4142135623730951
TGTCTACTAGATTGCC-1,58,12,0.0,2.9907072,-0.42149004,1.1515905,0.0,0.0,0.8702170334352323,False,True,False,1.4142135623730951
TGTCTGGCTTGTCTGT-1,12,108,0.0,0.89587975,-0.42149004,-0.66657263,0.0,0.0,0.26067743010882455,False,False,False,2.8284271247461903
TGTCTGTAAGCGAACT-1,18,76,0.0,2.4708211,-0.42149004,0.70036584,0.0,0.0,0.718943872369943,False,False,False,3.1622776601683795
TGTCTTGCGACTAATT-1,36,50,0.3465736,0.54930615,1.2687509,-0.9673742,0.10084379618112044,0.63092977,0.15983363170060141,True,False,False,0.0
TGTCTTGGAATTGGCA-1,41,45,0.54930615,2.6155543,2.2574785,0.8259841,0.7610574297678038,1.0,0.7610574297678038,True,False,False,0.0
TGTTAAGGAAGTCTTA-1,54,96,0.0,3.3140206,-0.42149004,1.4322038,0.0,0.0,0.9642927089356238,False,True,False,4.242640687119285
TGTTACCTATTGGACA-1,54,60,0.0,0.0,-0.42149004,-1.4441334,0.0,0.0,0.0,False,False,False,3.1622776601683795
TGTTCACTGTCTTCCT-1,23,13,0.3465736,3.0816574,1.2687509,1.2305288,0.5657428229191401,0.63092977,0.8966811387515513,True,True,True,0.0
TGTTCAGAACGGTGTA-1,44,44,0.0,2.537587,-0.42149004,0.7583139,0.0,0.0,0.7383709706473546,False,False,False,2.0
TGTTCAGCGAGGCAGT-1,64,20,0.0,1.8444397,-0.42149004,0.1567108,0.0,0.0,0.5366833938133795,False,False,False,1.4142135623730951
TGTTCATAGTATGACG-1,49,33,0.3465736,0.3465736,1.2687509,-1.1433318,0.06362536695009495,0.63092977,0.10084381839069423,True,False,False,0.0
TGTTCATTGGTCCAAG-1,55,99,0.0,3.4011974,-0.42149004,1.5078671,0.0,0.0,0.9896588573950691,False,True,False,2.0
TGTTCCTCACATTAAT-1,36,100,0.0,0.0,-0.42149004,-1.4441334,0.0,0.0,0.0,False,False,False,2.8284271247461903
TGTTCTGCTCTGTCGT-1,39,39,0.0,1.4978662,-0.42149004,-0.14409073,0.0,0.0,0.43583961039200964,False,False,False,2.0
TGTTGCGTCCAAGATT-1,51,65,0.0,0.6931472,-0.42149004,-0.84253025,0.0,0.0,0.20168759681644627,False,False,False,1.4142135623730951
TGTTGGAACCTTCCGC-1,35,35,0.0,1.732868,-0.42149004,0.05987433,0.0,0.0,0.5042189433338424,False,False,False,2.0
TGTTGGAACGAGGTCA-1,28,72,0.3465736,3.270515,1.2687509,1.394444,0.6004140508211431,0.63092977,0.9516337335660436,True,True,True,0.0
TGTTGGAAGCTCGGTA-1,1,95,0.0,0.54930615,-0.42149004,-0.9673742,0.0,0.0,0.15983363170060141,False,False,False,1.4142135623730951
TGTTGGATGGACTTCT-1,13,53,0.0,2.3221955,-0.42149004,0.5713693,0.0,0.0,0.6756977484752691,False,False,False,4.242640687119285
TGTTGGCCAGACCTAC-1,49,47,0.0,2.2499049,-0.42149004,0.50862604,0.0,0.0,0.6546630603981359,False,False,False,1.4142135623730951
