barcode,array_row,array_col,ER_score,Antioxidant_score,B_score,ER_score_z,Antioxidant_score_z,B_score_z
AACACGTGCATCGCAC-1,76,22,0.0,0.0,0.0,-1.4438268,-1.443747,-2.0730426
AACACTTGGCAAGGAA-1,47,71,0.6452002,1.0235862,0.6931472,-0.1969686,-0.21524508,-0.27119341
AACAGGATTCATAGTT-1,49,43,0.54930615,0.866434,0.997246,-0.38228515,-0.40385816,0.51931727
AACAGGTTATTGCACC-1,28,86,0.29862657,1.141087,0.5198604,-0.8667269,-0.07422121,-0.7216557
AACAGGTTCACCGAAG-1,51,41,0.6931472,0.0,1.0151107,-0.10431039,-1.443747,0.5657569
AACAGTCAGGCTCCGC-1,24,6,1.6664664,2.676058,1.0317836,1.7766422,1.7680417,0.6090983
AACAGTCCACGCGGTG-1,12,10,1.7613726,2.8311546,0.83305115,1.9600497,1.9541876,0.09248959
AACATAGTCTATCTAC-1,58,26,1.8008789,2.1088872,1.7786924,2.0363963,1.0873266,2.5507019
AACATCTTAAGGCTCA-1,16,8,2.0961578,2.5616632,1.2749666,2.6070268,1.6307456,1.2412572
AACATGCGCAAGTGAG-1,67,21,1.3951684,2.2839582,1.2526588,1.2523552,1.2974458,1.1832677
AACCAAGCGTGGCCTC-1,0,104,0.63444376,1.1077042,1.2526588,-0.21775556,-0.11428715,1.1832677
AACCAAGGTATCAGGC-1,38,104,0.23104906,0.44793987,0.9222199,-0.9973213,-0.9061323,0.3242854
AACCAATCTGGTTGGC-1,52,18,0.6520038,2.151301,0.65976435,-0.1838205,1.1382314,-0.3579727
AACCACTAACATGATT-1,59,15,1.1748759,2.0463376,0.67701256,0.82663685,1.0122551,-0.31313565
AACCACTGCCATAGCC-1,29,49,0.6931472,0.89587975,1.141087,-0.10431039,-0.36851755,0.8932348
AACCAGAATCAGACGT-1,59,77,1.0310348,1.6427207,0.4023595,0.5486621,0.52783644,-1.0271015
AACCATCGGAAGCGAC-1,67,19,1.5782704,2.6430855,0.866434,1.6062024,1.7284682,0.1792689
AACCGCCAGACTACTT-1,39,45,0.59725314,0.6931472,0.96780026,-0.28962693,-0.61183596,0.44277248
AACCGCGGTAACTACA-1,3,87,0.52967566,0.62122667,0.83305115,-0.42022133,-0.6981545,0.09248959
AACCGTGCTTATGTTG-1,68,72,0.23104906,0.1732868,1.1705328,-0.9973213,-1.2357693,0.9697796
AACCTAAGATACTGAG-1,54,98,1.2707698,2.3501575,0.6931472,1.0119532,1.3768978,-0.27119341
AACCTACAGAGGTAGT-1,30,108,0.7127777,0.85029936,0.84182394,-0.0663742,-0.42322284,0.11529463
AACCTACTGTAACTCA-1,35,17,1.2864476,1.6275645,1.336777,1.0422509,0.5096461,1.4019344
AACCTGACAGTGCCGC-1,14,82,0.6452002,1.8008513,0.76113063,-0.1969686,0.7176239,-0.094469145
AACGAAGCGTGGAAGT-1,21,75,1.1898111,1.6530102,1.2493031,0.85549945,0.5401859,1.1745445
AACGAATTGACCGGTT-1,35,39,0.68239075,0.5198604,0.4023595,-0.12509735,-0.81981367,-1.0271015
AACGACATTAAGATGG-1,7,39,1.3729132,1.8180996,1.0397208,1.2093468,0.7383252,0.6297312
AACGACCATTCGAATC-1,13,117,0.48172864,1.0235862,0.95166564,-0.5128796,-0.21524508,0.4008302
AACGAGCCTCTTCGGC-1,38,12,1.2600135,1.5273119,1.420895,0.9911664,0.38932353,1.6206008
AACGAGCTAATAACTA-1,27,101,0.3465736,0.44793987,1.1249524,-0.7740686,-0.9061323,0.85129255
AACGCACTGGTGCTCG-1,7,27,0.92932487,1.196873,1.4357508,0.3521062,-0.0072673145,1.6592189
AACGCTTCGAGTAACT-1,1,83,0.46209812,0.72259295,0.866434,-0.5508159,-0.5764953,0.1792689
AACGGCACAGAATATT-1,14,24,1.5141295,2.5061498,0.6931472,1.4822491,1.5641189,-0.27119341
AACGTCGCGACAAGGT-1,18,12,1.4208603,2.2604213,1.1304471,1.3020052,1.269197,0.86557615
AACTAGCACTGTTCGA-1,24,58,0.6452002,1.6479185,0.70830333,-0.1969686,0.5340748,-0.23179471
AACTAGCATCACGTAC-1,56,26,1.6741647,2.0425463,1.7005987,1.7915193,1.0077047,2.3476958
AACTAGCCTAATAGCA-1,7,53,1.3579779,1.671153,0.7727606,1.1804839,0.5619607,-0.064236745
AACTAGCCTTGCAATA-1,26,56,0.5668662,1.0235862,1.1193342,-0.34835008,-0.21524508,0.83668786
AACTAGGCCTGACACC-1,41,99,0.23104906,0.1732868,0.3465736,-0.9973213,-1.2357693,-1.1721181
AACTATCGTCATAGTC-1,69,81,0.11552453,0.44793987,0.0,-1.220574,-0.9061323,-2.0730426
AACTATCTAGCAGTAT-1,14,52,0.23104906,0.93441737,0.4023595,-0.9973213,-0.3222649,-1.0271015
AACTATGCTGCATTCG-1,60,44,0.7303378,0.6931472,1.3701597,-0.03243902,-0.61183596,1.4887136
AACTATGTGCTTGTTA-1,49,91,0.11552453,0.0,0.5756463,-1.220574,-1.443747,-0.57663924
AACTATTCTGCGGCCT-1,36,110,0.23104906,0.3465736,0.48647752,-0.9973213,-1.0277915,-0.8084351
AACTATTGGCGGATTC-1,1,17,1.0067091,1.6275645,0.5198604,0.5016523,0.5096461,-0.7216557
AACTCAACCTTGACCA-1,39,79,0.11552453,0.3465736,0.5198604,-1.220574,-1.0277915,-0.7216557
AACTCAACTTGACAGC-1,53,41,0.0,0.0,0.5756463,-1.4438268,-1.443747,-0.57663924
AACTCACCGAACTTAT-1,19,71,0.0,0.3465736,0.62122667,-1.4438268,-1.0277915,-0.45815215
AACTCACCTCGGTGTT-1,22,48,0.96138686,0.1732868,1.2982392,0.41406646,-1.2357693,1.3017548
AACTCACGGAGTACGT-1,63,77,1.4093615,2.4202108,0.9158904,1.2797835,1.4609754,0.3078318
AACTCAGATCCATGCC-1,19,13,1.2758985,2.4367085,1.1796248,1.0218644,1.4807757,0.99341434
AACTGCAACGTCCTGG-1,42,100,0.8086717,2.134249,0.72259295,0.11894234,1.1177657,-0.19464858
AACTGCAATACGGATT-1,5,55,0.4141511,0.888837,0.4023595,-0.64347416,-0.37697023,-1.0271015
AACTGCCGGAGTAACA-1,67,25,2.1694338,3.0486643,0.97295505,2.7486336,2.2152414,0.45617244
AACTGCCTCGATAGGT-1,37,61,0.0,0.1732868,0.89587975,-1.4438268,-1.2357693,0.25581372
AACTGCGAACCTTACC-1,12,60,0.87624925,1.6609474,1.1512926,0.24953686,0.54971206,0.91976416
AACTGCGGTCCGAAGC-1,12,42,0.46209812,1.0621238,0.8145241,-0.5508159,-0.16899246,0.044328224
AACTGCTACCTCGATA-1,53,97,0.87624925,2.3460734,1.2389568,0.24953686,1.371996,1.147649
AACTGGATACTTCACT-1,69,9,2.3535407,3.2538505,1.0474137,3.1044228,2.4615047,0.64972913
AACTGGTCATGTGGTT-1,6,64,1.1748759,2.3744059,0.4023595,0.82663685,1.4060006,-1.0271015
AACTTAACAGTGAGGA-1,61,11,1.3614144,2.7647147,1.1304471,1.1871252,1.8744469,0.86557615
AACTTATGATACGTAC-1,66,26,1.462746,2.2597098,1.1610978,1.38295,1.2683431,0.945253
AACTTCAAGGATAATC-1,60,70,1.2458898,2.0927527,1.0317836,0.96387225,1.0679622,0.6090983
AACTTCACAATAACTG-1,15,13,1.7356523,2.4399765,1.2207005,1.9103451,1.4846979,1.1001915
AACTTCAGATACTACC-1,51,83,0.5668662,1.3862944,0.6931472,-0.34835008,0.22007512,-0.27119341
AACTTCATCTTCTGGT-1,34,8,0.94382674,1.4451859,1.1840496,0.38013127,0.29075637,1.0049168
AACTTCGCTTAGTCAG-1,37,77,0.11552453,0.1732868,0.0,-1.220574,-1.2357693,-2.0730426
AACTTGCAACTTGGAC-1,32,26,1.496191,2.651151,0.89587975,1.4475828,1.7381483,0.25581372
AACTTGCTCGTAACCG-1,5,47,0.68239075,0.97800577,0.3465736,-0.12509735,-0.2699504,-1.1721181
AACTTGGTTAATACTA-1,10,86,0.4141511,1.2354106,0.27465308,-0.64347416,0.038985305,-1.3590767
AAGAATTCTGGCTGCA-1,56,52,0.29862657,0.54930615,0.8584968,-0.8667269,-0.78447306,0.15863602
AAGACAATCTCCTGCA-1,60,54,0.0,0.1732868,0.48647752,-1.4438268,-1.2357693,-0.8084351
AAGACTAAGGAGATCC-1,51,27,0.9134398,1.9194659,1.5496197,0.32140812,0.8599844,1.9552231
AAGACTCAAGGCTCCA-1,25,101,0.11552453,0.62122667,0.70830333,-1.220574,-0.6981545,-0.23179471
AAGACTGTCATAGTGC-1,34,46,0.6931472,1.7461791,0.5198604,-0.10431039,0.6520066,-0.7216557
AAGAGCAGATGTGCCA-1,18,40,0.8086717,0.7489331,0.7727606,0.11894234,-0.54488206,-0.064236745
AAGATAGGCTTGCTTA-1,66,80,0.45134172,0.89587975,0.44793987,-0.57160276,-0.36851755,-0.90861446
AAGATAGTCGACCTTG-1,68,8,1.2600135,2.6246178,1.1926712,0.9911664,1.7063035,1.0273287
AAGATATTGGACGTCC-1,66,74,0.48172864,0.79451346,1.5682193,-0.5128796,-0.49017674,2.0035732
AAGATCTGTAACTTGT-1,48,110,0.9550166,2.386703,0.59947383,0.40175587,1.4207596,-0.51469904
AAGATGAAGGTCATCG-1,25,113,0.23104906,0.1732868,0.65976435,-0.9973213,-1.2357693,-0.3579727
AAGATGCACTATACTT-1,6,54,1.220198,1.9157344,0.0,0.9142226,0.8555059,-2.0730426
AAGATGGCCGCTAGTT-1,62,34,0.8458623,1.5658495,1.1358237,0.19081372,0.43557617,0.87955266
AAGATTAGGCTGTCTA-1,13,25,0.7607247,1.5728923,0.67701256,0.026284128,0.44402885,-0.31313565
AAGATTATCTAGCATA-1,28,70,1.0289644,2.0910106,0.4023595,0.544661,1.0658712,-1.0271015
AAGATTCTGGTCGCGA-1,20,0,0.0,0.1732868,0.3465736,-1.4438268,-1.2357693,-1.1721181
AAGCAAGAGCGTGATC-1,10,20,1.3434759,1.9124233,1.3901703,1.1524588,0.8515318,1.5407314
AAGCAGCCTACTAAGC-1,2,102,0.11552453,0.1732868,0.83305115,-1.220574,-1.2357693,0.09248959
AAGCAGCGGACACGTG-1,39,71,0.0,0.0,0.1732868,-1.4438268,-1.443747,-1.6225803
AAGCAGTATCAGAATC-1,30,14,1.4538718,2.2237704,1.2207005,1.3658004,1.2252088,1.1001915
AAGCAGTGAGTGCGAC-1,46,28,0.48172864,0.0,0.79451346,-0.5128796,-1.443747,-0.007689841
AAGCAGTGGCATCACT-1,57,73,0.6648307,2.0421216,0.6412373,-0.15903242,1.0071951,-0.4061341
AAGCAGTGTACACCGC-1,74,38,0.0,0.0,0.27465308,-1.4438268,-1.443747,-1.3590767
AAGCAGTGTAGAATCT-1,18,70,0.98101735,2.3841906,0.7727606,0.45200264,1.417744,-0.064236745
AAGCATCAAGCGTGAT-1,57,31,0.7303378,0.27465308,0.9344174,-0.03243902,-1.11411,0.35599315
AAGCATTGAGTGGTTG-1,29,25,1.345151,2.1429205,0.76113063,1.1556958,1.1281732,-0.094469145
AAGCCACCATTCAAGA-1,50,12,1.2120664,1.471526,1.4157401,0.89850813,0.32236964,1.6072006
AAGCCACGCATAATGA-1,4,104,0.3465736,0.0,0.62122667,-0.7740686,-1.443747,-0.45815215
AAGCCACTATGTCTAA-1,28,100,0.23104906,0.0,0.5756463,-0.9973213,-1.443747,-0.57663924
AAGCCAGATATCAGAA-1,64,26,1.4688072,2.2467992,0.67701256,1.3946632,1.2528479,-0.31313565
AAGCCAGATCCAACAT-1,59,107,1.6215224,2.4550266,0.9878109,1.6897875,1.5027611,0.49479052
AAGCCAGGCCGACGTG-1,34,60,0.23104906,0.0,0.62122667,-0.9973213,-1.443747,-0.45815215
AAGCCAGGTTACGAAC-1,49,15,1.0114043,1.280991,1.2149532,0.5107258,0.09369061,1.0852512
AAGCCATCCGTGCTAT-1,47,27,0.45134172,0.1732868,0.4023595,-0.57160276,-1.2357693,-1.0271015
AAGCCATCGCGATATG-1,56,16,1.5735754,2.3045774,1.0691665,1.5971291,1.3221928,0.70627606
AAGCCATTATCTGCCA-1,52,32,0.29862657,0.5198604,0.5756463,-0.8667269,-0.81981367,-0.57663924
AAGCGACGAACCGCCT-1,4,86,0.11552453,0.3465736,0.65976435,-1.220574,-1.0277915,-0.3579727
AAGCGAGCCGTCCGCT-1,0,32,0.81380033,0.44793987,1.9124231,0.12885347,-0.9061323,2.8983376
AAGCGAGGAAGTGAAC-1,27,111,1.1748759,1.8302971,0.866434,0.82663685,0.75296456,0.1792689
AAGCGTTCGTCTGTCC-1,16,66,0.8283022,1.3862944,0.54930615,0.15687853,0.22007512,-0.6451109
AAGGACCAACATGGCT-1,10,42,0.6931472,1.3529115,0.44793987,-0.10431039,0.18000917,-0.90861446
AAGGAGGCACTCAATT-1,20,72,0.4141511,1.8180996,0.6597643,-0.64347416,0.7383252,-0.35797286
AAGGAGTGGCTACCAA-1,69,35,0.46209812,0.997246,0.8584968,-0.5508159,-0.24685834,0.15863602
AAGGCAGTCTGATCAC-1,45,97,1.2620839,1.6427208,0.8741269,0.99516755,0.5278366,0.19926682
AAGGCATGAACAGCTC-1,15,55,0.6931472,0.7489331,0.27465308,-0.10431039,-0.54488206,-1.3590767
AAGGCCAATTCAATAA-1,60,98,1.8812132,3.068246,1.2090704,2.1916435,2.238743,1.0699589
AAGGCCAGTCGCAATT-1,34,16,0.98101735,1.6833504,1.2493031,0.45200264,0.5766,1.1745445
AAGGCCGACCTACCTG-1,45,73,1.0438997,2.0799294,0.5756463,0.5735236,1.0525717,-0.57663924
AAGGCCGACTATGTAA-1,27,17,1.462746,2.4175735,1.5171064,1.38295,1.45781,1.8707042
AAGGCCGATTCTGAGC-1,48,88,0.11552453,0.5198604,1.2207005,-1.220574,-0.81981367,1.1001915
AAGGCCTCGCGAGGAA-1,64,98,2.190706,2.8275433,1.1840496,2.7897425,1.9498533,1.0049168
AAGGCGAACTAGTAGA-1,34,34,0.52967566,0.72259295,1.1512926,-0.42022133,-0.5764953,0.91976416
AAGGCGACGGTGTCGG-1,59,51,0.52967566,0.6931472,1.3783572,-0.42022133,-0.61183596,1.510023
AAGGCGAGGTTCATGT-1,20,86,0.84793276,1.732868,0.27465308,0.19481485,0.6360307,-1.3590767
AAGGCGCCGACAATCT-1,70,48,0.23104906,0.5198604,1.4978662,-0.9973213,-0.81981367,1.8206888
AAGGCGCCTAACATAG-1,17,105,0.92419624,1.1705328,0.9344174,0.34219506,-0.038880575,0.35599315
AAGGTGGATATGATCG-1,50,20,1.6086575,2.162581,1.0397208,1.6649258,1.1517696,0.6297312
AAGGTTACTATGACGC-1,0,44,0.18310206,1.1512926,0.8145241,-1.0899795,-0.061972618,0.044328224
AAGGTTGCAGAAGCAG-1,19,105,0.3465736,0.7489331,0.7489331,-0.7740686,-0.54488206,-0.12617692
AAGGTTGCTGAGTTGA-1,14,44,0.0,0.27465308,0.85029936,-1.4438268,-1.11411,0.13732664
AAGTACTAAGGTTACG-1,62,54,0.23104906,0.1732868,0.5756463,-0.9973213,-1.2357693,-0.57663924
AAGTACTACAGTAGAA-1,20,102,1.4512472,2.4277787,0.85029936,1.3607283,1.4700583,0.13732664
AAGTACTGGATGCGCA-1,50,70,1.3579779,2.4926696,0.5198604,1.1804839,1.54794,-0.7216557
AAGTCGCTATCCTGTC-1,28,28,1.6262175,2.5964785,0.9222199,1.6988608,1.6725308,0.3242854
AAGTCGGACACTTCAG-1,28,24,0.6648307,1.3823572,1.3143739,-0.15903242,0.21534981,1.3436971
AAGTCTACCGGTTGGA-1,18,72,0.94726324,1.5691608,1.1705328,0.38677236,0.43955034,0.9697796
AAGTCTGTCAATTCTT-1,25,45,1.1774598,0.62122667,0.79451346,0.8316304,-0.6981545,-0.007689841
AAGTCTTAAGTTGCCA-1,33,61,0.11552453,0.1732868,0.62122667,-1.220574,-1.2357693,-0.45815215
AAGTCTTAATAGAACT-1,4,50,0.0,0.4023595,0.3465736,-1.4438268,-0.96083754,-1.1721181
AAGTGAGCCTGTTACA-1,58,94,0.57762265,1.5756547,1.5070696,-0.32756314,0.4473443,1.8446133
AAGTGGACGAATCTAC-1,16,90,0.7127777,0.9222199,0.65976435,-0.0663742,-0.3369043,-0.3579727
AAGTGGCGAAGTTAAT-1,41,83,0.11552453,0.44793987,0.1732868,-1.220574,-0.9061323,-1.6225803
AAGTGGCGAGTGTACA-1,23,75,0.23104906,0.62122667,0.997246,-0.9973213,-0.6981545,0.51931727
AAGTGGTTCCTCGCGT-1,15,59,0.61481327,1.3823572,0.27465308,-0.25569177,0.21534981,-1.3590767
AAGTTAAGCACTATAA-1,34,28,0.6452002,1.6341729,0.6931472,-0.1969686,0.51757747,-0.27119341
AAGTTACTATTACATC-1,55,45,0.59725314,0.82395923,1.2263187,-0.28962693,-0.4548361,1.114796
AAGTTCCTATTGCTGG-1,28,50,1.5548944,1.1705328,1.4630506,1.561028,-0.038880575,1.7301852
AATAACATGTGCTATG-1,50,38,1.1816795,0.5756463,0.85029936,0.839785,-0.75285983,0.13732664
AATAACATGTTACGTC-1,52,74,1.6313461,2.511897,0.48647752,1.7087718,1.5710167,-0.8084351
AATAACGTAACTGTGA-1,30,58,0.11552453,0.44793987,0.5756463,-1.220574,-0.9061323,-0.57663924
AATAACGTATTGAACA-1,68,42,0.11552453,0.0,0.59947383,-1.220574,-1.443747,-0.51469904
AATAACTCTAATACAG-1,5,51,0.4141511,0.5198604,0.4023595,-0.64347416,-0.81981367,-1.0271015
AATAACTCTACGATGT-1,18,56,0.6452002,1.1751201,0.3465736,-0.1969686,-0.033374935,-1.1721181
AATAACTTCATACGGA-1,51,111,1.0485948,2.0226772,0.7611306,0.5825971,0.9838579,-0.0944693
AATACAATGCGAGCAG-1,2,96,0.46209812,0.5198604,0.67701256,-0.5508159,-0.81981367,-0.31313565
AATACGAGCAAGCCAG-1,1,81,0.3465736,0.1732868,0.44793987,-0.7740686,-1.2357693,-0.90861446
AATACGCATATCCAGA-1,13,13,1.249257,2.2389264,0.44793987,0.97037935,1.2433989,-0.90861446
AATACGGTACGGCCTA-1,15,57,0.52967566,1.0691665,0.3465736,-0.42022133,-0.16053978,-1.1721181
AATACGTAGACAGTTA-1,56,80,1.1898111,1.9850569,0.3465736,0.85549945,0.9387063,-1.1721181
AATACTAACCACTTAT-1,48,24,0.89587975,0.62122667,1.32953,0.28747305,-0.6981545,1.3830957
AATAGATAGCCTAACC-1,28,30,0.8654928,0.89587975,0.73610973,0.22874992,-0.36851755,-0.15951145
AATAGCACGGAAGCGA-1,65,39,0.5364793,0.5198604,0.59947383,-0.40707323,-0.81981367,-0.51469904
AATAGTATAGTTGTCG-1,40,74,0.0,0.1732868,0.27465308,-1.4438268,-1.2357693,-1.3590767
AATAGTCGTTATCTAG-1,46,16,1.13594,0.89587975,1.5774796,0.7513927,-0.36851755,2.0276453
AATAGTGCTCATAGAA-1,29,79,0.87624925,2.0927527,0.5198604,0.24953686,1.0679622,-0.7216557
AATAGTTGGTGCTCAG-1,35,85,0.0,0.62122667,0.48647752,-1.4438268,-0.6981545,-0.8084351
AATATTAGGCTTCTGG-1,25,51,0.48172864,0.44793987,0.5198604,-0.5128796,-0.9061323,-0.7216557
AATCCGCCTGGTCAAT-1,33,47,0.8863533,0.3465736,1.0235862,0.2690631,-1.0277915,0.58778894
AATCCGGAGCTTGTCT-1,31,11,1.3776083,2.4650407,1.0397208,1.21842,1.5147799,0.6297312
AATCGAACGGACGGAG-1,58,42,0.0,0.1732868,0.4023595,-1.4438268,-1.2357693,-1.0271015
AATCGACTATCGCTAG-1,65,37,0.11552453,0.5198604,0.44793987,-1.220574,-0.81981367,-0.90861446
AATCTATCTAACCGAG-1,9,21,1.0789818,2.040843,1.32953,0.64132017,1.0056604,1.3830957
AATCTGCGAGACGTTC-1,17,9,2.0392072,2.7935927,1.0955067,2.496969,1.909106,0.77474767
AATGAACTACGTCCAG-1,61,23,1.037096,1.196873,1.1610978,0.56037545,-0.0072673145,0.945253
AATGAAGACGGTTCAG-1,37,65,0.4141511,0.72259295,1.1705328,-0.64347416,-0.5764953,0.9697796
AATGAATCGGAAGGCA-1,46,90,0.0,0.0,0.79451346,-1.4438268,-1.443747,-0.007689841
AATGATCTTGACAGCG-1,42,116,0.29862657,0.6931472,0.5756463,-0.8667269,-0.61183596,-0.57663924
AATGATTACAACCTAA-1,43,89,0.29862657,0.0,0.8741269,-0.8667269,-1.443747,0.19926682
AATGCAATCACTGTCG-1,19,61,0.9134398,1.5465522,0.27465308,0.32140812,0.4124156,-1.3590767
AATGCCGACGAGCAAC-1,65,77,0.87624925,1.3195287,1.4014505,0.24953686,0.13994338,1.5700545
AATGGACATCCTACTC-1,41,59,0.3465736,0.5198604,0.44793987,-0.7740686,-0.81981367,-0.90861446
AATGGAGGACCTGGTG-1,41,105,1.8422905,2.8977215,1.4051002,2.1164248,2.034081,1.579542
AATGGCATAGTATCAT-1,31,71,0.48172864,0.96780026,0.0,-0.5128796,-0.28219897,-2.0730426
AATGGCTCCACGAATT-1,3,117,0.11552453,0.0,0.27465308,-1.220574,-1.443747,-1.3590767
AATGGTCGAACGTGAA-1,71,19,1.5667715,2.6475534,1.3823572,1.5839806,1.7338307,1.5204211
AATGGTCGATACTCGG-1,10,52,0.7127777,0.93441737,0.9829564,-0.0663742,-0.3222649,0.48217118
AATGGTCTCGAGCGCT-1,26,8,1.5363849,3.096385,0.7489331,1.5252581,2.2725155,-0.12617692
AATGGTGCGTCCTAAC-1,32,108,1.4735025,1.9507567,0.6412373,1.403737,0.8975394,-0.4061341
AATGGTTATTCTAGCT-1,20,20,1.5384554,2.412986,0.8815901,1.5292592,1.4523042,0.2186676
AATGTACTTAACATCA-1,60,86,1.496191,2.498218,0.96780026,1.4475828,1.5545992,0.44277248
AATGTAGTCTTACGAG-1,44,24,1.037096,1.9194659,1.5338912,0.56037545,0.8599844,1.9143366
AATGTCAGGTCATTAC-1,30,78,0.98101735,1.560069,0.65976435,0.45200264,0.42863834,-0.3579727
AATTAGCAACCGTTCC-1,11,43,0.52967566,1.4876606,0.3465736,-0.42022133,0.34173432,-1.1721181
AATTAGCTTAGGTGTA-1,13,69,0.8283022,1.4041928,0.5756463,0.15687853,0.24155672,-0.57663924
AATTATACCTCAATGA-1,72,46,0.43984285,0.1732868,0.79451346,-0.5938245,-1.2357693,-0.007689841
AATTCTCAGACGCAAC-1,17,55,0.52967566,0.997246,0.3465736,-0.42022133,-0.24685834,-1.1721181
AATTCTCGCACCAGTA-1,27,89,0.8283022,1.7583766,0.48647752,0.15687853,0.66664594,-0.8084351
AATTCTTGGATACGGA-1,59,53,0.0,0.1732868,0.48647752,-1.4438268,-1.2357693,-0.8084351
AATTGCATTGAAGAAT-1,46,54,0.11552453,0.79451346,0.4023595,-1.220574,-0.49017674,-1.0271015
AATTGCGGTGCTAATA-1,26,24,1.3212208,1.4157401,1.2687935,1.1094503,0.25541577,1.22521
AATTGCGTCAGACACT-1,24,22,1.5415936,2.8272,0.997246,1.5353239,1.9494413,0.51931727
AATTGGACGGCATCGT-1,22,34,0.8654928,0.93441737,1.2718991,0.22874992,-0.3222649,1.2332832
AATTGGAGACATGGAG-1,17,43,0.48172864,0.5198604,0.85029936,-0.5128796,-0.81981367,0.13732664
AATTGGCTTGAGTTGC-1,53,53,0.6452002,1.0986123,1.0235862,-0.1969686,-0.12519914,0.58778894
AATTGGTTATGATACA-1,48,70,0.4141511,1.0691665,0.8815901,-0.64347416,-0.16053978,0.2186676
AATTGTAGAATCCTAG-1,60,56,0.18310206,0.0,0.1732868,-1.0899795,-1.443747,-1.6225803
ACAACCTTGGTGTCAA-1,8,56,0.57762265,1.8834234,0.9093965,-0.32756314,0.81672645,0.29095086
ACAACGAGCGATCTGA-1,50,116,0.11552453,0.3465736,0.3465736,-1.220574,-1.0277915,-1.1721181
ACAACGCCGATAGTAT-1,29,21,0.87624925,2.1768708,1.8610622,0.24953686,1.1689202,2.7648237
ACAACGTGAATTCACG-1,15,5,1.3729132,2.584725,1.336777,1.2093468,1.6584243,1.4019344
ACAACGTGGAGCTACT-1,65,81,1.4323591,2.5286396,0.85029936,1.3242267,1.591111,0.13732664
ACAACTAAGGTGTTAT-1,25,47,0.67089194,0.67701256,1.0063379,-0.14731896,-0.6312006,0.54295176
ACAACTAAGTGGCGCT-1,52,104,1.3532826,2.4526374,1.2263187,1.1714103,1.4998937,1.114796
ACAACTGTCGTGGATA-1,44,108,0.11552453,0.62122667,1.1304471,-1.220574,-0.6981545,0.86557615
ACAAGTAGTTCCGGTA-1,7,115,0.23104906,0.44793987,0.96780026,-0.9973213,-0.9061323,0.44277248
ACAATACAATCCTTAA-1,11,105,0.38376418,0.1732868,0.3465736,-0.70219725,-1.2357693,-1.1721181
ACAATACACTTCCATC-1,13,27,0.7607247,1.4157401,1.0193844,0.026284128,0.25541577,0.5768664
ACAATACAGGCGCCGT-1,43,101,1.2120664,1.9843438,0.95716035,0.89850813,0.9378504,0.41511384
ACAATACGCCTTATTC-1,26,102,0.23104906,0.62122667,0.59947383,-0.9973213,-0.6981545,-0.51469904
ACAATAGGATCCAACC-1,6,80,0.57762265,1.3245794,1.0474137,-0.32756314,0.14600514,0.64972913
ACAATATCATCCGGTA-1,17,109,0.43984285,0.9222199,1.0235862,-0.5938245,-0.3369043,0.58778894
ACAATATGAATCATGA-1,2,28,1.5843316,1.9124233,1.2207005,1.6179157,0.8515318,1.1001915
ACAATTGGTCGCGTAA-1,49,93,0.57762265,1.0986123,1.079372,-0.32756314,-0.12519914,0.73280543
ACAGAAGTGATCAATC-1,69,17,1.8499466,2.7697654,1.141087,2.1312203,1.8805087,0.8932348
ACAGAATAAGAACCAT-1,54,100,1.4255553,3.1819298,0.67701256,1.3110784,2.375186,-0.31313565
ACAGAATAAGATAGTG-1,58,80,0.7979153,1.5171064,0.62122667,0.09815539,0.37707496,-0.45815215
ACAGAATACATACTAA-1,1,43,1.0289644,1.5088704,0.3465736,0.544661,0.3671901,-1.1721181
ACAGAATCCGTTGCTT-1,41,93,0.23104906,0.27465308,0.5198604,-0.9973213,-1.11411,-0.7216557
ACAGAATCTTGATAAG-1,52,58,0.3465736,0.96780026,0.89587975,-0.7740686,-0.28219897,0.25581372
ACAGAATGTCTTATTG-1,40,90,0.7127777,1.0691665,0.65976435,-0.0663742,-0.16053978,-0.3579727
ACAGAATGTTGAGTCC-1,62,36,0.6452002,1.2424533,0.9625369,-0.1969686,0.047437992,0.4290902
ACAGCCAGGCATAAGC-1,20,76,1.3357226,1.8085443,0.9093965,1.1374754,0.7268569,0.29095086
ACAGGAACTACAGAAC-1,36,54,0.3465736,0.6931472,1.336777,-0.7740686,-0.61183596,1.4019344
ACAGGACTGAGCCGAT-1,57,65,0.0,0.1732868,0.6931472,-1.4438268,-1.2357693,-0.27119341
ACAGGATACCGGATTC-1,33,9,0.4992887,0.89587975,1.6791487,-0.47894454,-0.36851755,2.2919362
ACAGGCACGCGAGGAT-1,33,7,0.94382674,1.0691665,0.7727606,0.38013127,-0.16053978,-0.064236745
ACAGGCATTGAACCAT-1,9,63,0.98101735,1.196873,1.0955067,0.45200264,-0.0072673145,0.77474767
ACAGGCCTTCTAATGC-1,9,85,0.68239075,1.4542778,0.3465736,-0.12509735,0.30166838,-1.1721181
ACAGGTACCAAGGAAG-1,13,99,0.59725314,0.89587975,0.59947383,-0.28962693,-0.36851755,-0.51469904
ACAGGTTCAGTGAACG-1,43,49,0.4141511,0.44793987,1.2424533,-0.64347416,-0.9061323,1.1567384
ACAGTACGCACTACCT-1,44,10,0.6452002,0.27465308,1.5216937,-0.1969686,-1.11411,1.882629
ACAGTCACAATATTAG-1,10,102,0.11552453,0.27465308,0.4023595,-1.220574,-1.11411,-1.0271015
ACATAAGCAATGCGGT-1,18,86,0.23104906,0.79451346,0.1732868,-0.9973213,-0.49017674,-1.6225803
ACATCACTGGCGTTCG-1,75,37,0.0,0.0,0.0,-1.4438268,-1.443747,-2.0730426
ACATCGCCACAAGAGG-1,18,58,0.29862657,1.0955067,0.4023595,-0.8667269,-0.12892652,-1.0271015
ACATCGGCTTACAAGG-1,57,39,0.11552453,0.4023595,0.27465308,-1.220574,-0.96083754,-1.3590767
ACATCGTAGACAGGTT-1,36,20,0.901941,2.218367,1.32953,0.29918653,1.2187238,1.3830957
ACATCGTCGGTCTACC-1,59,79,1.6566044,2.0709999,0.4023595,1.7575839,1.0418545,-1.0271015
ACATCTATCCGAACCA-1,66,40,0.11552453,0.3465736,0.85029936,-1.220574,-1.0277915,0.13732664
ACATCTCGACAACCAC-1,59,89,1.5363847,2.888824,0.48647752,1.5252576,2.023402,-0.8084351
ACATCTCGCATAGAAT-1,7,51,0.94382674,1.4659078,0.59947383,0.38013127,0.3156267,-0.51469904
ACATCTGACCTTGTCT-1,3,15,1.7194868,2.6192515,1.0063379,1.879105,1.6998628,0.54295176
ACATGGATGCGTAAGC-1,46,84,0.23104906,1.1512926,1.0548769,-0.9973213,-0.061972618,0.6691299
ACATGTTCACCGGCAG-1,62,98,1.4590006,2.7647145,1.1077042,1.3757118,1.8744466,0.8064553
ACATGTTCCACTGATA-1,68,84,0.7499683,1.555644,0.62122667,0.0054971743,0.42332757,-0.45815215
ACATGTTCCAGGACGT-1,55,55,0.46209812,0.1732868,0.79451346,-0.5508159,-1.2357693,-0.007689841
ACATGTTGCTTGATCT-1,49,19,1.2681451,1.4742885,0.54930615,1.0068809,0.3256851,-0.6451109
ACATTCCTGAGTTCCG-1,65,43,0.11552453,0.5198604,0.70830333,-1.220574,-0.81981367,-0.23179471
ACATTGAACTAAGCTA-1,3,113,0.23104906,0.0,0.62122667,-0.9973213,-1.443747,-0.45815215
ACATTGAAGGCGGTGC-1,23,23,1.9334893,2.3501575,1.249303,2.2926679,1.3768978,1.1745441
ACATTGAATACGCATA-1,63,45,0.29862657,0.89587975,1.2749666,-0.8667269,-0.36851755,1.2412572
ACATTGCAGTTCGGCA-1,68,40,0.3465736,0.44793987,0.67701256,-0.7740686,-0.9061323,-0.31313565
ACATTGGTTCACAGTG-1,38,98,0.0,0.27465308,0.1732868,-1.4438268,-1.11411,-1.6225803
ACATTGGTTCTGCCGT-1,48,8,1.5214494,0.72259295,1.707178,1.4963951,-0.5764953,2.364799
ACATTGTACATTCTTG-1,49,55,0.57762265,1.1249524,0.6931472,-0.32756314,-0.09358588,-0.27119341
ACCAAGCACTTGCGCA-1,17,77,1.0789818,1.560069,0.3465736,0.64132017,0.42863834,-1.1721181
ACCAAGTGATGGTGAG-1,23,49,0.61481327,0.27465308,1.8316164,-0.25569177,-1.11411,2.688279
ACCAAGTGGCTGTATG-1,30,64,0.7127777,2.060689,0.62122667,-0.0663742,1.0294795,-0.45815215
ACCAATGAGCCTCATC-1,58,70,0.29862657,1.5890269,1.3763329,-0.8667269,0.4633935,1.5047607
ACCACGGATCCGGATA-1,71,37,0.0,0.0,0.4023595,-1.4438268,-1.443747,-1.0271015
ACCACGGCCTCGCACC-1,40,108,0.81754583,1.6377702,1.5837636,0.1360917,0.5218949,2.0439808
ACCAGTATGAAGTTCC-1,27,59,1.505998,1.671153,1.2559701,1.466535,0.5619607,1.1918755
ACCATAACTCCTCGTA-1,15,79,1.1444889,1.7925298,0.62122667,0.7679137,0.7076365,-0.45815215
ACCATCCGTTCGAGTG-1,65,35,0.18310206,1.1705328,0.9093965,-1.0899795,-0.038880575,0.29095086
ACCATTAGATCGTGGC-1,37,97,0.4141511,0.62122667,0.3465736,-0.64347416,-0.6981545,-1.1721181
ACCGAAGATGTCGGCA-1,55,105,1.114102,1.9302263,1.2207005,0.70919055,0.872899,1.1001915
ACCGAAGCCGAATTAA-1,51,71,0.59725314,0.72259295,0.5198604,-0.28962693,-0.5764953,-0.7216557
ACCGAGAACGTGTTGG-1,70,30,0.4141511,1.1249524,1.1077042,-0.64347416,-0.09358588,0.8064553
ACCGAGGTGATACCGA-1,52,20,0.3465736,1.2718991,0.79451346,-0.7740686,0.082778625,-0.007689841
ACCGATTGAGGATCTG-1,24,112,0.3465736,0.5198604,0.48647752,-0.7740686,-0.81981367,-0.8084351
ACCGCAGGTCGAGTTG-1,17,99,0.4141511,1.0691665,0.5198604,-0.64347416,-0.16053978,-0.7216557
ACCGGACGCCAAGCGT-1,19,41,0.81754583,0.62122667,0.89587975,0.1360917,-0.6981545,0.25581372
ACCGGCACCATACTGC-1,27,47,0.6931472,0.5756463,1.0955067,-0.10431039,-0.75285983,0.77474767
ACCGGCACGTACGAAC-1,58,92,1.792273,2.4939985,0.9093965,2.0197654,1.5495349,0.29095086
ACCGGCCTCAGGAGTT-1,34,110,0.29862657,0.44793987,0.6412373,-0.8667269,-0.9061323,-0.4061341
ACCGGCTATCGTGCGG-1,24,86,0.3465736,1.1796247,0.5756463,-0.7740686,-0.027968587,-0.57663924
ACCGTACACGACCGTC-1,28,74,0.7607247,1.8212053,0.7611306,0.026284128,0.74205256,-0.0944693
ACCGTACTATCGGAGG-1,53,87,0.46209812,1.0063379,0.62122667,-0.5508159,-0.23594636,-0.45815215
ACCGTAGGCGGAGGTT-1,14,66,0.8654928,1.6648235,0.65976435,0.22874992,0.55436414,-0.3579727
ACCGTCGAGTATACTC-1,73,21,1.55864,1.985057,1.4482534,1.5682663,0.9387064,1.6917195
ACCGTGTTATAAGTCG-1,2,108,1.0114043,1.2424533,1.6742586,0.5107258,0.047437992,2.2792244
ACCTAATGTTACCAAT-1,59,97,1.6600409,2.4994493,0.8145241,1.7642249,1.5560769,0.044328224
ACCTAATTGTCGCTGA-1,46,34,0.8654928,0.1732868,0.6931472,0.22874992,-1.2357693,-0.27119341
ACCTATAACGAACTAC-1,48,94,1.249257,2.3567657,1.1562432,0.97037935,1.384829,0.93263346
ACCTATGCTACCGGAT-1,45,13,0.7979153,0.79451346,1.267226,0.09815539,-0.49017674,1.2211353
ACCTCCACAGCTACGT-1,8,26,0.9202435,1.5728923,0.9460474,0.33455634,0.44402885,0.38622555
ACCTCCTAGAGGCATG-1,23,29,1.1046735,0.3465736,0.85029936,0.6909698,-1.0277915,0.13732664
ACCTGCACTAGATGGC-1,5,31,0.7217889,0.96780026,1.2687935,-0.048959915,-0.28219897,1.22521
ACCTGCCACTATCAAT-1,29,107,0.4141511,0.6931472,1.2354106,-0.64347416,-0.61183596,1.1384306
ACCTGCCAGAGGATCT-1,10,104,0.0,0.3465736,0.48647752,-1.4438268,-1.0277915,-0.8084351
ACCTGCTTATAGTTCG-1,20,54,0.23104906,1.1705328,0.0,-0.9973213,-0.038880575,-2.0730426
ACCTGCTTGAGCCTGG-1,29,99,0.11552453,0.1732868,0.27465308,-1.220574,-1.2357693,-1.3590767
ACCTGCTTGCTACGAC-1,56,72,1.1337324,2.2961018,0.48647752,0.74712664,1.3120205,-0.8084351
ACCTGTAACCGAATAA-1,72,34,0.29862657,0.72259295,0.65976435,-0.8667269,-0.5764953,-0.3579727
ACCTGTCTGCGGTTGT-1,64,102,2.0707557,2.8584707,0.7489331,2.557937,1.9869722,-0.12617692
ACCTGTGGTCACCTCG-1,35,53,0.29862657,0.5198604,1.0691665,-0.8667269,-0.81981367,0.70627606
ACGAACATAGGATCGG-1,10,76,0.52967566,1.2687935,0.3465736,-0.42022133,0.07905125,-1.1721181
ACGAACGCACGAGCAC-1,38,94,0.59725314,1.7725192,0.5756463,-0.28962693,0.68361986,-0.57663924
ACGAAGATCGAATTGA-1,76,20,0.0,0.0,0.0,-1.4438268,-1.443747,-2.0730426
ACGAAGCCACCTGAGG-1,6,72,0.29862657,1.0621238,0.6412373,-0.8667269,-0.16899246,-0.4061341
ACGAAGCTCATCCTCG-1,13,59,0.46209812,0.97800577,0.8741269,-0.5508159,-0.2699504,0.19926682
ACGAAGTTCCAGCACC-1,0,82,0.48172864,0.6931472,1.1193342,-0.5128796,-0.61183596,0.83668786
ACGACAAGCACTTCAC-1,57,41,0.0,0.1732868,0.54930615,-1.4438268,-1.2357693,-0.6451109
ACGACTGAAGACTTAC-1,32,48,0.57762265,0.3465736,1.7461791,-0.32756314,-1.0277915,2.466183
ACGAGGACAACTCACC-1,5,75,0.52967566,0.3465736,0.59947383,-0.42022133,-1.0277915,-0.51469904
ACGAGGACCTGCTAGT-1,43,111,1.2120664,1.9696336,0.83305115,0.89850813,0.92019534,0.09248959
ACGAGGCTAGGTGGCT-1,3,23,1.6626657,2.8910947,0.83305115,1.7692975,2.0261273,0.09248959
ACGAGGCTTAATCACG-1,0,90,0.23104906,0.0,0.62122667,-0.9973213,-1.443747,-0.45815215
ACGAGTGCGTGCGTTC-1,62,40,0.11552453,0.0,0.54930615,-1.220574,-1.443747,-0.6451109
ACGATGACTATTAGAT-1,39,99,0.23104906,0.1732868,0.48647752,-0.9973213,-1.2357693,-0.8084351
ACGATGCGAAGGAGCA-1,54,94,1.2424533,1.9249606,1.2424533,0.9572313,0.8665791,1.1567384
ACGATGCTCCAATACA-1,37,35,0.52967566,0.6931472,0.9158904,-0.42022133,-0.61183596,0.3078318
ACGATGTCGCACAATC-1,57,75,0.59725314,0.7489331,0.89587975,-0.28962693,-0.54488206,0.25581372
ACGATGTCGTTGCCAA-1,50,92,0.3465736,0.89587975,1.0986123,-0.7740686,-0.36851755,0.7828209
ACGATGTTACCTCATT-1,47,55,0.46209812,0.6931472,0.866434,-0.5508159,-0.61183596,0.1792689
ACGCAACGAAGAGTAT-1,18,52,0.68239075,1.0235862,0.44793987,-0.12509735,-0.21524508,-0.90861446
ACGCAAGCTCCGCTTA-1,2,66,1.4208603,2.2159746,0.89587975,1.3020052,1.2158523,0.25581372
ACGCAAGGCATAAGTC-1,21,27,1.0067091,1.555644,1.5028168,0.5016523,0.42332757,1.8335581
ACGCAAGGCGTCCAAT-1,0,62,1.3553532,2.1987062,1.0151107,1.1754118,1.1951269,0.5657569
ACGCAATAGTATACGA-1,14,50,0.8458623,1.5511395,0.48647752,0.19081372,0.41792122,-0.8084351
ACGCACATTGTAAGTA-1,50,14,1.1269288,1.5171064,1.1249524,0.7339785,0.37707496,0.85129255
ACGCATCGTCGAGCAG-1,2,32,1.1077318,0.866434,1.0760162,0.6968801,-0.40385816,0.7240818
ACGCCGGCATCACTGG-1,32,90,0.11552453,0.0,0.0,-1.220574,-1.443747,-2.0730426
ACGCCTCCGATGTTCC-1,1,101,0.46209812,0.5198604,0.65976435,-0.5508159,-0.81981367,-0.3579727
ACGCGGAAGAGTTCCG-1,47,25,0.7127777,0.62122667,0.7489331,-0.0663742,-0.6981545,-0.12617692
ACGCGTAGACTCAACT-1,8,58,1.1641194,1.680958,0.27465308,0.8058498,0.5737287,-1.3590767
ACGCGTCGGTGAGGTT-1,44,50,0.4141511,0.0,0.59947383,-0.64347416,-1.443747,-0.51469904
ACGCGTTCCAGCCTTC-1,16,16,1.4033002,2.2404697,1.3438196,1.26807,1.2452512,1.420242
ACGCGTTCGCGATCAT-1,22,6,1.7789327,2.3116198,1.0151107,1.9939849,1.3306451,0.5657569
ACGCTCAGTGCTATTC-1,45,25,0.7979153,0.1732868,0.89587975,0.09815539,-1.2357693,0.25581372
ACGCTGCGATTAACGA-1,42,42,0.6452002,0.96780026,0.76113063,-0.1969686,-0.28219897,-0.094469145
ACGGCCGTCAACGTAT-1,56,74,0.59725314,1.6249467,0.997246,-0.28962693,0.50650424,0.51931727
ACGGCCTGGCTAAGTT-1,6,36,1.0289644,1.471526,0.6931472,0.544661,0.32236964,-0.27119341
ACGGCCTTGCCAGAAC-1,42,114,1.1641194,1.9896443,0.67701256,0.8058498,0.9442121,-0.31313565
ACGGCTATGGCATACC-1,56,54,0.26823965,0.27465308,0.3465736,-0.92545,-1.11411,-1.1721181
ACGGCTTAACGATAGT-1,16,60,0.68239075,1.7774699,0.54930615,-0.12509735,0.6895616,-0.6451109
ACGGCTTACGTATGCC-1,16,74,1.231697,2.1576304,0.3465736,0.9364444,1.145828,-1.1721181
ACGGCTTATTGGTATG-1,47,17,0.6982758,0.44793987,1.141087,-0.09439926,-0.9061323,0.8932348
ACGGCTTCAGGTACCG-1,19,25,0.9985774,1.876648,0.83305115,0.4859377,0.8085945,0.09248959
ACGGCTTCCATCGGAA-1,26,68,0.67089194,1.8892376,0.5198604,-0.14731896,0.8237046,-0.7216557
ACGGCTTCGATTAAGC-1,67,15,0.38376418,0.89587975,1.116477,-0.70219725,-0.36851755,0.8292605
ACGGCTTGTTCAATCG-1,23,73,0.8086717,1.9285578,0.67701256,0.11894234,0.87089634,-0.31313565
ACGGTCGCATCTAGAA-1,5,107,0.7607247,0.62122667,0.83305115,0.026284128,-0.6981545,0.09248959
ACGGTGATAATGTTAC-1,31,7,0.11552453,0.79451346,0.7727606,-1.220574,-0.49017674,-0.064236745
ACGGTGTACGGTGCCA-1,24,26,1.628059,3.2032194,1.3245794,1.7024195,2.4007375,1.3702265
ACGGTTACATCCGAAG-1,18,62,0.29862657,0.54930615,0.1732868,-0.8667269,-0.78447306,-1.6225803
ACGGTTCACCTTCCGG-1,21,41,0.7462228,0.5756463,0.67701256,-0.0017410483,-0.75285983,-0.31313565
ACGGTTCGCAAGTAAC-1,60,48,1.1444889,1.5434465,1.1705328,0.7679137,0.40868822,0.9697796
ACGGTTCGTACAGTTG-1,35,47,0.48172864,1.0955067,0.3465736,-0.5128796,-0.12892652,-1.1721181
ACGGTTCGTCCGACCG-1,19,67,1.0965419,1.8900201,0.59947383,0.67525536,0.82464373,-0.51469904
ACGTCAGATTACTTCG-1,23,107,0.0,0.1732868,0.27465308,-1.4438268,-1.2357693,-1.3590767
ACGTGCAATTATTCGG-1,36,16,1.066155,2.341836,1.0151107,0.6165322,1.3669103,0.5657569
ACGTTAATACAATGAC-1,46,48,0.3465736,0.27465308,1.0107628,-0.7740686,-1.11411,0.55445445
ACGTTACGCAGACAGC-1,19,115,0.52967566,0.1732868,1.1331499,-0.42022133,-1.2357693,0.87260187
ACGTTAGGCTCAAGCC-1,11,91,0.68239075,0.3465736,0.79451346,-0.12509735,-1.0277915,-0.007689841
ACGTTAGTACTGGACA-1,8,100,0.23104906,0.0,0.9460474,-0.9973213,-1.443747,0.38622555
ACGTTCACATGATCTG-1,46,116,0.11552453,0.44793987,0.44793987,-1.220574,-0.9061323,-0.90861446
ACGTTCACGACTAGGT-1,47,81,1.0067091,1.9329827,0.72259295,0.5016523,0.8762071,-0.19464858
ACGTTCCATTACCTCA-1,17,97,0.6452002,1.5273119,0.44793987,-0.1969686,0.38932353,-0.90861446
ACGTTCGTCCGCCTAT-1,63,39,0.0,0.1732868,0.65976435,-1.4438268,-1.2357693,-0.3579727
ACGTTCTATGCACGAC-1,29,39,0.89587975,0.9222199,1.2718991,0.28747305,-0.3369043,1.2332832
ACGTTCTGCCATAATC-1,54,82,1.6715398,1.7876754,0.62122667,1.7864467,0.7018102,-0.45815215
ACTAATAGTCAACATA-1,14,36,0.46209812,0.62122667,0.27465308,-0.5508159,-0.6981545,-1.3590767
ACTACAATGACCGTAA-1,12,18,1.3100308,2.169828,0.65976435,1.0878257,1.1604674,-0.3579727
ACTACCTTGGTTGACC-1,0,40,0.6452002,1.0621238,0.79451346,-0.1969686,-0.16899246,-0.007689841
ACTACGCCTCATGATT-1,20,110,1.0114043,1.4041928,0.5756463,0.5107258,0.24155672,-0.57663924
ACTACGTCTAATGGCC-1,18,0,0.23104906,0.79451346,0.44793987,-0.9973213,-0.49017674,-0.90861446
ACTAGATCTGAAGCGG-1,22,54,0.901941,0.62122667,0.27465308,0.29918653,-0.6981545,-1.3590767
ACTATGAGGTTCTGTC-1,18,98,0.80604696,1.7461791,0.7489331,0.11386997,0.6520066,-0.12617692
ACTATTACCAGGTGCT-1,67,71,0.85399395,0.5198604,1.9329827,0.20652819,-0.81981367,2.9517825
ACTATTAGACAGGCTG-1,25,83,0.93307036,1.4542779,0.1732868,0.35934442,0.30166852,-1.6225803
ACTATTAGCCTAATCG-1,6,84,0.23104906,0.3465736,0.5756463,-0.9973213,-1.0277915,-0.57663924
ACTATTGCGAGCTAGA-1,10,62,0.52967566,0.0,1.196873,-0.42022133,-1.443747,1.0382513
ACTCAGCTCGAGTGTC-1,25,19,0.94382674,1.8931258,0.9829564,0.38013127,0.8283711,0.48217118
ACTCAGCTTCTGAGAC-1,30,10,1.9167819,2.6389532,0.8145241,2.2603805,1.7235087,0.044328224
ACTCAGGCCTGCAACT-1,46,74,1.2424533,2.5792303,0.3465736,0.9572313,1.6518296,-1.1721181
ACTCAGTGAGCCTCCA-1,45,57,0.52967566,0.1732868,0.4023595,-0.42022133,-1.2357693,-1.0271015
ACTCCACGTTCGCTAC-1,46,118,0.0,0.1732868,0.1732868,-1.4438268,-1.2357693,-1.6225803
ACTCCAGGCCGAAGAC-1,24,88,0.7127777,1.3529115,0.7727606,-0.0663742,0.18000917,-0.064236745
ACTCCAGTAGCTCCAG-1,29,113,1.3614143,1.7405609,0.8815901,1.187125,0.6452637,0.2186676
ACTCCTATGTTCCTAC-1,53,19,0.4141511,1.9715203,0.44793987,-0.64347416,0.9224598,-0.90861446
ACTCCTGACCACTGAG-1,6,76,0.46209812,1.3701597,1.1304471,-0.5508159,0.20071045,0.86557615
ACTCCTGCGGCAACCA-1,4,58,0.32431835,1.5171064,0.8145241,-0.81707716,0.37707496,0.044328224
ACTCCTTGTCCAGACC-1,62,8,0.9134398,0.85029936,1.1304471,0.32140812,-0.42322284,0.86557615
ACTCGAACGTTCGTTA-1,15,21,0.59725314,1.728931,1.1840496,-0.28962693,0.63130546,1.0049168
ACTCGACGTACACGCC-1,1,63,1.6634082,2.5031753,0.5756463,1.7707322,1.5605488,-0.57663924
ACTCGAGTCCAAGTTG-1,59,11,1.8741745,3.0480037,0.89587975,2.178041,2.2144487,0.25581372
ACTCGATAAGACCAGG-1,11,29,0.81380033,0.5198604,1.5890269,0.12885347,-0.81981367,2.057663
ACTCGATTGATATCCA-1,22,68,1.2005676,1.5171064,1.0435969,0.8762865,0.37707496,0.63980716
ACTCGTATTGTCAGAA-1,52,68,1.4093614,2.3000727,0.76113063,1.2797832,1.3167863,-0.094469145
ACTCGTTCCTGATACA-1,65,13,0.9665155,2.3162072,1.0474137,0.42397758,1.3361509,0.64972913
ACTCTAAGCTTGCGCC-1,34,90,0.11552453,0.44793987,0.3465736,-1.220574,-0.9061323,-1.1721181
ACTCTACTTCCGCATT-1,37,45,0.6452002,1.4978662,0.62122667,-0.1969686,0.3539829,-0.45815215
ACTCTGACCTTACTGA-1,72,28,0.23104906,0.4023595,0.44793987,-0.9973213,-0.96083754,-0.90861446
ACTCTTGCGGAGAACC-1,62,72,1.037096,1.6903932,1.196873,0.56037545,0.5850527,1.0382513
ACTGACGGCCATGTCT-1,66,10,0.7607247,1.4086974,1.5141959,0.026284128,0.24696307,1.8631383
ACTGACGGCGAATAGT-1,46,36,0.59725314,0.3465736,0.59947383,-0.28962693,-1.0277915,-0.51469904
ACTGACGTGATATTGG-1,49,95,1.0289644,2.1095376,1.2982392,0.544661,1.0881072,1.3017548
ACTGACTCTGCTGGCC-1,18,14,1.9034685,2.7211668,0.7727606,2.234652,1.822181,-0.064236745
ACTGACTGTCATCTAC-1,55,29,0.85399395,1.4978662,0.89587975,0.20652819,0.3539829,0.25581372
ACTGAGACCTTAGCAC-1,68,30,1.4431156,1.6058117,1.4837235,1.3450139,0.4835385,1.7839248
ACTGAGCAAGAACACG-1,0,26,1.0114043,1.4542778,0.85029936,0.5107258,0.30166838,0.13732664
ACTGAGCGCAACTCAT-1,59,47,1.13299,1.825287,0.9093965,0.7456919,0.7469514,0.29095086
ACTGAGGATAGGCGCT-1,5,63,0.8283022,1.9752518,0.96780026,0.15687853,0.9269383,0.44277248
ACTGATACTCCATTAC-1,7,57,0.6931472,1.537117,0.3465736,-0.10431039,0.40109155,-1.1721181
ACTGATAGCACGGTCT-1,63,107,1.208321,2.3124866,0.65976435,0.89127,1.3316855,-0.3579727
ACTGATGTCCACTCGC-1,5,45,1.4756109,1.9285579,0.54930615,1.4078114,0.8708965,-0.6451109
ACTGCAAGGCTTCTCG-1,9,9,0.89587975,1.7605716,1.116477,0.28747305,0.6692804,0.8292605
ACTGCATCTTGTTCCA-1,12,116,0.5668662,0.27465308,0.5198604,-0.34835008,-1.11411,-0.7216557
ACTGGTAAGGCCTCAG-1,66,38,0.57762265,0.54930615,0.59947383,-0.32756314,-0.78447306,-0.51469904
ACTGGTGATTCCGATC-1,23,19,1.345151,2.3764977,1.1840496,1.1556958,1.4085113,1.0049168
ACTGGTTCTGAACGAT-1,25,27,1.0627878,1.7674686,1.0548769,0.6100251,0.6775581,0.6691299
ACTGTACAATTCTACT-1,19,31,0.9634573,0.3465736,1.3529115,0.41806757,-1.0277915,1.4438764
ACTGTACATCCGATAC-1,38,8,1.4286137,0.95166564,1.8433436,1.3169886,-0.30156365,2.718764
ACTGTAGACAAGGAAT-1,28,22,1.0485948,1.6448128,1.0357836,0.5825971,0.5303474,0.6194966
ACTGTAGAGTGCCGGC-1,10,12,0.87624925,1.7811196,0.9460474,0.24953686,0.69394195,0.38622555
ACTGTAGCAGCTTCTG-1,13,37,0.23104906,0.1732868,0.3465736,-0.9973213,-1.2357693,-1.1721181
ACTGTATTCTAGTCCA-1,13,83,0.68239075,1.2687935,0.8815901,-0.12509735,0.07905125,0.2186676
ACTTAAGCCAGTAGGA-1,62,56,0.11552453,0.1732868,0.1732868,-1.220574,-1.2357693,-1.6225803
ACTTCGACGGATCATT-1,58,110,1.1816795,2.1646733,0.8815901,0.839785,1.1542809,0.2186676
ACTTGAAGCGAGCGGT-1,45,75,1.4499191,2.0728867,0.7727606,1.3581617,1.0441191,-0.064236745
ACTTGAATGTATTGGA-1,6,32,1.1748759,1.079372,0.88883704,0.82663685,-0.14829119,0.23750608
ACTTGAATTAGCCGGT-1,17,5,1.4735025,2.3757153,0.82395923,1.403737,1.4075722,0.06885499
ACTTGACTGAGCACGA-1,1,89,0.0,0.1732868,0.44793987,-1.4438268,-1.2357693,-0.90861446
ACTTGAGCACGAACAT-1,2,38,0.59725314,1.8860831,0.4023595,-0.28962693,0.8199186,-1.0271015
ACTTGAGCCGTTCTTA-1,51,49,0.11552453,0.5198604,0.59947383,-1.220574,-0.81981367,-0.51469904
AGAACAGGAGCATGGA-1,27,81,1.5637687,2.3835404,0.65976435,1.5781777,1.4169638,-0.3579727
AGAACATACTGGTCGT-1,77,37,0.0,0.3465736,0.0,-1.4438268,-1.0277915,-2.0730426
AGAACTTCGATGCGTA-1,32,94,0.0,0.1732868,0.62122667,-1.4438268,-1.2357693,-0.45815215
AGAAGCAGCCTAAGCT-1,38,72,0.11552453,0.1732868,0.6597643,-1.220574,-1.2357693,-0.35797286
AGAAGCTGGCCTAGTG-1,8,106,0.23104906,0.1732868,0.6597643,-0.9973213,-1.2357693,-0.35797286
AGAAGGATGGTATGAA-1,23,87,0.3662041,0.96780026,0.5756463,-0.7361323,-0.28219897,-0.57663924
AGAAGGCGTAGAATAG-1,55,39,0.0,0.0,0.1732868,-1.4438268,-1.443747,-1.6225803
AGAAGTTAACCAGAGC-1,21,95,0.59725314,0.8330511,0.83305115,-0.28962693,-0.44392413,0.09248959
AGAAGTTGAGCGCAAG-1,20,64,0.6452002,1.8180996,0.5756463,-0.1969686,0.7383252,-0.57663924
AGAATTCTGTTGACAA-1,16,32,0.57762265,0.3465736,0.79451346,-0.32756314,-1.0277915,-0.007689841
AGACAAGACGTATCGC-1,28,96,0.11552453,0.3465736,0.3465736,-1.220574,-1.0277915,-1.1721181
AGACATCTTAGCACCT-1,56,78,1.2904004,1.9650463,0.62122667,1.0498896,0.91468966,-0.45815215
AGACCGAAGACTACTC-1,4,54,0.6452002,1.4157401,0.1732868,-0.1969686,0.25541577,-1.6225803
AGACCGACCGCAGACA-1,41,71,0.18310206,0.0,0.1732868,-1.0899795,-1.443747,-1.6225803
AGACCGCCAAGTTCAA-1,12,114,0.4141511,0.79451346,0.97800577,-0.64347416,-0.49017674,0.46930188
AGACCGCCGGCCAATG-1,53,49,0.23104906,0.62122667,1.3506693,-0.9973213,-0.6981545,1.4380476
AGACCGGACTGTCCAT-1,63,91,1.7323688,2.4137566,0.8584968,1.9039997,1.4532291,0.15863602
AGACCGGAGCAACGCT-1,62,48,0.0,0.3465736,0.65976435,-1.4438268,-1.0277915,-0.3579727
AGACCGGTATCCGTGG-1,63,95,1.8546419,2.8300383,0.9344174,2.140294,1.9528478,0.35599315
AGACCGTCATTAGTTA-1,29,41,0.52967566,0.0,1.0063379,-0.42022133,-1.443747,0.54295176
AGACCTATCCTTATAG-1,51,31,0.4141511,0.0,0.48647752,-0.64347416,-1.443747,-0.8084351
AGACCTCAGCGAGGTG-1,47,13,0.8086717,0.62122667,1.5586027,0.11894234,-0.6981545,1.9785746
AGACCTGATAACAGTG-1,3,33,1.0850431,1.0397208,1.0691665,0.6530338,-0.1958804,0.70627606
AGACCTTCGCGTGAAC-1,58,32,0.4141511,0.6931472,0.9093965,-0.64347416,-0.61183596,0.29095086
AGACGCGTGATGCATC-1,19,99,1.0965419,2.1748786,0.27465308,0.67525536,1.1665292,-1.3590767
AGACGCTTGGCCTCAC-1,15,101,0.11552453,0.1732868,0.62122667,-1.220574,-1.2357693,-0.45815215
AGACGGCCTTACGGAG-1,40,54,0.8351059,1.6648235,0.9158904,0.17002676,0.55436414,0.3078318
AGACGTAGGCGGACCG-1,36,102,0.6452002,1.2424533,1.0317836,-0.1969686,0.047437992,0.6090983
AGACGTGGCGTTGAGT-1,34,38,0.92419624,1.9394765,0.62122667,0.34219506,0.88400096,-0.45815215
AGACGTTGCACCGCCA-1,2,110,0.3465736,0.79451346,1.5338912,-0.7740686,-0.49017674,1.9143366
AGACTCAGACAGATAA-1,45,11,0.9634573,0.6931472,1.2592381,0.41806757,-0.61183596,1.2003707
AGACTCATGACCTGGC-1,38,44,0.7803552,1.3823572,0.7727606,0.064220324,0.21534981,-0.064236745
AGACTCATTGCGGACA-1,42,68,0.11552453,0.0,0.1732868,-1.220574,-1.443747,-1.6225803
AGACTCCGCTTCGTAT-1,38,116,0.0,0.44793987,0.3465736,-1.4438268,-0.9061323,-1.1721181
AGACTCCTGTATGGCG-1,47,63,0.7607247,1.1249524,0.48647752,0.026284128,-0.09358588,-0.8084351
AGACTCCTTATCATAC-1,12,16,1.4482441,1.8085443,0.3465736,1.3549247,0.7268569,-1.1721181
AGACTCGACTCCTAAT-1,11,79,0.94382674,2.0460587,0.48647752,0.38013127,1.0119202,-0.8084351
AGACTCTATTAGCGCT-1,18,104,1.0289644,1.7790985,0.85029936,0.544661,0.6915163,0.13732664
AGACTGGTAAGGAGGT-1,57,87,1.510693,2.380374,0.4023595,1.475608,1.4131634,-1.0271015
AGATAACCAATACGCC-1,61,81,1.606587,2.8353562,0.8584968,1.6609247,1.9592304,0.15863602
AGATAAGCCACTCATA-1,49,69,1.4208603,2.4677413,1.2354106,1.3020052,1.5180211,1.1384306
AGATAAGTGCTACGAC-1,17,115,0.0,0.3465736,0.5756463,-1.4438268,-1.0277915,-0.57663924
AGATACAAGGATGGTG-1,64,18,0.8283022,1.5076714,1.079372,0.15687853,0.36575106,0.73280543
AGATACATCTACGCAC-1,13,119,0.11552453,0.1732868,0.48647752,-1.220574,-1.2357693,-0.8084351
AGATAGGTGAATTGCC-1,7,5,1.1072983,1.8212053,0.3465736,0.69604224,0.74205256,-1.1721181
AGATAGGTGACCGCGT-1,77,25,0.0,0.0,0.0,-1.4438268,-1.443747,-2.0730426
AGATCAAGCATCTACT-1,2,80,0.0,0.27465308,0.3465736,-1.4438268,-1.11411,-1.1721181
AGATCAGTCGATAGAA-1,49,53,0.46209812,0.1732868,0.1732868,-0.5508159,-1.2357693,-1.6225803
AGATCTCCGCCTTATT-1,45,31,0.4141511,0.3465736,0.59947383,-0.64347416,-1.0277915,-0.51469904
AGATGAGGCGCCTCCA-1,9,59,0.6648307,1.6184727,0.4023595,-0.15903242,0.49873415,-1.0271015
AGATGCACGTAGGTGC-1,71,45,0.7303378,0.27465308,1.141087,-0.03243902,-1.11411,0.8932348
AGATGCTCCGTCATCT-1,30,88,0.23104906,1.1796247,0.44793987,-0.9973213,-0.027968587,-0.90861446
AGATTGAGTTAGGAAC-1,32,84,0.46209812,0.866434,0.44793987,-0.5508159,-0.40385816,-0.90861446
AGATTGCGCCTCGCTC-1,30,38,0.61481327,1.7700067,0.7727606,-0.25569177,0.6806043,-0.064236745
AGCAACAGTATGTCGC-1,4,106,0.3465736,0.3465736,0.72259295,-0.7740686,-1.0277915,-0.19464858
AGCAATAACAATTCCA-1,8,76,1.4033002,1.7605716,0.59947383,1.26807,0.6692804,-0.51469904
AGCACGAGATAACGGT-1,33,111,0.29862657,0.0,0.73610973,-0.8667269,-1.443747,-0.15951145
AGCACGATACCTAAGC-1,11,49,0.9506304,1.5171064,1.0317836,0.3932795,0.37707496,0.6090983
AGCACGCTCGATCTAA-1,36,42,1.1444889,1.728931,0.5198604,0.7679137,0.63130546,-0.7216557
AGCACGGAGGCAGTCA-1,17,67,0.7127777,1.8283051,0.6597643,-0.0663742,0.75057375,-0.35797286
AGCACTCATACAGAAC-1,62,38,0.11552453,0.1732868,0.5198604,-1.220574,-1.2357693,-0.7216557
AGCACTGCATCCTAGC-1,11,89,0.29862657,1.3638302,0.6931472,-0.8667269,0.19311377,-0.27119341
AGCAGGTAAGTATCTG-1,16,50,0.23104906,0.3465736,0.6597643,-0.9973213,-1.0277915,-0.35797286
AGCAGGTATGCCATTG-1,57,17,1.70968,2.6896884,1.1249524,1.8601531,1.7844008,0.85129255
AGCAGGTGCAATGGTT-1,63,85,1.7272401,2.733134,0.78387356,1.8940883,1.8365439,-0.03534848
AGCATAATTCCAGATA-1,8,38,0.11552453,0.79451346,0.5756463,-1.220574,-0.49017674,-0.57663924
AGCATCCTGACAGCCG-1,5,69,0.29862657,0.3465736,0.7611306,-0.8667269,-1.0277915,-0.0944693
AGCATGAGCGAATATT-1,56,44,0.29862657,0.6931472,1.0826833,-0.8667269,-0.61183596,0.7414132
AGCATGCACCGCGTCA-1,44,38,0.18310206,0.1732868,0.9093965,-1.0899795,-1.2357693,0.29095086
AGCATTAGACGGATTG-1,8,46,1.1303653,1.8804649,0.8145241,0.7406195,0.8131756,0.044328224
AGCCAGATACTCGAAC-1,15,89,0.8654928,2.0864234,0.4023595,0.22874992,1.0603658,-1.0271015
AGCCAGATCAAGATTC-1,4,48,0.8283022,1.555644,0.3465736,0.15687853,0.42332757,-1.1721181
AGCCAGCGGCAAGCGT-1,45,105,1.4512472,2.3324752,0.7489331,1.3607283,1.3556756,-0.12617692
AGCCGACCGATGTACA-1,4,116,0.0,0.3465736,0.82395923,-1.4438268,-1.0277915,0.06885499
AGCCGATGTTCTACTC-1,55,93,1.2296265,2.0065427,0.1732868,0.9324433,0.9644934,-1.6225803
AGCCGGCCTATTCCAG-1,46,62,0.11552453,1.6275645,0.27465308,-1.220574,0.5096461,-1.3590767
AGCCGTATCTTCGTCT-1,21,53,0.68239075,1.3367769,0.27465308,-0.12509735,0.1606445,-1.3590767
AGCCGTATTCAACCGT-1,47,105,1.1072983,2.5284777,1.0397208,0.69604224,1.5909166,0.6297312
AGCCGTTGCATCCTAG-1,19,5,0.8654928,1.8257926,1.0986123,0.22874992,0.7475582,0.7828209
AGCCTCCGAACTACCA-1,24,64,0.52967566,1.801965,0.78387356,-0.42022133,0.7189605,-0.03534848
AGCCTCGCATGGTCCT-1,50,102,1.5843319,1.9913864,0.88883704,1.6179162,0.94630295,0.23750608
AGCCTCTATGCAGCAA-1,19,103,1.0850431,1.4357508,0.6931472,0.6530338,0.27943248,-0.27119341
AGCCTCTGTTCCGATG-1,6,10,1.1402693,2.310072,1.0397208,0.7597592,1.3287874,0.6297312
AGCGACATTCGATCTG-1,68,90,0.4141511,0.6931472,0.1732868,-0.64347416,-0.61183596,-1.6225803
AGCGACCGTTCTATAC-1,15,97,0.52967566,1.2424533,0.89587975,-0.42022133,0.047437992,0.25581372
AGCGACTATGTATCTT-1,65,41,0.11552453,0.1732868,0.59947383,-1.220574,-1.2357693,-0.51469904
AGCGAGAACAGATTCT-1,33,59,0.23104906,0.44793987,0.48647752,-0.9973213,-0.9061323,-0.8084351
AGCGAGGAACTGGTCC-1,51,37,0.4992887,0.72259295,0.79451346,-0.47894454,-0.5764953,-0.007689841
AGCGCATCGTGGTCGA-1,69,79,0.0,0.44793987,0.0,-1.4438268,-0.9061323,-2.0730426
AGCGGAATGTCGCTGT-1,30,34,0.7864165,1.6903932,0.54930615,0.075933784,0.5850527,-0.6451109
AGCGGCGAATAATCTT-1,65,23,1.1800045,2.068462,0.90272945,0.836548,1.0388085,0.27361968
AGCGGTACGCCGAGAA-1,34,30,1.0324008,1.7244263,0.85029936,0.55130196,0.625899,0.13732664
AGCGGTACGGCGCATC-1,73,37,0.11552453,0.3465736,0.5756463,-1.220574,-1.0277915,-0.57663924
AGCGGTGAGTGACATG-1,44,66,0.6452002,0.3465736,1.1796247,-0.1969686,-1.0277915,0.99341404
AGCGGTGCAGGCATCT-1,42,28,1.1898111,2.2487912,1.0063379,0.85549945,1.2552387,0.54295176
AGCGGTTAATCGAAGT-1,11,77,0.4141511,0.866434,0.44793987,-0.64347416,-0.40385816,-0.90861446
AGCGGTTACAATACGC-1,44,114,0.18310206,1.7963468,0.9878109,-1.0899795,0.71221757,0.49479052
AGCGGTTAGACTCGCC-1,52,36,0.29862657,0.0,1.1610978,-0.8667269,-1.443747,0.945253
AGCGTGCCTGTATGCC-1,10,8,1.9467903,2.694864,1.1512926,2.3183722,1.7906126,0.91976416
AGCGTGCGCCTGATCG-1,24,74,1.2120664,1.6949805,0.6597643,0.89850813,0.59055835,-0.35797286
AGCGTGCTTCGCTCAT-1,45,47,0.57762265,1.0397208,1.2559701,-0.32756314,-0.1958804,1.1918755
AGCGTGGCACCGACAA-1,45,79,1.2073712,1.8419272,0.7727606,0.88943464,0.76692283,-0.064236745
AGCGTGTATGTACGGT-1,17,91,0.4141511,0.72259295,0.6412373,-0.64347416,-0.5764953,-0.4061341
AGCGTTACAGTCCTGG-1,17,15,1.4661824,1.8836906,1.2318134,1.3895906,0.81704706,1.1290797
AGCGTTATACCTGTTG-1,44,48,0.48172864,0.62122667,1.0397208,-0.5128796,-0.6981545,0.6297312
AGCGTTGGCTCACGAT-1,55,13,2.026147,2.5964785,0.7489331,2.4717298,1.6725308,-0.12617692
AGCTACCAGCGTTACT-1,40,116,0.0,0.0,0.5756463,-1.4438268,-1.443747,-0.57663924
AGCTAGCGTACAGTAA-1,30,112,1.6668447,1.8738855,0.9093965,1.7773734,0.8052791,0.29095086
AGCTATAAGTCCAGCA-1,36,14,1.2796439,1.960766,1.141087,1.0291026,0.90955245,0.8932348
AGCTATAGAATAGTCT-1,51,17,1.4208603,2.0755043,0.7489331,1.3020052,1.0472608,-0.12617692
AGCTCAACATCGTCCG-1,44,14,0.4992887,0.62122667,1.402368,-0.47894454,-0.6981545,1.5724394
AGCTCGACAGGCGATA-1,57,69,0.52967566,0.6931472,1.471526,-0.42022133,-0.61183596,1.7522172
AGCTGACGTAACGCTG-1,22,38,1.0694554,1.0691665,0.79451346,0.6229104,-0.16053978,-0.007689841
AGCTGATCGGATTGTT-1,2,54,0.11552453,0.62122667,0.3465736,-1.220574,-0.6981545,-1.1721181
AGCTGTACGCTGACTC-1,12,90,1.0114043,1.578387,0.5756463,0.5107258,0.45062357,-0.57663924
AGCTGTCCAGATGCTA-1,28,114,0.46209812,0.5198604,1.0063379,-0.5508159,-0.81981367,0.54295176
AGCTGTTCCGGTGATT-1,61,73,1.1748759,1.7716844,1.3064367,0.82663685,0.6826179,1.3230642
AGCTTCGCTGCGGTCA-1,70,36,0.11552453,0.27465308,0.4023595,-1.220574,-1.11411,-1.0271015
AGCTTGAGTCAGGCCG-1,50,50,0.11552453,0.1732868,0.44793987,-1.220574,-1.2357693,-0.90861446
AGCTTGGATGCAAGCC-1,17,17,0.4141511,1.0235862,1.3064367,-0.64347416,-0.21524508,1.3230642
AGGAATTACGGTGACG-1,61,69,0.6648307,0.4023595,1.2207005,-0.15903242,-0.96083754,1.1001915
AGGACCAGTAACCTAA-1,26,18,1.4884378,2.3353422,0.79451346,1.4325995,1.3591166,-0.007689841
AGGACCAGTGCGCCAG-1,52,110,1.3755379,2.5155072,0.59947383,1.2144189,1.5753496,-0.51469904
AGGACCGCAATAGTTA-1,37,17,1.3755379,2.7057433,1.196873,1.2144189,1.8036698,1.0382513
AGGACCGTAGATGCTA-1,31,39,0.29862657,0.866434,0.54930615,-0.8667269,-0.40385816,-0.6451109
AGGACCTGTACCATTC-1,40,32,0.46209812,0.3465736,0.89587975,-0.5508159,-1.0277915,0.25581372
AGGACGAAGCCTCCTT-1,21,15,0.48172864,1.5872848,1.0891771,-0.5128796,0.46130264,0.7582939
AGGACGAATGCTTCAA-1,41,103,1.8384479,2.448697,1.0955067,2.108999,1.4951644,0.77474767
AGGACGTATCGCCGTA-1,43,93,0.11552453,0.44793987,0.4023595,-1.220574,-0.9061323,-1.0271015
AGGACGTCGGCACGAA-1,34,68,1.3100308,1.8566372,0.54930615,1.0878257,0.7845778,-0.6451109
AGGACTAGGACCGCAG-1,20,82,0.6452002,1.432525,0.27465308,-0.1969686,0.2755609,-1.3590767
AGGACTGAAGTGCCTT-1,57,95,1.249257,2.5805495,0.84182394,0.97037935,1.6534129,0.11529463
AGGACTGGATGAAGAC-1,22,66,1.4093615,2.0799294,0.96780026,1.2797835,1.0525717,0.44277248
AGGAGCAGCGTTAATA-1,7,67,0.23104906,1.3823572,0.79451346,-0.9973213,0.21534981,-0.007689841
AGGAGCATAATCCACT-1,48,90,0.3662041,0.0,0.59947383,-0.7361323,-1.443747,-0.51469904
AGGAGCATCACTCAGC-1,26,12,1.8528687,2.6794364,0.7727606,2.1368673,1.7720964,-0.064236745
AGGAGCCTCGAACGTT-1,68,46,0.9695186,0.79451346,1.4542779,0.42978114,-0.49017674,1.7073803
AGGAGCCTTCGCCTTA-1,72,16,0.94382674,1.4157401,1.1249524,0.38013127,0.25541577,0.85129255
AGGAGCGAATGCGTTA-1,7,9,1.6489061,2.412986,1.0235862,1.7427068,1.4523042,0.58778894
AGGAGCTATGAACACT-1,5,99,0.29862657,0.6931472,0.866434,-0.8667269,-0.61183596,0.1792689
AGGAGCTGCAAGGACT-1,6,114,0.45134172,0.866434,0.9093965,-0.57160276,-0.40385816,0.29095086
AGGAGTACAGTGCATA-1,6,40,0.8283022,1.6903932,0.9878109,0.15687853,0.5850527,0.49479052
AGGATAACCGGTCGGA-1,48,74,1.3357226,2.4708214,1.0107628,1.1374754,1.5217179,0.55445445
AGGATACCTCCGAGCG-1,8,52,0.9985774,1.4357507,0.72259295,0.4859377,0.27943236,-0.19464858
AGGATAGAGTTAATCA-1,4,44,1.5282531,1.9990793,0.85029936,1.5095432,0.95553595,0.13732664
AGGATATCGCGAATAC-1,52,86,0.23104906,1.3701597,0.65976435,-0.9973213,0.20071045,-0.3579727
AGGATCAACATTCGTT-1,24,106,0.11552453,0.1732868,0.6597643,-1.220574,-1.2357693,-0.35797286
AGGATCCGTGAGGCGG-1,42,110,1.037096,1.4157401,1.303734,0.56037545,0.25541577,1.3160385
AGGATCTTAATGGTGA-1,59,111,0.48172864,1.4651965,0.67701256,-0.5128796,0.31477296,-0.31313565
AGGATGAGTGCGTGCG-1,76,26,0.0,0.1732868,0.0,-1.4438268,-1.2357693,-2.0730426
AGGATTCTACGCCTAG-1,43,99,1.1641194,1.945806,0.83305115,0.8058498,0.8915976,0.09248959
AGGCAACTAGCGTACC-1,51,59,0.23104906,0.44793987,1.141087,-0.9973213,-0.9061323,0.8932348
AGGCAATGTCAGCTGG-1,59,37,0.57762265,0.62122667,0.5756463,-0.32756314,-0.6981545,-0.57663924
AGGCATTAAGTCTGGC-1,31,53,0.57762265,0.5198604,1.2424533,-0.32756314,-0.81981367,1.1567384
AGGCATTACTATAGTA-1,34,78,0.23104906,0.7489331,0.1732868,-0.9973213,-0.54488206,-1.6225803
AGGCCGCAGAATAACG-1,27,103,0.18310206,0.1732868,0.8815901,-1.0899795,-1.2357693,0.2186676
AGGCCTGTCTAGTGGC-1,16,92,0.23104906,0.0,0.67701256,-0.9973213,-1.443747,-0.31313565
AGGCGATTCCACTTCT-1,8,78,0.7127777,1.196873,0.59947383,-0.0663742,-0.0072673145,-0.51469904
AGGCTGCAGCTCAGGC-1,41,35,0.4992887,0.1732868,0.1732868,-0.47894454,-1.2357693,-1.6225803
AGGCTGCGCAGCAACT-1,60,14,1.1072983,2.0050676,0.5756463,0.69604224,0.962723,-0.57663924
AGGCTTAACCGATTGT-1,41,7,1.4580507,1.0235862,1.6892331,1.3738762,-0.21524508,2.3181508
AGGTACAGCTATGATA-1,19,27,1.2857052,2.1312904,0.9460474,1.0408161,1.1142149,0.38622555
AGGTACCAGACGCCAG-1,21,9,1.6924003,2.8975759,1.0235862,1.8267599,2.033906,0.58778894
AGGTACGGAAGTCAAC-1,77,23,0.0,0.0,0.0,-1.4438268,-1.443747,-2.0730426
AGGTACGTGATATCTG-1,0,100,0.52967566,0.5198604,1.0826833,-0.42022133,-0.81981367,0.7414132
AGGTCACCTCCGCCTC-1,68,18,1.0965419,2.4752462,1.5070696,0.67525536,1.5270286,1.8446133
AGGTCGAGGTCTAGGC-1,9,113,0.6452002,0.0,0.6412373,-0.1969686,-1.443747,-0.4061341
AGGTCTCACGCCAATA-1,37,13,1.6937951,2.029924,1.1658597,1.8294554,0.99255544,0.9576317
AGGTCTTCCATCGCCG-1,44,52,0.26823965,0.1732868,0.6931472,-0.92545,-1.2357693,-0.27119341
AGGTGAAGTGACGACT-1,28,88,0.52967566,1.280991,0.4023595,-0.42022133,0.09369061,-1.0271015
AGGTGAATCCACAACC-1,70,46,0.87624925,0.6931472,1.650986,0.24953686,-0.61183596,2.2187266
AGGTGAGCAATGTCTT-1,48,44,0.7607247,0.5756463,0.73610973,0.026284128,-0.75285983,-0.15951145
AGGTGAGGTAGAATAC-1,63,105,1.4465519,2.335868,0.95716035,1.3516545,1.3597475,0.41511384
AGGTGATTGGCGGTAT-1,54,44,0.7127777,0.72259295,0.85029936,-0.0663742,-0.5764953,0.13732664
AGGTGGACTTGCCACC-1,19,1,0.61481327,1.471526,0.5756463,-0.25569177,0.32236964,-0.57663924
AGGTGGCACTTGTCAG-1,53,7,1.6039623,2.5894356,0.6931472,1.6558523,1.6640779,-0.27119341
AGGTGGCTGTCGCCAA-1,34,116,0.11552453,0.0,0.27465308,-1.220574,-1.443747,-1.3590767
AGGTTAGTGGCCATAG-1,24,104,0.46209812,0.5756463,0.9344174,-0.5508159,-0.75285983,0.35599315
AGGTTCCACGCCGAAG-1,44,16,1.0448494,0.997246,1.821548,0.5753589,-0.24685834,2.6621058
AGGTTGAGTAGGAGAT-1,44,32,0.48172864,0.1732868,0.5198604,-0.5128796,-1.2357693,-0.7216557
AGTAACCGCAGGTCAA-1,22,116,0.11552453,0.27465308,0.5198604,-1.220574,-1.11411,-0.7216557
AGTAAGCTCGGCCAAT-1,46,82,0.89893794,1.9051763,1.0585266,0.29338306,0.84283406,0.6786174
AGTACATATGTAGGAA-1,11,35,0.3465736,0.3465736,0.62122667,-0.7740686,-1.0277915,-0.45815215
AGTACCGTTGTACGCC-1,26,70,1.0627878,2.2061696,0.5756463,0.6100251,1.2040844,-0.57663924
AGTAGACAGATAACGG-1,5,77,0.68239075,0.85029936,1.839389,-0.12509735,-0.42322284,2.708484
AGTAGACAGTAAGGAG-1,38,54,1.0794953,0.44793987,1.4259456,0.64231265,-0.9061323,1.63373
AGTAGAGCATGGACGT-1,33,49,0.901941,0.62122667,1.0063379,0.29918653,-0.6981545,0.54295176
AGTATTACGGTATTCG-1,57,21,1.7403474,2.5834112,1.0691665,1.9194183,1.6568475,0.70627606
AGTATTAGCTGATCGA-1,57,111,0.6452002,1.4742885,0.62122667,-0.1969686,0.3256851,-0.45815215
AGTATTCAGCTGAATG-1,48,80,1.0448494,2.4170995,0.85029936,0.5753589,1.4572412,0.13732664
AGTATTCGTCGGTATC-1,23,55,0.85399395,1.280991,0.67701256,0.20652819,0.09369061,-0.31313565
AGTATTGATTGAGTCA-1,66,100,0.3465736,0.79451346,0.0,-0.7740686,-0.49017674,-2.0730426
AGTCACTTATTCAAGG-1,48,28,0.71958137,0.44793987,0.9222199,-0.05322597,-0.9061323,0.3242854
AGTCCGTGATCACTAC-1,51,25,1.1444889,2.32732,0.85029936,0.7679137,1.3494885,0.13732664
AGTCGCCACTCGGCGA-1,42,62,0.0,0.3465736,0.0,-1.4438268,-1.0277915,-2.0730426
AGTCGGACCGTGCTTA-1,29,73,0.11552453,0.85029936,0.1732868,-1.220574,-0.42322284,-1.6225803
AGTCGGTCTAATCTGT-1,44,62,0.23104906,0.1732868,0.3465736,-0.9973213,-1.2357693,-1.1721181
AGTCGGTTATACATAG-1,29,23,1.1748759,1.4817315,1.31825,0.82663685,0.33461824,1.353773
AGTCGGTTGGTTGGCG-1,18,22,0.77566004,2.2860503,0.44793987,0.05514683,1.2999568,-0.90861446
AGTCGTTGCCGCCAAC-1,7,7,1.7388085,2.4043179,0.6412373,1.9164444,1.4419007,-0.4061341
AGTCTAGGATTGTCAC-1,27,13,1.2377582,2.2790074,0.97800577,0.9481578,1.2915039,0.46930188
AGTCTGTTACAATAGT-1,74,28,0.0,0.1732868,0.0,-1.4438268,-1.2357693,-2.0730426
AGTGAGCGCCTGTCCT-1,74,10,0.11552453,0.54930615,0.5198604,-1.220574,-0.78447306,-0.7216557
AGTGAGGTCTGTGCTC-1,60,22,1.8268799,2.472347,1.1462419,2.0866435,1.523549,0.9066349
AGTGAGTATTCTAAGT-1,39,75,0.0,0.0,0.0,-1.4438268,-1.443747,-2.0730426
AGTGCAATAACTAACA-1,54,74,1.524886,2.2532163,0.65976435,1.5030363,1.2605495,-0.3579727
AGTGCCAGATGCTCTG-1,36,80,0.11552453,0.1732868,0.3465736,-1.220574,-1.2357693,-1.1721181
AGTGCGCAACATGCGT-1,49,65,0.29862657,0.1732868,0.5756463,-0.8667269,-1.2357693,-0.57663924
AGTGCTTCGCGGACGC-1,7,15,1.722545,2.0123568,0.90272945,1.885015,0.9714714,0.27361968
AGTGGTATGTCCAAGT-1,20,42,0.18310206,0.6931472,0.27465308,-1.0899795,-0.61183596,-1.3590767
AGTGTACCTCTGTATG-1,34,114,0.11552453,0.3465736,0.1732868,-1.220574,-1.0277915,-1.6225803
AGTGTAGCTCTTATCT-1,9,105,0.11552453,0.0,0.5198604,-1.220574,-1.443747,-0.7216557
AGTGTCATGGTTGTGG-1,60,78,2.0112116,2.524558,0.79451346,2.4428673,1.5862123,-0.007689841
AGTGTCGTGGCATGTT-1,50,114,0.6452002,0.997246,0.5198604,-0.1969686,-0.24685834,-0.7216557
AGTGTCTAGGCTAATA-1,22,80,0.4141511,1.2982392,0.27465308,-0.64347416,0.114391886,-1.3590767
AGTGTCTGAACTGTGG-1,13,23,1.231697,2.2678845,0.67701256,0.9364444,1.2781543,-0.31313565
AGTGTCTTAAGCTTGT-1,22,22,1.1945063,1.3823572,1.3307525,0.86457294,0.21534981,1.3862736
AGTGTTCGAGGATGAA-1,63,93,1.297204,2.4116645,0.95716035,1.0630378,1.4507182,0.41511384
AGTTAACGAGCCACTC-1,50,118,0.0,0.0,0.0,-1.4438268,-1.443747,-2.0730426
AGTTAAGACTGGCTCC-1,49,45,0.7803552,1.6903932,1.3438196,0.064220324,0.5850527,1.420242
AGTTAAGGTAGATACT-1,2,118,0.0,0.0,0.0,-1.4438268,-1.443747,-2.0730426
AGTTACCTCACCAGCA-1,53,77,1.3647815,2.1768708,1.1610978,1.1936321,1.1689202,0.945253
AGTTAGAAGGACGAAT-1,12,78,0.7607247,1.9173738,0.44793987,0.026284128,0.85747343,-0.90861446
AGTTATCCTGAACGAA-1,32,54,0.0,0.0,0.44793987,-1.4438268,-1.443747,-0.90861446
AGTTCGGCACATACGG-1,22,82,0.18310206,0.1732868,0.0,-1.0899795,-1.2357693,-2.0730426
AGTTCGTCTAGTGCAG-1,49,27,1.06448,0.95166564,1.578387,0.61329526,-0.30156365,2.0300043
AGTTCGTGCAGACCTT-1,42,92,0.23104906,0.1732868,0.5198604,-0.9973213,-1.2357693,-0.7216557
AGTTCGTGCATGTCGA-1,37,115,0.0,0.0,0.7489331,-1.4438268,-1.443747,-0.12617692
AGTTGGCAACGTTGTC-1,62,108,1.1046735,2.3841906,1.141087,0.6909698,1.417744,0.8932348
AGTTGGCACCAGTTAC-1,52,60,0.59725314,0.96780026,0.54930615,-0.28962693,-0.28219897,-0.6451109
AGTTGTACTTAATGGA-1,36,60,0.0,0.0,0.27465308,-1.4438268,-1.443747,-1.3590767
AGTTGTCCACAGACCA-1,29,45,0.52967566,0.866434,0.44793987,-0.42022133,-0.40385816,-0.90861446
AGTTGTGAACCTGATG-1,3,99,0.23104906,0.54930615,0.866434,-0.9973213,-0.78447306,0.1792689
ATAACCTAGAACCTGC-1,33,57,0.23104906,0.3465736,0.65976435,-0.9973213,-1.0277915,-0.3579727
ATAACGAAGAGCACGC-1,56,14,2.020086,2.788136,0.9158904,2.4600172,1.902557,0.3078318
ATAACGCCTGTAGGCA-1,72,24,2.0066144,2.819933,0.9222199,2.433983,1.9407195,0.3242854
ATAACGGCAAGACTCC-1,11,101,0.3662041,0.5198604,0.54930615,-0.7361323,-0.81981367,-0.6451109
ATAACGGCGTTACACT-1,6,102,0.11552453,0.0,0.44793987,-1.220574,-1.443747,-0.90861446
ATAACTGAACTCCTGG-1,12,106,0.29862657,0.1732868,0.7727606,-0.8667269,-1.2357693,-0.064236745
ATAAGAATCATGCATC-1,45,109,0.7607247,1.9920799,1.141087,0.026284128,0.9471352,0.8932348
ATAAGACCAATCGCGG-1,26,100,0.11552453,0.89587975,0.6597643,-1.220574,-0.36851755,-0.35797286
ATAAGGAATAGAACAT-1,35,101,0.29862657,0.44793987,0.89587975,-0.8667269,-0.9061323,0.25581372
ATAAGGCGGACAAGTT-1,21,21,2.2427924,2.8043027,0.95716035,2.8904002,1.9219601,0.41511384
ATAAGTACCACGAGTT-1,41,101,0.52967566,1.6661023,0.76113063,-0.42022133,0.5558989,-0.094469145
ATAATCCGTTCCGTTC-1,18,108,0.46209812,0.27465308,0.9093965,-0.5508159,-1.11411,0.29095086
ATAATCGTAGTTATTC-1,28,12,1.5944358,1.945806,2.0821128,1.6374422,0.8915976,3.339449
ATAATTAGTTCTACGG-1,62,52,0.0,0.27465308,0.5198604,-1.4438268,-1.11411,-0.7216557
ATAATTATCGACCACG-1,20,4,0.11552453,0.62122667,0.3465736,-1.220574,-0.6981545,-1.1721181
ATACAAGGTCAGTAGA-1,45,85,0.0,0.44793987,0.48647752,-1.4438268,-0.9061323,-0.8084351
ATACAATTGCGGTATT-1,45,99,1.0593513,1.8493904,1.0397208,0.60338414,0.77588016,0.6297312
ATACAGATAGATTGAC-1,75,9,0.0,0.0,0.0,-1.4438268,-1.443747,-2.0730426
ATACATCAAGGATTGC-1,42,60,0.3465736,1.7405609,0.3465736,-0.7740686,0.6452637,-1.1721181
ATACATCACGCCTTCT-1,47,41,0.7499683,1.196873,0.866434,0.0054971743,-0.0072673145,0.1792689
ATACATCACTGTCCGG-1,13,81,0.48172864,1.7104039,0.48647752,-0.5128796,0.60906947,-0.8084351
ATACATGCATGATCTG-1,4,14,2.3970463,2.560525,1.079372,3.188498,1.6293795,0.73280543
ATACATGCTGGTGCAG-1,3,19,1.3691677,2.8004427,1.0397208,1.2021085,1.9173274,0.6297312
ATACGACATCTAGACC-1,65,75,0.6452002,1.6090376,1.5413544,-0.1969686,0.48741025,1.9337374
ATACGCTGAGATCAGA-1,38,64,0.0,0.27465308,0.89587975,-1.4438268,-1.11411,0.25581372
ATACGGCACGTTACGA-1,11,33,0.5553674,0.3465736,0.7489331,-0.37057167,-1.0277915,-0.12617692
ATACGGCGACTGGTCT-1,45,37,0.52967566,0.1732868,1.1840496,-0.42022133,-1.2357693,1.0049168
ATACGGTCCTTGTCTT-1,67,17,1.1748759,1.7790986,1.4542778,0.82663685,0.6915164,1.7073799
ATACTAGCCACTTCGC-1,56,86,0.57762265,1.5171064,0.3465736,-0.32756314,0.37707496,-1.1721181
ATACTAGCCATTAGTT-1,23,51,0.6452002,0.62122667,0.59947383,-0.1969686,-0.6981545,-0.51469904
ATACTAGTAACTGAGT-1,35,115,0.0,0.1732868,0.27465308,-1.4438268,-1.2357693,-1.3590767
ATACTATGAATGTCTT-1,70,16,1.3579779,1.9715203,0.9625369,1.1804839,0.9224598,0.4290902
ATACTCGTCCAACTGC-1,2,24,1.2296265,2.335342,0.88883704,0.9324433,1.3591163,0.23750608
ATACTGACTTCGGCAC-1,64,46,0.48172864,0.0,0.97800577,-0.5128796,-1.443747,0.46930188
ATACTGGACCACAGCC-1,8,54,0.8086717,1.5171064,0.44793987,0.11894234,0.37707496,-0.90861446
ATACTGGAGGATAACG-1,26,54,0.3465736,1.196873,1.2207005,-0.7740686,-0.0072673145,1.1001915
ATAGAACCTCTACCGA-1,21,107,0.3465736,0.62122667,0.54930615,-0.7740686,-0.6981545,-0.6451109
ATAGAACGTTCGATCT-1,18,44,0.3465736,0.1732868,0.3465736,-0.7740686,-1.2357693,-1.1721181
ATAGAAGGAGCAGTAG-1,7,25,0.9134398,2.4090981,0.62122667,0.32140812,1.447638,-0.45815215
ATAGAATTCTACTTGA-1,10,116,0.0,0.5198604,0.8741269,-1.4438268,-0.81981367,0.19926682
ATAGAATTCTAGGCCG-1,20,26,1.13299,1.6058117,1.1077042,0.7456919,0.4835385,0.8064553
ATAGACATGGCTATGG-1,36,46,0.38376418,1.4659078,0.4023595,-0.70219725,0.3156267,-1.0271015
ATAGATGCCTAAGCAC-1,43,81,0.18310206,0.44793987,0.54930615,-1.0899795,-0.9061323,-0.6451109
ATAGATTGAGTTCGAG-1,29,43,0.52967566,0.3465736,0.54930615,-0.42022133,-1.0277915,-0.6451109
ATAGCACCTGCTGTCT-1,21,93,0.98101735,1.5872848,0.4023595,0.45200264,0.46130264,-1.0271015
ATAGCTATTCGCACTC-1,51,73,1.037096,2.2154083,0.4023595,0.56037545,1.2151726,-1.0271015
ATAGCTGTGAATCGGC-1,4,64,1.2877756,2.011397,0.78387356,1.0448172,0.9703194,-0.03534848
ATAGCTTCACAACCGT-1,38,28,0.46209812,0.85029936,1.60172,-0.5508159,-0.42322284,2.0906587
ATAGCTTCGTGGAACG-1,59,21,1.510693,2.3764977,1.3595198,1.475608,1.4085113,1.4610549
ATAGGCCGATAGAAGT-1,56,102,1.7262906,2.7509496,0.73610973,1.8922534,1.8579261,-0.15951145
ATAGGCCGGTAATTCT-1,69,29,1.505998,1.5941818,1.9931165,1.466535,0.46958032,3.1081014
ATAGTACTATGGTTCT-1,44,96,0.4141511,1.3862944,1.0397208,-0.64347416,0.22007512,0.6297312
ATAGTCCGCCGTTGGC-1,32,80,0.3465736,0.7489331,0.44793987,-0.7740686,-0.54488206,-0.90861446
ATAGTGACGAATAGAT-1,6,78,0.9134398,1.4978662,1.5141959,0.32140812,0.3539829,1.8631383
ATAGTGAGTGAGGATT-1,29,95,0.3465736,0.0,0.5198604,-0.7740686,-1.443747,-0.7216557
ATAGTTAAGGCACGAG-1,41,81,0.3465736,0.0,0.48647752,-0.7740686,-1.443747,-0.8084351
ATAGTTCATCGGATCT-1,10,60,0.11552453,0.85029936,0.44793987,-1.220574,-0.42322284,-0.90861446
ATAGTTCCTAGGCCGG-1,6,24,1.615152,2.4951122,0.82395923,1.6774765,1.5508716,0.06885499
ATAGTTCGCAGCCGTG-1,45,53,0.11552453,0.0,0.3465736,-1.220574,-1.443747,-1.1721181
ATAGTTCGGTTCCAGA-1,58,22,1.06448,2.5350745,1.1358237,0.61329526,1.598834,0.87955266
ATCAACATAAGCGTAG-1,12,118,0.3465736,0.27465308,0.6412373,-0.7740686,-1.11411,-0.4061341
ATCAAGTGGTGATGGC-1,16,114,0.48172864,0.44793987,0.59947383,-0.5128796,-0.9061323,-0.51469904
ATCAATCTGCAGGACC-1,9,39,0.18310206,1.3220668,0.54930615,-1.0899795,0.14298956,-0.6451109
ATCAATGGTTGTACCT-1,7,33,0.6931472,0.62122667,0.7727606,-0.10431039,-0.6981545,-0.064236745
ATCAATGTCAACTCGG-1,3,59,1.0174655,1.854245,1.1304471,0.5224391,0.7817066,0.86557615
ATCACCAGTTCGGCGA-1,30,102,0.6931472,1.3823572,0.79451346,-0.10431039,0.21534981,-0.007689841
ATCACGTTCAATGATA-1,59,29,1.1444889,1.2424533,1.4770207,0.7679137,0.047437992,1.7665007
ATCAGATACCAGCTGT-1,54,62,0.11552453,0.0,0.1732868,-1.220574,-1.443747,-1.6225803
ATCAGTAAGCTCGCCG-1,54,78,1.2005676,2.3309174,1.3438196,0.8762865,1.3538059,1.420242
ATCATTCACCAGATTG-1,28,56,0.11552453,0.44793987,0.62122667,-1.220574,-0.9061323,-0.45815215
ATCATTCCAACTTCGC-1,13,43,0.29862657,0.6931472,1.1193342,-0.8667269,-0.61183596,0.83668786
ATCATTCCACTTAGCA-1,1,103,0.0,0.0,0.62122667,-1.4438268,-1.443747,-0.45815215
ATCATTGTCCATGCCA-1,31,77,0.52967566,1.3343846,0.3465736,-0.42022133,0.15777329,-1.1721181
ATCCAACGCATGGTAC-1,8,114,0.3465736,0.0,0.73610973,-0.7740686,-1.443747,-0.15951145
ATCCAACGCCACATCG-1,22,28,1.3088694,0.6931472,1.6921233,1.0855812,-0.61183596,2.3256638
ATCCACATCACTGCCG-1,73,23,1.9103422,2.620306,1.55265,2.2479355,1.7011285,1.9631004
ATCCACATGTTGGACC-1,17,83,0.9917738,1.5691608,0.4023595,0.4727896,0.43955034,-1.0271015
ATCCACGAACGTTCGG-1,7,103,0.3465736,0.3465736,0.9829564,-0.7740686,-1.0277915,0.48217118
ATCCACGACACGAATG-1,76,36,0.0,0.0,0.0,-1.4438268,-1.443747,-2.0730426
ATCCACTCGTACTCGG-1,56,8,1.480306,2.5725274,0.8815901,1.4168849,1.6437849,0.2186676
ATCCGAGTACAGGAAT-1,16,82,1.2424533,1.7530288,0.65976435,0.9572313,0.66022754,-0.3579727
ATCCGAGTACCACGTG-1,20,78,0.29862657,1.1249524,0.62122667,-0.8667269,-0.09358588,-0.45815215
ATCCGAGTCACTTGTA-1,48,108,1.0182079,1.6468875,1.2281637,0.5238739,0.53283745,1.1195922
ATCCGATGACCTCGGA-1,53,81,1.3434759,2.326776,0.4023595,1.1524588,1.3488355,-1.0271015
ATCCGATGTCTGTCAC-1,54,18,1.1337324,1.0621238,0.8145241,0.74712664,-0.16899246,0.044328224
ATCCGATTATCTACGT-1,64,12,1.1046735,1.6275645,1.311756,0.6909698,0.5096461,1.336892
ATCCGGATGACGTAAC-1,27,49,0.7127777,0.62122667,1.5434465,-0.0663742,-0.6981545,1.9391758
ATCCGGTACCGTCCTT-1,17,101,0.45134172,1.4157401,0.48647752,-0.57160276,0.25541577,-0.8084351
ATCCGGTATCACAAGT-1,34,50,0.7607247,0.89587975,1.1562432,0.026284128,-0.36851755,0.93263346
ATCCGTAGCTTCAGTA-1,30,60,0.48172864,0.5756463,0.59947383,-0.5128796,-0.75285983,-0.51469904
ATCCGTAGTGTCGCTC-1,30,110,0.89587975,1.3823572,0.8815901,0.28747305,0.21534981,0.2186676
ATCCGTGGAACTTCAA-1,56,66,0.29862657,0.1732868,0.5198604,-0.8667269,-1.2357693,-0.7216557
ATCCGTTATCGAAGGC-1,73,15,1.1526206,1.9432935,1.2168837,0.78362817,0.88858205,1.0902694
ATCCTCCAGCCATTGT-1,57,107,1.3614143,1.7758305,0.89587975,1.187125,0.68759406,0.25581372
ATCCTCGTTCCAGGCC-1,27,45,1.249257,0.1732868,0.95166564,0.97037935,-1.2357693,0.4008302
ATCGAACATGCTAAGC-1,66,78,0.4141511,0.54930615,0.9460474,-0.64347416,-0.78447306,0.38622555
ATCGAACTCGTCCGGC-1,64,112,0.57762265,1.3701597,0.1732868,-0.32756314,0.20071045,-1.6225803
ATCGAATCTAGCAGAC-1,7,41,0.7127777,1.7811196,0.5756463,-0.0663742,0.69394195,-0.57663924
ATCGACAGCGGCAACA-1,35,113,0.23104906,0.1732868,0.6597643,-0.9973213,-1.2357693,-0.35797286
ATCGACCGGAGTATCG-1,61,33,0.87624925,1.2982392,1.196873,0.24953686,0.114391886,1.0382513
ATCGATGTCAGATAGA-1,27,15,1.220198,0.9222199,1.5118431,0.9142226,-0.3369043,1.857022
ATCGCAATGCACTAAC-1,43,57,0.18310206,0.0,0.27465308,-1.0899795,-1.443747,-1.3590767
ATCGCAGTAACTTATT-1,28,68,0.6931472,1.7005987,0.1732868,-0.10431039,0.5973013,-1.6225803
ATCGCAGTCTATGGCA-1,34,98,0.18310206,0.62122667,1.1840496,-1.0899795,-0.6981545,1.0049168
ATCGCATCACGCATCT-1,69,43,0.23104906,0.5198604,0.89587975,-0.9973213,-0.81981367,0.25581372
ATCGGCTCTATGCCTC-1,21,51,0.89587975,1.6290482,0.54930615,0.28747305,0.51142687,-0.6451109
ATCGTAACTACCTCTT-1,31,41,0.3465736,0.0,0.62122667,-0.7740686,-1.443747,-0.45815215
ATCGTAATCCACATGC-1,23,27,1.3100308,1.4157401,1.6503075,1.0878257,0.25541577,2.216963
ATCGTACAACTGGCTA-1,11,81,0.7384694,1.0986123,0.866434,-0.016724546,-0.12519914,0.1792689
ATCGTACACCTATGCC-1,28,64,1.1722511,2.4631538,0.70830333,0.8215645,1.5125153,-0.23179471
ATCGTAGCATGTAGAT-1,60,96,1.5620766,2.6248107,1.0760162,1.5749075,1.706535,0.7240818
ATCGTATTACTCGGAG-1,28,38,1.0593513,1.2424533,1.0826833,0.60338414,0.047437992,0.7414132
ATCGTATTGGAATCCT-1,15,17,1.9891099,2.5536606,0.89587975,2.4001553,1.6211411,0.25581372
ATCGTCACCATGTCAC-1,44,76,0.23104906,0.866434,1.0474137,-0.9973213,-0.40385816,0.64972913
ATCGTCAGTTAGTCCA-1,33,45,1.3047394,0.97800577,1.2207005,1.0775999,-0.2699504,1.1001915
ATCGTCCTAGTACGAA-1,14,96,0.3465736,1.2982392,0.89587975,-0.7740686,0.114391886,0.25581372
ATCGTCTATGATGCCG-1,9,107,0.3465736,0.3465736,0.54930615,-0.7740686,-1.0277915,-0.6451109
ATCGTCTTAACGAAGG-1,41,9,0.8654928,0.72259295,1.2030461,0.22874992,-0.5764953,1.0542984
ATCTACAGGAGTGCAC-1,16,62,0.87624925,1.8124814,0.1732868,0.24953686,0.7315822,-1.6225803
ATCTACCATATTCCAG-1,53,23,1.08204,1.4542778,0.65976435,0.6472302,0.30166838,-0.3579727
ATCTACGACAGCTCTT-1,16,12,1.478631,2.4069333,1.0474137,1.4136479,1.4450397,0.64972913
ATCTACTCACATCTCC-1,41,51,0.4141511,0.5198604,0.85029936,-0.64347416,-0.81981367,0.13732664
ATCTCCTTGCGATACA-1,29,81,1.0114043,2.2873292,0.8145241,0.5107258,1.3014917,0.044328224
ATCTGACCGGAGTCCT-1,61,85,1.7498738,2.6963587,1.1705328,1.9378282,1.7924064,0.9697796
ATCTGAGGAACGGTTG-1,47,57,0.7979153,1.6319895,0.3465736,0.09815539,0.5149569,-1.1721181
ATCTGCCGTCTACAGC-1,25,23,1.3755379,2.7118874,1.14878,1.2144189,1.8110439,0.9132327
ATCTGGATCCTCAGAC-1,42,38,0.46209812,0.85029936,0.7489331,-0.5508159,-0.42322284,-0.12617692
ATCTGTACGCGTCTCC-1,38,70,0.11552453,0.0,0.27465308,-1.220574,-1.443747,-1.3590767
ATCTTAGACGCCTACT-1,59,83,0.94382674,1.1610978,0.5198604,0.38013127,-0.050204474,-0.7216557
ATCTTAGATAGGTTCA-1,65,51,0.11552453,0.0,0.0,-1.220574,-1.443747,-2.0730426
ATCTTAGTGGCATGGA-1,20,104,1.5445164,1.9099107,0.7489331,1.5409724,0.8485162,-0.12617692
ATCTTATCAGCAATAC-1,7,21,1.0006479,1.8249494,0.6412373,0.48993894,0.7465462,-0.4061341
ATCTTCGGACATACTA-1,51,95,0.8654928,1.0235862,0.83305115,0.22874992,-0.21524508,0.09248959
ATCTTGGCTTCGTCCT-1,19,63,1.1444889,2.0569773,0.5198604,0.7679137,1.0250247,-0.7216557
ATGAACAATCGATGCG-1,54,16,1.0114043,2.2147698,0.6931472,0.5107258,1.2144064,-0.27119341
ATGAAGCTGAATCCAG-1,55,33,0.3465736,0.79451346,0.72259295,-0.7740686,-0.49017674,-0.19464858
ATGAATGTATCGTGGT-1,15,103,0.4141511,0.89587975,0.79451346,-0.64347416,-0.36851755,-0.007689841
ATGACACTAATCGCAC-1,61,47,0.9634573,1.2424533,0.72259295,0.41806757,0.047437992,-0.19464858
ATGACCAGACGGCCGG-1,36,24,1.0485948,2.1029582,1.0891771,0.5825971,1.0802107,0.7582939
ATGACCTCACGCACTG-1,5,37,1.249257,1.8566372,0.4023595,0.97037935,0.7845778,-1.0271015
ATGACCTCACTTAACC-1,29,71,0.46209812,0.44793987,0.27465308,-0.5508159,-0.9061323,-1.3590767
ATGACGAGATCATTAA-1,63,33,1.3836695,2.345653,1.2424533,1.2301334,1.3714917,1.1567384
ATGAGCTACATGGAAG-1,15,83,0.59725314,1.8008513,1.2263187,-0.28962693,0.7176239,1.114796
ATGAGCTATTCGAAGA-1,43,23,0.89118457,1.9818311,1.4630506,0.27839956,0.93483466,1.7301852
ATGAGGAACGACCAGC-1,74,40,0.0,0.3465736,0.27465308,-1.4438268,-1.0277915,-1.3590767
ATGAGTACGCTTCCTA-1,38,16,1.313089,2.3207116,1.3529115,1.0937357,1.341557,1.4438764
ATGAGTATCAGATCTG-1,5,85,0.0,0.44793987,0.79451346,-1.4438268,-0.9061323,-0.007689841
ATGAGTCCTGAAGTGG-1,16,112,0.0,0.27465308,1.079372,-1.4438268,-1.11411,0.73280543
ATGAGTCTAGATACTC-1,5,91,0.3465736,0.72259295,0.85029936,-0.7740686,-0.5764953,0.13732664
ATGAGTTACAGATAGA-1,13,111,0.26823965,0.7489331,1.0151107,-0.92545,-0.54488206,0.5657569
ATGATAATTCCTTGCG-1,37,11,0.6229449,0.72259295,1.8566372,-0.23997729,-0.5764953,2.753321
ATGATATCTAGTCTTA-1,42,58,0.0,0.3465736,0.27465308,-1.4438268,-1.0277915,-1.3590767
ATGATTGATTCCGAAT-1,12,22,1.3755379,2.6890497,0.6412373,1.2144189,1.7836342,-0.4061341
ATGCATCCTGACTCAC-1,18,46,0.23104906,0.27465308,0.59947383,-0.9973213,-1.11411,-0.51469904
ATGCATGCCTGCGATG-1,54,68,0.84793276,1.8252869,1.1462419,0.19481485,0.7469513,0.9066349
ATGCATGGTTCCGCCT-1,43,85,0.0,0.1732868,0.3465736,-1.4438268,-1.2357693,-1.1721181
ATGCATGGTTGCTGTA-1,21,11,1.3755379,2.257564,1.0193844,1.2144189,1.2657677,0.5768664
ATGCATGTATGTGAGT-1,46,42,0.7979153,1.5672741,0.8741269,0.09815539,0.4372859,0.19926682
ATGCATGTCACTCGTG-1,38,22,0.8654928,0.5198604,2.0569775,0.22874992,-0.81981367,3.2741094
ATGCCAGCTGCCATCT-1,53,15,0.7979153,1.9194659,0.62122667,0.09815539,0.8599844,-0.45815215
ATGCCGTCGATAAGAC-1,64,96,1.8821627,2.628313,0.9460474,2.1934783,1.7107384,0.38622555
ATGCCGTTGTGAAGCG-1,41,37,0.4141511,0.3465736,0.4023595,-0.64347416,-1.0277915,-1.0271015
ATGCCTTCGTAAGTTA-1,42,108,0.9506304,1.3701597,1.9615498,0.3932795,0.20071045,3.0260432
ATGCTCCAACCTGGCC-1,43,31,0.4141511,0.3465736,0.5756463,-0.64347416,-1.0277915,-0.57663924
ATGCTCCGTTCTACTG-1,30,40,0.3465736,0.0,0.54930615,-0.7740686,-1.443747,-0.6451109
ATGCTCGCCTCCAATT-1,26,16,0.61481327,1.4420803,0.9344174,-0.25569177,0.28702903,0.35599315
ATGCTGAATGCAATAG-1,44,92,0.23104906,0.62122667,0.54930615,-0.9973213,-0.6981545,-0.6451109
ATGCTGCCGGCATACT-1,23,117,0.0,0.0,0.3465736,-1.4438268,-1.443747,-1.1721181
ATGCTGCCTACTGCAT-1,10,18,1.5069475,2.3904252,0.48647752,1.4683698,1.4252269,-0.8084351
ATGCTGGCTTACTACA-1,65,97,0.7607247,2.0303702,1.3901705,0.026284128,0.9930911,1.5407318
ATGCTTACTCTAGGAA-1,50,80,0.6452002,1.9741381,0.72259295,-0.1969686,0.92560166,-0.19464858
ATGCTTGGACGAACTT-1,47,73,0.7803552,2.2660394,0.54930615,0.064220324,1.2759397,-0.6451109
ATGGAACGATAGTGAT-1,17,107,0.11552453,0.27465308,0.67701256,-1.220574,-1.11411,-0.31313565
ATGGAGCGCACTCGGT-1,6,18,1.2377582,2.3884826,0.8145241,0.9481578,1.4228953,0.044328224
ATGGAGGCCACGGCTT-1,53,29,0.7462228,0.79451346,0.804719,-0.0017410483,-0.49017674,0.018839568
ATGGAGGCCGCTATCC-1,1,93,0.18310206,0.27465308,0.72259295,-1.0899795,-1.11411,-0.19464858
ATGGAGTAATCGGACC-1,32,74,0.23104906,0.1732868,0.0,-0.9973213,-1.2357693,-2.0730426
ATGGCATTATGGCTCG-1,26,92,0.52967566,1.7005987,0.1732868,-0.42022133,0.5973013,-1.6225803
ATGGTAACGGACCGGA-1,49,17,1.1552453,2.0766182,0.54930615,0.7887005,1.0485976,-0.6451109
ATGTAAGAGCCACCTC-1,24,96,0.59725314,0.67701256,1.1077042,-0.28962693,-0.6312006,0.8064553
ATGTAATTGTCGTTCG-1,24,42,0.38376418,0.0,0.8330511,-0.70219725,-1.443747,0.092489436
ATGTACAGTGCCTATG-1,35,9,1.7309856,1.7005987,2.1518497,1.9013267,0.5973013,3.5207314
ATGTACATCGTGGTTA-1,32,10,0.8283022,1.6058117,1.0760162,0.15687853,0.4835385,0.7240818
ATGTACATGAACTCCG-1,32,100,0.7607247,1.671153,0.67701256,0.026284128,0.5619607,-0.31313565
ATGTACCGATCCAGAA-1,64,74,0.89893794,2.011397,1.2982392,0.29338306,0.9703194,1.3017548
ATGTACCTTCACATTA-1,4,76,0.11552453,0.1732868,0.67701256,-1.220574,-1.2357693,-0.31313565
ATGTACGGTGGCGTAT-1,6,92,0.11552453,0.5198604,0.73610973,-1.220574,-0.81981367,-0.15951145
ATGTACTACCGACTTC-1,26,60,1.4147991,2.0537515,0.96780026,1.2902918,1.0211531,0.44277248
ATGTACTCGTGGCTGT-1,1,69,1.7550825,2.7886624,0.72259295,1.9478941,1.9031888,-0.19464858
ATGTACTCTGCAGCAC-1,48,66,0.29862657,0.54930615,0.9158904,-0.8667269,-0.78447306,0.3078318
ATGTACTGGTCGAAGC-1,4,90,0.0,0.0,0.59947383,-1.4438268,-1.443747,-0.51469904
ATGTAGAAGCGAATAG-1,61,97,1.4093615,2.5542092,1.1304471,1.2797835,1.6217995,0.86557615
ATGTAGCCGACCAAGG-1,57,57,0.11552453,0.1732868,0.44793987,-1.220574,-1.2357693,-0.90861446
ATGTAGGTAACCGTAC-1,25,43,0.0,0.1732868,0.7489331,-1.4438268,-1.2357693,-0.12617692
ATGTAGGTTGGCGAGG-1,36,112,0.11552453,0.62122667,0.27465308,-1.220574,-0.6981545,-1.3590767
ATGTAGTCCAGAACAT-1,71,13,1.9245352,2.3958206,1.2010052,2.2753637,1.4317024,1.0489932
ATGTATCCAAGGTGGC-1,22,106,1.2749487,1.5261983,0.54930615,1.0200291,0.38798693,-0.6451109
ATGTATCCATAAGTTG-1,30,16,1.902589,2.7255144,1.471526,2.2329524,1.8273989,1.7522172
ATGTATCGGAATACGG-1,40,80,0.23104906,0.3465736,0.1732868,-0.9973213,-1.0277915,-1.6225803
ATGTATGAGTACCGGA-1,40,104,0.7607247,1.3753145,1.0474137,0.026284128,0.20689712,0.64972913
ATGTATGTTATTGAAG-1,68,92,0.0,0.3465736,0.27465308,-1.4438268,-1.0277915,-1.3590767
ATGTCATACTTAGACC-1,58,16,1.1898111,2.9273612,0.95166564,0.85549945,2.0696542,0.4008302
ATGTCATCAGGTTATG-1,67,11,0.4141511,1.1249524,0.85029936,-0.64347416,-0.09358588,0.13732664
ATGTCGGATAAGCCGA-1,50,44,0.48172864,0.44793987,1.3701597,-0.5128796,-0.9061323,1.4887136
ATGTCGGCTGTCGTAA-1,31,23,0.8458623,1.6570103,1.5306232,0.19081372,0.5449868,1.9058414
ATGTCGTTACCAGACG-1,51,103,1.3888785,2.5870433,0.83305115,1.2401998,1.6612067,0.09248959
ATGTCTAACTGGCGAA-1,62,26,0.11552453,0.0,0.3465736,-1.220574,-1.443747,-1.1721181
ATGTGAATCCATACGA-1,17,73,0.8283022,1.2424533,0.79451346,0.15687853,0.047437992,-0.007689841
ATGTGAATTGCTGACC-1,32,20,1.0789818,2.6690924,1.262464,0.64132017,1.7596816,1.2087566
ATGTGACATAGAGTCC-1,5,115,0.29862657,0.3465736,0.89587975,-0.8667269,-1.0277915,0.25581372
ATGTGATCCGTCTAAC-1,40,6,1.2796439,1.0955067,1.7718934,1.0291026,-0.12892652,2.533028
ATGTGCCGGTGACAGA-1,0,108,0.7607247,1.5992324,1.9112298,0.026284128,0.4756421,2.8952355
ATGTGCGTCTGAACAG-1,38,78,0.0,0.0,0.5756463,-1.4438268,-1.443747,-0.57663924
ATGTGCTAACATCGAA-1,7,55,0.6648307,1.0621238,0.7727606,-0.15903242,-0.16899246,-0.064236745
ATGTGCTTGTGCTACC-1,11,53,0.96138686,0.89587975,0.6412373,0.41406646,-0.36851755,-0.4061341
ATGTTAAGATTACTGA-1,22,40,0.61481327,0.79451346,0.5756463,-0.25569177,-0.49017674,-0.57663924
ATGTTACCTCGTCTGT-1,0,58,0.4141511,0.44793987,0.5756463,-0.64347416,-0.9061323,-0.57663924
ATGTTAGACTATCTCA-1,59,103,1.0769113,2.0075212,1.0891771,0.6373191,0.9656678,0.7582939
ATGTTCGCAGAAGTCT-1,64,82,1.7147918,2.4414153,1.0063379,1.8700317,1.4864249,0.54295176
ATGTTCTGCCTTATCT-1,50,18,1.037096,1.8381103,0.7489331,0.56037545,0.7623419,-0.12617692
ATTAAGAACAGCTCCG-1,35,73,0.11552453,0.62122667,0.1732868,-1.220574,-0.6981545,-1.6225803
ATTAAGAATAACGCTT-1,58,50,0.11552453,1.2424533,0.67701256,-1.220574,0.047437992,-0.31313565
ATTAAGCGTCCTGCCG-1,61,21,1.3823417,1.471526,0.7727606,1.2275676,0.32236964,-0.064236745
ATTAAGTGGCCTAAGG-1,38,14,1.0485948,1.3220668,1.141087,0.5825971,0.14298956,0.8932348
ATTACAAGCAAGTGTC-1,5,23,1.5240334,2.6870706,0.9878109,1.5013887,1.781259,0.49479052
ATTACATTGAAGTATG-1,44,60,0.29862657,0.3465736,0.5198604,-0.8667269,-1.0277915,-0.7216557
ATTACCTTCGCAGAAG-1,53,17,1.1072983,2.3396902,0.62122667,0.69604224,1.3643351,-0.45815215
ATTACTCAGTTAACGA-1,11,95,0.11552453,0.89587975,0.79451346,-1.220574,-0.36851755,-0.007689841
ATTACTCCGTGAAGCG-1,28,78,0.7803552,1.5819842,0.5198604,0.064220324,0.45494083,-0.7216557
ATTACTGAGTGCCTCC-1,46,94,0.46209812,1.3529115,1.16349,-0.5508159,0.18000917,0.9514718
ATTACTGATATTCGCC-1,73,43,0.0,0.3465736,0.0,-1.4438268,-1.0277915,-2.0730426
ATTACTGTACGCGGTG-1,43,13,0.7979153,1.2424533,1.6989264,0.09815539,0.047437992,2.3433487
ATTACTGTCGCATATT-1,50,74,1.3982267,2.0728865,0.7727606,1.2582655,1.0441188,-0.064236745
ATTACTTGAGCAAGAT-1,2,34,0.50742036,0.27465308,0.6412373,-0.46323,-1.11411,-0.4061341
ATTAGAACAGTGGTAG-1,9,111,0.29862657,0.3465736,0.44793987,-0.8667269,-1.0277915,-0.90861446
ATTAGATAAGACGGCG-1,29,59,0.6452002,0.72259295,0.6412373,-0.1969686,-0.5764953,-0.4061341
ATTAGCAGGATGTATT-1,18,20,1.592085,2.1018445,0.95716035,1.6328993,1.0788741,0.41511384
ATTAGCATTCCGATCG-1,2,84,0.46209812,0.89587975,0.5198604,-0.5508159,-0.36851755,-0.7216557
ATTAGCCTCACTTCTA-1,27,53,0.901941,1.0955067,0.62122667,0.29918653,-0.12892652,-0.45815215
ATTAGCCTCAGTAGAT-1,53,13,1.3053356,1.7104039,0.89587975,1.0787522,0.60906947,0.25581372
ATTAGCGAGCATGCTG-1,46,110,0.6452002,1.7847167,0.7727606,-0.1969686,0.69825923,-0.064236745
ATTAGTCGTGTTATGC-1,9,57,0.8283022,1.6041831,0.70830333,0.15687853,0.48158383,-0.23179471
ATTAGTGAGGTATCGC-1,55,101,1.6173028,3.0009127,0.9222199,1.6816329,2.1579301,0.3242854
ATTAGTGCTTGGTCAT-1,41,47,0.7803552,1.6275645,0.6931472,0.064220324,0.5096461,-0.27119341
ATTAGTTGGACGTGAT-1,71,35,0.11552453,0.1732868,0.72259295,-1.220574,-1.2357693,-0.19464858
ATTATCACAACTCGGC-1,20,66,1.2120664,2.2178411,0.6931472,0.89850813,1.2180926,-0.27119341
ATTATCAGTTCGATGC-1,65,17,0.9134398,1.8771968,1.1705328,0.32140812,0.8092532,0.9697796
ATTATCCAGGTGAAGT-1,40,18,0.92932487,1.4157401,1.9519792,0.3521062,0.25541577,3.0011642
ATTATCGAGTGCAGAT-1,53,43,0.4992887,0.9222199,1.1193342,-0.47894454,-0.3369043,0.83668786
ATTATCTAGATTAACG-1,43,105,0.89587975,1.2424533,0.96780026,0.28747305,0.047437992,0.44277248
ATTATCTTATTGAGAC-1,13,21,0.87624925,1.5672741,0.83305115,0.24953686,0.4372859,0.09248959
ATTATGCCATCGTTAA-1,56,100,1.3228958,2.0226772,1.141087,1.1126873,0.9838579,0.8932348
ATTATGTTAAGGTAGT-1,64,28,0.89118457,1.8348844,0.70830333,0.27839956,0.7584702,-0.23179471
ATTCAAGATTAGTTGC-1,31,89,0.18310206,0.3465736,0.1732868,-1.0899795,-1.0277915,-1.6225803
ATTCACATAGGATGAG-1,46,100,1.0485948,1.7623137,1.0107628,0.5825971,0.6713713,0.55445445
ATTCACATCGTCACAG-1,12,94,0.57762265,0.3465736,0.9222199,-0.32756314,-1.0277915,0.3242854
ATTCACATCTTATTCT-1,48,78,0.9917738,1.7661897,0.48647752,0.4727896,0.6760232,-0.8084351
ATTCACCTGACCAGTT-1,26,80,0.96138686,1.6903932,0.9460474,0.41406646,0.5850527,0.38622555
ATTCACGCTGTTATCG-1,21,57,0.3465736,0.0,0.3465736,-0.7740686,-1.443747,-1.1721181
ATTCACGTCGCAGGCT-1,41,79,0.0,0.1732868,0.44793987,-1.4438268,-1.2357693,-0.90861446
ATTCACTCACGTGCAC-1,29,97,0.23104906,0.1732868,0.4023595,-0.9973213,-1.2357693,-1.0271015
ATTCAGCTCCTACTAA-1,18,66,1.2262594,1.3529116,0.7489331,0.92593616,0.18000932,-0.12617692
ATTCATAGCGAAGCGT-1,23,83,0.23104906,1.0235862,0.5198604,-0.9973213,-0.21524508,-0.7216557
ATTCATAGTTCTAACT-1,13,91,0.8283022,1.5672741,0.59947383,0.15687853,0.4372859,-0.51469904
ATTCCATTGTGAACGC-1,16,56,0.23104906,0.5756463,0.3465736,-0.9973213,-0.75285983,-1.1721181
ATTCCGCAACGCCGCT-1,35,95,0.9506304,1.9934611,0.3465736,0.3932795,0.948793,-1.1721181
ATTCCGCTCCATCAGC-1,53,93,0.6452002,0.89587975,0.76113063,-0.1969686,-0.36851755,-0.094469145
ATTCCGGACCGGTCTT-1,57,7,1.2424533,1.5941818,0.97800577,0.9572313,0.46958032,0.46930188
ATTCCGGTTACATACC-1,25,79,0.9134398,2.1808078,0.4023595,0.32140812,1.1736454,-1.0271015
ATTCCGTAAGGATTCC-1,34,106,1.1337324,1.2526588,0.48647752,0.74712664,0.05968658,-0.8084351
ATTCCTCAATTCCATA-1,77,19,0.0,0.0,0.0,-1.4438268,-1.443747,-2.0730426
ATTCCTGCCTTAACAG-1,39,97,0.11552453,0.1732868,0.3465736,-1.220574,-1.2357693,-1.1721181
ATTCCTTCGAAGGTGC-1,11,15,1.6596627,1.8419272,0.6597643,1.7634941,0.76692283,-0.35797286
ATTCGCTCGCGGAGGC-1,24,68,1.5916109,2.373127,0.82395923,1.631983,1.4044657,0.06885499
ATTCGGAAGCTATTAC-1,33,37,0.59725314,1.2982392,0.1732868,-0.28962693,0.114391886,-1.6225803
ATTCGTGCCGACATGT-1,12,8,1.7580605,2.6403165,1.0621238,1.953649,1.7251449,0.68796825
ATTCTACGTGGCAGAT-1,60,72,1.1337324,2.2792273,0.7489331,0.74712664,1.2917678,-0.12617692
ATTCTACTGGTCGTTC-1,39,85,0.85399395,1.7623137,0.4023595,0.20652819,0.6713713,-1.0271015
ATTCTAGGACATCAGT-1,22,62,0.8654928,1.3438196,0.1732868,0.22874992,0.16909719,-1.6225803
ATTCTAGTCCACAAGA-1,39,107,0.18310206,0.5198604,0.9460474,-1.0899795,-0.81981367,0.38622555
ATTCTTGAGGCGACGC-1,67,73,1.1269288,1.0691665,1.8289709,0.7339785,-0.16053978,2.681402
ATTCTTGGAGTGATAG-1,54,42,0.0,0.44793987,0.5198604,-1.4438268,-0.9061323,-0.7216557
ATTGACCTTCGGCGTC-1,3,89,0.23104906,0.5198604,0.3465736,-0.9973213,-0.81981367,-1.1721181
ATTGACGAGCAGCGAC-1,14,86,0.7607247,2.2487912,0.5198604,0.026284128,1.2552387,-0.7216557
ATTGACGCATCTCAAC-1,26,26,1.0289644,1.141087,0.928393,0.544661,-0.07422121,0.34033257
ATTGACGCCACCTTCT-1,10,50,1.0546561,1.1462419,1.0955067,0.59431064,-0.06803439,0.77474767
ATTGACGCCAGCCAAG-1,50,100,1.2424533,2.440884,0.48647752,0.9572313,1.4857874,-0.8084351
ATTGACTTATGTGGTA-1,21,7,2.3665285,2.8711314,1.2459017,3.1295218,2.0021675,1.1657025
ATTGATAACACTAAGA-1,50,10,0.7324082,1.1249524,1.0397208,-0.02843789,-0.09358588,0.6297312
ATTGCAATTATGGTTG-1,3,51,0.46209812,1.0474137,0.4023595,-0.5508159,-0.1866474,-1.0271015
ATTGCACGACCACTTG-1,50,36,0.6452002,0.27465308,0.5756463,-0.1969686,-1.11411,-0.57663924
ATTGCACGCATAACAG-1,18,8,1.6937948,2.4878192,1.292621,1.8294549,1.5421185,1.2871501
ATTGCAGTTCTTCATT-1,43,29,0.52967566,0.62122667,0.8145241,-0.42022133,-0.6981545,0.044328224
ATTGCATATTGTTATC-1,31,83,0.7803552,1.2090704,0.1732868,0.064220324,0.007372045,-1.6225803
ATTGCATCACTGACTG-1,24,44,1.2814856,1.0235862,1.4357508,1.0326616,-0.21524508,1.6592189
ATTGCCTTACGCAGTT-1,5,17,1.5282531,2.0104337,0.65976435,1.5095432,0.96916336,-0.3579727
ATTGCCTTGTCTAAGT-1,8,48,1.0182079,1.6903932,0.5198604,0.5238739,0.5850527,-0.7216557
ATTGGCCTTCCGTGCA-1,15,43,0.3465736,0.1732868,1.1705328,-0.7740686,-1.2357693,0.9697796
ATTGGCTAACAGACAA-1,19,35,0.6648307,0.44793987,1.2809911,-0.15903242,-0.9061323,1.256918
ATTGTTAAGTAGACTA-1,62,80,1.2668171,2.299567,0.97295505,1.0043145,1.3161794,0.45617244
ATTGTTACGACTAGCG-1,52,108,0.7127777,2.1723661,0.54930615,-0.0663742,1.1635137,-0.6451109
ATTGTTATACTTCACG-1,52,14,1.6026343,2.5721877,0.65976435,1.6532859,1.6433771,-0.3579727
ATTGTTATCGTAATAC-1,3,65,1.4404907,2.1240435,0.5198604,1.3399413,1.1055171,-0.7216557
CAACAGCCAGACCTTC-1,11,111,0.11552453,0.85029936,0.9344174,-1.220574,-0.42322284,0.35599315
CAACAGGTCAGAGGAC-1,29,105,0.6931472,1.5100636,1.1840496,-0.10431039,0.36862227,1.0049168
CAACCGTACTGATCTT-1,17,37,0.8283022,0.72259295,0.96780026,0.15687853,-0.5764953,0.44277248
CAACCGTATTACTGTA-1,32,46,0.6452002,0.62122667,0.93441737,-0.1969686,-0.6981545,0.355993
CAACCGTTAACAGACC-1,68,78,0.9134398,1.5228275,0.8145241,0.32140812,0.38394138,0.044328224
CAACGCTTGCTCCTAC-1,36,68,0.18310206,0.1732868,0.95166564,-1.0899795,-1.2357693,0.4008302
CAACGGCACTCAGTCC-1,57,83,1.2377582,1.9310012,0.44793987,0.9481578,0.87382895,-0.90861446
CAACTGACAAGACAAG-1,37,21,1.1222336,1.8977131,1.5371171,0.724905,0.8338767,1.9227225
CAACTGCAGTGCAATA-1,39,89,1.4431156,2.4925995,0.48647752,1.3450139,1.5478559,-0.8084351
CAACTGCATTCGACTC-1,38,114,0.3465736,0.27465308,0.5198604,-0.7740686,-1.11411,-0.7216557
CAACTGCTGGAGTTAT-1,36,78,0.11552453,0.0,0.0,-1.220574,-1.443747,-2.0730426
CAACTTGGACATAGAT-1,59,33,0.23104906,0.27465308,0.7727606,-0.9973213,-1.11411,-0.064236745
CAACTTGGTACGATGT-1,61,79,1.7533103,2.0918832,0.866434,1.9444693,1.0669186,0.1792689
CAAGACCACTATCGAA-1,34,74,0.23104906,0.6931472,0.0,-0.9973213,-0.61183596,-2.0730426
CAAGATAAGTGCAATG-1,25,11,1.8965276,2.514288,1.3977468,2.2212389,1.5738862,1.5604266
CAAGATTACCGATCAT-1,22,96,0.61481327,0.54930615,0.8741269,-0.25569177,-0.78447306,0.19926682
CAAGATTAGATGAGTT-1,16,18,1.0965419,1.3853159,0.83305115,0.67525536,0.21890077,0.09248959
CAAGATTCGTCAGCTG-1,58,100,0.96138686,1.755271,1.0474137,0.41406646,0.6629186,0.64972913
CAAGCATGCCTGACTT-1,7,99,0.18310206,0.1732868,0.27465308,-1.0899795,-1.2357693,-1.3590767
CAAGCCGCCATAGAGG-1,30,48,0.9134398,1.0235862,0.54930615,0.32140812,-0.21524508,-0.6451109
CAAGCCTCCACTATCT-1,16,10,1.3755379,2.32238,1.4122436,1.2144189,1.3435595,1.5981114
CAAGGCAAGCATCTCG-1,69,31,0.57762265,0.5198604,1.0986123,-0.32756314,-0.81981367,0.7828209
CAAGGTCAGCGATGTC-1,5,9,1.5478836,2.2782369,0.7727606,1.5474795,1.2905791,-0.064236745
CAAGGTCTCAATACAG-1,41,25,0.7607247,0.72259295,1.374292,0.026284128,-0.5764953,1.4994555
CAAGTACTCCGCATCG-1,16,44,0.23104906,0.1732868,0.1732868,-0.9973213,-1.2357693,-1.6225803
CAAGTACTTATTAAGC-1,53,111,1.2796439,2.5894358,0.27465308,1.0291026,1.6640782,-1.3590767
CAAGTACTTCAATAGT-1,31,29,1.1594242,2.24047,0.94030005,0.7967763,1.2452514,0.37128514
CAAGTAGCCTCGATCC-1,31,25,1.2827021,2.4129863,1.2263187,1.0350125,1.4523046,1.114796
CAAGTATCGGCAACCA-1,63,27,1.0289644,1.6275645,0.79451346,0.544661,0.5096461,-0.007689841
CAAGTCCGCTACCGTT-1,33,27,0.68239075,2.1880665,0.8815901,-0.12509735,1.1823572,0.2186676
CAAGTCGCAGTCACTC-1,16,6,2.0052867,2.5195074,1.420895,2.4314172,1.5801506,1.6206008
CAAGTCTTGGCGATAG-1,8,44,0.46209812,1.1077042,0.3465736,-0.5508159,-0.11428715,-1.1721181
CAAGTGAATTGGATGC-1,58,30,0.7803552,0.89587975,1.2526588,0.064220324,-0.36851755,1.1832677
CAAGTGGATCATCCAG-1,64,8,1.8119036,2.6364408,1.5837636,2.0577016,1.7204933,2.0439808
CAAGTGTTCGCCACGC-1,45,89,0.18310206,0.0,0.6931472,-1.0899795,-1.443747,-0.27119341
CAAGTGTTGACGGCCA-1,16,46,0.26823965,0.1732868,0.5198604,-0.92545,-1.2357693,-0.7216557
CAATAACTACATTAAC-1,38,38,0.7607247,0.6931472,0.8815901,0.026284128,-0.61183596,0.2186676
CAATAACTCAAGGCAA-1,59,49,0.59725314,1.2130076,0.8815901,-0.28962693,0.012097359,0.2186676
CAATAACTCAGATGAG-1,75,17,0.11552453,0.0,0.4023595,-1.220574,-1.443747,-1.0271015
CAATAAGAACCGACTT-1,67,23,1.3532826,2.0633068,1.1705328,1.1714103,1.0326214,0.9697796
CAATAAGCGGCCAGAT-1,18,90,0.87624925,1.680958,0.3465736,0.24953686,0.5737287,-1.1721181
CAATAAGGTAACTCGT-1,53,11,1.4974489,1.8900201,1.3573364,1.4500138,0.82464373,1.455379
CAATAATCGTAGGATA-1,15,69,1.0438997,1.7876754,0.4023595,0.5735236,0.7018102,-1.0271015
CAATCCATGCCGATGC-1,6,86,0.29862657,0.5198604,1.0955067,-0.8667269,-0.81981367,0.77474767
CAATCCGAGGTGCTAG-1,10,72,0.7303378,1.7104039,0.6931472,-0.03243902,0.60906947,-0.27119341
CAATCGTCGGAGCATG-1,47,93,0.94382674,1.2130076,0.928393,0.38013127,0.012097359,0.34033257
CAATCGTGAAGTGATA-1,12,12,1.1641194,1.7725192,1.0691665,0.8058498,0.68361986,0.70627606
CAATCTATGAGGTCAG-1,29,5,1.249257,1.6609474,1.4341431,0.97037935,0.54971206,1.6550394
CAATCTGAGTCGACTC-1,69,27,1.114102,1.4837235,0.9460474,0.70919055,0.337009,0.38622555
CAATCTTATTAGAATG-1,4,24,1.21887,1.9913864,0.72259295,0.9116562,0.94630295,-0.19464858
CAATGCAGATCATAGA-1,4,34,0.9985774,0.96780026,1.280991,0.4859377,-0.28219897,1.2569176
CAATGCATTGACGGCA-1,52,90,0.23104906,0.5198604,0.866434,-0.9973213,-0.81981367,0.1792689
CAATGCGGATGCTGGT-1,37,31,0.11552453,1.2424533,0.76113063,-1.220574,0.047437992,-0.094469145
CAATTACAGGTGTCAT-1,10,92,0.0,0.1732868,0.48647752,-1.4438268,-1.2357693,-0.8084351
CAATTGAACCGGCTCG-1,27,71,1.2005676,1.977831,0.62122667,0.8762865,0.9300338,-0.45815215
CAATTGTTGACGTGAG-1,53,27,1.2262594,2.1503835,1.0317836,0.92593616,1.1371303,0.6090983
CACCAGGCACGCTATC-1,16,80,1.0485948,1.9818311,0.4023595,0.5825971,0.93483466,-1.0271015
CACCATAAGCTGGCTG-1,39,37,0.7127777,0.3465736,1.3245794,-0.0663742,-1.0277915,1.3702265
CACCATTCTTACGAGC-1,35,13,0.92932487,1.0235862,1.4259456,0.3521062,-0.21524508,1.63373
CACCGAGTCTTGGACA-1,18,50,0.11552453,0.3465736,0.27465308,-1.220574,-1.0277915,-1.3590767
CACCTACATGATTGAT-1,69,73,0.0,0.3465736,0.0,-1.4438268,-1.0277915,-2.0730426
CACCTACCGCTACCTT-1,27,21,1.2424533,2.4626799,0.72259295,0.9572313,1.5119464,-0.19464858
CACCTAGAATACTTCT-1,42,16,0.9215715,1.1705328,1.5188365,0.3371227,-0.038880575,1.8752016
CACCTAGACGAGCCGG-1,44,88,0.23104906,0.1732868,0.1732868,-0.9973213,-1.2357693,-1.6225803
CACCTATTACTCAGAT-1,68,80,0.18310206,0.1732868,0.5198604,-1.0899795,-1.2357693,-0.7216557
CACCTCGAGCGATGCT-1,27,77,0.11552453,0.3465736,0.5198604,-1.220574,-1.0277915,-0.7216557
CACCTCGAGGACTCTA-1,12,28,1.1269288,0.62122667,1.615367,0.7339785,-0.6981545,2.1261346
CACCTTAGCTATTGTC-1,50,54,0.7607247,1.0018333,1.2559701,0.026284128,-0.24135269,1.1918755
CACCTTGCGAGTTATG-1,68,34,0.46209812,0.96780026,1.0691665,-0.5508159,-0.28219897,0.70627606
CACGAACGGTCTTCAG-1,1,33,0.46209812,0.5198604,0.83305115,-0.5508159,-0.81981367,0.09248959
CACGACCTCCGTCATA-1,65,93,0.4141511,1.3367769,0.89587975,-0.64347416,0.1606445,0.25581372
CACGAGGCCATCCACT-1,53,59,0.11552453,0.866434,0.5756463,-1.220574,-0.40385816,-0.57663924
CACGAGGTATAGGTAT-1,55,81,0.9634573,1.3823572,0.44793987,0.41806757,0.21534981,-0.90861446
CACGATAAGGCCTAAG-1,4,52,0.52967566,1.3701597,0.6597643,-0.42022133,0.20071045,-0.35797286
CACGATCATACAATTA-1,42,74,0.0,0.54930615,0.3465736,-1.4438268,-0.78447306,-1.1721181
CACGATCTTCGCCGAC-1,73,35,0.0,0.3465736,0.4023595,-1.4438268,-1.0277915,-1.0271015
CACGATGGTGCTAATA-1,19,109,0.48172864,1.3701597,1.196873,-0.5128796,0.20071045,1.0382513
CACGCCACAATCGCAC-1,24,66,1.249257,2.4559488,0.70830333,0.97037935,1.503868,-0.23179471
CACGCTTATCAATCTT-1,64,94,1.3472214,2.468875,1.0474137,1.1596969,1.5193818,0.64972913
CACGGATTCTCATCAC-1,49,37,0.6931472,0.3465736,1.0621238,-0.10431039,-1.0277915,0.68796825
CACGGCGACGGTGCCT-1,62,100,1.1444889,2.052123,1.2559701,0.7679137,1.0191987,1.1918755
CACGGCGATACATACG-1,54,108,1.4688072,2.7452703,1.0063379,1.3946632,1.8511097,0.54295176
CACGGCTGCGCTTGGC-1,57,37,0.57762265,0.6931472,0.73610973,-0.32756314,-0.61183596,-0.15951145
CACGGCTTACTCCGTT-1,59,75,0.7127777,1.1193342,0.8815901,-0.0663742,-0.100328825,0.2186676
CACGGTCTTGGTTAAT-1,54,86,1.0289644,1.3438196,0.1732868,0.544661,0.16909719,-1.6225803
CACGGTGCCGGACCAC-1,2,22,0.97679776,2.43109,0.76113063,0.44384822,1.4740326,-0.094469145
CACGTAGGTAGGCTGA-1,25,71,1.2377582,2.6016333,0.7489331,0.9481578,1.6787176,-0.12617692
CACGTCAAGTGCGATC-1,23,71,1.1444889,2.0846362,0.7489331,0.7679137,1.0582207,-0.12617692
CACGTCCAATTCGACT-1,58,24,1.5410799,2.1856437,2.0570443,1.5343311,1.1794493,3.274283
CACGTCCACGACCTAT-1,39,73,0.11552453,0.0,0.1732868,-1.220574,-1.443747,-1.6225803
CACGTCCATCTACTGA-1,47,23,1.1222336,0.3465736,0.79451346,0.724905,-1.0277915,-0.007689841
CACGTGGCGGCACTAG-1,45,117,0.3465736,0.5198604,1.3616843,-0.7740686,-0.81981367,1.4666816
CACGTTGCACATACCG-1,60,76,1.231697,2.2358112,0.8815901,0.9364444,1.2396601,0.2186676
CACTACAATATTGCGG-1,14,64,0.68239075,2.0982475,0.1732868,-0.12509735,1.074557,-1.6225803
CACTACCATACGCAGA-1,15,1,1.0769113,1.8444397,0.866434,0.6373191,0.7699384,0.1792689
CACTACCTTCGCTTCA-1,62,44,0.57762265,1.0955067,1.1883975,-0.32756314,-0.12892652,1.0162193
CACTACTGCGGAATTG-1,36,48,0.7303378,0.62122667,1.2424533,-0.03243902,-0.6981545,1.1567384
CACTACTGGCTGAACC-1,21,81,0.29862657,0.85029936,0.5198604,-0.8667269,-0.42322284,-0.7216557
CACTAGTCGACATCTA-1,54,54,0.48172864,1.3143739,0.6412373,-0.5128796,0.13375656,-0.4061341
CACTCAACGCAACGAC-1,6,108,0.52967566,0.82395923,1.3195286,-0.42022133,-0.4548361,1.3570969
CACTCAAGACCATGCA-1,67,45,0.8283022,0.79451346,1.0063379,0.15687853,-0.49017674,0.54295176
CACTCAATAAGCCGAA-1,23,41,1.0114043,0.0,0.997246,0.5107258,-1.443747,0.51931727
CACTCAATGGTTCGGA-1,65,85,1.4884377,2.4583735,0.88883704,1.4325993,1.5067781,0.23750608
CACTCAGAGCAACCGG-1,4,62,1.0114043,2.0365324,0.96780026,0.5107258,1.0004869,0.44277248
CACTCAGTACTCCGCT-1,22,16,1.4147991,2.0984738,1.5147808,1.2902918,1.0748285,1.8646586
CACTCAGTGGTCCTTC-1,55,19,0.59725314,1.7405609,0.78387356,-0.28962693,0.6452637,-0.03534848
CACTCATCACGTTACG-1,48,6,0.23104906,0.79451346,1.0826833,-0.9973213,-0.49017674,0.7414132
CACTCGGCGTATCGGC-1,2,86,0.8351059,1.9952625,0.866434,0.17002676,0.950955,0.1792689
CACTGGATCGATACGA-1,15,53,0.29862657,0.5756463,0.1732868,-0.8667269,-0.75285983,-1.6225803
CACTGGCCAGCCAGAT-1,42,56,0.26823965,0.0,0.6597643,-0.92545,-1.443747,-0.35797286
CACTGGCGGTAACACC-1,17,29,0.4992887,0.96780026,1.0063379,-0.47894454,-0.28219897,0.54295176
CACTGGTGAGACGCTT-1,51,61,0.59725314,0.96780026,0.72259295,-0.28962693,-0.28219897,-0.19464858
CACTGGTGAGTTATCG-1,41,17,1.6519094,1.3438196,2.0429707,1.7485106,0.16909719,3.2376983
CACTGGTGGCGTCGTT-1,10,10,1.4063584,2.3518877,0.83305115,1.2739799,1.3789744,0.09248959
CACTTGACATTCAGAA-1,43,83,0.11552453,0.0,0.5198604,-1.220574,-1.443747,-0.7216557
CAGAACATGATAGGAC-1,25,109,0.11552453,0.62122667,0.62122667,-1.220574,-0.6981545,-0.45815215
CAGAACGTATCGACTT-1,54,36,0.0,0.3465736,0.95716035,-1.4438268,-1.0277915,0.41511384
CAGAAGATTAGAATGG-1,12,6,1.472608,2.144807,1.116477,1.4020083,1.1304375,0.8292605
CAGAAGTCGCGGTTAT-1,27,95,0.0,0.1732868,0.27465308,-1.4438268,-1.2357693,-1.3590767
CAGAATTCTTGAACCA-1,41,29,1.3951684,1.8117702,0.67701256,1.2523552,0.7307286,-0.31313565
CAGACACTTACAAGAC-1,53,105,1.5256284,2.6030579,0.54930615,1.5044711,1.6804273,-0.6451109
CAGACAGTCGGATCTG-1,36,84,0.23104906,0.7489331,0.8145241,-0.9973213,-0.54488206,0.044328224
CAGACGAATGAGGAAC-1,34,94,0.7499683,1.9316635,0.54930615,0.0054971743,0.8746239,-0.6451109
CAGACGATACAGATCG-1,59,17,1.4431156,2.5276256,0.997246,1.3450139,1.5898939,0.51931727
CAGACGCACTACTGAC-1,6,22,1.4499191,2.561982,0.6931472,1.3581617,1.6311282,-0.27119341
CAGACGCAGTAGGTCT-1,31,81,0.9634573,1.9892943,0.27465308,0.41806757,0.943792,-1.3590767
CAGAGCAATGGCTTCT-1,19,9,1.6451607,2.4577293,0.9344174,1.7354687,1.5060049,0.35599315
CAGAGGCACTTAAGTC-1,36,38,0.29862657,0.7489331,0.4023595,-0.8667269,-0.54488206,-1.0271015
CAGAGTCAATCCGCTG-1,5,25,1.5620766,2.2830405,0.6931472,1.5749075,1.2963444,-0.27119341
CAGAGTCATGTACAGG-1,66,82,0.87624925,1.5171064,0.76113063,0.24953686,0.37707496,-0.094469145
CAGATACAGCACTCGT-1,13,41,0.4141511,0.3465736,1.196873,-0.64347416,-1.0277915,1.0382513
CAGATTATCATAACGC-1,29,37,0.9134398,1.7167333,0.62122667,0.32140812,0.61666596,-0.45815215
CAGATTCCGTATGCGA-1,42,76,0.11552453,0.3465736,0.5756463,-1.220574,-1.0277915,-0.57663924
CAGATTCGAACAGGTG-1,7,81,0.68239075,1.2424533,0.9344174,-0.12509735,0.047437992,0.35599315
CAGATTGCCTGTAAGT-1,41,67,0.11552453,0.1732868,0.5756463,-1.220574,-1.2357693,-0.57663924
CAGCACGCTAATCAGA-1,29,27,1.0789818,1.9194659,0.9878109,0.64132017,0.8599844,0.49479052
CAGCATAGACTAGGCA-1,60,20,1.3729132,2.558916,0.90272945,1.2093468,1.6274487,0.27361968
CAGCATCCTCGCCACT-1,14,80,0.52967566,1.9194659,0.59947383,-0.42022133,0.8599844,-0.51469904
CAGCCAACGATAGCTT-1,31,5,0.23104906,0.866434,0.7611306,-0.9973213,-0.40385816,-0.0944693
CAGCCACGGCTCTACG-1,77,35,0.11552453,0.0,0.1732868,-1.220574,-1.443747,-1.6225803
CAGCCAGTCCTGTCGG-1,29,77,0.3465736,1.6903932,0.5756463,-0.7740686,0.5850527,-0.57663924
CAGCCATGTCTGCCGT-1,40,52,0.29862657,0.3465736,0.7489331,-0.8667269,-1.0277915,-0.12617692
CAGCCTCGTGGCTCAC-1,39,25,0.3465736,1.2424533,1.4572364,-0.7740686,0.047437992,1.715071
CAGCCTGGTTGAACTA-1,14,88,1.1161724,1.6184727,0.6597643,0.7131917,0.49873415,-0.35797286
CAGCGATAATGCGATT-1,11,61,0.6452002,0.9222199,0.5198604,-0.1969686,-0.3369043,-0.7216557
CAGCTCCTCGGATTCT-1,24,70,1.3640391,2.2715344,0.59947383,1.1921973,1.282535,-0.51469904
CAGCTCCTTAGGTAAG-1,4,16,1.345151,2.3518877,1.3195286,1.1556958,1.3789744,1.3570969
CAGCTGGATGCGGCTA-1,26,34,0.4992887,0.79451346,1.1512926,-0.47894454,-0.49017674,0.91976416
CAGCTGGCGATAAGTG-1,17,21,0.23104906,1.141087,0.48647752,-0.9973213,-0.07422121,-0.8084351
CAGCTGTTGCCGGAGT-1,48,112,0.23104906,1.2982392,0.0,-0.9973213,0.114391886,-2.0730426
CAGCTTCACTACCGTG-1,13,47,0.57762265,1.2718991,0.59947383,-0.32756314,0.082778625,-0.51469904
CAGCTTCTAGCTGGCA-1,14,118,0.52967566,0.3465736,1.079372,-0.42022133,-1.0277915,0.73280543
CAGCTTCTCCGCTCTT-1,72,10,0.8283022,1.6448128,0.9878109,0.15687853,0.5303474,0.49479052
CAGCTTGGTTCGGTCG-1,56,88,0.94382674,1.2982392,0.1732868,0.38013127,0.114391886,-1.6225803
CAGGACAGAAGGCTGG-1,56,96,1.4127287,2.2102537,0.48647752,1.2862906,1.2089862,-0.8084351
CAGGACATGGTAATGC-1,27,69,1.0174655,2.168549,0.7727606,0.5224391,1.1589324,-0.064236745
CAGGAGCGTATCGCAT-1,56,46,1.0067091,2.2232213,1.1358237,0.5016523,1.2245498,0.87955266
CAGGCCAACGGTCGTA-1,22,42,0.6452002,0.7489331,1.3438196,-0.1969686,-0.54488206,1.420242
CAGGCCGTATCTGTTA-1,48,56,0.7803552,1.7823244,0.62122667,0.064220324,0.695388,-0.45815215
CAGGCGAGGTCTTGGA-1,55,75,1.0965419,1.8160076,1.2090704,0.67525536,0.7358144,1.0699589
CAGTAATATCACTACG-1,11,75,0.11552453,0.3465736,0.54930615,-1.220574,-1.0277915,-0.6451109
CAGTACAGTTGTGGAA-1,41,87,0.3465736,0.6931472,0.3465736,-0.7740686,-0.61183596,-1.1721181
CAGTAGATTGACGGAT-1,60,34,0.7384694,0.79451346,0.8145241,-0.016724546,-0.49017674,0.044328224
CAGTAGCACTACATTG-1,2,94,0.11552453,1.0235862,1.3616843,-1.220574,-0.21524508,1.4666816
CAGTATACTGCAGCAA-1,18,2,0.4141511,0.62122667,0.54930615,-0.64347416,-0.6981545,-0.6451109
CAGTATCTTACACTAA-1,56,98,1.4846922,2.4432878,0.7727606,1.4253612,1.4886723,-0.064236745
CAGTATGCGTGGCGCT-1,25,81,1.1269288,1.6833504,0.3465736,0.7339785,0.5766,-1.1721181
CAGTCAGCCGATCCGG-1,48,82,0.85399395,1.9807465,0.84182394,0.20652819,0.933533,0.11529463
CAGTCTGGACAATCTA-1,1,55,0.23104906,0.5198604,0.4023595,-0.9973213,-0.81981367,-1.0271015
CAGTCTGGTAATCTAC-1,48,14,0.52967566,0.3465736,0.9222199,-0.42022133,-1.0277915,0.3242854
CAGTCTGTGGCGCTGC-1,14,58,0.57762265,0.67701256,0.48647752,-0.32756314,-0.6312006,-0.8084351
CAGTGAACAGCAACGA-1,33,101,0.98101735,1.4451859,0.79451346,0.45200264,0.29075637,-0.007689841
CAGTGCCTTGCGGTCT-1,47,47,0.3465736,0.44793987,1.32953,-0.7740686,-0.9061323,1.3830957
CAGTTGCACGGACAGG-1,26,20,0.87624925,2.1808078,0.9093965,0.24953686,1.1736454,0.29095086
CAGTTGCGACTTCTCG-1,46,98,1.0965419,1.755717,0.9093965,0.67525536,0.663454,0.29095086
CAGTTGCTCACGTGTC-1,23,45,0.67089194,0.3465736,0.67701256,-0.14731896,-1.0277915,-0.31313565
CATACAATGAGTAGCT-1,45,15,0.81380033,0.62122667,2.041554,0.12885347,-0.6981545,3.2340157
CATACCTCGATTGTTC-1,58,38,0.11552453,0.0,0.27465308,-1.220574,-1.443747,-1.3590767
CATAGAACATTGAACA-1,23,65,0.87624925,1.86368,0.9158904,0.24953686,0.7930305,0.3078318
CATAGCTTGACAACGG-1,9,25,0.6648307,1.6427207,1.1883975,-0.15903242,0.52783644,1.0162193
CATATCAGACTATCCA-1,7,17,1.4991941,1.8900201,0.7489331,1.4533864,0.82464373,-0.12617692
CATATCCGTTCACCTC-1,8,72,0.81380033,1.7963468,1.079372,0.12885347,0.71221757,0.73280543
CATATGTTGACTGGCG-1,49,109,1.345151,2.0593698,0.6931472,1.1556958,1.0278962,-0.27119341
CATATTCATCCGCATT-1,65,83,1.1444889,2.58608,0.8815901,0.7679137,1.6600506,0.2186676
CATATTCTTGTCGTAA-1,71,39,0.0,0.1732868,0.5198604,-1.4438268,-1.2357693,-0.7216557
CATCAACATAACCGAT-1,5,101,0.29862657,0.0,0.70830333,-0.8667269,-1.443747,-0.23179471
CATCAGAAGGCTTCGG-1,5,97,0.11552453,0.27465308,0.73610973,-1.220574,-1.11411,-0.15951145
CATCAGATACTAATCG-1,43,69,0.11552453,0.0,0.7489331,-1.220574,-1.443747,-0.12617692
CATCAGGTAGGACCGT-1,19,15,1.6519094,2.7083611,0.73610973,1.7485106,1.8068117,-0.15951145
CATCAGGTGCCTGATA-1,20,80,0.18310206,0.6931472,0.3465736,-1.0899795,-0.61183596,-1.1721181
CATCAGTAATCAGACA-1,66,84,1.1783123,2.2799673,0.73610973,0.8332778,1.292656,-0.15951145
CATCCGAAGCGTATGG-1,22,44,0.3465736,0.62122667,0.7489331,-0.7740686,-0.6981545,-0.12617692
CATCCGCCTAAGGAAC-1,42,52,0.0,0.1732868,0.8145241,-1.4438268,-1.2357693,0.044328224
CATCCGGTACCAACGA-1,61,43,0.29862657,0.1732868,1.1705328,-0.8667269,-1.2357693,0.9697796
CATCCGTGCGGTCTAC-1,61,93,1.8016214,2.6143432,0.84182394,2.0378313,1.6939719,0.11529463
CATCCGTGGTCGTAAG-1,20,34,0.48172864,0.5198604,0.6931472,-0.5128796,-0.81981367,-0.27119341
CATCCTAGAATTATTG-1,2,106,0.52967566,0.44793987,1.4953536,-0.42022133,-0.9061323,1.8141574
CATCCTAGTGGTATGT-1,49,111,0.4141511,0.89587975,0.48647752,-0.64347416,-0.36851755,-0.8084351
CATCCTTCGACTAAGT-1,7,37,1.0289644,1.6448128,0.65976435,0.544661,0.5303474,-0.3579727
CATCGCGGTCGGTGCG-1,42,90,0.0,0.3465736,0.5198604,-1.4438268,-1.0277915,-0.7216557
CATCGGATACGCACAG-1,1,47,0.8283022,1.0063379,0.6931472,0.15687853,-0.23594636,-0.27119341
CATCGGCATGTCGAAG-1,40,114,1.0114043,2.0454302,1.4902513,0.5107258,1.011166,1.8008939
CATCGGCCTGCATATC-1,50,98,0.9506304,2.0939074,0.70830333,0.3932795,1.069348,-0.23179471
CATCTGGCCATACTAG-1,55,109,1.3951684,2.596355,1.2207005,1.2523552,1.6723825,1.1001915
CATGATAGGCCATGAG-1,48,60,0.7127777,1.1077042,0.5756463,-0.0663742,-0.11428715,-0.57663924
CATGATGCATGTGCTA-1,43,11,0.4141511,0.62122667,1.0063379,-0.64347416,-0.6981545,0.54295176
CATGATGCTAGCCATG-1,45,115,0.11552453,0.67701256,1.0063379,-1.220574,-0.6312006,0.54295176
CATGCACGCCGACGGA-1,67,85,1.0965419,2.0072768,1.0826833,0.67525536,0.96537447,0.7414132
CATGCAGAAGTCAGGA-1,16,52,0.3662041,1.0357836,0.5756463,-0.7361323,-0.20060572,-0.57663924
CATGCAGGTAGTTGTA-1,73,13,1.297204,2.4566789,0.9460474,1.0630378,1.5047442,0.38622555
CATGCATATTCTGCCT-1,13,73,0.38376418,1.1705328,0.44793987,-0.70219725,-0.038880575,-0.90861446
CATGCGCTACTGGAGG-1,26,110,0.59725314,0.5198604,0.804719,-0.28962693,-0.81981367,0.018839568
CATGCGGCCGGAATTC-1,67,49,0.11552453,0.1732868,0.27465308,-1.220574,-1.2357693,-1.3590767
CATGCTCATCTGAACG-1,31,43,0.4141511,0.3465736,0.85029936,-0.64347416,-1.0277915,0.13732664
CATGGCTACTGTACGT-1,65,27,0.8283022,1.9556111,0.70830333,0.15687853,0.9033656,-0.23179471
CATGTCCACCTGCGTC-1,50,62,0.11552453,0.0,0.4023595,-1.220574,-1.443747,-1.0271015
CATGTTACCGAAGGCG-1,41,77,0.18310206,0.0,0.0,-1.0899795,-1.443747,-2.0730426
CATGTTATTGATGCAG-1,34,10,1.0726917,1.2687935,1.6420195,0.6291645,0.07905125,2.1954181
CATTAACTAATCGCGT-1,2,88,0.38376418,0.1732868,0.8815901,-0.70219725,-1.2357693,0.2186676
CATTAACTATTGTTCC-1,35,67,0.38376418,0.27465308,0.8815901,-0.70219725,-1.11411,0.2186676
CATTAGGATAGTGAAT-1,22,64,0.6648307,1.4953536,0.7727606,-0.15903242,0.35096732,-0.064236745
CATTAGGCAATGGTTA-1,36,96,0.6452002,1.7005987,0.6597643,-0.1969686,0.5973013,-0.35797286
CATTCTCCAGTCACCA-1,54,20,1.1526206,2.192571,0.6931472,0.78362817,1.1877633,-0.27119341
CATTCTGTGCATGCTC-1,59,7,1.4323591,1.5890269,0.866434,1.3242267,0.4633935,0.1792689
CATTGCAGCGAAGACC-1,8,60,1.6875048,2.5858386,0.5198604,1.8172992,1.6597608,-0.7216557
CATTGCGTGCCACCTT-1,27,35,1.0114043,1.7167333,0.96780026,0.5107258,0.61666596,0.44277248
CATTGCTATGTTAGCT-1,52,54,1.1641194,1.9194659,0.6597643,0.8058498,0.8599844,-0.35797286
CATTGGCGGTTGAGTC-1,48,104,1.327591,2.086779,1.06567,1.1217608,1.0607927,0.69718677
CATTGTCGGTCGCTAG-1,5,57,0.5668662,1.4420803,0.9158904,-0.34835008,0.28702903,0.3078318
CCAACAGGAACACGGT-1,21,33,0.51517373,1.2982392,1.0691665,-0.4482465,0.114391886,0.70627606
CCAACTTGCCACCGTA-1,33,99,0.11552453,0.85029936,0.7727606,-1.220574,-0.42322284,-0.064236745
CCAACTTGCGTTAACC-1,6,52,1.2560607,1.5100638,0.5756463,0.9835277,0.36862242,-0.57663924
CCAAGCTGGCCATTGC-1,55,53,0.52967566,1.7629639,1.1106628,-0.42022133,0.6721516,0.8141464
CCAATACCAACACGCC-1,20,92,0.8086717,1.196873,0.3465736,0.11894234,-0.0072673145,-1.1721181
CCAATAGCGGTACGTG-1,64,106,0.7127777,1.6570103,0.4023595,-0.0663742,0.5449868,-1.0271015
CCAATATTAGTGCGTT-1,1,59,0.6931472,1.6903932,1.0151107,-0.10431039,0.5850527,0.5657569
CCAATCTAACGTGACG-1,19,45,0.7979153,0.27465308,0.9222199,0.09815539,-1.11411,0.3242854
CCAATCTTGCCTATGG-1,42,86,0.0,0.0,0.1732868,-1.4438268,-1.443747,-1.6225803
CCAATTATGACACTGG-1,57,35,0.18310206,0.5198604,1.116477,-1.0899795,-0.81981367,0.8292605
CCACAACCAGCAGGTG-1,77,29,0.0,0.0,0.0,-1.4438268,-1.443747,-2.0730426
CCACATGGCGACGTCT-1,40,30,0.3465736,1.0235862,0.866434,-0.7740686,-0.21524508,0.1792689
CCACGAACGCTGCCGC-1,56,70,1.1641194,1.8682673,0.79451346,0.8058498,0.7985361,-0.007689841
CCACGATCCTAATCCG-1,19,47,0.4141511,0.0,1.0397208,-0.64347416,-1.443747,0.6297312
CCACGCCTGGAGAAGT-1,0,64,1.3383474,2.2782369,1.3803653,1.142548,1.2905791,1.5152429
CCACGGCTGGCAACCT-1,1,87,0.9634573,2.360363,0.95716035,0.41806757,1.3891464,0.41511384
CCACGGTACACCAACC-1,41,23,0.5668662,0.8330511,1.3606044,-0.34835008,-0.44392413,1.4638743
CCACGTCGGTCGCTTC-1,55,71,1.4059248,2.003584,0.48647752,1.2731421,0.9609423,-0.8084351
CCACGTGCCACCTCAA-1,34,44,0.85399395,1.553652,0.7727606,0.20652819,0.4209368,-0.064236745
CCACGTGGACTGCGGT-1,14,70,0.59725314,2.2154083,0.6597643,-0.28962693,1.2151726,-0.35797286
CCACTAATCACCGGTA-1,12,40,0.0,0.0,0.5198604,-1.4438268,-1.443747,-0.7216557
CCACTCCAGCACCTAC-1,14,90,0.4141511,1.7005987,0.54930615,-0.64347416,0.5973013,-0.6451109
CCACTCTGTAGTCGGA-1,62,106,1.3579779,1.8302971,0.9222199,1.1804839,0.75296456,0.3242854
CCAGAACCGTGCATCC-1,63,21,0.7127777,1.7146412,1.2354106,-0.0663742,0.614155,1.1384306
CCAGACAATATCGTTA-1,42,82,0.23104906,0.1732868,0.5198604,-0.9973213,-1.2357693,-0.7216557
CCAGACAGAACCTAAG-1,25,89,0.7803552,1.5486013,0.59947383,0.064220324,0.41487488,-0.51469904
CCAGACATCCGGTTCT-1,33,105,0.84793276,1.2687935,0.54930615,0.19481485,0.07905125,-0.6451109
CCAGACATCGGCACGC-1,35,31,0.52967566,1.3143739,1.32953,-0.42022133,0.13375656,1.3830957
CCAGATAGACGAGGTG-1,30,68,0.94382674,1.5434465,0.3465736,0.38013127,0.40868822,-1.1721181
CCAGATAGCGTAGTGA-1,14,102,0.52967566,0.7611306,0.3465736,-0.42022133,-0.5302427,-1.1721181
CCAGATGATATGTAGG-1,54,48,0.8458623,0.7489331,1.4451859,0.19081372,-0.54488206,1.6837455
CCAGATTGTAGCCTAC-1,46,30,1.0018779,0.1732868,1.280991,0.49231595,-1.2357693,1.2569176
CCAGCACTCGACTGAC-1,36,82,0.0,0.5756463,0.62122667,-1.4438268,-0.75285983,-0.45815215
CCAGCAGGTCTTGTTC-1,2,90,0.0,0.0,0.62122667,-1.4438268,-1.443747,-0.45815215
CCAGCATCTACCGCTT-1,0,76,0.3465736,0.44793987,0.9222199,-0.7740686,-0.9061323,0.3242854
CCAGCGGATTCCGCTG-1,41,15,1.1783124,0.97800577,1.9650463,0.83327806,-0.2699504,3.0351324
CCAGGATACCGTTAGT-1,4,114,0.0,0.0,0.6931472,-1.4438268,-1.443747,-0.27119341
CCAGGTCCACATCCAT-1,56,12,2.2944849,2.9226153,1.4817315,2.9902966,2.0639582,1.7787466
CCAGGTTACGAGACTG-1,69,39,0.23104906,0.0,0.9829564,-0.9973213,-1.443747,0.48217118
CCAGTGTCACAGCGCC-1,13,17,1.327591,2.0794415,0.67701256,1.1217608,1.0519862,-0.31313565
CCAGTGTCTAGCTACG-1,56,108,1.5782706,2.4059434,1.2090704,1.6062026,1.4438517,1.0699589
CCAGTTGTGATGCAAG-1,5,49,0.52967566,0.96780026,0.6931472,-0.42022133,-0.28219897,-0.27119341
CCATACGGAGCCAAGG-1,74,44,0.11552453,0.0,0.0,-1.220574,-1.443747,-2.0730426
CCATAGCCGTACGCAC-1,61,109,1.2120664,1.7823243,1.31825,0.89850813,0.6953879,1.353773
CCATAGTAGGTGCTTG-1,7,117,0.6648307,0.85029936,0.804719,-0.15903242,-0.42322284,0.018839568
CCATAGTATTGTCTGC-1,26,42,0.23104906,0.1732868,0.54930615,-0.9973213,-1.2357693,-0.6451109
CCATAGTTCGAGTAAG-1,51,109,1.4147991,2.4671464,0.72259295,1.2902918,1.5173072,-0.19464858
CCATCTGTGGCATCGT-1,34,56,0.3465736,0.3465736,0.7489331,-0.7740686,-1.0277915,-0.12617692
CCATGAACAATGCTCC-1,39,115,0.3465736,0.1732868,1.1304471,-0.7740686,-1.2357693,0.86557615
CCATGAACATCGTTGG-1,26,114,0.23104906,0.0,0.5198604,-0.9973213,-1.443747,-0.7216557
CCATTATCGTTACCTT-1,9,35,0.61481327,0.0,0.8145241,-0.25569177,-1.443747,0.044328224
CCATTCGTCTGCTCTA-1,30,104,0.8458623,1.0621238,0.62122667,0.19081372,-0.16899246,-0.45815215
CCATTGGCAATTCTCA-1,35,7,1.4884377,1.9609622,1.1905434,1.4325993,0.90978795,1.0217975
CCGACAACGTCATCGG-1,33,79,0.6931472,0.997246,0.8330511,-0.10431039,-0.24685834,0.092489436
CCGACAAGACTGTACT-1,32,92,0.3465736,0.1732868,0.6412373,-0.7740686,-1.2357693,-0.4061341
CCGACAAGTATTCATC-1,15,105,0.4141511,0.4023595,1.0955067,-0.64347416,-0.96083754,0.77474767
CCGACAGACTGTGCCT-1,23,67,1.4147991,2.334023,0.8145241,1.2902918,1.3575333,0.044328224
CCGAGGATGACTCGTC-1,37,63,0.11552453,0.62122667,0.89587975,-1.220574,-0.6981545,0.25581372
CCGATAATGGAGCCTT-1,45,101,1.0593513,1.5153643,1.4357508,0.60338414,0.37498406,1.6592189
CCGATGGAACATCAGC-1,41,91,0.57762265,0.79451346,0.59947383,-0.32756314,-0.49017674,-0.51469904
CCGATGGATCCGGCAG-1,72,22,1.2005676,2.4393263,1.1331499,0.8762865,1.4839177,0.87260187
CCGATTAGCGAGTGTA-1,62,92,0.96138686,1.70391,1.0063379,0.41406646,0.6012755,0.54295176
CCGATTCCATAAGAGT-1,22,98,1.2120664,1.8900201,0.5756463,0.89850813,0.82464373,-0.57663924
CCGATTCCTCACTACA-1,25,91,0.18310206,1.3823572,0.44793987,-1.0899795,0.21534981,-0.90861446
CCGCAAGGAAGGAGGC-1,24,14,1.8640703,2.6055703,1.1331499,2.1585145,1.6834427,0.87260187
CCGCAAGGTACCGTTG-1,50,94,0.98101735,1.3438196,0.82395923,0.45200264,0.16909719,0.06885499
CCGCAATCCGTGGTTG-1,64,84,1.6023674,2.6049447,1.0548769,1.6527702,1.6826919,0.6691299
CCGCAGTGATCACTGT-1,15,95,0.11552453,0.1732868,0.5198604,-1.220574,-1.2357693,-0.7216557
CCGCATAGTACAGGTT-1,9,69,0.23104906,0.3465736,0.4023595,-0.9973213,-1.0277915,-1.0271015
CCGCATGTAGTTAGAC-1,23,17,1.6455393,2.5964785,1.0435969,1.7362003,1.6725308,0.63980716
CCGCCACTGCGTTGGC-1,25,9,1.4512472,2.7676733,1.16349,1.3607283,1.8779978,0.9514718
CCGCCATACTTCACCA-1,34,32,0.0,1.0235862,0.65976435,-1.4438268,-0.21524508,-0.3579727
CCGCGAGGTGCGATGG-1,64,36,0.4141511,0.0,0.8741269,-0.64347416,-1.443747,0.19926682
CCGCGGCCACAATCGG-1,60,8,1.7370468,2.6749785,1.1016798,1.9130399,1.766746,0.79079485
CCGCGTAAGATTCCTT-1,72,18,1.0965419,2.166748,1.4572364,0.67525536,1.156771,1.715071
CCGCGTATCGTTGCAG-1,61,55,0.0,0.1732868,0.1732868,-1.4438268,-1.2357693,-1.6225803
CCGCGTCGTTGGTCTG-1,26,58,0.3465736,0.5756463,0.27465308,-0.7740686,-0.75285983,-1.3590767
CCGCGTTACCTTGGCG-1,28,46,0.7864165,0.79451346,0.8815901,0.075933784,-0.49017674,0.2186676
CCGCGTTGCTACAACT-1,10,110,0.23104906,0.3465736,1.0955067,-0.9973213,-1.0277915,0.77474767
CCGCTCAATCTGGAAC-1,13,61,0.3465736,1.1512926,0.79451346,-0.7740686,-0.061972618,-0.007689841
CCGCTCATACAAGTCA-1,55,31,0.4141511,0.0,0.5198604,-0.64347416,-1.443747,-0.7216557
CCGCTCGCTAGTCTAA-1,46,32,0.43984285,0.0,0.8741269,-0.5938245,-1.443747,0.19926682
CCGCTCTGCTGAATTC-1,40,102,0.61481327,1.0063379,0.85029936,-0.25569177,-0.23594636,0.13732664
CCGCTCTGGATATCGG-1,70,38,0.0,0.0,0.5198604,-1.4438268,-1.443747,-0.7216557
CCGCTGGCACCAAGAC-1,17,113,0.23104906,0.44793987,0.67701256,-0.9973213,-0.9061323,-0.31313565
CCGCTGTCACCTGCAA-1,46,64,0.29862657,0.79451346,0.59947383,-0.8667269,-0.49017674,-0.51469904
CCGCTGTTGCCATACG-1,38,88,0.99521023,1.9696336,0.27465308,0.4794306,0.92019534,-1.3590767
CCGGAGAAGCTAACCA-1,48,68,0.11552453,0.7489331,0.9093965,-1.220574,-0.54488206,0.29095086
CCGGAGACAAGAATAA-1,51,105,1.9809227,2.3958206,0.79451346,2.3843334,1.4317024,-0.007689841
CCGGATCACTATGGCC-1,3,49,0.6931472,0.95166564,0.44793987,-0.10431039,-0.30156365,-0.90861446
CCGGATCAGCCGACTA-1,13,107,0.23104906,0.5198604,0.5756463,-0.9973213,-0.81981367,-0.57663924
CCGGCAATGAAGTGAA-1,33,23,0.52967566,0.95166564,1.6489451,-0.42022133,-0.30156365,2.2134213
CCGGCATAGGCAAGTG-1,14,78,0.6931472,1.6903932,0.48647752,-0.10431039,0.5850527,-0.8084351
CCGGCGAACATCACGT-1,21,113,0.59725314,0.3465736,0.67701256,-0.28962693,-1.0277915,-0.31313565
CCGGCGAACCGTGCAC-1,30,62,0.7803552,1.6903932,0.78387356,0.064220324,0.5850527,-0.03534848
CCGGCGCAGCATGCGA-1,51,67,0.77566004,1.5273119,0.99257296,0.05514683,0.38932353,0.5071696
CCGGCGCTAAGGATGA-1,40,22,0.57762265,1.2424533,1.6851299,-0.32756314,0.047437992,2.3074844
CCGGCGTCCTCATTGT-1,15,45,0.23104906,0.3465736,0.44793987,-0.9973213,-1.0277915,-0.90861446
CCGGCGTCTTAATAAG-1,43,87,0.0,0.3465736,0.0,-1.4438268,-1.0277915,-2.0730426
CCGGTGGCAAGCCGTA-1,2,52,0.7499683,1.1751201,0.48647752,0.0054971743,-0.033374935,-0.8084351
CCGTACTGGACGCAGA-1,0,68,1.4769388,2.5234442,1.2354106,1.4103777,1.5848755,1.1384306
CCGTATAATCTGGCCG-1,58,76,0.4141511,0.79451346,0.44793987,-0.64347416,-0.49017674,-0.90861446
CCGTCTTATGGACGAG-1,55,83,1.0485948,1.8493904,0.54930615,0.5825971,0.77588016,-0.6451109
CCGTGAAGGATAACAG-1,26,72,1.2796439,2.353116,0.4023595,1.0291026,1.3804487,-1.0271015
CCGTGCACATCTGGCA-1,61,17,0.96138686,2.1723661,0.9878109,0.41406646,1.1635137,0.49479052
CCGTGCACTACCAGAA-1,10,106,0.23104906,0.5198604,0.95166564,-0.9973213,-0.81981367,0.4008302
CCGTGCTGGCAATATG-1,61,25,0.0,0.27465308,0.1732868,-1.4438268,-1.11411,-1.6225803
CCGTGGCGTCGGTGCT-1,9,51,0.46209812,1.2130076,0.70830333,-0.5508159,0.012097359,-0.23179471
CCTAACGCGATTGCAT-1,62,18,0.9695185,1.6448128,0.95166564,0.42978093,0.5303474,0.4008302
CCTAACTACGAATATG-1,65,101,1.5174967,2.5234442,1.0826833,1.4887563,1.5848755,0.7414132
CCTAACTTATGTTGGA-1,19,57,0.8283022,1.3701597,0.5198604,0.15687853,0.20071045,-0.7216557
CCTAAGCATGCCTTGT-1,26,82,0.6452002,1.5434465,0.1732868,-0.1969686,0.40868822,-1.6225803
CCTAAGGTTACAGTAA-1,64,104,2.1948452,2.687446,0.7727606,2.7977417,1.7817096,-0.064236745
CCTAATAGCGGACAGA-1,12,74,0.11552453,0.3465736,0.27465308,-1.220574,-1.0277915,-1.3590767
CCTAATCAGGCCATTA-1,10,30,0.61481327,0.79451346,0.84182394,-0.25569177,-0.49017674,0.11529463
CCTAATCCACAAGGAT-1,23,63,0.93307036,1.1077042,0.44793987,0.35934442,-0.11428715,-0.90861446
CCTAATGGCACTGTTC-1,36,104,0.4992887,1.0397208,0.82395923,-0.47894454,-0.1958804,0.06885499
CCTACACCGACATTAC-1,43,43,1.2296265,1.196873,0.7489331,0.9324433,-0.0072673145,-0.12617692
CCTACCACTCCAGTTA-1,31,79,0.23104906,0.997246,0.3465736,-0.9973213,-0.24685834,-1.1721181
CCTACCATCGCAGTAT-1,32,8,0.7607247,1.280991,0.9093965,0.026284128,0.09369061,0.29095086
CCTACCATGTGATCAC-1,42,24,0.7607247,1.3438196,1.23719,0.026284128,0.16909719,1.1430563
CCTACGAGCTGGCCGG-1,27,75,0.4141511,0.44793987,0.6412373,-0.64347416,-0.9061323,-0.4061341
CCTACGGTAAGACTCG-1,5,65,0.8654928,1.6886511,0.9344174,0.22874992,0.58296186,0.35599315
CCTAGCCTAGTACCGG-1,52,66,0.7127777,1.280991,1.3343844,-0.0663742,0.09369061,1.395715
CCTAGCCTTCATCGGC-1,47,59,0.6648307,1.3438196,0.59947383,-0.15903242,0.16909719,-0.51469904
CCTAGTCAGCGAACCA-1,56,104,1.5843319,2.4420886,0.65976435,1.6179162,1.4872329,-0.3579727
CCTAGTCAGTCCTTAT-1,27,27,0.7303378,2.220459,0.72259295,-0.03243902,1.2212344,-0.19464858
CCTAGTGAATGTCTGC-1,71,31,0.23104906,0.79451346,1.0193844,-0.9973213,-0.49017674,0.5768664
CCTATCTATCAATCGC-1,68,86,1.0289644,1.8771968,0.5198604,0.544661,0.8092532,-0.7216557
CCTATGCCAGCAATCC-1,54,66,0.3465736,0.3465736,0.5198604,-0.7740686,-1.0277915,-0.7216557
CCTATGCCGTCGGCAC-1,60,36,0.46209812,0.6931472,0.8145241,-0.5508159,-0.61183596,0.044328224
CCTATGCCTTCTTGTT-1,28,94,0.4141511,0.62122667,0.27465308,-0.64347416,-0.6981545,-1.3590767
CCTATGTCGAATAGAA-1,72,36,0.11552453,0.62122667,0.27465308,-1.220574,-0.6981545,-1.3590767
CCTATGTCTTACCGGC-1,53,83,0.48172864,1.280991,0.27465308,-0.5128796,0.09369061,-1.3590767
CCTCACAATACAACTG-1,14,28,0.7127777,0.96780026,1.2168837,-0.0663742,-0.28219897,1.0902694
CCTCACATGTACCTGG-1,64,44,0.18310206,0.0,0.62122667,-1.0899795,-1.443747,-0.45815215
CCTCACATGTCTTACT-1,20,38,0.18310206,0.3465736,0.5198604,-1.0899795,-1.0277915,-0.7216557
CCTCACCTAGTGGCAA-1,29,87,0.52967566,0.888837,0.48647752,-0.42022133,-0.37697023,-0.8084351
CCTCACGTTACTCGCA-1,17,89,0.38376418,1.5028168,0.44793987,-0.70219725,0.35992464,-0.90861446
CCTCACTTCCTTCCGA-1,39,7,0.7979153,0.3465736,1.38824,0.09815539,-1.0277915,1.5357134
CCTCATGATTATCTGA-1,27,29,0.6648307,1.2526588,0.8145241,-0.15903242,0.05968658,0.044328224
CCTCCGAAGCTGTACC-1,69,47,0.7303378,0.54930615,1.6686404,-0.03243902,-0.78447306,2.2646196
CCTCGATAGAATAGGA-1,27,73,1.1945063,2.2396994,0.79451346,0.86457294,1.2443266,-0.007689841
CCTCGCCAACTACAAG-1,12,102,0.23104906,0.0,0.5756463,-0.9973213,-1.443747,-0.57663924
CCTCGGAAGGCATGCA-1,44,110,0.11552453,1.280991,1.5273119,-1.220574,0.09369061,1.8972336
CCTCGGATCTTGCGGT-1,50,78,0.89587975,1.994492,1.1462419,0.28747305,0.9500303,0.9066349
CCTCGGCGCCGATTGA-1,3,29,0.38376418,1.2130076,1.3823572,-0.70219725,0.012097359,1.5204211
CCTCGGTATGACAGTA-1,46,102,1.0114043,1.994492,0.76113063,0.5107258,0.9500303,-0.094469145
CCTCTACCGTGATTGG-1,33,67,0.46209812,1.0397208,0.44793987,-0.5508159,-0.1958804,-0.90861446
CCTCTAGCTCTGGCAG-1,19,111,0.7979153,1.5672741,0.8330511,0.09815539,0.4372859,0.092489436
CCTCTAGCTGGTCCGC-1,66,92,0.52967566,1.0235862,0.8145241,-0.42022133,-0.21524508,0.044328224
CCTCTATGTTGCTTAT-1,67,27,1.7007653,2.1780255,0.6931472,1.8429253,1.170306,-0.27119341
CCTCTTCGAGCGGTTG-1,31,113,0.11552453,0.1732868,0.44793987,-1.220574,-1.2357693,-0.90861446
CCTGAAGCAATGCACG-1,12,14,1.231697,1.7289308,0.70830333,0.9364444,0.63130534,-0.23179471
CCTGAAGCGTATAGCA-1,44,36,0.11552453,0.0,0.5756463,-1.220574,-1.443747,-0.57663924
CCTGAAGTGCATGCAT-1,64,42,0.0,0.1732868,0.6931472,-1.4438268,-1.2357693,-0.27119341
CCTGCTCGCCGTCCAG-1,45,29,0.46209812,0.1732868,0.5756463,-0.5508159,-1.2357693,-0.57663924
CCTGGATCTAGAGCCA-1,16,100,0.63444376,1.2982392,0.44793987,-0.21775556,0.114391886,-0.90861446
CCTGGATTGCGTAACA-1,64,80,1.3100308,2.1798294,1.1705328,1.0878257,1.172471,0.9697796
CCTGGCATACCTGTCA-1,9,19,1.0397208,2.2442865,0.90272945,0.5654478,1.2498322,0.27361968
CCTGGCTTATGGTCTG-1,37,87,0.6452002,1.7700067,0.48647752,-0.1969686,0.6806043,-0.8084351
CCTGTCCTCAGTTGTA-1,40,36,0.48172864,0.5198604,0.44793987,-0.5128796,-0.81981367,-0.90861446
CCTGTCTAAGTAGGCT-1,30,114,0.52967566,0.3465736,0.72259295,-0.42022133,-1.0277915,-0.19464858
CCTGTCTGATAGGTGA-1,32,56,0.0,0.0,0.44793987,-1.4438268,-1.443747,-0.90861446
CCTGTCTGCATAGGTC-1,45,77,0.38376418,1.196873,0.82395923,-0.70219725,-0.0072673145,0.06885499
CCTGTCTTACAATCCT-1,12,32,0.61481327,1.2424533,1.0891771,-0.25569177,0.047437992,0.7582939
CCTTAATTGGAATATT-1,16,106,0.3465736,0.89587975,0.59947383,-0.7740686,-0.36851755,-0.51469904
CCTTAGATCTGTAATA-1,12,36,0.18310206,0.1732868,0.6931472,-1.0899795,-1.2357693,-0.27119341
CCTTAGCGTTCGCAGG-1,6,70,0.23104906,0.3465736,0.79451346,-0.9973213,-1.0277915,-0.007689841
CCTTAGTCTGTCACTG-1,40,14,1.7194868,0.54930615,1.8931258,1.879105,-0.78447306,2.8481736
CCTTAGTGGATCCACG-1,73,17,0.7864165,1.280991,1.3245794,0.075933784,0.09369061,1.3702265
CCTTAGTTATACCAGA-1,29,9,0.98101735,2.1062694,0.44793987,0.45200264,1.0841848,-0.90861446
CCTTATAGGCGAATAC-1,3,61,1.3729132,2.0842772,1.1751201,1.2093468,1.0577898,0.98170435
CCTTATGAGGCGTTCC-1,4,22,1.6117157,2.2134163,0.88883704,1.6708357,1.2127819,0.23750608
CCTTCACCGACGGACA-1,14,30,0.9134398,0.1732868,1.1705328,0.32140812,-1.2357693,0.9697796
CCTTCATAGTACTTCA-1,8,86,0.0,0.27465308,0.1732868,-1.4438268,-1.11411,-1.6225803
CCTTCCAACCTTCAGA-1,39,33,0.46209812,0.3465736,0.67701256,-0.5508159,-1.0277915,-0.31313565
CCTTCCACTGCCTAAG-1,7,23,1.4884377,2.593623,0.62122667,1.4325993,1.6691035,-0.45815215
CCTTCCGCTCCGGCAT-1,51,57,0.52967566,1.2424533,0.7489331,-0.42022133,0.047437992,-0.12617692
CCTTGTCTACTTAGAC-1,33,107,1.0289644,1.5338913,0.5756463,0.544661,0.3972201,-0.57663924
CCTTGTCTAGTTCTTG-1,63,109,1.2796439,1.9489117,0.7727606,1.0291026,0.895325,-0.064236745
CCTTGTCTTACGGTTC-1,53,31,0.11552453,0.0,0.5756463,-1.220574,-1.443747,-0.57663924
CCTTGTGATGGTCTAG-1,44,80,0.23104906,1.0235862,1.1562432,-0.9973213,-0.21524508,0.93263346
CGAACGTGAAGTCCAA-1,66,30,1.5604815,2.2326565,1.1512926,1.5718251,1.2358738,0.91976416
CGAACTACAGATGTAA-1,41,33,0.29862657,0.1732868,0.72259295,-0.8667269,-1.2357693,-0.19464858
CGAAGACCGCCAGGCG-1,27,31,0.7607247,0.72259295,1.116477,0.026284128,-0.5764953,0.8292605
CGAAGAGCAGATGATT-1,63,11,1.6566044,2.651151,0.83305115,1.7575839,1.7381483,0.09248959
CGAAGATCCGAAGGCA-1,65,29,0.61481327,1.7104038,0.97800577,-0.25569177,0.6090693,0.46930188
CGAAGTCGTTGGCTCG-1,25,7,1.8111612,2.766034,1.0235862,2.056267,1.8760302,0.58778894
CGAATCCTGATAGGTG-1,8,16,1.5188246,2.491028,1.0891771,1.4913225,1.5459698,0.7582939
CGAATGGACCGTCTTG-1,38,92,0.4141511,1.6448128,1.2809911,-0.64347416,0.5303474,1.256918
CGAATTAAGTGGACTA-1,72,12,1.510693,2.276245,1.292621,1.475608,1.2881886,1.2871501
CGAATTACTGCTCCGG-1,58,86,1.6677942,2.4412718,0.4023595,1.7792083,1.4862527,-1.0271015
CGACAAGCACTCAGCC-1,6,68,0.23104906,0.5198604,0.54930615,-0.9973213,-0.81981367,-0.6451109
CGACAAGTACTCCTTA-1,30,50,0.6452002,0.4023595,0.89587975,-0.1969686,-0.96083754,0.25581372
CGACAATCATACGCAC-1,15,41,0.4141511,0.3465736,0.79451346,-0.64347416,-1.0277915,-0.007689841
CGACAATTATTCTGTC-1,40,68,0.11552453,0.0,0.6597643,-1.220574,-1.443747,-0.35797286
CGACATTGTATGGAGG-1,28,26,1.5735754,1.8180996,1.0063379,1.5971291,0.7383252,0.54295176
CGACCAGAACTGTCAT-1,11,45,0.87624925,1.2982392,0.67701256,0.24953686,0.114391886,-0.31313565
CGACCAGAAGGATCCG-1,32,68,0.7499683,1.6570103,0.0,0.0054971743,0.5449868,-2.0730426
CGACCAGATTCAGTGA-1,47,37,0.4141511,0.3465736,0.4023595,-0.64347416,-1.0277915,-1.0271015
CGACCAGCCTTGATTA-1,27,93,0.57762265,1.1796247,0.27465308,-0.32756314,-0.027968587,-1.3590767
CGACCTATACTGACGT-1,22,20,1.3430018,2.367406,1.347268,1.1515427,1.3975992,1.429206
CGACCTATCTCGCAAG-1,73,33,0.23104906,0.0,0.9093965,-0.9973213,-1.443747,0.29095086
CGACCTGCATCTGCAT-1,33,25,0.9634573,1.8419272,1.4542778,0.41806757,0.76692283,1.7073799
CGACCTTGGCGTTCTA-1,55,9,1.805574,2.793087,1.0548769,2.0454698,1.9084991,0.6691299
CGACGCAACATGGCGA-1,62,90,1.5282531,2.696731,1.2263187,1.5095432,1.7928534,1.114796
CGACGCAGCCTTAGTC-1,46,92,0.3465736,0.79451346,1.1193342,-0.7740686,-0.49017674,0.83668786
CGACGCCAAGGTGCAA-1,36,22,1.6591886,2.420086,1.6809582,1.7625779,1.4608254,2.29664
CGACGCCAGAGGAACT-1,2,12,1.7246956,2.4014387,0.8815901,1.889171,1.4384452,0.2186676
CGACGCCGCAAGTAGC-1,42,112,1.2139081,2.4951122,0.8815901,0.9020671,1.5508716,0.2186676
CGACGCTCCGCACGTG-1,50,46,0.8654928,0.9878109,0.9878109,0.22874992,-0.25818232,0.49479052
CGACTAAGCGGCAGAC-1,73,29,1.3647815,1.7790986,0.44793987,1.1936321,0.6915164,-0.90861446
CGACTAATCGGCTCCT-1,11,11,1.114102,2.419836,0.54930615,0.70919055,1.4605256,-0.6451109
CGACTAATGTTAGGCT-1,66,76,0.23104906,0.1732868,1.7082579,-0.9973213,-1.2357693,2.3676062
CGACTAGGAGATAAGC-1,47,39,0.3465736,0.44793987,0.6931472,-0.7740686,-0.9061323,-0.27119341
CGACTAGGTCCTTAAC-1,51,51,0.11552453,0.5198604,0.48647752,-1.220574,-0.81981367,-0.8084351
CGACTATCAAGCCGAC-1,1,23,0.9134398,2.3685606,0.866434,0.32140812,1.398985,0.1792689
CGACTATCTTCGAGCG-1,0,110,0.6452002,1.0235862,1.887928,-0.1969686,-0.21524508,2.834662
CGACTGAACGAATGCT-1,24,100,0.6520038,1.280991,1.1249524,-0.1838205,0.09369061,0.85129255
CGACTTCACTCGGCAT-1,42,36,0.7303378,0.5198604,0.1732868,-0.03243902,-0.81981367,-1.6225803
CGACTTCGCAAGCGGT-1,14,92,0.54930615,0.9222199,0.78387356,-0.38228515,-0.3369043,-0.03534848
CGACTTGCACGCCTGC-1,11,107,0.29862657,0.72259295,0.8584968,-0.8667269,-0.5764953,0.15863602
CGAGATGCCGCATCTT-1,23,111,0.23104906,0.5198604,0.44793987,-0.9973213,-0.81981367,-0.90861446
CGAGATGCGGTATGCG-1,50,24,1.3836697,2.2811956,0.65976435,1.2301339,1.2941302,-0.3579727
CGAGCCTGCAAGGTTA-1,30,18,0.98101735,1.8283051,1.6430707,0.45200264,0.75057375,2.1981509
CGAGCGAGCCACGCTA-1,32,30,0.11552453,1.1705328,1.141087,-1.220574,-0.038880575,0.8932348
CGAGCGGCACAGTAGG-1,26,104,0.18310206,0.3465736,0.5198604,-1.0899795,-1.0277915,-0.7216557
CGAGCGTAATGGAGTG-1,41,111,1.1816795,2.4971867,1.0986123,0.839785,1.5533613,0.7828209
CGAGCGTGCATTGTGG-1,68,38,0.4992887,0.54930615,0.65976435,-0.47894454,-0.78447306,-0.3579727
CGAGCGTGGACTGGAA-1,15,85,1.478631,2.0120373,1.0891771,1.4136479,0.971088,0.7582939
CGAGCTATGTCCTCGC-1,18,54,0.4141511,1.0955067,0.1732868,-0.64347416,-0.12892652,-1.6225803
CGAGCTTAGAATACCT-1,37,99,0.3662041,0.54930615,1.0986123,-0.7361323,-0.78447306,0.7828209
CGAGGAAGACTTAGAT-1,41,73,0.11552453,0.0,0.27465308,-1.220574,-1.443747,-1.3590767
CGAGGAAGGCAGAAGG-1,6,98,0.23104906,0.6931472,0.76113063,-0.9973213,-0.61183596,-0.094469145
CGAGGAGCATGCTATG-1,70,24,1.9492079,2.8466363,1.0235862,2.323044,1.9727687,0.58778894
CGAGGAGCGTTCGTTA-1,32,82,0.3465736,0.866434,0.7611306,-0.7740686,-0.40385816,-0.0944693
CGAGGAGTCTAAGGAT-1,29,65,1.1975645,2.3622608,0.76113063,0.8704829,1.3914242,-0.094469145
CGAGGATTCGATCATA-1,42,84,0.0,0.0,0.44793987,-1.4438268,-1.443747,-0.90861446
CGAGGCATCCAAGTCC-1,11,47,0.52967566,1.280991,0.9344174,-0.42022133,0.09369061,0.35599315
CGAGTCACTCATAGAT-1,52,56,0.84793276,1.4139979,0.1732868,0.19481485,0.25332472,-1.6225803
CGAGTCATCCGCACCA-1,43,45,0.9695185,1.7583766,0.85029936,0.42978093,0.66664594,0.13732664
CGAGTCCATGTCAACA-1,67,37,0.0,0.5198604,0.6931472,-1.4438268,-0.81981367,-0.27119341
CGAGTCCGTTGGAACT-1,39,17,1.91597,2.2232215,1.5124334,2.2588115,1.22455,1.8585566
CGAGTGCGGCTCGTGG-1,44,64,0.23104906,0.1732868,0.5198604,-0.9973213,-1.2357693,-0.7216557
CGATAACTCCTTATGC-1,70,20,1.5719805,2.6420588,1.1077042,1.594047,1.727236,0.8064553
CGATAAGAATTCCAGT-1,38,50,0.8813779,0.97800577,1.0955067,0.259448,-0.2699504,0.77474767
CGATAAGGATAGGCAA-1,39,27,0.4141511,1.2687935,1.5916176,-0.64347416,0.07905125,2.0643973
CGATAAGGTGCCTGAC-1,34,82,0.48172864,1.5434465,0.27465308,-0.5128796,0.40868822,-1.3590767
CGATGACCAGATCTGT-1,5,89,0.52967566,0.6931472,1.0235862,-0.42022133,-0.61183596,0.58778894
CGATGACCTCATCCTC-1,67,39,0.3465736,0.44793987,0.62122667,-0.7740686,-0.9061323,-0.45815215
CGATGAGGCCAACGTA-1,41,89,0.7979153,0.67701256,0.5756463,0.09815539,-0.6312006,-0.57663924
CGATGATCAGCTATAA-1,25,39,0.3662041,0.1732868,0.54930615,-0.7361323,-1.2357693,-0.6451109
CGATGATCCTGCAGCC-1,65,15,0.7979153,2.1444778,1.1658597,0.09815539,1.1300423,0.9576317
CGATGCACCAGGCCTC-1,32,62,0.98101735,1.4915367,0.5198604,0.45200264,0.34638637,-0.7216557
CGATGCCTGCTCACCG-1,63,101,1.20131,1.9316635,1.1610978,0.87772125,0.8746239,0.945253
CGATGTCCGACTACAG-1,39,55,0.6452002,1.4157401,0.95716035,-0.1969686,0.25541577,0.41511384
CGATTGGAACAGGCCA-1,38,6,0.68239075,0.1732868,1.0691665,-0.12509735,-1.2357693,0.70627606
CGCAACCATGCACCGA-1,27,57,0.0,0.5756463,0.72259295,-1.4438268,-0.75285983,-0.19464858
CGCAATGTATCCAATG-1,23,11,1.6411529,2.6954048,1.141087,1.7277235,1.7912616,0.8932348
CGCACGCAGCCGTTAT-1,1,99,0.11552453,0.3465736,0.78387356,-1.220574,-1.0277915,-0.03534848
CGCACGCAGGTAAGTC-1,26,32,1.2155029,0.9222199,1.0826833,0.9051491,-0.3369043,0.7414132
CGCACGCATAATGGTG-1,8,8,1.1898111,1.5890269,0.89587975,0.85549945,0.4633935,0.25581372
CGCACGGCTGTCAGGT-1,17,65,0.8283022,1.5306232,0.5756463,0.15687853,0.3932977,-0.57663924
CGCACGTAGCATTGTT-1,47,107,0.8351059,1.471526,1.0691665,0.17002676,0.32236964,0.70627606
CGCACGTATGAAGGCC-1,62,86,1.4760863,3.1601772,0.76113063,1.40873,2.3490787,-0.094469145
CGCACGTGACTGTTGG-1,42,12,1.0289644,0.72259295,1.5118431,0.544661,-0.5764953,1.857022
CGCACTAACTACCGGT-1,17,53,0.59725314,1.280991,0.27465308,-0.28962693,0.09369061,-1.3590767
CGCACTCACCAGCACG-1,68,74,0.8086717,1.7583766,0.97800577,0.11894234,0.66664594,0.46930188
CGCACTGTGAGCCTGT-1,26,52,1.0789818,2.067183,0.89587975,0.64132017,1.0372735,0.25581372
CGCACTTAAGGCATGC-1,57,97,1.8684565,2.7998276,0.59947383,2.166991,1.9165891,-0.51469904
CGCAGACACTGGCGTA-1,59,31,0.3465736,0.1732868,0.9093965,-0.7740686,-1.2357693,0.29095086
CGCAGAGCAGTCCGAG-1,21,23,1.5958306,2.2102537,0.9829564,1.6401376,1.2089862,0.48217118
CGCAGATAGATGTTCT-1,43,47,1.327591,1.3996055,0.8145241,1.1217608,0.23605108,0.044328224
CGCAGATATGGACAGT-1,9,75,1.1444889,2.060689,0.3465736,0.7679137,1.0294795,-1.1721181
CGCAGATTCGACCGAA-1,45,33,0.4992887,0.0,0.7489331,-0.47894454,-1.443747,-0.12617692
CGCATCCTGTTGTAGC-1,1,73,0.11552453,0.1732868,0.59947383,-1.220574,-1.2357693,-0.51469904
CGCATCTTGACTTAGT-1,26,46,0.93913156,0.62122667,0.9344174,0.37105778,-0.6981545,0.35599315
CGCATGAGGAGCGTCT-1,27,85,0.8654928,0.7489331,0.1732868,0.22874992,-0.54488206,-1.6225803
CGCATGGAATTCACGA-1,42,106,1.7451786,2.6723604,1.4325249,1.9287547,1.7636038,1.650833
CGCCAACCTGGCGAAT-1,8,12,1.129987,1.7146413,0.72259295,0.73988855,0.6141552,-0.19464858
CGCCACAATAGCTCAA-1,16,30,1.0593513,0.62122667,1.2897638,0.60338414,-0.6981545,1.2797228
CGCCATGAGGCGATGA-1,35,41,0.26823965,0.44793987,0.44793987,-0.92545,-0.9061323,-0.90861446
CGCCGATTGTCCTTCG-1,10,98,0.23104906,0.5198604,0.6931472,-0.9973213,-0.81981367,-0.27119341
CGCCGGACTAGGTACA-1,8,98,0.46209812,0.0,0.70830333,-0.5508159,-1.443747,-0.23179471
CGCCGGATCATTAGAC-1,12,104,0.0,0.3465736,0.44793987,-1.4438268,-1.0277915,-0.90861446
CGCCGGTATCTAGCAC-1,53,25,1.6548592,1.6192431,1.6090376,1.7542112,0.49965885,2.1096811
CGCCTAGAGCGTGGAG-1,14,104,0.29862657,0.6931472,0.82395923,-0.8667269,-0.61183596,0.06885499
CGCCTCGAGCCACTCG-1,33,93,0.18310206,0.3465736,0.5198604,-1.0899795,-1.0277915,-0.7216557
CGCCTCGATAATGCGG-1,40,100,0.18310206,0.27465308,0.4023595,-1.0899795,-1.11411,-1.0271015
CGCCTCGGAACTGTGC-1,18,94,0.0,0.3465736,0.44793987,-1.4438268,-1.0277915,-0.90861446
CGCCTCGGCTACTCGC-1,1,29,1.0485948,1.5171064,1.471526,0.5825971,0.37707496,1.7522172
CGCCTCGTACGAAGGC-1,59,27,1.2155029,2.220459,1.2982392,0.9051491,1.2212344,1.3017548
CGCCTCTAATTCGCGG-1,36,34,1.1641194,1.5028168,0.9344174,0.8058498,0.35992464,0.35599315
CGCCTCTACTCGGAAC-1,63,35,0.11552453,0.72259295,0.62122667,-1.220574,-0.5764953,-0.45815215
CGCCTCTGACTATTGT-1,67,29,1.3888783,2.3900733,1.2030461,1.2401996,1.4248046,1.0542984
CGCCTTAAGGTACGCT-1,64,10,1.7879437,2.3701682,1.7894338,2.0113988,1.4009145,2.5786245
CGCCTTACGAGTAGCG-1,19,37,0.59725314,0.54930615,0.83305115,-0.28962693,-0.78447306,0.09248959
CGCCTTAGCGGCCTCC-1,14,98,0.0,0.3465736,0.4023595,-1.4438268,-1.0277915,-1.0271015
CGCCTTAGGATCGGCA-1,55,37,0.0,0.3465736,0.44793987,-1.4438268,-1.0277915,-0.90861446
CGCCTTATCTTGGCGA-1,33,91,0.0,0.0,0.3465736,-1.4438268,-1.443747,-1.1721181
CGCCTTGACGTGAATC-1,19,17,1.3579779,1.8836906,0.5756463,1.1804839,0.81704706,-0.57663924
CGCCTTGTGAAGTCTA-1,38,76,0.11552453,0.0,0.1732868,-1.220574,-1.443747,-1.6225803
CGCTAGACTTCATCAC-1,16,42,0.46209812,0.54930615,0.5756463,-0.5508159,-0.78447306,-0.57663924
CGCTAGCCGCATGCAT-1,54,80,1.2604469,2.3635175,0.5756463,0.9920041,1.3929324,-0.57663924
CGCTATAGTCTTCATC-1,27,109,0.6452002,1.280991,0.804719,-0.1969686,0.09369061,0.018839568
CGCTATGGTTGGTTAA-1,16,88,0.57762265,1.7391363,0.27465308,-0.32756314,0.6435539,-1.3590767
CGCTATTAATCTATAA-1,45,111,0.4141511,1.0691665,1.0107628,-0.64347416,-0.16053978,0.55445445
CGCTATTATGATACGT-1,24,52,0.57762265,0.72259295,0.5198604,-0.32756314,-0.5764953,-0.7216557
CGCTCGCAATTGGCGA-1,43,39,0.52967566,1.4953536,0.72259295,-0.42022133,0.35096732,-0.19464858
CGCTCGGCCGGTTGTC-1,49,63,0.29862657,0.27465308,0.3465736,-0.8667269,-1.11411,-1.1721181
CGCTCGGTACTGCGAA-1,37,73,0.0,0.0,0.5756463,-1.4438268,-1.443747,-0.57663924
CGCTCGTTATAGATCT-1,1,37,0.52967566,0.67701256,0.54930615,-0.42022133,-0.6312006,-0.6451109
CGCTGCAATCGCTGTT-1,66,22,1.1641194,2.0927527,0.8815901,0.8058498,1.0679622,0.2186676
CGCTGCGAGTCCACAT-1,65,71,1.2600135,1.471526,2.015214,0.9911664,0.32236964,3.1655443
CGCTGCGGTTGAGTAG-1,3,91,0.18310206,0.0,0.3465736,-1.0899795,-1.443747,-1.1721181
CGCTGCTATGACAGAC-1,32,112,0.23104906,0.0,0.65976435,-0.9973213,-1.443747,-0.3579727
CGCTGCTTCGCATACT-1,33,81,0.68239075,1.6661023,0.6931472,-0.12509735,0.5558989,-0.27119341
CGCTGTGACATAGGCA-1,54,76,0.9634573,2.447019,0.9222199,0.41806757,1.4931506,0.3242854
CGCTTAGAATTCTTAC-1,57,33,0.52967566,0.1732868,0.79451346,-0.42022133,-1.2357693,-0.007689841
CGCTTAGGCTGAGTCC-1,77,39,0.11552453,0.1732868,0.0,-1.220574,-1.2357693,-2.0730426
CGCTTATGGTTAGGAT-1,42,70,0.11552453,0.0,0.48647752,-1.220574,-1.443747,-0.8084351
CGCTTGCGTACGGCAC-1,26,10,1.2877756,2.4715345,0.9460474,1.0448172,1.5225737,0.38622555
CGCTTGCTTGGTCTGG-1,6,74,0.6452002,0.9222199,0.73610973,-0.1969686,-0.3369043,-0.15951145
CGCTTGGCTTGGATCT-1,18,92,0.0,0.3465736,0.4023595,-1.4438268,-1.0277915,-1.0271015
CGGAACCGATTGAGTC-1,14,100,0.18310206,0.1732868,0.48647752,-1.0899795,-1.2357693,-0.8084351
CGGACCAGCAGAATTC-1,1,107,1.3472214,1.0955067,2.052123,1.1596969,-0.12892652,3.26149
CGGACTGTGAGTATAG-1,46,56,0.52967566,0.866434,0.97800577,-0.42022133,-0.40385816,0.46930188
CGGAGCCGCAATAGCC-1,58,98,1.3376951,2.6491585,0.928393,1.1412873,1.735757,0.34033257
CGGAGCGGTAAGACGC-1,37,41,0.8283022,1.2130076,0.4023595,0.15687853,0.012097359,-1.0271015
CGGAGCGTAGAATCTT-1,8,94,0.11552453,0.44793987,0.44793987,-1.220574,-0.9061323,-0.90861446
CGGAGCGTCTGACAGT-1,2,78,0.11552453,0.1732868,0.72259295,-1.220574,-1.2357693,-0.19464858
CGGAGCTCCGATACCT-1,7,87,0.11552453,0.1732868,0.4023595,-1.220574,-1.2357693,-1.0271015
CGGAGGCTAGTCGGCA-1,12,56,0.7607247,1.2424533,0.79451346,0.026284128,0.047437992,-0.007689841
CGGAGTAAGGTGCGGT-1,18,106,0.7303378,0.72259295,0.89587975,-0.03243902,-0.5764953,0.25581372
CGGAGTAAGTGCACAT-1,48,22,1.4868428,1.2687935,1.7229065,1.4295171,0.07905125,2.4056854
CGGAGTCTTACGTGAA-1,44,22,0.7803552,1.280991,1.8481618,0.064220324,0.09369061,2.731289
CGGAGTGGCGACTAAG-1,48,100,1.0397208,2.226632,0.866434,0.5654478,1.2286434,0.1792689
CGGAGTGGTCAAGTAT-1,50,68,1.2715816,2.544445,0.83305115,1.0135221,1.6100806,0.09248959
CGGATTCCAGACGGTT-1,49,35,0.94382674,1.1512926,1.5929029,0.38013127,-0.061972618,2.0677385
CGGATTGCGTCTACCT-1,58,58,0.0,0.0,0.44793987,-1.4438268,-1.443747,-0.90861446
CGGATTGTGCAGGAGC-1,74,32,0.0,0.0,0.44793987,-1.4438268,-1.443747,-0.90861446
CGGCAACCACTAGCAT-1,22,72,0.61481327,1.9491173,0.79451346,-0.25569177,0.8955718,-0.007689841
CGGCAACCTAAGTCCA-1,40,82,0.11552453,0.0,0.27465308,-1.220574,-1.443747,-1.3590767
CGGCAAGATGCGTCGG-1,28,34,0.9134398,1.7461791,0.9460474,0.32140812,0.6520066,0.38622555
CGGCAATCGATAGCGA-1,3,95,0.0,0.1732868,1.196873,-1.4438268,-1.2357693,1.0382513
CGGCACTCCGGTTCGC-1,32,34,0.3465736,0.62122667,0.5756463,-0.7740686,-0.6981545,-0.57663924
CGGCACTCTAGCGGAA-1,10,36,0.48172864,0.1732868,0.5198604,-0.5128796,-1.2357693,-0.7216557
CGGCATGGCCGCTTGT-1,66,88,0.89587975,1.6058117,0.4023595,0.28747305,0.4835385,-1.0271015
CGGCATTATCGCGTGG-1,18,68,0.9472633,2.020832,0.5198604,0.38677248,0.98164344,-0.7216557
CGGCCATCAACCGGCG-1,65,99,1.2455115,2.4059434,1.22446,0.96314126,1.4438517,1.1099644
CGGCCTAACGATAATG-1,56,84,1.4110535,1.9249606,0.79451346,1.2830534,0.8665791,-0.007689841
CGGCCTGTCTGTCTGT-1,13,31,1.2279514,0.62122667,1.116477,0.9292061,-0.6981545,0.8292605
CGGCGTAGCGCTAGGA-1,52,52,0.18310206,0.5198604,0.62122667,-1.0899795,-0.81981367,-0.45815215
CGGCGTTGGTTGCAGC-1,57,19,1.6313461,2.644108,1.0151107,1.7087718,1.7296956,0.5657569
CGGCTCGTGGAGTACT-1,51,9,1.8787389,2.5647302,1.2559701,2.1868618,1.6344266,1.1918755
CGGCTGTACATGATGT-1,8,80,0.4992887,0.997246,0.96780026,-0.47894454,-0.24685834,0.44277248
CGGCTTACGTGCACGA-1,30,12,1.2139081,1.7969142,1.6078328,0.9020671,0.7128986,2.1065493
CGGCTTATTCGCTAAT-1,22,12,1.4884377,2.6884098,0.7727606,1.4325993,1.7828662,-0.064236745
CGGCTTCCTACTGGTT-1,0,48,1.1641194,1.471526,0.7489331,0.8058498,0.32236964,-0.12617692
CGGCTTCGATCTCCAA-1,68,10,1.9823861,2.429771,1.5941818,2.3871615,1.4724494,2.071063
CGGCTTCTACGATATG-1,11,83,0.4992887,1.4086974,0.8584968,-0.47894454,0.24696307,0.15863602
CGGCTTGTGCCGGCCT-1,58,36,0.3465736,0.62122667,0.83305115,-0.7740686,-0.6981545,0.09248959
CGGTAGAACGTGACTT-1,39,29,0.68239075,0.79451346,1.592903,-0.12509735,-0.49017674,2.067739
CGGTAGATTCCTATGC-1,39,31,0.7607247,0.7489331,0.73610973,0.026284128,-0.54488206,-0.15951145
CGGTATAGGATGAGCG-1,29,51,0.57762265,0.44793987,0.89587975,-0.32756314,-0.9061323,0.25581372
CGGTCAACGGCGGATT-1,38,20,0.7303378,0.89587975,1.7623137,-0.03243902,-0.36851755,2.5081253
CGGTCATGGAGGACTC-1,46,44,0.6452002,0.4023595,0.8584968,-0.1969686,-0.96083754,0.15863602
CGGTCCATGCGACTCC-1,8,74,1.3310274,2.2442865,0.7489331,1.1284019,1.2498322,-0.12617692
CGGTCCATTACAACTA-1,40,44,0.4141511,1.5728923,1.1249524,-0.64347416,0.44402885,0.85129255
CGGTCCGGTTCTTAGC-1,50,26,1.398605,1.4542778,1.6489451,1.2589965,0.30166838,2.2134213
CGGTCTGCGGACTCTG-1,6,26,1.5296363,2.0735126,0.70830333,1.5122162,1.0448703,-0.23179471
CGGTCTGCGTATCTGG-1,63,83,1.247582,2.020832,0.9222199,0.9671424,0.98164344,0.3242854
CGGTCTGCTTGAATGA-1,53,9,2.0211718,2.8346431,1.6334472,2.4621153,1.9583745,2.1731343
CGGTCTTATCCAAGCT-1,19,113,0.52967566,0.54930615,0.85029936,-0.42022133,-0.78447306,0.13732664
CGGTCTTGCTATTCTA-1,33,21,1.0485948,1.9913864,1.1751201,0.5825971,0.94630295,0.98170435
CGGTGAACGGTTAGAT-1,50,22,1.2573887,2.243781,1.1512926,0.98609406,1.2492255,0.91976416
CGGTGAACTCACATTG-1,42,30,1.0485948,1.2764864,0.6931472,0.5825971,0.08828426,-0.27119341
CGGTGAGCATGTATAC-1,22,114,0.29862657,0.1732868,0.48647752,-0.8667269,-1.2357693,-0.8084351
CGGTTACCATCAACCA-1,62,104,1.5735754,2.124961,0.82395923,1.5971291,1.1066183,0.06885499
CGGTTATCTGTCTTAA-1,31,61,0.4141511,0.7611306,0.78387356,-0.64347416,-0.5302427,-0.03534848
CGGTTGATTGAGCGCC-1,15,25,1.2120664,2.6850214,0.6931472,0.89850813,1.7787994,-0.27119341
CGTAACAGGTCTTGAA-1,13,109,0.7303378,0.3465736,0.90272945,-0.03243902,-1.0277915,0.27361968
CGTAACATAAGTCATC-1,16,84,0.67089194,1.7367439,0.73610973,-0.14731896,0.6406826,-0.15951145
CGTAACATTCGCGATA-1,26,88,0.4141511,1.5434465,0.6931472,-0.64347416,0.40868822,-0.27119341
CGTAACATTGGCTGAG-1,30,100,0.3465736,1.2982392,0.54930615,-0.7740686,0.114391886,-0.6451109
CGTAACCGGTATGCTA-1,52,114,0.7303378,1.5634573,0.1732868,-0.03243902,0.43270496,-1.6225803
CGTAACCTGACATCGA-1,15,51,0.11552453,1.2263187,0.54930615,-1.220574,0.028073318,-0.6451109
CGTAAGCCGACCGCTT-1,47,21,1.231697,0.44793987,1.1705328,0.9364444,-0.9061323,0.9697796
CGTAATGTTATCGCCG-1,9,117,0.11552453,0.44793987,0.76113063,-1.220574,-0.9061323,-0.094469145
CGTACAGACGAGGACC-1,20,58,0.52967566,1.3996055,0.5198604,-0.42022133,0.23605108,-0.7216557
CGTACAGGCCGCACTG-1,15,71,1.327591,2.020832,0.83305115,1.1217608,0.98164344,0.09248959
CGTACAGTAAGTAATG-1,27,105,0.11552453,0.3465736,0.7489331,-1.220574,-1.0277915,-0.12617692
CGTACATCACTGGATG-1,37,37,0.11552453,0.3465736,0.72259295,-1.220574,-1.0277915,-0.19464858
CGTACATCGATGTCTT-1,0,46,1.4208603,1.7206093,0.48647752,1.3020052,0.6213179,-0.8084351
CGTAGCCAAGTCCGTC-1,39,21,0.59725314,1.0691665,1.5950307,-0.28962693,-0.16053978,2.0732698
CGTAGCCTTGAGCAAG-1,13,71,0.46209812,1.8915777,0.48647752,-0.5508159,0.8265132,-0.8084351
CGTAGTACAAGGTACT-1,64,48,0.11552453,0.1732868,0.6931472,-1.220574,-1.2357693,-0.27119341
CGTAGTACGCATAATG-1,40,58,0.29862657,0.1732868,0.1732868,-0.8667269,-1.2357693,-1.6225803
CGTAGTCCGAGCATGA-1,11,99,0.29862657,0.1732868,0.73610973,-0.8667269,-1.2357693,-0.15951145
CGTAGTGACTCAAGGA-1,48,96,1.2005676,2.3300228,0.804719,0.8762865,1.3527323,0.018839568
CGTAGTTATTGGTAGT-1,14,114,0.11552453,0.1732868,1.0548769,-1.220574,-1.2357693,0.6691299
CGTAGTTCGTTGGTAG-1,31,99,0.23104906,0.5198604,0.5198604,-0.9973213,-0.81981367,-0.7216557
CGTCAAGGCGGAATGT-1,40,66,0.29862657,0.6931472,1.0548769,-0.8667269,-0.61183596,0.6691299
CGTCAGAACGTTGCCG-1,49,79,0.87624925,2.2465491,0.6412373,0.24953686,1.2525477,-0.4061341
CGTCCAATCTGCGTCC-1,54,46,0.7607247,1.7661898,1.0317836,0.026284128,0.67602336,0.6090983
CGTCCATAATCCGCTT-1,59,23,1.4033002,2.169828,1.0397208,1.26807,1.1604674,0.6297312
CGTCCATCGTCCAATA-1,46,52,0.23104906,0.0,0.5756463,-0.9973213,-1.443747,-0.57663924
CGTCCATGTAGCGTCT-1,57,89,1.0850431,2.3816524,0.5756463,0.6530338,1.4146978,-0.57663924
CGTCGGATCGCAGAAC-1,11,87,0.29862657,1.2090704,0.6412373,-0.8667269,0.007372045,-0.4061341
CGTCGGCAGACGGTAT-1,39,53,0.48172864,0.89587975,1.1512926,-0.5128796,-0.36851755,0.91976416
CGTCGGCGGTAGATCA-1,32,14,1.1898111,1.3104367,0.99257296,0.85549945,0.12903124,0.5071696
CGTCGGTTAGCGGTGA-1,1,85,0.8813779,2.143488,0.8145241,0.259448,1.1288543,0.044328224
CGTCTTGCAACTTCTG-1,69,13,1.4059248,1.6391946,1.6215402,1.2731421,0.52360445,2.1421819
CGTGAATGGTCCTGCG-1,11,93,0.45134172,0.62122667,1.2130076,-0.57160276,-0.6981545,1.0801935
CGTGAGCAATGGACAT-1,61,49,0.7607247,0.44793987,1.303734,0.026284128,-0.9061323,1.3160385
CGTGAGCTGTTATCGT-1,62,76,1.3532826,2.1798296,0.95166564,1.1714103,1.1724713,0.4008302
CGTGAGGAACATAGGT-1,75,27,0.11552453,0.0,0.1732868,-1.220574,-1.443747,-1.6225803
CGTGAGGCCTACAAGT-1,14,6,1.6322789,2.3021846,0.96780026,1.7105745,1.319321,0.44277248
CGTGCGGATTCATGTA-1,23,37,0.7127777,0.85029936,0.84182394,-0.0663742,-0.42322284,0.11529463
CGTGGCTCCTTGTCTT-1,36,36,0.52967566,1.2982392,0.70830333,-0.42022133,0.114391886,-0.23179471
CGTGTACGATGATTGT-1,46,104,0.9506304,1.9022176,0.72259295,0.3932795,0.8392831,-0.19464858
CGTGTAGTATTCTTGG-1,11,21,0.11552453,0.1732868,0.0,-1.220574,-1.2357693,-2.0730426
CGTGTATGAGGCCAGG-1,65,109,0.57762265,1.1705328,0.3465736,-0.32756314,-0.038880575,-1.1721181
CGTGTTAACCTGAAGC-1,52,10,1.5620766,2.5374305,1.1249524,1.5749075,1.6016618,0.85129255
CGTGTTACCATATGTA-1,40,8,0.89587975,0.79451346,1.5819842,0.28747305,-0.49017674,2.0393553
CGTGTTAGATGGTATC-1,33,31,0.29862657,0.3465736,0.7727606,-0.8667269,-1.0277915,-0.064236745
CGTGTTGGACGTCTGG-1,10,44,0.29862657,1.292621,0.4023595,-0.8667269,0.10764894,-1.0271015
CGTTAACGAGAAGGAC-1,4,28,0.5668662,1.141087,1.794827,-0.34835008,-0.07422121,2.5926442
CGTTACAGTGCACTCA-1,19,43,0.4141511,0.3465736,0.7489331,-0.64347416,-1.0277915,-0.12617692
CGTTCCTGTCACCGTG-1,9,73,1.4384203,2.0569773,0.59947383,1.3359401,1.0250247,-0.51469904
CGTTCTCGAGGTTCGC-1,43,117,0.4141511,1.0397208,0.70830333,-0.64347416,-0.1958804,-0.23179471
CGTTGGTCGTCACTGT-1,44,42,0.52967566,1.5100636,0.59947383,-0.42022133,0.36862227,-0.51469904
CGTTGGTGGCGTCTGC-1,5,53,0.8654928,1.744087,0.4023595,0.22874992,0.64949566,-1.0271015
CGTTGTGAGCAAGTGG-1,35,93,0.8458623,1.9913864,0.79451346,0.19081372,0.94630295,-0.007689841
CTAACAAGGTGATCAA-1,1,21,1.2796439,2.3197331,0.9222199,1.0291026,1.3403827,0.3242854
CTAACAGTATACCGGC-1,28,92,0.11552453,1.4357508,0.6597643,-1.220574,0.27943248,-0.35797286
CTAACCTCACCGAAGA-1,8,22,1.5174967,2.5324564,1.2149532,1.4887563,1.5956919,1.0852512
CTAACGTTAGGCAATG-1,42,6,0.4992887,1.0986123,1.616147,-0.47894454,-0.12519914,2.1281621
CTAAGAACCTTATTCC-1,7,113,0.29862657,0.3465736,0.65976435,-0.8667269,-1.0277915,-0.3579727
CTAAGAATTGATTCAC-1,12,110,0.11552453,0.1732868,0.8145241,-1.220574,-1.2357693,0.044328224
CTAAGAGGCTATGTTC-1,7,83,0.0,0.3465736,0.27465308,-1.4438268,-1.0277915,-1.3590767
CTAAGCGTGCCTGCAA-1,34,80,0.5668662,1.0691665,0.1732868,-0.34835008,-0.16053978,-1.6225803
CTAAGCTCCACGATCA-1,57,71,0.7607247,1.6570103,1.2090704,0.026284128,0.5449868,1.0699589
CTAAGCTTACAGTACG-1,55,79,0.9985774,1.6391946,1.0621238,0.4859377,0.52360445,0.68796825
CTAAGTGGCCGATTAG-1,34,36,0.52967566,1.5273119,0.5756463,-0.42022133,0.38932353,-0.57663924
CTAATCACTCCGAGAC-1,69,37,0.18310206,0.1732868,0.6931472,-1.0899795,-1.2357693,-0.27119341
CTAATCTGGCCGTGTT-1,28,60,0.87624925,1.8124814,0.89587975,0.24953686,0.7315822,0.25581372
CTAATGACATCATTCT-1,23,89,0.7384694,1.0621238,0.65976435,-0.016724546,-0.16899246,-0.3579727
CTAATGAGCGAGGCTA-1,23,79,0.7607247,1.8688349,0.1732868,0.026284128,0.7992173,-1.6225803
CTAATTACGCAATGGA-1,13,97,0.29862657,0.5198604,0.67701256,-0.8667269,-0.81981367,-0.31313565
CTAATTATGTTGCCGC-1,64,88,1.9502269,2.583655,0.89587975,2.3250134,1.6571403,0.25581372
CTACAACCGCTGTCTA-1,23,59,0.7127777,1.9285578,0.27465308,-0.0663742,0.87089634,-1.3590767
CTACAGAACCAGTTGA-1,19,75,1.3579779,1.9752518,0.78387356,1.1804839,0.9269383,-0.03534848
CTACAGAATTAATGAC-1,52,70,0.7803552,1.2839496,0.3465736,0.064220324,0.09724157,-1.1721181
CTACAGATCGGTCGCC-1,34,48,0.3465736,0.0,0.4023595,-0.7740686,-1.443747,-1.0271015
CTACAGATGGTCATAC-1,30,36,0.68239075,1.471526,0.83305115,-0.12509735,0.32236964,0.09248959
CTACAGCGTCTACACT-1,46,70,0.23104906,1.1249524,0.44793987,-0.9973213,-0.09358588,-0.90861446
CTACAGGTAGAATTCC-1,61,89,1.4482441,2.730114,0.8145241,1.3549247,1.8329194,0.044328224
CTACAGGTCGCTAAGC-1,55,25,1.6262175,2.787989,0.83305115,1.6988608,1.9023805,0.09248959
CTACATCTACTGGCTT-1,43,63,0.18310206,0.3465736,0.0,-1.0899795,-1.0277915,-2.0730426
CTACCAGACCTCTTAG-1,40,46,1.1269288,2.0235946,0.83305115,0.7339785,0.984959,0.09248959
CTACCAGGAGACATCT-1,57,47,0.8654928,1.4157401,0.85029936,0.22874992,0.25541577,0.13732664
CTACCATCGATGAGAA-1,68,32,0.11552453,0.67701256,0.89587975,-1.220574,-0.6312006,0.25581372
CTACCTTATCAACTGA-1,48,102,1.1701807,2.1429205,0.804719,0.81756335,1.1281732,0.018839568
CTACGAATCAGCCTGG-1,11,63,0.11552453,0.3465736,0.48647752,-1.220574,-1.0277915,-0.8084351
CTACGAATTGGCTGGT-1,45,95,0.9134398,1.9658167,1.1077042,0.32140812,0.91561437,0.8064553
CTACGAGCCGGACGGT-1,32,18,0.9695185,1.9022176,1.4482534,0.42978093,0.8392831,1.6917195
CTACGAGCCTGGAGAC-1,48,12,0.52967566,0.6931472,0.9158904,-0.42022133,-0.61183596,0.3078318
CTACGATGCGTCCGGC-1,60,100,1.3904734,2.3197331,1.2130076,1.243282,1.3403827,1.0801935
CTACGCCGCATGAATG-1,0,54,0.23104906,0.3465736,0.866434,-0.9973213,-1.0277915,0.1792689
CTACGCTACATCTGTT-1,16,48,0.0,0.1732868,0.1732868,-1.4438268,-1.2357693,-1.6225803
CTACGCTTAGAAGTGC-1,21,85,1.2749487,1.8900201,0.27465308,1.0200291,0.82464373,-1.3590767
CTACTCGGCGTCTAAT-1,5,43,1.480306,1.8804648,0.5756463,1.4168849,0.8131755,-0.57663924
CTACTGCTCCGACAGT-1,44,94,0.11552453,0.3465736,0.8815901,-1.220574,-1.0277915,0.2186676
CTACTTATGAACATAA-1,12,82,0.87624925,1.4497732,1.0397208,0.24953686,0.29626203,0.6297312
CTAGACGATTGAGCTA-1,50,96,0.7324082,1.4542779,0.804719,-0.02843789,0.30166852,0.018839568
CTAGATACAGACCGAG-1,0,102,0.11552453,0.62122667,1.1304471,-1.220574,-0.6981545,0.86557615
CTAGCAACCAGTGCGG-1,49,107,1.4323591,2.3694806,0.997246,1.3242267,1.4000893,0.51931727
CTAGCACGATCACTGT-1,55,95,1.6166911,2.4286864,0.5198604,1.6804509,1.4711477,-0.7216557
CTAGCACGCCAAGCTT-1,8,66,0.94382674,1.1751201,1.1562432,0.38013127,-0.033374935,0.93263346
CTAGCCGAAGATGGAC-1,12,50,0.7803552,1.5273119,0.5756463,0.064220324,0.38932353,-0.57663924
CTAGCCGATTCAATGC-1,8,40,1.0289644,1.5819842,0.76113063,0.544661,0.45494083,-0.094469145
CTAGCGCCTAGCTTAA-1,14,62,1.1641194,1.8503078,0.1732868,0.8058498,0.7769813,-1.6225803
CTAGGACGCAAGCATT-1,16,40,0.23104906,0.1732868,0.3465736,-0.9973213,-1.2357693,-1.1721181
CTAGGCCAGGAGTACG-1,49,67,0.3465736,1.1249524,1.0986123,-0.7740686,-0.09358588,0.7828209
CTAGTCAGGCGACAGT-1,23,15,2.18019,2.6605215,1.0474137,2.7694204,1.7493948,0.64972913
CTAGTGTAGTAAGTCA-1,1,113,0.6452002,0.3465736,1.141087,-0.1969686,-1.0277915,0.8932348
CTAGTTATGTCCAAGG-1,27,9,0.98914903,2.4695425,0.89587975,0.46771723,1.520183,0.25581372
CTAGTTCTACATGACG-1,65,95,1.0789818,2.061215,0.9222199,0.64132017,1.0301107,0.3242854
CTATAACTACGCCTGG-1,59,9,1.9316479,2.8243537,1.1249524,2.2891092,1.9460253,0.85129255
CTATAACTCCTGGAGG-1,63,49,0.11552453,0.0,0.27465308,-1.220574,-1.443747,-1.3590767
CTATACCGACTCGCAT-1,49,61,0.11552453,0.67701256,0.3465736,-1.220574,-0.6312006,-1.1721181
CTATAGATCCACAAGC-1,25,97,0.4141511,0.27465308,1.0621238,-0.64347416,-1.11411,0.68796825
CTATCCATTAGCTCGA-1,30,32,1.297204,1.9489117,0.6931472,1.0630378,0.895325,-0.27119341
CTATCCATTGAGCCAC-1,47,35,0.7893664,0.3465736,0.1732868,0.0816346,-1.0277915,-1.6225803
CTATCCGCTGCAATTG-1,24,24,2.0583622,2.825273,0.70830333,2.5339863,1.9471287,-0.23179471
CTATCGAATGGTCTGT-1,71,43,0.7127777,0.3465736,0.65976435,-0.0663742,-1.0277915,-0.3579727
CTATCGAGATGCCTAC-1,16,58,0.23104906,0.6931472,0.4023595,-0.9973213,-0.61183596,-1.0271015
CTATCGATCACGATTA-1,0,38,0.48172864,1.16349,0.44793987,-0.5128796,-0.04733326,-0.90861446
CTATCGATCTGCGTGA-1,64,110,1.8613633,2.9727037,0.59947383,2.153283,2.124074,-0.51469904
CTATCGCAGTCAATGG-1,8,90,0.68239075,1.196873,0.7727606,-0.12509735,-0.0072673145,-0.064236745
CTATCGGATATCGGAG-1,30,66,1.1222336,2.1646733,0.67701256,0.724905,1.1542809,-0.31313565
CTATCGGCTTAACTAG-1,14,20,1.1444889,2.3382201,0.59947383,0.7679137,1.3625706,-0.51469904
CTATCGTATCAGCGTG-1,19,19,1.1222336,1.4572364,0.9158904,0.724905,0.30521932,0.3078318
CTATCGTATGATAGGA-1,50,110,0.7499683,1.970201,0.48647752,0.0054971743,0.9208763,-0.8084351
CTATCGTATGGTGATG-1,8,104,0.0,0.27465308,0.5756463,-1.4438268,-1.11411,-0.57663924
CTATGCAACAGAGTCG-1,13,101,0.11552453,0.72259295,0.4023595,-1.220574,-0.5764953,-1.0271015
CTATGCCACGAGGCTG-1,16,4,1.4127287,1.985057,0.6597643,1.2862906,0.9387064,-0.35797286
CTATGCCATGCGGACA-1,63,87,1.295529,2.5073097,0.928393,1.0598007,1.5655109,0.34033257
CTATGCCGTACAGCGT-1,44,74,0.68239075,1.555644,0.8145241,-0.12509735,0.42332757,0.044328224
CTATGCCTATTGATCT-1,15,107,0.3465736,0.27465308,0.89587975,-0.7740686,-1.11411,0.25581372
CTATGTAGCGCAGATA-1,9,87,0.52967566,0.997246,0.72259295,-0.42022133,-0.24685834,-0.19464858
CTATGTAGGCCGAACG-1,34,76,0.29862657,0.7727606,0.0,-0.8667269,-0.51628435,-2.0730426
CTATGTCACTTGAACC-1,76,10,0.0,0.0,0.0,-1.4438268,-1.443747,-2.0730426
CTATGTGCCTTCAGGT-1,14,8,1.9861317,2.8010561,1.2281637,2.3944,1.9180636,1.1195922
CTATGTGCGGTTGACT-1,35,63,0.3465736,0.1732868,0.866434,-0.7740686,-1.2357693,0.1792689
CTATTAAGCCAGCACT-1,60,42,0.11552453,0.62122667,0.7489331,-1.220574,-0.6981545,-0.12617692
CTATTAGACTAAGTGG-1,76,24,0.11552453,0.0,0.0,-1.220574,-1.443747,-2.0730426
CTATTAGCGGCTTCGT-1,19,53,0.23104906,1.079372,0.4023595,-0.9973213,-0.14829119,-1.0271015
CTATTAGTACTGGCTC-1,33,5,1.0289644,0.89587975,0.8741269,0.544661,-0.36851755,0.19926682
CTATTATGAGATACGA-1,30,24,0.85399395,1.2526588,0.82395923,0.20652819,0.05968658,0.06885499
CTATTATGGCACCTCG-1,21,17,1.1594242,2.0065427,1.1705328,0.7967763,0.9644934,0.9697796
CTATTCCGGCCGTCGG-1,51,75,1.6634079,2.585242,0.5198604,1.7707318,1.6590449,-0.7216557
CTATTCGTCTTACATA-1,55,87,0.18310206,0.27465308,0.0,-1.0899795,-1.11411,-2.0730426
CTATTCTGCAACGCAC-1,14,40,0.48172864,0.0,1.1610978,-0.5128796,-1.443747,0.945253
CTATTCTGTAGGACCT-1,32,96,0.0,0.3465736,0.0,-1.4438268,-1.0277915,-2.0730426
CTCAAGAAGCACTGTA-1,4,112,0.6452002,0.1732868,0.95716035,-0.1969686,-1.2357693,0.41511384
CTCAATACAGTATTCT-1,68,12,1.249257,1.7790985,1.5728923,0.97037935,0.6915163,2.0157206
CTCAATACGTTAACCG-1,40,64,0.0,0.0,0.62122667,-1.4438268,-1.443747,-0.45815215
CTCAATGACCATTAAG-1,38,60,0.23104906,0.1732868,0.4023595,-0.9973213,-1.2357693,-1.0271015
CTCAATTGGCGATTCC-1,65,79,0.7499683,1.7405609,0.9344174,0.0054971743,0.6452637,0.35599315
CTCACCAGGAATTGAC-1,65,31,0.7864165,1.1249524,1.5216937,0.075933784,-0.09358588,1.882629
CTCACCAGTGTAAGTT-1,22,108,0.11552453,0.1732868,0.27465308,-1.220574,-1.2357693,-1.3590767
CTCACCGAGGATCCGC-1,8,32,0.8283022,0.5756463,0.9344174,0.15687853,-0.75285983,0.35599315
CTCACCGTGACTCGGA-1,66,98,0.4141511,0.5756463,0.85029936,-0.64347416,-0.75285983,0.13732664
CTCACCTGAGACTAAG-1,47,61,0.52967566,0.79451346,0.27465308,-0.42022133,-0.49017674,-1.3590767
CTCACCTGCCGACTAA-1,42,96,0.18310206,0.1732868,0.7489331,-1.0899795,-1.2357693,-0.12617692
CTCACCTGGCTTAGGT-1,66,28,1.3532826,2.4778638,1.0063379,1.1714103,1.5301701,0.54295176
CTCACCTTAATAAGAT-1,56,50,0.98101735,1.5824302,0.89587975,0.45200264,0.45547622,0.25581372
CTCACCTTATCTCCTT-1,9,41,0.4141511,1.3638302,0.6931472,-0.64347416,0.19311377,-0.27119341
CTCACCTTCTGAAGTA-1,17,59,0.0,0.0,0.4023595,-1.4438268,-1.443747,-1.0271015
CTCACGAGTAGATGAG-1,47,53,0.4141511,0.1732868,0.62122667,-0.64347416,-1.2357693,-0.45815215
CTCACGATCTCCGGAG-1,35,19,1.13299,1.9194659,1.3573364,0.7456919,0.8599844,1.455379
CTCACGTATTCAAGCG-1,24,90,0.52967566,1.0235862,0.79451346,-0.42022133,-0.21524508,-0.007689841
CTCACGTTCGGTCTGC-1,30,76,0.52967566,1.3220668,0.5756463,-0.42022133,0.14298956,-0.57663924
CTCAGAAGACAACTCG-1,50,60,0.46209812,0.72259295,0.73610973,-0.5508159,-0.5764953,-0.15951145
CTCAGGATACGCGGCA-1,51,47,0.52967566,0.72259295,1.196873,-0.42022133,-0.5764953,1.0382513
CTCAGGCACGTCAGAC-1,36,28,0.68239075,1.7596959,0.9344174,-0.12509735,0.6682294,0.35599315
CTCAGGTCACTACAGC-1,40,50,0.59725314,1.471526,0.62122667,-0.28962693,0.32236964,-0.45815215
CTCAGGTCGTGCTCGC-1,39,15,1.0289644,1.4497732,1.8584167,0.544661,0.29626203,2.7579467
CTCATAATAGCACCGT-1,22,110,1.0067091,1.196873,0.76113063,0.5016523,-0.0072673145,-0.094469145
CTCATAGCCAATGTCG-1,44,90,0.23104906,0.1732868,0.59947383,-0.9973213,-1.2357693,-0.51469904
CTCATCCTGGCAAGTC-1,35,87,0.0,0.4023595,0.67701256,-1.4438268,-0.96083754,-0.31313565
CTCATCTATTCGATAC-1,70,22,2.2885606,2.558557,0.9460474,2.978848,1.6270177,0.38622555
CTCCAAGCGTCCTTCA-1,60,102,1.3729132,2.3841906,0.96780026,1.2093468,1.417744,0.44277248
CTCCAAGTGAGCCAAT-1,0,24,0.8458623,2.1071453,0.48647752,0.19081372,1.0852361,-0.8084351
CTCCACATAACCTATT-1,1,75,0.23104906,0.1732868,0.62122667,-0.9973213,-1.2357693,-0.45815215
CTCCACGCTAGCTAGA-1,39,41,0.6931472,1.3438196,0.7489331,-0.10431039,0.16909719,-0.12617692
CTCCACTGGCTAATGG-1,41,113,0.9695185,2.09031,0.6412373,0.42978093,1.0650306,-0.4061341
CTCCAGTGGTTCTAGG-1,0,36,0.18310206,0.44793987,0.44793987,-1.0899795,-0.9061323,-0.90861446
CTCCATGGCGACCAGT-1,53,55,0.9985774,1.7167333,0.62122667,0.4859377,0.61666596,-0.45815215
CTCCGGATCCTCGCTC-1,57,93,1.7632141,2.3912334,0.997246,1.9636086,1.4261969,0.51931727
CTCCGGCCTACAGCTT-1,47,85,0.6229449,0.866434,0.73610973,-0.23997729,-0.40385816,-0.15951145
CTCCGGTTCAGCGGAT-1,62,22,0.0,0.6931472,0.4023595,-1.4438268,-0.61183596,-1.0271015
CTCCGTAAGGTCTGTT-1,15,113,0.4141511,0.44793987,0.67701256,-0.64347416,-0.9061323,-0.31313565
CTCCTACATTGTATCT-1,40,62,0.0,0.1732868,0.27465308,-1.4438268,-1.2357693,-1.3590767
CTCCTACCTCGTGGTA-1,31,107,1.0067091,1.70391,0.27465308,0.5016523,0.6012755,-1.3590767
CTCCTACTTGAGTAAG-1,58,96,1.037096,2.31335,0.928393,0.56037545,1.3327216,0.34033257
CTCCTGTCGAAGCCAA-1,37,19,1.2120664,1.5890269,1.5992324,0.89850813,0.4633935,2.0841923
CTCCTTATCTTAAGAC-1,24,80,1.0289644,1.5756547,0.48647752,0.544661,0.4473443,-0.8084351
CTCCTTATGGAACCTT-1,53,33,0.11552453,0.54930615,0.44793987,-1.220574,-0.78447306,-0.90861446
CTCCTTGAATTGGCTA-1,48,118,0.0,0.1732868,0.27465308,-1.4438268,-1.2357693,-1.3590767
CTCGACAGCACTCGGA-1,47,65,0.29862657,0.1732868,0.54930615,-0.8667269,-1.2357693,-0.6451109
CTCGACATAATTCTAT-1,15,111,0.3465736,0.67701256,0.9878109,-0.7740686,-0.6312006,0.49479052
CTCGACTCCTAATGGA-1,35,69,0.0,0.3465736,0.5756463,-1.4438268,-1.0277915,-0.57663924
CTCGATGCGGTGTTAA-1,58,74,0.6452002,1.280991,0.70830333,-0.1969686,0.09369061,-0.23179471
CTCGATGTTGAACGGC-1,55,85,0.68239075,1.3143739,0.5198604,-0.12509735,0.13375656,-0.7216557
CTCGATGTTGCTATGT-1,29,31,0.3662041,1.6742586,0.9829564,-0.7361323,0.565688,0.48217118
CTCGCATACTCAACTC-1,49,21,1.1444889,1.2592381,0.97800577,0.7679137,0.06758299,0.46930188
CTCGCTAGCACCATCT-1,48,64,0.4992887,0.3465736,0.5198604,-0.47894454,-1.0277915,-0.7216557
CTCGCTGTTCATAGAT-1,20,62,0.9695185,1.4659078,0.8815901,0.42978093,0.3156267,0.2186676
CTCGGAATTCTTGATA-1,46,26,1.1748759,0.5198604,1.1077042,0.82663685,-0.81981367,0.8064553
CTCGGACTAACGTGGC-1,22,26,1.0215083,1.6742586,1.5028168,0.53025204,0.565688,1.8335581
CTCGGAGTCTTAAGGA-1,36,26,0.7127777,1.7847167,1.0235862,-0.0663742,0.69825923,0.58778894
CTCGGATCGGAATACG-1,45,87,0.11552453,0.62122667,0.7489331,-1.220574,-0.6981545,-0.12617692
CTCGGATTGAATGAGT-1,2,20,1.327591,2.420086,0.7727606,1.1217608,1.4608254,-0.064236745
CTCGGTCTCCAACTGC-1,42,10,0.3465736,0.1732868,0.73610973,-0.7740686,-1.2357693,-0.15951145
CTCGTCGCGATTAATT-1,31,45,0.3465736,0.0,0.83305115,-0.7740686,-1.443747,0.09248959
CTCGTTCTGTCACGTT-1,43,91,0.11552453,0.3465736,0.5198604,-1.220574,-1.0277915,-0.7216557
CTCGTTGCACCTTAGG-1,64,108,1.2398286,1.6058117,0.27465308,0.95215887,0.4835385,-1.3590767
CTGAAGCGGTTGCCAA-1,20,10,1.994263,2.9173284,1.4381431,2.4101138,2.057613,1.6654377
CTGAAGCGTGGTGAAG-1,6,48,1.1701807,1.3195287,0.4023595,0.81756335,0.13994338,-1.0271015
CTGAAGGAGCCTCACT-1,27,41,1.1444889,0.1732868,1.0397208,0.7679137,-1.2357693,0.6297312
CTGAAGGATCTGTACG-1,37,25,0.8654928,1.86368,1.5261983,0.22874992,0.7930305,1.8943387
CTGAAGGTGCTCGAGG-1,46,72,1.2377582,2.3245878,0.6931472,0.9481578,1.3462093,-0.27119341
CTGAAGTGCTATGGCG-1,37,113,0.4141511,0.0,0.5756463,-0.64347416,-1.443747,-0.57663924
CTGAAGTGCTGAACTG-1,33,85,0.11552453,0.1732868,0.27465308,-1.220574,-1.2357693,-1.3590767
CTGAAGTTGCAGACAT-1,33,15,0.89587975,1.9624285,1.4389355,0.28747305,0.9115478,1.6674975
CTGAAGTTGGATCGGC-1,66,12,0.87624925,1.6903932,0.9878109,0.24953686,0.5850527,0.49479052
CTGAATTCGCGTAAGG-1,42,32,0.38376418,0.67701256,0.96780026,-0.70219725,-0.6312006,0.44277248
CTGACCGCCAATTAGG-1,64,34,0.0,0.72259295,1.0621238,-1.4438268,-0.5764953,0.68796825
CTGACGTATCCGCCAC-1,67,35,0.7127777,0.62122667,1.0548769,-0.0663742,-0.6981545,0.6691299
CTGACTCCGAATCTGC-1,53,71,0.3465736,0.44793987,0.44793987,-0.7740686,-0.9061323,-0.90861446
CTGACTCGAATTCGTG-1,47,43,0.94382674,1.8163575,0.62122667,0.38013127,0.7362343,-0.45815215
CTGACTGATTAGGCTG-1,50,108,1.4910625,1.8668427,1.1773825,1.4376719,0.79682636,0.98758537
CTGACTGGTATGATAA-1,8,62,1.551184,2.0378332,1.16349,1.5538576,1.0020481,0.9514718
CTGACTGGTCTACCTT-1,7,45,0.93913156,1.4953536,0.5198604,0.37105778,0.35096732,-0.7216557
CTGACTGTGGCCGGTT-1,23,69,1.3951684,2.068462,0.90272945,1.2523552,1.0388085,0.27361968
CTGAGGTTCAGGCCAA-1,62,10,1.5796537,2.5870435,1.23719,1.6088756,1.661207,1.1430563
CTGATCCAACGCACAA-1,3,85,0.29862657,0.72259295,0.73610973,-0.8667269,-0.5764953,-0.15951145
CTGATGCCAATGCTTC-1,6,14,1.2793349,2.276245,0.7489331,1.0285054,1.2881886,-0.12617692
CTGATTAACAGCGGCC-1,56,18,1.4708776,2.40475,1.2354107,1.3986644,1.4424195,1.1384308
CTGATTAACGCAAGAA-1,9,43,0.7303378,1.2424533,0.9093965,-0.03243902,0.047437992,0.29095086
CTGATTACAATGTCCA-1,12,44,0.11552453,1.6903932,0.48647752,-1.220574,0.5850527,-0.8084351
CTGATTAGGTGCCGAA-1,54,110,1.784994,2.5181808,0.72259295,2.0056984,1.5785584,-0.19464858
CTGATTATCAATAGAC-1,44,112,0.59725314,1.3996055,0.85029936,-0.28962693,0.23605108,0.13732664
CTGCATAATGGACCGC-1,57,103,1.1722511,2.8578205,0.72259295,0.8215645,1.9861919,-0.19464858
CTGCATTGAGCACGGA-1,4,46,0.8283022,1.2526588,0.3465736,0.15687853,0.05968658,-1.1721181
CTGCATTGAGGAGCCG-1,9,37,0.3465736,0.6931472,0.6931472,-0.7740686,-0.61183596,-0.27119341
CTGCCACGTGTTAATA-1,74,24,0.8654928,0.85029936,1.4520355,0.22874992,-0.42322284,1.7015513
CTGCCGATTGCGATGT-1,26,48,0.5553674,0.79451346,1.0235862,-0.37057167,-0.49017674,0.58778894
CTGCCGCTTCGGCTGC-1,18,10,1.6147186,2.3218255,1.0317836,1.6766388,1.342894,0.6090983
CTGCCGTGAAGTCGCA-1,45,69,0.29862657,0.54930615,1.3143739,-0.8667269,-0.78447306,1.3436971
CTGCCTAGTGAATAAG-1,7,77,0.89587975,1.6184727,1.0277184,0.28747305,0.49873415,0.5985309
CTGCCTATACATCCAT-1,4,70,0.0,0.27465308,0.4023595,-1.4438268,-1.11411,-1.0271015
CTGCCTCCAACACCAG-1,51,97,0.46209812,1.945806,0.48647752,-0.5508159,0.8915976,-0.8084351
CTGCCTGACACGGATT-1,52,46,0.0,1.141087,1.4991131,-1.4438268,-0.07422121,1.8239303
CTGCCTGTGAGCCAGG-1,10,80,1.21887,1.5153643,0.8815901,0.9116562,0.37498406,0.2186676
CTGCGGAAGCAGGCAC-1,70,12,1.9274853,2.6627808,1.2559701,2.281065,1.7521064,1.1918755
CTGCGGCATGTAAGTA-1,73,39,0.0,0.3465736,0.3465736,-1.4438268,-1.0277915,-1.1721181
CTGCTCATTAGAGTGC-1,34,58,0.11552453,0.0,0.54930615,-1.220574,-1.443747,-0.6451109
CTGGAACAATAGACAG-1,44,34,0.43984285,0.1732868,0.3465736,-0.5938245,-1.2357693,-1.1721181
CTGGAAGGCAACCGGA-1,69,75,0.46209812,0.6931472,0.1732868,-0.5508159,-0.61183596,-1.6225803
CTGGAAGTCTAAGCTC-1,65,87,1.0850431,2.3207116,0.8815901,0.6530338,1.341557,0.2186676
CTGGAATAGGAATTAG-1,66,24,1.3160921,2.4742665,1.4104768,1.0995393,1.5258527,1.5935185
CTGGAATAGTGCAAGT-1,31,63,1.1641194,2.3742554,0.48647752,0.8058498,1.40582,-0.8084351
CTGGAATGGATAGTTC-1,72,38,0.0,0.1732868,0.44793987,-1.4438268,-1.2357693,-0.90861446
CTGGAATGGATCAGCA-1,24,60,1.1269288,1.8900201,0.4023595,0.7339785,0.82464373,-1.0271015
CTGGCCTTGCATTCGG-1,53,45,1.1337324,2.3309174,1.4756583,0.74712664,1.3538059,1.762959
CTGGCGCACTTACTGA-1,17,61,0.7979153,1.8879281,0.0,0.09815539,0.82213295,-2.0730426
CTGGCGCATATCCGTG-1,22,102,1.2377582,2.1646733,0.72259295,0.9481578,1.1542809,-0.19464858
CTGGCGGACAACGCAC-1,34,18,0.81380033,2.181458,1.4420803,0.12885347,1.1744257,1.6756723
CTGGCTGGACGCTTGG-1,27,23,1.0174655,2.194119,1.116477,0.5224391,1.1896213,0.8292605
CTGGTACTCGAAGTGG-1,6,12,1.4127287,2.160736,1.1658597,1.2862906,1.1495554,0.9576317
CTGGTGAGGTCTCGTC-1,64,22,0.7979153,1.7847167,1.2090704,0.09815539,0.69825923,1.0699589
CTGGTGATCCTGAAGG-1,57,49,0.6452002,1.6275645,1.0691665,-0.1969686,0.5096461,0.70627606
CTGGTGATCGCCGTAG-1,23,39,0.0,0.44793987,0.6931472,-1.4438268,-0.9061323,-0.27119341
CTGGTGCACCATACCA-1,11,27,0.7127777,0.62122667,1.1562432,-0.0663742,-0.6981545,0.93263346
CTGGTGCGAGAAGCTT-1,68,28,1.8714595,2.5725274,1.7489415,2.1727943,1.6437849,2.473364
CTGGTGCGTTCACGAG-1,29,67,0.68239075,1.4234331,0.27465308,-0.12509735,0.26464877,-1.3590767
CTGGTGCTACAGTATT-1,54,12,1.96064,2.3316305,1.5890269,2.3451366,1.3546618,2.057663
CTGGTGCTTATGACCA-1,49,31,0.3465736,0.0,0.48647752,-0.7740686,-1.443747,-0.8084351
CTGGTGGCCAATAAGT-1,30,80,1.0850431,1.3638303,0.48647752,0.6530338,0.19311392,-0.8084351
CTGGTGGCCTTCCGAC-1,57,109,0.7607247,1.471526,0.99257296,0.026284128,0.32236964,0.5071696
CTGGTTGCGTTAATTG-1,61,9,1.7194868,2.7865503,1.196873,1.879105,1.9006538,1.0382513
CTGGTTGGACATCACC-1,17,69,0.8736245,2.2711942,0.62122667,0.2444645,1.2821265,-0.45815215
CTGGTTGGCTTGTTAC-1,66,46,0.11552453,0.1732868,0.73610973,-1.220574,-1.2357693,-0.15951145
CTGTATCGAAGTGGAT-1,58,108,1.2424533,2.136591,1.1016798,0.9572313,1.1205765,0.79079485
CTGTATCTTCGCCATA-1,42,54,0.3662041,0.1732868,0.4023595,-0.7361323,-1.2357693,-1.0271015
CTGTATGGCTCAACAT-1,43,19,1.3926808,1.6955479,2.3989005,1.2475479,0.5912394,4.162945
CTGTCACTATGTGCAT-1,4,84,0.29862657,0.1732868,0.5198604,-0.8667269,-1.2357693,-0.7216557
CTGTCACTCGGCCTTA-1,40,78,0.11552453,0.1732868,0.3465736,-1.220574,-1.2357693,-1.1721181
CTGTCAGATCGATGCG-1,21,49,0.6648307,0.54930615,0.54930615,-0.15903242,-0.78447306,-0.6451109
CTGTCAGGCTTCCTAA-1,60,16,0.7127777,1.2354106,0.928393,-0.0663742,0.038985305,0.34033257
CTGTCAGGTGGATCGT-1,72,26,1.7468706,2.334023,1.3245794,1.9320246,1.3575333,1.3702265
CTGTCTATCCACATCT-1,30,22,1.1748759,1.471526,1.311756,0.82663685,0.32236964,1.336892
CTGTGCAACATTGAGG-1,0,74,0.3465736,0.62122667,1.262464,-0.7740686,-0.6981545,1.2087566
CTGTGGCTTGTCAGCT-1,32,110,0.7803552,0.5198604,0.84182394,0.064220324,-0.81981367,0.11529463
CTGTGGTAAGCTAATA-1,40,110,1.0289644,1.471526,1.2050704,0.544661,0.32236964,1.0595607
CTGTTATGGCCAGCGG-1,8,30,0.59725314,1.0063379,0.95716035,-0.28962693,-0.23594636,0.41511384
CTGTTCCAGAAGCTGA-1,39,69,0.0,0.1732868,0.4023595,-1.4438268,-1.2357693,-1.0271015
CTGTTCGTATGCACCA-1,57,53,0.0,0.27465308,0.6597643,-1.4438268,-1.11411,-0.35797286
CTGTTCTGCTCAGGAC-1,18,88,0.6452002,1.9138477,0.1732868,-0.1969686,0.85324144,-1.6225803
CTGTTGCTACTCACAG-1,17,87,0.11552453,0.27465308,0.4023595,-1.220574,-1.11411,-1.0271015
CTGTTGGATCAACGCA-1,1,61,1.327591,2.3451471,0.54930615,1.1217608,1.3708844,-0.6451109
CTTAATACGGCTAGCA-1,59,109,1.0593513,2.060689,1.4381431,0.60338414,1.0294795,1.6654377
CTTACGAACTCCGTCC-1,56,64,0.11552453,0.3465736,0.85029936,-1.220574,-1.0277915,0.13732664
CTTACGCAACTCAACG-1,18,102,1.1898111,1.6448128,0.44793987,0.85549945,0.5303474,-0.90861446
CTTACGCAGAGGCTCG-1,5,33,0.7303378,1.196873,1.3143739,-0.03243902,-0.0072673145,1.3436971
CTTACGCCATGCACAG-1,34,24,0.92419624,1.4357508,1.6570103,0.34219506,0.27943248,2.2343872
CTTACGGTAAGCCGAA-1,39,63,0.0,0.1732868,0.3465736,-1.4438268,-1.2357693,-1.1721181
CTTACGTCATCCTTAT-1,34,52,0.4141511,0.0,0.62122667,-0.64347416,-1.443747,-0.45815215
CTTAGCAACTAGGACC-1,52,16,1.5735754,2.857038,0.59947383,1.5971291,1.9852527,-0.51469904
CTTAGCAAGGACAGCC-1,36,106,0.18310206,0.1732868,0.54930615,-1.0899795,-1.2357693,-0.6451109
CTTAGCACGACAGAAC-1,33,11,1.3532826,1.8493904,1.3783572,1.1714103,0.77588016,1.510023
CTTAGCCTAATGGTAA-1,38,108,0.4141511,0.5198604,0.83305115,-0.64347416,-0.81981367,0.09248959
CTTAGCCTGTAAGACA-1,61,105,0.7979153,1.70391,0.85029936,0.09815539,0.6012755,0.13732664
CTTAGCGTAGCGTGCG-1,20,22,1.2573887,2.2564843,0.54930615,0.98609406,1.2644718,-0.6451109
CTTAGCTACGCAAGGT-1,37,71,0.0,0.1732868,0.1732868,-1.4438268,-1.2357693,-1.6225803
CTTAGCTATCCTTGCG-1,24,12,1.9103422,2.411438,1.3540251,2.2479355,1.4504462,1.4467714
CTTAGCTTAGTTCTCG-1,27,87,0.59725314,1.1705328,0.6931472,-0.28962693,-0.038880575,-0.27119341
CTTAGCTTCGCTGACC-1,43,9,0.76752836,0.27465308,1.1840496,0.03943224,-1.11411,1.0049168
CTTAGTAAGCGTGGCA-1,38,24,0.80604696,1.3862944,1.7674685,0.11386997,0.22007512,2.5215251
CTTAGTAATGCAACGA-1,65,9,1.6875049,2.7326508,1.3616843,1.8172995,1.835964,1.4666816
CTTAGTCCTCATAAGT-1,20,16,1.327591,2.429771,0.78387356,1.1217608,1.4724494,-0.03534848
CTTAGTCTATCGAGAC-1,36,64,0.46209812,0.44793987,1.0151107,-0.5508159,-0.9061323,0.5657569
CTTAGTCTCGACAACT-1,24,84,0.94382674,1.4953536,0.27465308,0.38013127,0.35096732,-1.3590767
CTTAGTCTGTGCATCC-1,15,37,0.48172864,0.62122667,0.6931472,-0.5128796,-0.6981545,-0.27119341
CTTAGTCTTATTCGGA-1,52,94,0.6452002,1.3143739,0.76113063,-0.1969686,0.13375656,-0.094469145
CTTAGTCTTCGATGTC-1,14,0,0.46209812,0.6597643,0.5198604,-0.5508159,-0.6519019,-0.7216557
CTTAGTGCGACCTATT-1,58,48,0.59725314,0.997246,0.866434,-0.28962693,-0.24685834,0.1792689
CTTAGTGCGTTGACGC-1,16,78,0.3465736,1.4542778,0.48647752,-0.7740686,0.30166838,-0.8084351
CTTAGTGGCTAAGACG-1,12,54,1.2005676,1.5819842,0.3465736,0.8762865,0.45494083,-1.1721181
CTTAGTGGTACACGAC-1,35,43,0.98101735,1.6615977,0.3465736,0.45200264,0.5504925,-1.1721181
CTTAGTTCACCGCCAG-1,2,62,1.6571182,2.0984735,0.9093965,1.7585768,1.0748283,0.29095086
CTTAGTTGCTCGTTGT-1,27,99,0.11552453,0.1732868,0.5198604,-1.220574,-1.2357693,-0.7216557
CTTAGTTGGAGCGACC-1,64,30,1.5161018,2.2639475,1.3484069,1.4860607,1.273429,1.4321667
CTTATTCACTAGCTGG-1,24,98,0.3465736,0.79451346,0.78387356,-0.7740686,-0.49017674,-0.03534848
CTTCAAGTCGACCTTC-1,30,94,0.0,0.1732868,0.54930615,-1.4438268,-1.2357693,-0.6451109
CTTCACAAGTTCCTCA-1,5,67,0.18310206,0.62122667,0.8145241,-1.0899795,-0.6981545,0.044328224
CTTCATGCCTAGACGG-1,10,58,0.3465736,0.89587975,0.72259295,-0.7740686,-0.36851755,-0.19464858
CTTCATTGGATACCAC-1,17,39,0.46209812,0.44793987,1.1193342,-0.5508159,-0.9061323,0.83668786
CTTCCAATTGAAGATT-1,28,48,0.5668662,0.44793987,0.59947383,-0.34835008,-0.9061323,-0.51469904
CTTCCACGATCCTGTA-1,7,71,0.18310206,0.3465736,0.48647752,-1.0899795,-1.0277915,-0.8084351
CTTCCACGCCTTCCTG-1,13,11,0.8654928,1.9407554,0.95166564,0.22874992,0.88553584,0.4008302
CTTCCGACGCACAACC-1,38,82,0.3465736,0.8330511,0.59947383,-0.7740686,-0.44392413,-0.51469904
CTTCCGAGACATTGAT-1,1,27,1.2600135,1.5273119,1.2050704,0.9911664,0.38932353,1.0595607
CTTCCGTCGCTGCATC-1,26,66,1.3789744,2.155118,0.7727606,1.2210602,1.1428126,-0.064236745
CTTCCTAGCCGATTGG-1,0,92,0.18310206,0.3465736,1.1840496,-1.0899795,-1.0277915,1.0049168
CTTCCTGGTGTTGGAC-1,1,53,0.18310206,0.27465308,0.5198604,-1.0899795,-1.11411,-0.7216557
CTTCGACCAAGCCGAG-1,49,103,1.1444889,2.1394877,0.866434,0.7679137,1.1240532,0.1792689
CTTCGACTCCAGACTG-1,28,112,0.89587975,1.1705328,0.866434,0.28747305,-0.038880575,0.1792689
CTTCGAGCTGCAGCCT-1,21,115,0.23104906,0.62122667,0.9344174,-0.9973213,-0.6981545,0.35599315
CTTCGAGTGATGGAAT-1,9,13,1.1641194,2.188974,0.8741269,0.8058498,1.1834463,0.19926682
CTTCGATAACATTGGT-1,44,70,0.18310206,0.5198604,0.95166564,-1.0899795,-0.81981367,0.4008302
CTTCGATACTCCGACC-1,38,74,0.23104906,0.1732868,0.1732868,-0.9973213,-1.2357693,-1.6225803
CTTCGATATGTAGGAG-1,22,86,0.4141511,1.5728923,0.44793987,-0.64347416,0.44402885,-0.90861446
CTTCGATGGACGTACC-1,13,77,1.0114043,1.8085443,0.54930615,0.5107258,0.7268569,-0.6451109
CTTCGCACCTGGCGGA-1,76,18,0.0,0.0,0.0,-1.4438268,-1.443747,-2.0730426
CTTCGCCGCAACATTA-1,62,70,0.4141511,0.866434,0.8145241,-0.64347416,-0.40385816,0.044328224
CTTCGGCTCACTACCT-1,21,97,0.4141511,1.7847167,0.9093965,-0.64347416,0.69825923,0.29095086
CTTCGTATTAATACGG-1,55,51,0.46209812,0.5756463,0.7489331,-0.5508159,-0.75285983,-0.12617692
CTTCGTCAAGACTCGT-1,42,50,0.6452002,0.44793987,0.9878109,-0.1969686,-0.9061323,0.49479052
CTTCGTCACCAAGAGG-1,3,77,0.32431835,0.0,0.8815901,-0.81707716,-1.443747,0.2186676
CTTCTACTCAAGTCGT-1,63,111,0.6452002,1.2130076,0.59947383,-0.1969686,0.012097359,-0.51469904
CTTCTGAGCCAGGAAC-1,13,51,0.7979153,1.3701597,0.27465308,0.09815539,0.20071045,-1.3590767
CTTCTGAGGTCGCATA-1,10,6,1.3729132,2.37388,1.3783572,1.2093468,1.4053693,1.510023
CTTCTGTACGGACATC-1,52,48,0.11552453,0.866434,1.1796247,-1.220574,-0.40385816,0.99341404
CTTGAACCGAGTTAAT-1,14,10,1.7409588,2.746899,0.9158904,1.9205999,1.8530644,0.3078318
CTTGAACTTAGAGGAA-1,49,41,0.69052243,0.44793987,1.1705328,-0.109382756,-0.9061323,0.9697796
CTTGAGCCTTGTTCCA-1,31,35,0.23104906,0.96780026,0.59947383,-0.9973213,-0.28219897,-0.51469904
CTTGATGCAATCACAA-1,58,78,1.4431156,1.8972074,0.27465308,1.3450139,0.83326983,-1.3590767
CTTGCCGGAAGACGCA-1,59,93,0.87624925,2.119093,0.8741269,0.24953686,1.0995755,0.19926682
CTTGCGTAACAGCAGT-1,29,33,1.1072983,1.895175,0.4023595,0.69604224,0.8308306,-1.0271015
CTTGGAACTCCACGCC-1,23,115,0.11552453,0.3465736,0.89587975,-1.220574,-1.0277915,0.25581372
CTTGGACAGGTTAGAA-1,67,83,0.7607247,1.8566372,0.8815901,0.026284128,0.7845778,0.2186676
CTTGGACATTACAGGA-1,69,33,0.46209812,1.0063379,0.9093965,-0.5508159,-0.23594636,0.29095086
CTTGGACTTGTCTGTC-1,13,93,0.4141511,0.3465736,0.89587975,-0.64347416,-1.0277915,0.25581372
CTTGGAGGCCACCTGC-1,16,96,0.52967566,1.0621238,0.54930615,-0.42022133,-0.16899246,-0.6451109
CTTGGATCAACCGTAT-1,18,114,0.6452002,0.44793987,1.0548769,-0.1969686,-0.9061323,0.6691299
CTTGGTTAGAGTCATC-1,31,59,0.29862657,0.1732868,0.27465308,-0.8667269,-1.2357693,-1.3590767
CTTGTAAGCGCTTCAT-1,13,103,0.23104906,0.0,0.7489331,-0.9973213,-1.443747,-0.12617692
CTTGTATCGTATGATT-1,23,109,0.0,0.0,0.3465736,-1.4438268,-1.443747,-1.1721181
CTTGTCAAGGCGTCAA-1,61,91,1.3079604,1.992944,1.2149532,1.0838245,0.94817233,1.0852512
GAACAAGGTCGAGCAA-1,61,71,1.3053356,1.6833504,1.3996055,1.0787522,0.5766,1.5652584
GAACAGATAACCTTAA-1,40,76,0.0,0.1732868,0.48647752,-1.4438268,-1.2357693,-0.8084351
GAACAGATCCGCTAGA-1,67,79,0.3465736,0.96780026,1.3220668,-0.7740686,-0.28219897,1.363695
GAACAGCCATGTTGCA-1,19,117,0.23104906,0.3465736,0.44793987,-0.9973213,-1.0277915,-0.90861446
GAACATTCGACACGTA-1,28,52,0.8351059,0.62122667,1.196873,0.17002676,-0.6981545,1.0382513
GAACCGAACGAAGACT-1,56,20,1.2254068,2.0593698,1.2130076,0.9242885,1.0278962,1.0801935
GAACGCCACGGTGGTT-1,70,34,0.18310206,0.95166564,0.9460474,-1.0899795,-0.30156365,0.38622555
GAACGCCAGTGCATAC-1,55,47,1.1337324,1.6886511,1.3540251,0.74712664,0.58296186,1.4467714
GAACGCTAGAAGGCTA-1,38,100,0.3465736,0.5198604,0.8741269,-0.7740686,-0.81981367,0.19926682
GAACGCTTAGAACGTC-1,71,15,1.3357226,2.08571,1.3367769,1.1374754,1.0595096,1.4019341
GAACTAACTCTACGTG-1,25,67,1.5782704,2.0294771,0.89587975,1.6062024,0.9920192,0.25581372
GAACTACAAGTAGGAG-1,35,15,1.13299,2.0793805,1.1562432,0.7456919,1.0519129,0.93263346
GAACTACCTTATCATA-1,45,81,0.9917738,1.7725192,0.6597643,0.4727896,0.68361986,-0.35797286
GAACTATCGTCTCGTC-1,11,13,0.8283022,1.3901703,0.65976435,0.15687853,0.22472703,-0.3579727
GAACTCATAGTGAGTG-1,54,58,0.0,0.27465308,0.3465736,-1.4438268,-1.11411,-1.1721181
GAACTCCTCATACATA-1,63,71,1.3053356,1.8444397,1.1358237,1.0787522,0.7699384,0.87955266
GAACTCCTGGAGGCTC-1,52,44,0.8654928,1.5171064,1.2030461,0.22874992,0.37707496,1.0542984
GAACTGTAACTCAGGC-1,31,75,0.3465736,0.8330511,0.3465736,-0.7740686,-0.44392413,-1.1721181
GAACTTGGTGAGGATA-1,52,78,1.0067091,2.4537187,1.0063379,0.5016523,1.5011913,0.54295176
GAAGCGATTGCCGAAT-1,17,19,1.3776083,2.2302642,0.6931472,1.21842,1.2330025,-0.27119341
GAAGCGGCTGATCAGT-1,56,30,1.462746,0.0,1.1277149,1.38295,-1.443747,0.85847354
GAAGCGTATCATCGTT-1,10,88,0.52967566,1.3529115,0.5756463,-0.42022133,0.18000917,-0.57663924
GAAGCGTCAGTAAGTC-1,8,116,0.0,0.62122667,1.1249524,-1.4438268,-0.6981545,0.85129255
GAAGCTGCCTCGTGAG-1,6,30,0.62294495,1.0691665,0.97295505,-0.23997717,-0.16053978,0.45617244
GAAGCTGTTCTACATC-1,31,27,0.45134172,1.5728923,0.96780026,-0.57160276,0.44402885,0.44277248
GAAGCTTGACGCTTAA-1,72,40,0.0,0.1732868,0.48647752,-1.4438268,-1.2357693,-0.8084351
GAAGGATGGTATACGT-1,67,31,0.7803552,1.8008513,1.0826833,0.064220324,0.7176239,0.7414132
GAAGTCCAATCGTGTT-1,9,103,0.11552453,0.1732868,0.5198604,-1.220574,-1.2357693,-0.7216557
GAAGTTCTGCAGTTCT-1,4,68,0.29862657,0.54930615,0.48647752,-0.8667269,-0.78447306,-0.8084351
GAATAAGGAGAACTAA-1,43,61,0.3465736,1.1705328,0.0,-0.7740686,-0.038880575,-2.0730426
GAATACAGACGAACTG-1,42,98,0.48172864,0.67701256,0.6931472,-0.5128796,-0.6312006,-0.27119341
GAATACCTGCCACGGC-1,70,40,0.11552453,0.27465308,0.9093965,-1.220574,-1.11411,0.29095086
GAATACTAAGGCGAAT-1,30,28,1.0067091,1.8977131,0.76113063,0.5016523,0.8338767,-0.094469145
GAATCAATTACCGACC-1,31,9,1.6811347,2.3431149,0.9829564,1.804989,1.3684453,0.48217118
GAATCATAGTCTGAAG-1,44,30,0.6520038,0.44793987,0.62122667,-0.1838205,-0.9061323,-0.45815215
GAATCATGAACCAGTG-1,55,63,0.11552453,0.27465308,0.48647752,-1.220574,-1.11411,-0.8084351
GAATCATTATGAGCTG-1,6,42,1.2120664,1.7827247,0.4023595,0.89850813,0.69586843,-1.0271015
GAATGACAACAGAATA-1,6,6,1.7623215,2.3045774,0.72259295,1.9618835,1.3221928,-0.19464858
GAATGACAACTAGTCA-1,62,28,0.6452002,0.96780026,0.54930615,-0.1969686,-0.28219897,-0.6451109
GAATGACACGACTAGG-1,45,51,0.7303378,0.27465308,1.1705328,-0.03243902,-1.11411,0.9697796
GAATGACCACAATCGA-1,50,58,0.81754583,1.0891771,0.8145241,0.1360917,-0.13652319,0.044328224
GAATGAGTATAGACCA-1,42,104,2.0472417,2.4766707,1.267226,2.5124958,1.5287383,1.2211353
GAATGGCCAAGGAGGC-1,56,38,0.46209812,0.3465736,0.5198604,-0.5508159,-1.0277915,-0.7216557
GAATGTATTGGATCAA-1,22,30,0.89893794,0.27465308,0.89587975,0.29338306,-1.11411,0.25581372
GAATGTGCCTAGCAGA-1,14,38,0.26823965,0.0,0.3465736,-0.92545,-1.443747,-1.1721181
GACAACATCATGCCGC-1,47,9,1.9556646,0.96780026,1.7969142,2.335522,-0.28219897,2.59807
GACAACCTAGGAGTCT-1,64,40,0.29862657,0.44793987,0.866434,-0.8667269,-0.9061323,0.1792689
GACAACGGACTCAGCT-1,34,62,0.23104906,0.44793987,0.44793987,-0.9973213,-0.9061323,-0.90861446
GACAACGGCGATGTTA-1,52,42,1.2120664,0.3465736,1.4259456,0.89850813,-1.0277915,1.63373
GACAACTTAACCAACC-1,35,81,0.11552453,0.5198604,0.27465308,-1.220574,-0.81981367,-1.3590767
GACAACTTGATTGTGA-1,34,6,1.903972,2.3809226,1.1077042,2.2356253,1.4138218,0.8064553
GACAAGCCTCGTTAGT-1,13,95,0.18310206,1.0235862,1.2476082,-1.0899795,-0.21524508,1.1701385
GACAAGCTGAATCTGG-1,35,75,0.29862657,1.5728923,0.3465736,-0.8667269,0.44402885,-1.1721181
GACAAGGTGGTCCGGC-1,16,0,1.2270018,1.9394766,0.9460474,0.9273709,0.88400114,0.38622555
GACAATCTATTAGATT-1,24,48,0.48172864,0.3465736,0.7489331,-0.5128796,-1.0277915,-0.12617692
GACAATGACAAGCTTA-1,12,52,0.4141511,0.96780026,0.59947383,-0.64347416,-0.28219897,-0.51469904
GACAATTGTATGCTTC-1,45,45,0.3465736,0.79451346,0.97295505,-0.7740686,-0.49017674,0.45617244
GACAGCAACTCAGAAC-1,54,10,1.81637,2.8044639,1.2459017,2.066333,1.9221536,1.1657025
GACAGTCACTTCGCTC-1,40,70,0.11552453,0.1732868,0.44793987,-1.220574,-1.2357693,-0.90861446
GACATCAGATTCTTAC-1,1,51,0.48172864,1.1249524,1.0691665,-0.5128796,-0.09358588,0.70627606
GACATCCTCAACCTCG-1,14,14,1.510693,2.282174,0.8815901,1.475608,1.2953045,0.2186676
GACATCCTTCATTATC-1,10,38,0.46209812,0.5198604,0.48647752,-0.5508159,-0.81981367,-0.8084351
GACATCTGCGGTCTTG-1,51,13,1.8470238,2.6299655,0.8145241,2.125572,1.7127217,0.044328224
GACATTATCTTAATCT-1,16,34,0.4992887,0.72259295,1.1796247,-0.47894454,-0.5764953,0.99341404
GACCAATTGCGTCAGA-1,11,67,1.4499191,1.8931258,0.76113063,1.3581617,0.8283711,-0.094469145
GACCACATTCTTGAAT-1,33,63,0.89587975,2.2383776,0.1732868,0.28747305,1.2427403,-1.6225803
GACCACGGCGTACATA-1,47,11,0.9587621,0.79451346,1.3862944,0.40899408,-0.49017674,1.5306559
GACCACTCCTGACGTT-1,21,101,1.1594243,2.138333,0.4023595,0.79677653,1.1226674,-1.0271015
GACCACTTACGGACAT-1,20,112,0.4141511,1.0397208,0.79451346,-0.64347416,-0.1958804,-0.007689841
GACCACTTAGACAGGT-1,55,97,1.9201488,2.3171995,0.8145241,2.2668872,1.3373418,0.044328224
GACCGAAGACTGGCAG-1,65,103,1.0114043,1.9022177,1.196873,0.5107258,0.8392832,1.0382513
GACCGAATCTAATACG-1,53,69,1.3100308,2.3112578,0.6597643,1.0878257,1.3302107,-0.35797286
GACCGACAATAGGAAT-1,51,7,1.2141368,1.471526,1.141087,0.9025092,0.32236964,0.8932348
GACCGGCCATGTACCG-1,34,92,0.4141511,1.0691665,0.3465736,-0.64347416,-0.16053978,-1.1721181
GACCGTATTAGACCGG-1,17,31,0.7499683,0.6931472,0.8145241,0.0054971743,-0.61183596,0.044328224
GACCTGCTGTACGAAG-1,42,18,1.5207971,1.3996055,2.019672,1.4951345,0.23605108,3.1771328
GACCTGTCGATTGCAG-1,8,14,0.52967566,1.141087,0.70830333,-0.42022133,-0.07422121,-0.23179471
GACGAGAAGTTACAGA-1,70,32,0.11552453,0.79451346,1.2809911,-1.220574,-0.49017674,1.256918
GACGAGCTGCACTCGT-1,38,32,0.52967566,0.62122667,1.4420803,-0.42022133,-0.6981545,1.6756723
GACGAGTGCTGGAGAT-1,9,17,1.7781903,2.5687628,1.365958,1.9925501,1.6392666,1.477791
GACGCAGCGTCAAGTT-1,49,73,1.5026307,2.6316605,1.0548769,1.4600276,1.714756,0.6691299
GACGCCGAACTTCCGT-1,1,35,0.57762265,0.1732868,0.70830333,-0.32756314,-1.2357693,-0.23179471
GACGCCTCGTCAGAGG-1,46,20,0.7384694,0.54930615,1.0317836,-0.016724546,-0.78447306,0.6090983
GACGCCTCTTGATTGT-1,20,18,1.2749487,2.2589967,0.62122667,1.0200291,1.2674872,-0.45815215
GACGCTCACCAACCGG-1,16,104,0.7979153,0.96780026,0.804719,0.09815539,-0.28219897,0.018839568
GACGCTGTACAAGGCG-1,7,79,0.89587975,1.7005987,0.9344174,0.28747305,0.5973013,0.35599315
GACGGCTTAGGTGCGA-1,19,65,0.96138686,2.1748786,1.2207005,0.41406646,1.1665292,1.1001915
GACGGTACCTGGCCGT-1,40,20,0.23104906,0.89587975,1.6489451,-0.9973213,-0.36851755,2.2134213
GACGGTGGTTGATGTC-1,58,52,0.23104906,0.72259295,0.8145241,-0.9973213,-0.5764953,0.044328224
GACGTACAGGAACGCT-1,49,25,0.29862657,0.0,1.141087,-0.8667269,-1.443747,0.8932348
GACGTACTGCGTGCGG-1,67,9,1.8235127,2.677937,1.3438196,2.0801363,1.7702968,1.420242
GACGTCTTATCTCAGC-1,36,116,0.0,0.1732868,0.1732868,-1.4438268,-1.2357693,-1.6225803
GACGTGGTGCTCCAGA-1,62,84,1.7344222,2.8019733,0.3465736,1.9079678,1.9191644,-1.1721181
GACTACGAGTTCCATT-1,31,69,1.1526206,1.4542778,0.62122667,0.78362817,0.30166838,-0.45815215
GACTACGCCTATAGCC-1,69,83,0.0,0.67701256,0.5198604,-1.4438268,-0.6312006,-0.7216557
GACTAGATTAGCTAAC-1,13,49,0.46209812,1.7398496,0.89587975,-0.5508159,0.64440995,0.25581372
GACTAGTAATCTTGCT-1,33,55,0.23104906,0.62122667,1.1705328,-0.9973213,-0.6981545,0.9697796
GACTCGGCTTGCGGAT-1,17,111,0.29862657,0.7489331,0.997246,-0.8667269,-0.54488206,0.51931727
GACTGACAGGAACCAG-1,4,20,1.4512472,2.4147162,0.6931472,1.3607283,1.4543809,-0.27119341
GACTGCCATAGAATAC-1,30,84,0.89587975,2.3427958,0.44793987,0.28747305,1.3680624,-0.90861446
GACTGCGGTCTGCGTG-1,23,85,0.7607247,1.7774699,0.72259295,0.026284128,0.6895616,-0.19464858
GACTTCATACCGCTGT-1,41,31,0.7607247,1.0691665,0.62122667,0.026284128,-0.16053978,-0.45815215
GACTTGAACGTCCGTA-1,50,32,0.46209812,0.0,0.72259295,-0.5508159,-1.443747,-0.19464858
GACTTGCTTCTAGGAG-1,7,89,0.11552453,0.1732868,0.4023595,-1.220574,-1.2357693,-1.0271015
GACTTGTCGTTCCGGC-1,2,114,0.18310206,0.3465736,0.1732868,-1.0899795,-1.0277915,-1.6225803
GAGCCAAGCGATCGTA-1,51,29,0.29862657,0.5198604,0.8145241,-0.8667269,-0.81981367,0.044328224
GAGCCAAGCGCCTCAC-1,4,74,0.0,0.0,0.59947383,-1.4438268,-1.443747,-0.51469904
GAGCCACTTATGCATT-1,5,113,0.23104906,0.3465736,0.85029936,-0.9973213,-1.0277915,0.13732664
GAGCCAGCTTACGGTA-1,56,82,1.1465594,2.156736,0.6931472,0.77191484,1.1447544,-0.27119341
GAGCCAGGTGTCAGTT-1,2,100,0.11552453,0.0,0.62122667,-1.220574,-1.443747,-0.45815215
GAGCCAGTATTGTCAA-1,19,3,0.4141511,0.9222199,0.7489331,-0.64347416,-0.3369043,-0.12617692
GAGCCTCACGTATGTA-1,26,64,0.9634573,1.6520001,1.0691665,0.41806757,0.5389735,0.70627606
GAGCCTCCAGTACCGA-1,56,28,1.1641194,1.867556,1.0691665,0.8058498,0.7976824,0.70627606
GAGCGAATCGGTAGAA-1,43,27,1.3472214,1.5100636,1.303734,1.1596969,0.36862227,1.3160385
GAGCGATACTCCAGGC-1,15,27,1.5333818,2.0226772,1.1705328,1.5194545,0.9838579,0.9697796
GAGCGGCAATGGAATA-1,29,7,0.96138686,1.420895,1.2559701,0.41406646,0.26160258,1.1918755
GAGCTAACCTACTTAC-1,28,110,0.7803552,1.2982392,0.3465736,0.064220324,0.114391886,-1.1721181
GAGCTAAGGTTGCGTT-1,52,26,1.297204,2.076371,0.95166564,1.0630378,1.0483009,0.4008302
GAGCTACAAGATCAAG-1,45,35,0.38376418,0.1732868,0.3465736,-0.70219725,-1.2357693,-1.1721181
GAGCTACAGCTCGGTA-1,32,78,0.0,0.7489331,0.1732868,-1.4438268,-0.54488206,-1.6225803
GAGCTTGATGGAAGCT-1,11,97,0.0,0.44793987,1.0691665,-1.4438268,-0.9061323,0.70627606
GAGGAAGCCGATGTGA-1,72,30,0.8654928,0.62122667,0.9222199,0.22874992,-0.6981545,0.3242854
GAGGAAGGACAATGAA-1,74,22,2.497234,2.008009,2.2923799,3.3821123,0.9662532,3.886042
GAGGAAGGCAACGGCG-1,66,36,0.23104906,0.866434,0.70830333,-0.9973213,-0.40385816,-0.23179471
GAGGACAGATCGCCTA-1,46,18,0.8458623,0.79451346,1.5349711,0.19081372,-0.49017674,1.9171438
GAGGACGAGTCCTAGT-1,21,25,1.9680961,2.5747256,1.1249524,2.359546,1.6464231,0.85129255
GAGGATCCAGAACTGG-1,29,69,0.23104906,0.4023595,0.0,-0.9973213,-0.96083754,-2.0730426
GAGGATGATAGGAAGG-1,26,74,0.823607,1.6903932,0.79451346,0.14780504,0.5850527,-0.007689841
GAGGCCACAAGGTGCA-1,22,36,1.1269288,1.2424533,0.95166564,0.7339785,0.047437992,0.4008302
GAGGCCACTTCTAGAT-1,24,8,1.5745252,2.752517,1.2897638,1.5989647,1.8598073,1.2797228
GAGGCCAGCAGAGGTT-1,26,44,0.94382674,0.44793987,0.5198604,0.38013127,-0.9061323,-0.7216557
GAGGCCATGGCTCGGA-1,4,42,1.5471411,2.367406,0.44793987,1.5460445,1.3975992,-0.90861446
GAGGCGCTCCATTCCT-1,21,45,0.38376418,0.5198604,1.0107628,-0.70219725,-0.81981367,0.55445445
GAGGTAACATTCGATC-1,21,89,0.3465736,1.141087,0.7489331,-0.7740686,-0.07422121,-0.12617692
GAGGTAACTAGACAGT-1,21,103,1.4564558,2.1062694,0.44793987,1.3707939,1.0841848,-0.90861446
GAGGTAACTGCGAGAC-1,40,38,1.0289644,0.89587975,0.7489331,0.544661,-0.36851755,-0.12617692
GAGGTATTAATAGCGG-1,36,66,0.18310206,0.5198604,0.96780026,-1.0899795,-0.81981367,0.44277248
GAGGTCACTGTAAGCT-1,52,84,0.46209812,0.96780026,0.6597643,-0.5508159,-0.28219897,-0.35797286
GAGGTCCAAGTAGCTA-1,63,19,1.0114043,1.5728923,0.95716035,0.5107258,0.44402885,0.41511384
GAGGTGAGATCATTGG-1,70,26,1.8153809,2.5425377,0.76113063,2.0644217,1.6077914,-0.094469145
GAGGTGAGGATTCATT-1,65,25,1.114102,1.5890269,0.48647752,0.70919055,0.4633935,-0.8084351
GAGGTGCATTCGGATC-1,39,65,0.23104906,0.0,0.5198604,-0.9973213,-1.443747,-0.7216557
GAGGTGCGGCTGACCA-1,10,54,0.11552453,0.44793987,0.48647752,-1.220574,-0.9061323,-0.8084351
GAGGTGGCTCGAGGTT-1,37,111,0.11552453,0.1732868,0.3465736,-1.220574,-1.2357693,-1.1721181
GAGGTGTAGCAACTCA-1,28,40,0.7979153,0.44793987,1.3367769,0.09815539,-0.9061323,1.4019341
GAGTAACGTGGCTTGA-1,59,67,0.0,0.3465736,0.5756463,-1.4438268,-1.0277915,-0.57663924
GAGTAGACGCAGGCTC-1,33,33,0.11552453,0.5198604,0.9460474,-1.220574,-0.81981367,0.38622555
GAGTAGATACGTCAAC-1,9,79,1.1641194,1.8405026,0.27465308,0.8058498,0.76521313,-1.3590767
GAGTAGATTATGGTTC-1,25,103,0.23104906,0.3465736,0.79451346,-0.9973213,-1.0277915,-0.007689841
GAGTAGGATGGTAGTC-1,34,72,0.48172864,1.4381431,0.5198604,-0.5128796,0.2823037,-0.7216557
GAGTCACCGTCCTCCA-1,4,108,0.48172864,0.72259295,0.8815901,-0.5128796,-0.5764953,0.2186676
GAGTCCACGCCTGAAG-1,55,91,1.0067091,1.7886539,0.54930615,0.5016523,0.7029846,-0.6451109
GAGTCCACTCATAACA-1,41,85,0.0,0.0,0.27465308,-1.4438268,-1.443747,-1.3590767
GAGTCCTCTAGCGACA-1,54,34,0.23104906,0.96780026,0.5198604,-0.9973213,-0.28219897,-0.7216557
GAGTCCTGTTACATCT-1,2,18,1.0965419,2.3852704,0.6412373,0.67525536,1.4190401,-0.4061341
GAGTCGAGCGTGCTTC-1,2,36,0.8283022,1.2354106,0.3465736,0.15687853,0.038985305,-1.1721181
GAGTCTCGAGATAGTC-1,43,107,0.89118457,1.0397208,1.2940375,0.27839956,-0.1958804,1.2908323
GAGTCTGACTATAGAA-1,21,59,0.8086717,1.4876606,0.5756463,0.11894234,0.34173432,-0.57663924
GAGTGCAGCGTCATCG-1,54,38,0.0,0.0,0.48647752,-1.4438268,-1.443747,-0.8084351
GAGTGCCGCATTAGGC-1,45,67,0.7127777,0.5198604,0.62122667,-0.0663742,-0.81981367,-0.45815215
GAGTGCGGATACAGTC-1,65,45,0.23104906,0.3465736,0.9344174,-0.9973213,-1.0277915,0.35599315
GAGTGCGTACTGTAAC-1,10,26,1.3233713,1.7774699,1.2263187,1.1136063,0.6895616,1.114796
GAGTGGAGCAAGCGCA-1,26,90,0.52967566,1.6319895,0.44793987,-0.42022133,0.5149569,-0.90861446
GAGTTAATCTCGTTAT-1,17,79,0.52967566,1.3195287,0.48647752,-0.42022133,0.13994338,-0.8084351
GAGTTACTCAATGGAA-1,34,102,0.23104906,0.3465736,0.9222199,-0.9973213,-1.0277915,0.3242854
GAGTTAGCAGTAGATG-1,53,109,1.6395578,2.125266,0.79451346,1.7246411,1.1069845,-0.007689841
GAGTTCTATCGTGCCT-1,30,56,0.29862657,0.6931472,0.9344174,-0.8667269,-0.61183596,0.35599315
GAGTTGGTATTAATAG-1,11,51,0.52967566,1.196873,0.9344174,-0.42022133,-0.0072673145,0.35599315
GATAAGCACGTGCGTA-1,28,106,0.46209812,0.3465736,0.9158904,-0.5508159,-1.0277915,0.3078318
GATAAGTTGGCGATTA-1,63,81,1.0965419,1.9752518,0.96780026,0.67525536,0.9269383,0.44277248
GATAATCAGCTATTGT-1,35,25,1.1269288,1.9752518,1.7644744,0.7339785,0.9269383,2.513742
GATACCTCGCGACTGC-1,9,49,0.9506304,1.1751201,0.67701256,0.3932795,-0.033374935,-0.31313565
GATACTTCACTCAGCA-1,56,56,0.11552453,0.1732868,0.27465308,-1.220574,-1.2357693,-1.3590767
GATAGAGTCTGAATCG-1,50,34,0.6931472,0.54930615,0.48647752,-0.10431039,-0.78447306,-0.8084351
GATAGAGTGATAAGCT-1,54,22,1.5516977,2.3864174,0.84182394,1.5548502,1.4204167,0.11529463
GATAGATATGGTTCCG-1,1,67,1.2120664,1.9194659,0.62122667,0.89850813,0.8599844,-0.45815215
GATAGATGTTGAAGAT-1,59,73,0.7303378,1.9032078,0.84182394,-0.03243902,0.84047145,0.11529463
GATAGTGACACTCCAA-1,51,53,0.0,0.866434,1.0235862,-1.4438268,-0.40385816,0.58778894
GATATCCATATGAGGC-1,57,13,1.6853544,2.4220781,1.4104768,1.8131435,1.4632165,1.5935185
GATATCTTGTGACACG-1,40,26,0.6452002,1.0235862,1.659969,-0.1969686,-0.21524508,2.242078
GATATGCTCACGTTAC-1,64,54,0.0,0.1732868,0.5198604,-1.4438268,-1.2357693,-0.7216557
GATCACGGCGTCTGGA-1,5,7,1.7194868,2.496267,1.1358237,1.879105,1.5522577,0.87955266
GATCACTTAACGGATT-1,20,114,0.23104906,0.62122667,1.0474137,-0.9973213,-0.6981545,0.64972913
GATCATCGGTGCGTTC-1,2,44,0.6452002,1.2207005,0.3465736,-0.1969686,0.02133037,-1.1721181
GATCCACCGCGTGCAA-1,42,80,0.0,0.0,0.4023595,-1.4438268,-1.443747,-1.0271015
GATCCACCTTACCTTG-1,5,83,0.0,0.44793987,0.96780026,-1.4438268,-0.9061323,0.44277248
GATCCATAGGATGTAA-1,12,112,0.3465736,0.0,0.866434,-0.7740686,-1.443747,0.1792689
GATCCGGACATACACC-1,24,28,0.7803552,1.4086974,0.8815901,0.064220324,0.24696307,0.2186676
GATCGCGGAGTCTAAT-1,8,110,0.6452002,0.72259295,0.7489331,-0.1969686,-0.5764953,-0.12617692
GATCGGAGATACGCAG-1,34,54,0.8458623,0.5198604,1.3638302,0.19081372,-0.81981367,1.4722599
GATCGTAACATTAATA-1,13,67,0.90268344,1.9478807,0.3465736,0.30062127,0.8940877,-1.1721181
GATCGTAAGAGTCGCA-1,22,92,0.8458623,1.0063379,0.9344174,0.19081372,-0.23594636,0.35599315
GATCGTCATGCGGAGG-1,63,37,0.11552453,0.62122667,0.5198604,-1.220574,-0.6981545,-0.7216557
GATCGTGGCCACAACC-1,20,48,0.57762265,0.3465736,0.72259295,-0.32756314,-1.0277915,-0.19464858
GATCGTTGTATCTACT-1,74,14,0.23104906,0.96780026,0.0,-0.9973213,-0.28219897,-2.0730426
GATCTATGAAGATGCG-1,52,50,0.3465736,0.3465736,0.72259295,-0.7740686,-1.0277915,-0.19464858
GATCTTGTCATGATCT-1,63,51,0.11552453,0.0,0.3465736,-1.220574,-1.443747,-1.1721181
GATGACTCTGAATCTT-1,64,50,0.11552453,0.1732868,0.3465736,-1.220574,-1.2357693,-1.1721181
GATGAGTGAACGGCTG-1,34,42,0.48172864,0.6931472,0.3465736,-0.5128796,-0.61183596,-1.1721181
GATGCCACATTATCAC-1,3,55,0.0,1.1249524,0.4023595,-1.4438268,-0.09358588,-1.0271015
GATGCCAGACATAATG-1,14,46,0.8654928,0.96780026,0.83305115,0.22874992,-0.28219897,0.09248959
GATGCCATCTATAACC-1,0,114,0.11552453,0.3465736,0.97800577,-1.220574,-1.0277915,0.46930188
GATGCCGACAGATATT-1,10,56,0.0,0.9222199,0.65976435,-1.4438268,-0.3369043,-0.3579727
GATGCCTAGAGTCTGT-1,42,64,0.0,0.0,0.27465308,-1.4438268,-1.443747,-1.3590767
GATGCGGTCCAGCTTA-1,76,28,0.0,0.0,0.0,-1.4438268,-1.443747,-2.0730426
GATGGACCTGGACGGA-1,50,48,0.7803552,0.9222199,0.9093965,0.064220324,-0.3369043,0.29095086
GATGGACGGCAGATGA-1,54,32,0.3465736,0.96780026,0.48647752,-0.7740686,-0.28219897,-0.8084351
GATGGATCGTGGAGGT-1,0,88,0.4141511,1.0397208,0.7489331,-0.64347416,-0.1958804,-0.12617692
GATGTAGCGAGGTCCA-1,46,86,0.7803552,1.6448128,0.67701256,0.064220324,0.5303474,-0.31313565
GATGTAGGAGTTGGCC-1,32,64,0.87624925,1.5819843,0.48647752,0.24953686,0.45494097,-0.8084351
GATGTTCTATAGGATA-1,9,83,0.8830529,0.8741269,0.3465736,0.26268497,-0.39462516,-1.1721181
GATTATGTGACATGAT-1,42,8,1.1269288,0.79451346,1.6857202,0.7339785,-0.49017674,2.3090189
GATTCCATACTGAACC-1,35,51,0.7127777,0.3465736,0.89587975,-0.0663742,-1.0277915,0.25581372
GATTCCATTGAGTTGA-1,44,86,0.0,0.0,0.44793987,-1.4438268,-1.443747,-0.90861446
GATTCCGCTATCGGCT-1,15,39,0.43984285,0.27465308,0.44793987,-0.5938245,-1.11411,-0.90861446
GATTCCGCTGCAAGAT-1,46,66,0.3465736,0.5756463,0.5198604,-0.7740686,-0.75285983,-0.7216557
GATTCCGTCTAACGTT-1,70,14,1.4033002,2.4695425,1.2090704,1.26807,1.520183,1.0699589
GATTCCGTGCGTATAC-1,35,103,0.18310206,0.27465308,0.72259295,-1.0899795,-1.11411,-0.19464858
GATTCCTGCAGATCGT-1,52,12,1.3053356,2.2597098,0.62122667,1.0787522,1.2683431,-0.45815215
GATTCGCCATGTATCA-1,45,9,0.9917738,1.6275645,1.788263,0.4727896,0.5096461,2.5755808
GATTGACTCCATGCGA-1,64,76,1.297204,2.0299242,1.1610978,1.0630378,0.9925557,0.945253
GATTGTCGCAACGAGG-1,36,94,1.1444889,2.1183105,0.48647752,0.7679137,1.0986364,-0.8084351
GCAACAGCCTGCTCTA-1,15,19,1.8880869,2.7743526,1.2982392,2.204927,1.8860141,1.3017548
GCAACAGGCCATTGAC-1,27,37,1.1748759,1.7167333,1.5171064,0.82663685,0.61666596,1.8707042
GCAACATACATCAGCA-1,21,73,0.48172864,2.3116198,0.804719,-0.5128796,1.3306451,0.018839568
GCAACATCAGTCAAGT-1,12,92,0.67089194,1.1249524,1.0986123,-0.14731896,-0.09358588,0.7828209
GCAAGAATGTTCCACC-1,35,21,1.4367453,2.393746,1.0923619,1.3327031,1.4292123,0.7665729
GCAAGAGTCGGTGGAC-1,3,13,1.966421,2.5206175,1.0585266,2.3563087,1.5814829,0.6786174
GCAAGATAGGTTAACT-1,38,62,0.11552453,0.0,0.3465736,-1.220574,-1.443747,-1.1721181
GCAAGCACTACCGCCA-1,15,63,0.93307036,2.167779,0.1732868,0.35934442,1.1580082,-1.6225803
GCAAGCTTATTGACGT-1,10,74,0.7499683,1.7661898,0.4023595,0.0054971743,0.67602336,-1.0271015
GCAATACATGAGGACA-1,23,91,0.3465736,1.0955067,0.62122667,-0.7740686,-0.12892652,-0.45815215
GCAATCCTCGAGCGTT-1,45,21,0.4992887,1.0235862,1.4876606,-0.47894454,-0.21524508,1.7941594
GCAATCGTGACTCCAA-1,60,46,0.9634573,1.7623137,1.2090704,0.41806757,0.6713713,1.0699589
GCAATTAATCAACGTA-1,32,106,0.6648307,1.8595959,0.79451346,-0.15903242,0.78812873,-0.007689841
GCAATTCCTATCATAC-1,56,68,0.3465736,0.44793987,1.141087,-0.7740686,-0.9061323,0.8932348
GCAATTCTGTGACAGA-1,54,26,1.6741644,2.3386102,1.3220668,1.7915188,1.3630388,1.363695
GCACAGCAGTCTGTAA-1,16,110,0.3662041,0.6931472,1.2354107,-0.7361323,-0.61183596,1.1384308
GCACAGCTGTGGTTGA-1,51,79,0.8086717,2.3286753,1.3343846,0.11894234,1.351115,1.3957154
GCACAGGCTCTACCAT-1,4,8,1.3691677,2.1522608,0.65976435,1.2021085,1.1393834,-0.3579727
GCACATCGTCTGCGGA-1,8,118,0.18310206,0.27465308,0.9222199,-1.0899795,-1.11411,0.3242854
GCACCGAAGATGTCTA-1,61,77,0.7803552,1.908826,0.866434,0.064220324,0.8472144,0.1792689
GCACCTAGCCGAATCT-1,38,40,0.5668662,1.3367769,0.5198604,-0.34835008,0.1606445,-0.7216557
GCACCTTACTGGCTAC-1,41,75,0.11552453,0.1732868,0.44793987,-1.220574,-1.2357693,-0.90861446
GCACCTTAGCCTCGCA-1,25,99,0.23104906,0.5198604,0.67701256,-0.9973213,-0.81981367,-0.31313565
GCACCTTCGCGGTAGA-1,3,69,0.76752836,1.413998,0.72259295,0.03943224,0.25332487,-0.19464858
GCACGAGCAGTACCGA-1,19,23,1.2758985,2.003584,0.72259295,1.0218644,0.9609423,-0.19464858
GCACGAGCTATTGTCG-1,69,41,0.57762265,0.44793987,1.141087,-0.32756314,-0.9061323,0.8932348
GCACGCAACCATACCA-1,38,18,0.89587975,1.6286782,1.2839496,0.28747305,0.51098275,1.2646087
GCACGCATAGATTGCT-1,32,42,0.23104906,0.27465308,0.27465308,-0.9973213,-1.11411,-1.3590767
GCACGCATAGGCGATC-1,42,78,0.23104906,0.62122667,0.5756463,-0.9973213,-0.6981545,-0.57663924
GCACGCGTGACATCAG-1,1,19,1.2377582,2.020832,0.5756463,0.9481578,0.98164344,-0.57663924
GCACGGAAGGATAGTA-1,20,24,1.3965516,1.7847167,1.16349,1.2550282,0.69825923,0.9514718
GCACTACACTATTGCG-1,46,38,0.3465736,0.79451346,0.44793987,-0.7740686,-0.49017674,-0.90861446
GCACTCCGACTGGCGT-1,70,42,0.11552453,0.3465736,0.5198604,-1.220574,-1.0277915,-0.7216557
GCACTCTGTTGCCATA-1,49,97,1.2749487,2.2923794,0.5756463,1.0200291,1.3075529,-0.57663924
GCACTCTTGCTACCGA-1,66,34,0.3465736,0.54930615,0.73610973,-0.7740686,-0.78447306,-0.15951145
GCACTGAATATGACAG-1,53,75,1.4431156,2.629398,0.79451346,1.3450139,1.7120407,-0.007689841
GCACTGCCTCGATGCG-1,29,19,2.0019195,2.188501,2.402447,2.42491,1.1828785,4.172164
GCACTGGACGCAGCAC-1,29,101,0.18310206,0.54930615,0.1732868,-1.0899795,-0.78447306,-1.6225803
GCACTGTTGCGGCCTT-1,37,33,0.38376418,1.141087,1.0548769,-0.70219725,-0.07422121,0.6691299
GCAGACGCCTGGTTAT-1,53,91,0.4141511,0.89587975,0.78387356,-0.64347416,-0.36851755,-0.03534848
GCAGATACGTTGAACG-1,45,27,0.7217889,0.4023595,0.95166564,-0.048959915,-0.96083754,0.4008302
GCAGATAGTTGGAGAC-1,8,6,1.543664,2.7030976,0.89587975,1.539325,1.8004944,0.25581372
GCAGATCCTAATGTGG-1,39,83,0.6648307,0.96780026,0.7489331,-0.15903242,-0.28219897,-0.12617692
GCAGCCGGATGCCGCA-1,13,79,0.76752836,2.029924,0.27465308,0.03943224,0.99255544,-1.3590767
GCAGCGACAGTTCGGT-1,61,27,0.7127777,1.5511395,0.48647752,-0.0663742,0.41792122,-0.8084351
GCAGCGATCTAACGAA-1,12,58,0.98101735,1.5728923,1.0826833,0.45200264,0.44402885,0.7414132
GCAGGCAGTGATCTAC-1,41,19,0.9917738,1.2090704,2.1312904,0.4727896,0.007372045,3.4672873
GCAGGCCAACATCGCT-1,0,96,0.4141511,0.0,0.65976435,-0.64347416,-1.443747,-0.3579727
GCAGGCCATTCCTGCC-1,41,69,0.18310206,0.0,0.27465308,-1.0899795,-1.443747,-1.3590767
GCAGGCTACCGTCCTT-1,28,84,1.037096,1.8475454,0.27465308,0.56037545,0.7736658,-1.3590767
GCAGGCTGGTTCCAAG-1,22,50,0.52967566,0.79451346,1.2982392,-0.42022133,-0.49017674,1.3017548
GCAGGTCACTACCTCA-1,44,98,0.9985774,1.9037013,0.85029936,0.4859377,0.8410638,0.13732664
GCAGGTGCTGATGCTT-1,32,38,0.38376418,1.5261983,0.5198604,-0.70219725,0.38798693,-0.7216557
GCAGTACTCAACGAAG-1,1,117,0.0,0.1732868,0.0,-1.4438268,-1.2357693,-2.0730426
GCAGTAGATGTCCAAT-1,33,13,2.368048,2.5386007,0.94030005,3.1324582,1.6030662,0.37128514
GCAGTTCGGCATTAGC-1,21,111,0.8351059,1.3701597,0.6412373,0.17002676,0.20071045,-0.4061341
GCATAACCGAGGTGAT-1,51,45,0.80604696,0.3465736,1.3823572,0.11386997,-1.0277915,1.5204211
GCATACTAGCATCGAA-1,48,54,0.4992887,1.0235862,0.3465736,-0.47894454,-0.21524508,-1.1721181
GCATGACGGATTATCA-1,43,77,0.0,0.5198604,0.7611306,-1.4438268,-0.81981367,-0.0944693
GCATGCTGAGACAGGT-1,40,42,1.0114043,1.8257926,0.9093965,0.5107258,0.7475582,0.29095086
GCATGTCGAGTGTCTT-1,59,99,1.7178917,2.2487912,1.2526588,1.8760223,1.2552387,1.1832677
GCATTACCTGTCAAGA-1,29,75,0.3662041,1.2982392,0.5756463,-0.7361323,0.114391886,-0.57663924
GCATTGACTACAGCGA-1,36,90,0.23104906,0.62122667,0.6412373,-0.9973213,-0.6981545,-0.4061341
GCATTGCTGTTCCATC-1,7,47,1.0593513,1.1249524,0.3465736,0.60338414,-0.09358588,-1.1721181
GCATTGGTTACCAAGC-1,25,85,0.93307036,1.8381103,0.4023595,0.35934442,0.7623419,-1.0271015
GCCACGAAGGAATTCC-1,49,7,0.6648307,0.95166564,0.997246,-0.15903242,-0.30156365,0.51931727
GCCACGACCGTTAAGT-1,69,23,1.7079881,2.55999,0.82395923,1.8568836,1.6287374,0.06885499
GCCACGCCTTAGTACG-1,55,11,1.7409588,2.679934,0.94030005,1.9205999,1.7726936,0.37128514
GCCACTATAGACCATA-1,25,57,0.59725314,0.67701256,1.0063379,-0.28962693,-0.6312006,0.54295176
GCCACTCCGTCACCTC-1,28,10,1.6248227,2.742962,0.83305115,1.6961653,1.8483393,0.09248959
GCCAGACAGACGCCTA-1,20,94,1.1337324,1.0235862,0.5756463,0.74712664,-0.21524508,-0.57663924
GCCAGACATCTATCAC-1,46,80,0.9506304,1.9516741,0.5756463,0.3932795,0.89864045,-0.57663924
GCCAGTAGACGATACC-1,39,67,0.18310206,0.5198604,0.62122667,-1.0899795,-0.81981367,-0.45815215
GCCAGTGCTCTACACT-1,3,9,1.5214494,2.237698,0.79451346,1.4963951,1.2419248,-0.007689841
GCCAGTTAATTCTTGC-1,66,94,0.29862657,1.7623137,0.72259295,-0.8667269,0.6713713,-0.19464858
GCCAGTTCCTCGTGCC-1,50,82,0.52967566,2.0145028,0.6931472,-0.42022133,0.97404706,-0.27119341
GCCATTCTCGTGTAGA-1,12,72,0.11552453,0.62122667,0.4023595,-1.220574,-0.6981545,-1.0271015
GCCATTCTTGCAACCA-1,3,53,0.52967566,0.997246,0.5198604,-0.42022133,-0.24685834,-0.7216557
GCCATTGAGTGCTGCG-1,3,79,0.11552453,0.1732868,0.6931472,-1.220574,-1.2357693,-0.27119341
GCCATTGATACTCAAG-1,3,57,0.7127777,1.7700067,0.90272945,-0.0663742,0.6806043,0.27361968
GCCATTGCATGTTAAC-1,61,35,0.23104906,0.0,0.70830333,-0.9973213,-1.443747,-0.23179471
GCCATTGTAACTGATC-1,49,87,0.0,0.3465736,0.3465736,-1.4438268,-1.0277915,-1.1721181
GCCATTGTAATGTCTT-1,20,30,1.2210776,0.67701256,1.9014726,0.9159223,-0.6312006,2.8698714
GCCGAGTCCTCGTCCA-1,47,75,1.1898111,2.3725605,0.5198604,0.85549945,1.4037858,-0.7216557
GCCGATCGAGTGAAGT-1,17,57,0.11552453,0.0,0.27465308,-1.220574,-1.443747,-1.3590767
GCCGATCTCGTGACTC-1,10,70,0.6452002,1.0955067,0.4023595,-0.1969686,-0.12892652,-1.0271015
GCCGCACTTCGTCTAT-1,7,75,1.2458898,1.8124814,1.141087,0.96387225,0.7315822,0.8932348
GCCGCTGATTGGCCAG-1,34,70,0.7127777,1.7774699,0.54930615,-0.0663742,0.6895616,-0.6451109
GCCGCTTCTAAGGTGA-1,19,29,1.9159293,2.1959639,1.4357508,2.2587328,1.1918355,1.6592189
GCCGGCGAACCATTGT-1,26,40,1.0114043,0.27465308,0.89587975,0.5107258,-1.11411,0.25581372
GCCGGCGTAGGTGACG-1,10,14,1.4255553,2.0707471,0.6412373,1.3110784,1.0415512,-0.4061341
GCCGGCGTGAACTTGC-1,43,53,0.0,0.0,0.4023595,-1.4438268,-1.443747,-1.0271015
GCCGGTATGCTCATGC-1,40,72,0.0,0.1732868,0.1732868,-1.4438268,-1.2357693,-1.6225803
GCCGTACCAGATCTAG-1,14,34,0.48172864,1.0397208,0.6931472,-0.5128796,-0.1958804,-0.27119341
GCCGTATGCCAGTCTT-1,31,105,1.1526206,1.7318895,0.48647752,0.78362817,0.6348563,-0.8084351
GCCTATAGCATACCTT-1,30,30,0.98101735,1.2207005,1.2424533,0.45200264,0.02133037,1.1567384
GCCTCATGCGAGCAGG-1,68,82,0.48172864,0.5198604,1.0235862,-0.5128796,-0.81981367,0.58778894
GCCTCCAACAGTAGCC-1,7,95,0.11552453,0.0,0.8145241,-1.220574,-1.443747,0.044328224
GCCTCCGTCTACCTCG-1,46,8,0.8283022,0.79451346,1.8146031,0.15687853,-0.49017674,2.6440525
GCCTCCTGCGGCCGTT-1,20,70,0.11552453,0.1732868,0.44793987,-1.220574,-1.2357693,-0.90861446
GCCTGGAACGTCTGCT-1,12,86,1.0289644,1.6903932,0.67701256,0.544661,0.5850527,-0.31313565
GCCTGGACCTATTGTC-1,12,34,0.7803552,0.62122667,0.9222199,0.064220324,-0.6981545,0.3242854
GCCTGGAGCAAGTTAG-1,19,93,0.48172864,0.3465736,0.6931472,-0.5128796,-1.0277915,-0.27119341
GCCTGGTAAGGCGACT-1,8,92,0.11552453,0.44793987,0.59947383,-1.220574,-0.9061323,-0.51469904
GCCTGGTACATGGTCG-1,29,57,0.23104906,0.3465736,0.4023595,-0.9973213,-1.0277915,-1.0271015
GCCTGGTCAGGTTGCC-1,39,87,1.3729132,1.7700067,0.48647752,1.2093468,0.6806043,-0.8084351
GCCTGTGAAGTCGGCG-1,59,45,1.5464888,1.555644,0.928393,1.5447838,0.42332757,0.34033257
GCCTGTGACACCAGAA-1,18,84,0.7607247,1.3529115,0.48647752,0.026284128,0.18000917,-0.8084351
GCCTTAATTGACGGAT-1,6,62,1.1898111,2.1276932,0.79451346,0.85549945,1.1098975,-0.007689841
GCCTTCGATCAGGTCG-1,77,21,0.0,0.0,0.0,-1.4438268,-1.443747,-2.0730426
GCCTTCGCTTATGTTC-1,36,12,1.0289644,1.1249524,1.3367769,0.544661,-0.09358588,1.4019341
GCCTTCTGATTCCGTC-1,57,99,1.4512472,2.2553997,0.85029936,1.3607283,1.2631701,0.13732664
GCCTTCTGTCACGCTC-1,38,42,0.38376418,1.420895,0.4023595,-0.70219725,0.26160258,-1.0271015
GCCTTGAGATCTGAGC-1,26,96,0.11552453,0.27465308,0.6931472,-1.220574,-1.11411,-0.27119341
GCCTTGCCACTTCTGA-1,32,58,0.11552453,0.0,0.48647752,-1.220574,-1.443747,-0.8084351
GCCTTGCCTAGTCGAT-1,68,16,0.8283022,1.6742586,1.4797235,0.15687853,0.565688,1.7735265
GCCTTGGCGAACAATC-1,32,66,0.0,0.0,0.27465308,-1.4438268,-1.443747,-1.3590767
GCGAATAGTGGCTAAT-1,38,96,0.3465736,0.62122667,0.27465308,-0.7740686,-0.6981545,-1.3590767
GCGAATCGAGAACACG-1,44,72,0.7499683,1.280991,0.67701256,0.0054971743,0.09369061,-0.31313565
GCGAATGCAGTGTCAA-1,53,99,1.0114043,2.0709999,1.0760162,0.5107258,1.0418545,0.7240818
GCGAATTGGCTAGCCA-1,60,92,0.68239075,1.9356005,1.14878,-0.12509735,0.87934905,0.9132327
GCGACACTAAGCTAAG-1,36,76,0.23104906,0.44793987,0.0,-0.9973213,-0.9061323,-2.0730426
GCGACAGTGCCGCACC-1,40,98,0.11552453,0.3465736,0.0,-1.220574,-1.0277915,-2.0730426
GCGAGCGGACCATAAC-1,27,67,0.9695185,2.2782369,0.97800577,0.42978093,1.2905791,0.46930188
GCGAGCGGTTGTCATG-1,33,109,0.89118457,1.555644,0.67701256,0.27839956,0.42332757,-0.31313565
GCGAGGATCGACCTTA-1,33,89,0.0,0.27465308,0.1732868,-1.4438268,-1.11411,-1.6225803
GCGAGGTGCTACCTCG-1,3,63,1.4127287,2.4550266,0.44793987,1.2862906,1.5027611,-0.90861446
GCGATCTTGCTCACGC-1,32,40,0.26823965,0.1732868,0.5756463,-0.92545,-1.2357693,-0.57663924
GCGATGACCGTGTAAT-1,35,91,0.11552453,0.79451346,0.9829564,-1.220574,-0.49017674,0.48217118
GCGATGCCTCTAAGTC-1,5,11,1.4708776,1.9285578,0.67701256,1.3986644,0.87089634,-0.31313565
GCGATGGAGCTACATT-1,66,14,0.8654928,1.8475454,1.1705328,0.22874992,0.7736658,0.9697796
GCGATGTACTGCTATT-1,63,55,0.0,0.0,0.44793987,-1.4438268,-1.443747,-0.90861446
GCGATTCTAACAGTAA-1,55,7,1.445186,2.2553997,1.0063379,1.349015,1.2631701,0.54295176
GCGGAGCCTGTAACAT-1,72,44,0.52967566,0.1732868,0.5198604,-0.42022133,-1.2357693,-0.7216557
GCGGCAAGTGTTATGT-1,37,55,0.7303378,0.27465308,1.2982392,-0.03243902,-1.11411,1.3017548
GCGGTCCATCACGGCA-1,3,109,0.3662041,0.44793987,0.84182394,-0.7361323,-0.9061323,0.11529463
GCGGTCCGCTGTCTCA-1,14,116,0.29862657,0.44793987,1.1016798,-0.8667269,-0.9061323,0.79079485
GCGGTCCTGTAGTCTG-1,37,109,0.0,0.0,0.27465308,-1.4438268,-1.443747,-1.3590767
GCGGTCGGCGTACCTT-1,19,7,1.4645876,2.2917538,0.85029936,1.3865087,1.306802,0.13732664
GCGGTCGTTGATCTTG-1,19,91,0.0,0.0,0.0,-1.4438268,-1.443747,-2.0730426
GCGGTGGACATCAATC-1,0,34,0.29862657,0.3465736,0.8145241,-0.8667269,-1.0277915,0.044328224
GCGGTGGCCGACGCAT-1,38,58,0.18310206,0.0,0.5198604,-1.0899795,-1.443747,-0.7216557
GCGGTTCTGTGGACGT-1,69,11,1.8157059,2.5244343,1.7963468,2.0650496,1.5860639,2.5965948
GCGGTTGCCTCGACGG-1,59,13,1.8046244,2.8043432,1.0474137,2.0436347,1.9220088,0.64972913
GCGTAACGTTACAGGT-1,59,19,1.3532826,1.9194659,1.4572364,1.1714103,0.8599844,1.715071
GCGTAATTCTTGCCTT-1,2,58,0.7303378,1.7823244,0.67701256,-0.03243902,0.695388,-0.31313565
GCGTACCGGAACGACA-1,24,10,1.6235927,2.6884098,1.578387,1.6937884,1.7828662,2.0300043
GCGTACCGGATGGCTC-1,24,50,0.4141511,0.1732868,0.7611306,-0.64347416,-1.2357693,-0.0944693
GCGTACCGTGTATCAG-1,32,76,0.46209812,0.89587975,0.3465736,-0.5508159,-0.36851755,-1.1721181
GCGTACGAATCTAATC-1,36,32,0.46209812,0.72259295,1.3484069,-0.5508159,-0.5764953,1.4321667
GCGTCCAGCAATTGGC-1,29,11,1.0850431,1.8475454,1.0859513,0.6530338,0.7736658,0.7499084
GCGTCCTCTGCCGTTG-1,15,93,0.23104906,0.3465736,0.7489331,-0.9973213,-1.0277915,-0.12617692
GCGTCGGAATGCTGCC-1,24,76,0.85399395,1.3438196,0.27465308,0.20652819,0.16909719,-1.3590767
GCGTCGGTCACGCCAG-1,37,105,0.4141511,0.67701256,0.48647752,-0.64347416,-0.6312006,-0.8084351
GCGTCTCGCAACTCAT-1,25,33,0.7127777,0.3465736,0.65976435,-0.0663742,-1.0277915,-0.3579727
GCGTTAATAGTCAGTA-1,62,46,0.57762265,1.3143739,0.997246,-0.32756314,0.13375656,0.51931727
GCGTTCGAGGCCACAA-1,13,85,0.4992887,1.7318895,0.9344174,-0.47894454,0.6348563,0.35599315
GCGTTCGATCTTGGCC-1,7,101,0.0,0.3465736,0.5756463,-1.4438268,-1.0277915,-0.57663924
GCGTTGTATCGGAGCT-1,50,28,0.7708288,0.27465308,0.95716035,0.045810364,-1.11411,0.41511384
GCTAACCATAGGCGTT-1,51,91,0.18310206,0.44793987,1.2559701,-1.0899795,-0.9061323,1.1918755
GCTACCATCCTGTAGA-1,22,58,0.18310206,0.6931472,0.44793987,-1.0899795,-0.61183596,-0.90861446
GCTACTTCTGACGCGA-1,51,69,1.0397208,2.2306647,0.62122667,0.5654478,1.2334833,-0.45815215
GCTATGCGTGAACGGT-1,23,43,1.0289644,0.96780026,1.7167333,0.544661,-0.28219897,2.3896382
GCTCAACCACGGCAAC-1,26,84,0.6452002,1.2424533,0.1732868,-0.1969686,0.047437992,-1.6225803
GCTCATACAATTAGAC-1,31,65,0.96138686,1.196873,0.3465736,0.41406646,-0.0072673145,-1.1721181
GCTCATTGGTTCAACA-1,75,35,0.11552453,0.0,0.27465308,-1.220574,-1.443747,-1.3590767
GCTCCGAGACTACATA-1,49,99,1.1337324,2.2069037,0.83305115,0.74712664,1.2049655,0.09248959
GCTCCGGCAACATGAT-1,64,92,1.0593513,1.6448128,0.8815901,0.60338414,0.5303474,0.2186676
GCTCCTATGTCTTCGC-1,55,21,0.89587975,1.6609474,0.62122667,0.28747305,0.54971206,-0.45815215
GCTCGATCGCAGCCAC-1,66,8,1.0850431,1.7725192,1.2718991,0.6530338,0.68361986,1.2332832
GCTCGATGCTCGCATG-1,19,87,0.7080825,1.5216937,0.44793987,-0.07544769,0.3825806,-0.90861446
GCTCGCATCGTCATTA-1,58,40,0.0,0.0,0.0,-1.4438268,-1.443747,-2.0730426
GCTCGGACCTTCAAGT-1,4,40,1.0485948,1.5171064,0.3465736,0.5825971,0.37707496,-1.1721181
GCTCGGAGATGAATGT-1,25,61,1.2749487,1.9609622,0.8815901,1.0200291,0.90978795,0.2186676
GCTCGTCTGCCGCAAT-1,36,8,1.0705411,0.3465736,1.4953536,0.6250086,-1.0277915,1.8141574
GCTGAATGACCGTGAG-1,48,92,0.8283022,1.3996055,0.866434,0.15687853,0.23605108,0.1792689
GCTGACAGCCGGAGCG-1,29,85,1.0593513,1.86368,0.3465736,0.60338414,0.7930305,-1.1721181
GCTGACCACGTCTTGG-1,0,86,1.1945063,2.1903877,1.196873,0.86457294,1.1851431,1.0382513
GCTGACCGCATCGGAT-1,8,34,0.29862657,0.6931472,0.73610973,-0.8667269,-0.61183596,-0.15951145
GCTGACTTGTCTCAAT-1,43,37,0.29862657,0.0,0.8145241,-0.8667269,-1.443747,0.044328224
GCTGAGGACAAGAAGT-1,57,55,0.11552453,0.3465736,0.1732868,-1.220574,-1.0277915,-1.6225803
GCTGAGTGTTCAACCG-1,45,19,0.8654928,0.85029936,1.5216937,0.22874992,-0.42322284,1.882629
GCTGCCGCCTATGTAG-1,51,85,0.4141511,1.2476082,0.8145241,-0.64347416,0.05362481,0.044328224
GCTGCGTTATGTGGAC-1,58,28,1.3600864,1.7289308,1.3484069,1.1845589,0.63130534,1.4321667
GCTGGATGACTCTACC-1,31,85,0.3465736,1.0235862,0.27465308,-0.7740686,-0.21524508,-1.3590767
GCTGTAGTGCTGTCGC-1,28,76,0.52967566,1.1249524,0.6412373,-0.42022133,-0.09358588,-0.4061341
GCTGTCGCGATGGTAG-1,67,95,0.23104906,0.1732868,0.6931472,-0.9973213,-1.2357693,-0.27119341
GCTGTCTAATTGGCAA-1,6,116,0.4141511,0.54930615,1.2318134,-0.64347416,-0.78447306,1.1290797
GCTGTTATGGTTGCCG-1,57,9,1.4255553,2.2487912,0.9878109,1.3110784,1.2552387,0.49479052
GCTGTTCAACCGAATA-1,58,18,1.6811348,2.4335303,1.3195287,1.8049892,1.4769614,1.3570973
GCTGTTCATCAGCGTC-1,64,100,1.1124269,1.5273119,1.280991,0.70595336,0.38932353,1.2569176
GCTGTTGATAGTCTTA-1,26,86,0.52967566,0.44793987,0.5756463,-0.42022133,-0.9061323,-0.57663924
GCTTAATAGAGGCGAG-1,26,6,2.0083065,2.933713,0.997246,2.437253,2.0772777,0.51931727
GCTTACAGATGTGCAC-1,16,116,0.0,0.3465736,0.3465736,-1.4438268,-1.0277915,-1.1721181
GCTTACCTCGTGCTAT-1,66,90,0.7127777,1.8771968,0.8145241,-0.0663742,0.8092532,0.044328224
GCTTACGCAATACTAG-1,3,25,1.6039623,2.034349,0.804719,1.6558523,0.99786633,0.018839568
GCTTAGACTACCAATG-1,62,14,1.220198,1.7244263,1.3367769,0.9142226,0.625899,1.4019341
GCTTATCCGCATTCTT-1,6,16,1.1594242,2.3041801,0.62122667,0.7967763,1.3217161,-0.45815215
GCTTCGATTGCGGTGC-1,75,19,0.11552453,0.1732868,0.3465736,-1.220574,-1.2357693,-1.1721181
GCTTCGCTCAAGCGAT-1,54,28,1.327591,1.16349,1.1658597,1.1217608,-0.04733326,0.9576317
GCTTCGGCATCAGAGT-1,53,65,0.18310206,0.1732868,0.65976435,-1.0899795,-1.2357693,-0.3579727
GCTTCTAAGTCTGACG-1,32,104,0.3465736,1.1249524,0.1732868,-0.7740686,-0.09358588,-1.6225803
GCTTCTAGCCGAACAG-1,77,27,0.0,0.0,0.0,-1.4438268,-1.443747,-2.0730426
GCTTCTAGCGTTCATT-1,33,73,0.7127777,0.7489331,0.1732868,-0.0663742,-0.54488206,-1.6225803
GCTTCTCCAGAACCGC-1,50,104,1.3729132,2.026327,1.0474137,1.2093468,0.9882383,0.64972913
GCTTCTGAACCGCTAT-1,4,10,1.7194868,2.5001535,0.48647752,1.879105,1.5569222,-0.8084351
GCTTCTGTATCGACGC-1,65,11,0.7979153,1.3143739,1.2424533,0.09815539,0.13375656,1.1567384
GCTTCTGTTACGAGAA-1,54,56,0.23104906,0.5198604,0.1732868,-0.9973213,-0.81981367,-1.6225803
GCTTCTTGAATCGGTT-1,14,16,1.066155,1.8521327,0.5756463,0.6165322,0.77917147,-0.57663924
GCTTCTTGGACGAGCG-1,24,72,0.8654928,1.7104039,0.7489331,0.22874992,0.60906947,-0.12617692
GCTTGACCTCCGCTTC-1,53,103,1.5958306,2.773168,0.7727606,1.6401376,1.8845925,-0.064236745
GCTTGAGCTCTTGACA-1,15,49,0.3465736,0.0,0.5198604,-0.7740686,-1.443747,-0.7216557
GCTTGCAATACAAGGC-1,58,14,1.4178572,2.1312904,1.1773825,1.2962016,1.1142149,0.98758537
GCTTGCCATAGTGGAT-1,19,73,0.57762265,1.3010017,1.0317836,-0.32756314,0.11770734,0.6090983
GCTTGCTTACTTAACG-1,25,55,0.7979153,1.4325249,0.6412373,0.09815539,0.27556077,-0.4061341
GCTTGGATCCAACCGG-1,26,106,0.7127777,0.866434,0.88883704,-0.0663742,-0.40385816,0.23750608
GCTTGGATGCTCGCTT-1,45,71,0.87624925,0.89587975,0.65976435,0.24953686,-0.36851755,-0.3579727
GCTTGGCACTCCGTCT-1,75,11,0.0,0.0,0.1732868,-1.4438268,-1.443747,-1.6225803
GCTTGGCAGCGGATCA-1,0,94,0.11552453,0.1732868,1.0826833,-1.220574,-1.2357693,0.7414132
GCTTGGCTGCGGTAAC-1,32,98,0.11552453,0.44793987,0.48647752,-1.220574,-0.9061323,-0.8084351
GCTTGGTCAACCGTGG-1,39,11,0.85399395,0.1732868,1.5261984,0.20652819,-1.2357693,1.894339
GCTTGGTGTTCGAACA-1,59,41,0.11552453,0.0,0.44793987,-1.220574,-1.443747,-0.90861446
GGAACAGGTGATCTCC-1,2,76,0.3465736,0.44793987,0.7727606,-0.7740686,-0.9061323,-0.064236745
GGAACATCGTGGAATC-1,51,43,0.7979153,1.0691665,1.3763329,0.09815539,-0.16053978,1.5047607
GGAACGATAACATTAT-1,18,6,1.6411527,2.4561112,0.9878109,1.7277234,1.5040628,0.49479052
GGAACTTCGACATGTC-1,28,44,0.23104906,0.44793987,1.0397208,-0.9973213,-0.9061323,0.6297312
GGAAGAATAACTAACC-1,14,74,1.1701807,1.9937192,0.6412373,0.81756335,0.94910276,-0.4061341
GGAAGCAGTCATTCAG-1,63,17,1.0114043,1.6994852,1.0397208,0.5107258,0.59596485,0.6297312
GGAAGCATTAGAGGCA-1,57,101,1.6842686,2.8322206,0.9625369,1.8110453,1.955467,0.4290902
GGAAGCTATGGCACAG-1,24,116,0.23104906,0.0,0.44793987,-0.9973213,-1.443747,-0.90861446
GGAAGTCTTGTCGCAT-1,61,53,0.11552453,0.0,0.27465308,-1.220574,-1.443747,-1.3590767
GGAATCCTTAGACTGT-1,41,61,0.18310206,0.27465308,0.44793987,-1.0899795,-1.11411,-0.90861446
GGAATGCACCTCAATA-1,5,35,1.327591,2.1004457,1.1249524,1.1217608,1.0771953,0.85129255
GGAATGCGCCGACAGG-1,74,16,0.52967566,0.54930615,0.3465736,-0.42022133,-0.78447306,-1.1721181
GGAATGGCAACTTGGA-1,44,84,0.11552453,0.5198604,0.54930615,-1.220574,-0.81981367,-0.6451109
GGAATGTCTTGTGCAC-1,9,97,0.11552453,0.5198604,0.59947383,-1.220574,-0.81981367,-0.51469904
GGACAGTGCGGCAACA-1,23,61,0.59725314,1.2424533,0.3465736,-0.28962693,0.047437992,-1.1721181
GGACCACTTATCGTTC-1,57,105,1.2424533,2.263597,0.8815901,0.9572313,1.2730085,0.2186676
GGACCAGATAGGATGT-1,71,25,1.6421026,2.5685124,1.0193844,1.729559,1.6389661,0.5768664
GGACCATCACCGCCAA-1,21,31,0.76752836,0.3465736,1.2424533,0.03943224,-1.0277915,1.1567384
GGACCGATCTGGATTA-1,34,84,0.23104906,0.44793987,0.0,-0.9973213,-0.9061323,-2.0730426
GGACCGCTTCCTGGCA-1,43,59,0.4141511,0.96780026,0.44793987,-0.64347416,-0.28219897,-0.90861446
GGACGAGTCTGTTCAC-1,20,116,0.11552453,0.3465736,0.73610973,-1.220574,-1.0277915,-0.15951145
GGACGGCTATCGACCA-1,8,68,0.11552453,0.3465736,0.9158904,-1.220574,-1.0277915,0.3078318
GGACGGTATGCGGCTG-1,5,15,1.7674338,2.5016913,0.89587975,1.9717631,1.5587678,0.25581372
GGACGGTGCAGTAGGA-1,17,75,0.98101735,1.4694339,0.44793987,0.45200264,0.3198587,-0.90861446
GGACGTACATACCAGA-1,61,45,1.493133,1.8110569,1.4776992,1.441673,0.72987247,1.7682643
GGACGTACTTCGGACA-1,65,19,1.1222336,2.371993,0.83305115,0.724905,1.4031048,0.09248959
GGACGTAGCCGCGTAA-1,11,113,0.11552453,0.44793987,1.2424533,-1.220574,-0.9061323,1.1567384
GGACGTAGTGTAGAAG-1,14,54,0.89587975,1.3939873,0.1732868,0.28747305,0.22930813,-1.6225803
GGACGTCGAACGGCTT-1,48,30,0.5668662,0.0,0.5756463,-0.34835008,-1.443747,-0.57663924
GGACGTCGAGGATTCA-1,47,109,1.2560607,1.8302972,0.804719,0.9835277,0.7529647,0.018839568
GGACGTCGCACGAGAA-1,35,99,0.48172864,0.9222199,0.97800577,-0.5128796,-0.3369043,0.46930188
GGACGTTAGATATTAC-1,39,13,0.87624925,0.5198604,1.2424533,0.24953686,-0.81981367,1.1567384
GGACGTTAGATTCAGG-1,67,77,0.7607247,1.4978662,1.2854159,0.026284128,0.3539829,1.2684203
GGACGTTGGAGGTGAT-1,33,97,0.6452002,0.44793987,0.866434,-0.1969686,-0.9061323,0.1792689
GGACTCACGGTCCAAT-1,15,81,1.0593513,1.9696336,0.4023595,0.60338414,0.92019534,-1.0271015
GGACTCACTAGAGCCG-1,9,31,0.57762265,0.6931472,0.7489331,-0.32756314,-0.61183596,-0.12617692
GGAGAAGCCAAGCGCT-1,44,26,1.0289644,1.1462419,0.96780026,0.544661,-0.06803439,0.44277248
GGAGACATGACCTAGG-1,2,68,1.8577002,2.6080136,0.54930615,2.1462042,1.6863751,-0.6451109
GGAGACTATTGTGACA-1,9,23,1.2377582,2.1375604,0.997246,0.9481578,1.12174,0.51931727
GGAGATCCGTAGGATA-1,59,101,0.68239075,1.5672741,1.5371171,-0.12509735,0.4372859,1.9227225
GGAGATCCTGTACCAG-1,21,83,0.59725314,1.2424533,0.27465308,-0.28962693,0.047437992,-1.3590767
GGAGATGCGTGCAGTA-1,63,69,0.57762265,0.44793987,1.0826833,-0.32756314,-0.9061323,0.7414132
GGAGATGGCTCGAGAT-1,49,39,0.914823,0.1732868,1.262464,0.32408115,-1.2357693,1.2087566
GGAGATGTGCCATAAC-1,11,5,1.876897,3.009354,1.1512926,2.1833022,2.1680617,0.91976416
GGAGCGAATTGGACGG-1,24,34,0.6982758,0.62122667,0.89587975,-0.09439926,-0.6981545,0.25581372
GGAGCGAGTGTAACTT-1,38,84,1.129987,2.003584,0.4023595,0.73988855,0.9609423,-1.0271015
GGAGCGGCACCTCGTA-1,35,83,0.0,0.6931472,0.3465736,-1.4438268,-0.61183596,-1.1721181
GGAGGTCGTAGGAGCT-1,43,41,0.4141511,1.2982392,0.70830333,-0.64347416,0.114391886,-0.23179471
GGAGTCCAGATAGCTT-1,49,85,0.5553674,0.62122667,0.59947383,-0.37057167,-0.6981545,-0.51469904
GGAGTCTAAGGCCGCT-1,16,70,0.46209812,2.0235946,0.48647752,-0.5508159,0.984959,-0.8084351
GGAGTCTAAGTGGTCC-1,36,108,0.23104906,0.0,0.54930615,-0.9973213,-1.443747,-0.6451109
GGAGTGTCCATGTATT-1,18,74,0.4992887,1.2130076,0.62122667,-0.47894454,0.012097359,-0.45815215
GGATAAGTCAGGATAG-1,52,22,1.1552453,2.2828245,0.85029936,0.7887005,1.2960852,0.13732664
GGATAATTATGCTGGT-1,40,10,0.29862657,0.1732868,0.7489331,-0.8667269,-1.2357693,-0.12617692
GGATAATTCAATGCTG-1,21,65,0.6648307,1.1106628,1.0474137,-0.15903242,-0.11073619,0.64972913
GGATCGAGTGTCCACT-1,11,37,0.23104906,0.0,0.1732868,-0.9973213,-1.443747,-1.6225803
GGATCGCTGGCATATT-1,25,53,0.48172864,1.141087,0.8145241,-0.5128796,-0.07422121,0.044328224
GGATCGGACGTCTTGT-1,16,98,0.8654928,1.5100636,0.4023595,0.22874992,0.36862227,-1.0271015
GGATCTTCTAAGCGAA-1,7,105,0.11552453,0.1732868,0.5198604,-1.220574,-1.2357693,-0.7216557
GGATGGATCACTCATA-1,47,45,0.4141511,0.62122667,0.928393,-0.64347416,-0.6981545,0.34033257
GGATTCCGACGTGATG-1,54,24,1.5872816,2.400325,1.8804648,1.6236166,1.4371086,2.8152611
GGATTCGATGTCCGGA-1,61,103,1.4658041,2.8244376,1.0585266,1.3888596,1.946126,0.6786174
GGCAAGACAATCAGCT-1,60,68,0.0,0.0,0.44793987,-1.4438268,-1.443747,-0.90861446
GGCAATGCGAACTTAA-1,16,76,1.1444889,2.162931,0.3465736,0.7679137,1.1521897,-1.1721181
GGCACGACGGACGTCG-1,15,73,1.327591,2.0290296,0.48647752,1.1217608,0.9914821,-0.8084351
GGCAGCCGGCACTTCC-1,24,36,0.85399395,0.5198604,1.4157401,0.20652819,-0.81981367,1.6072006
GGCAGCGTATACGACT-1,46,76,0.9587621,2.2470493,0.7727606,0.40899408,1.2531481,-0.064236745
GGCAGCTCCTGGACGG-1,62,88,1.4512472,2.2076359,0.6412373,1.3607283,1.2058443,-0.4061341
GGCAGGAAGTCTTCTA-1,24,108,0.23104906,0.1732868,0.5756463,-0.9973213,-1.2357693,-0.57663924
GGCATAATCCTATCGC-1,25,63,1.6262175,2.1968813,0.76113063,1.6988608,1.1929367,-0.094469145
GGCATAATCCTTCATG-1,60,18,1.2005676,1.7847167,1.0548769,0.8762865,0.69825923,0.6691299
GGCATACATGGCTCAG-1,50,40,0.59725314,0.1732868,0.97800577,-0.28962693,-1.2357693,0.46930188
GGCATCGAACCTCATA-1,0,30,0.4141511,0.5198604,1.3245794,-0.64347416,-0.81981367,1.3702265
GGCATTCCGATGCTCG-1,51,23,1.4999366,2.515955,0.6412373,1.4548211,1.575887,-0.4061341
GGCATTGCTAAGAATG-1,39,57,0.3662041,0.0,0.4023595,-0.7361323,-1.443747,-1.0271015
GGCCAAGATGGATGGC-1,17,51,0.52967566,1.141087,0.1732868,-0.42022133,-0.07422121,-1.6225803
GGCCAATAACGCTACA-1,53,113,0.7803552,1.4497732,0.5198604,0.064220324,0.29626203,-0.7216557
GGCCAGTAGGTATGAG-1,18,34,1.4208603,0.3465736,1.2130076,1.3020052,-1.0277915,1.0801935
GGCCATGCGTCTGTCG-1,1,41,1.4059248,1.4086974,0.96780026,1.2731421,0.24696307,0.44277248
GGCCATGCTCCTCGTG-1,12,26,1.1337324,1.8008515,0.97800577,0.74712664,0.71762407,0.46930188
GGCCATTAGCTAGTGG-1,8,20,1.1269288,1.9249606,1.141087,0.7339785,0.8665791,0.8932348
GGCCGGCGGTCTGTTA-1,73,27,0.4141511,0.3465736,0.54930615,-0.64347416,-1.0277915,-0.6451109
GGCCGGCTTCGTCAAC-1,6,82,0.0,0.6931472,0.3465736,-1.4438268,-0.61183596,-1.1721181
GGCCTGCGTTATGCCG-1,54,52,0.7127777,1.4157401,0.79451346,-0.0663742,0.25541577,-0.007689841
GGCCTTCGACCAGGTA-1,38,80,0.23104906,0.27465308,0.72259295,-0.9973213,-1.11411,-0.19464858
GGCCTTGGATGTTGTC-1,61,39,0.11552453,0.44793987,0.54930615,-1.220574,-0.9061323,-0.6451109
GGCGACCATAGCGTTA-1,47,95,1.4178572,2.4617293,0.89587975,1.2962016,1.5108056,0.25581372
GGCGACCTATCTGGCG-1,62,12,1.5333818,2.870018,1.1249524,1.5194545,2.0008314,0.85129255
GGCGAGGCAGCCTACT-1,35,111,0.11552453,0.0,0.1732868,-1.220574,-1.443747,-1.6225803
GGCGATCGGTCTGCTC-1,27,5,0.9985774,1.3701597,0.9625369,0.4859377,0.20071045,0.4290902
GGCGCCAAGGAGCGCT-1,29,17,1.8962188,2.05937,1.7357806,2.2206419,1.0278965,2.439152
GGCGCCACCGGAGCAA-1,49,81,1.037096,2.1968813,0.83305115,0.56037545,1.1929367,0.09248959
GGCGCCACTGAACATC-1,34,86,0.11552453,0.1732868,0.0,-1.220574,-1.2357693,-2.0730426
GGCGCCGTCGGACATA-1,57,91,1.6982613,2.500607,0.5198604,1.8380862,1.5574664,-0.7216557
GGCGCCGTGGTTACAT-1,3,41,0.8830529,1.9696336,0.44793987,0.26268497,0.92019534,-0.90861446
GGCGCTAATATGCTCC-1,52,38,0.4141511,0.0,0.79451346,-0.64347416,-1.443747,-0.007689841
GGCGCTTCACCAGCGA-1,4,96,0.23104906,0.5198604,0.8815901,-0.9973213,-0.81981367,0.2186676
GGCGGAAGTCTTGTAG-1,36,58,0.29862657,0.1732868,0.5756463,-0.8667269,-1.2357693,-0.57663924
GGCGGAGCACTGATAA-1,31,67,1.6634082,1.945806,0.5756463,1.7707322,0.8915976,-0.57663924
GGCGGAGTTGAACTAT-1,23,33,0.48172864,0.1732868,0.62122667,-0.5128796,-1.2357693,-0.45815215
GGCGGATACAACGCAC-1,62,74,0.9506304,1.6949805,0.997246,0.3932795,0.59055835,0.51931727
GGCGGATATTGATTGA-1,31,17,1.066155,1.5465522,1.0063379,0.6165322,0.4124156,0.54295176
GGCGTCGCCGTATGAT-1,53,89,0.38376418,0.54930615,0.5756463,-0.70219725,-0.78447306,-0.57663924
GGCGTGAACTCAACGG-1,7,85,0.11552453,0.1732868,0.62122667,-1.220574,-1.2357693,-0.45815215
GGCGTGCGCTAGATTA-1,2,48,1.037096,0.89587975,0.6931472,0.56037545,-0.36851755,-0.27119341
GGCGTGGCACGGCACT-1,33,77,0.11552453,0.62122667,0.1732868,-1.220574,-0.6981545,-1.6225803
GGCGTGTAATTACTTA-1,37,59,0.18310206,0.1732868,0.4023595,-1.0899795,-1.2357693,-1.0271015
GGCTAATGTCTAGCGT-1,14,108,0.23104906,0.3465736,0.8584968,-0.9973213,-1.0277915,0.15863602
GGCTCAATCAACATGA-1,50,72,1.4884377,2.4265027,0.7727606,1.4325993,1.4685268,-0.064236745
GGCTGACGCCGAATCA-1,37,81,0.18310206,1.0063379,0.3465736,-1.0899795,-0.23594636,-1.1721181
GGCTGCTAACTTCGCT-1,65,105,0.23104906,0.95166564,0.1732868,-0.9973213,-0.30156365,-1.6225803
GGCTGCTCCATAGCTG-1,65,111,0.9134398,2.174211,0.27465308,0.32140812,1.165728,-1.3590767
GGCTGTGGAATAGCGT-1,1,115,0.0,0.0,0.72259295,-1.4438268,-1.443747,-0.19464858
GGCTGTTCAATGTCAA-1,43,17,0.89587975,1.16349,2.061215,0.28747305,-0.04733326,3.2851245
GGCTTGCCATAGGCTC-1,19,77,0.3662041,1.5992324,0.6412373,-0.7361323,0.4756421,-0.4061341
GGTAAGGCGACGATGA-1,41,65,0.29862657,0.3465736,0.85029936,-0.8667269,-1.0277915,0.13732664
GGTACCACCTATACCT-1,22,8,1.8670617,2.636085,1.3343846,2.1642954,1.7200663,1.3957154
GGTACCAGGTAGTGTT-1,22,76,1.231697,2.2544923,0.1732868,0.9364444,1.262081,-1.6225803
GGTACGATCGACTTAA-1,31,87,0.0,0.0,0.5198604,-1.4438268,-1.443747,-0.7216557
GGTACGCTTACCTGCG-1,14,48,0.52967566,1.0691665,1.1905434,-0.42022133,-0.16053978,1.0217975
GGTACGGAGCATCAGC-1,19,55,0.18310206,1.32953,0.5198604,-1.0899795,0.15194687,-0.7216557
GGTACGGTATGCTCCA-1,58,66,0.23104906,0.0,0.5756463,-0.9973213,-1.443747,-0.57663924
GGTACGTGCTCGGCAA-1,27,11,1.6224719,2.779767,0.76113063,1.6916224,1.8925126,-0.094469145
GGTAGCCATCAATCCG-1,25,73,1.0965419,2.3251367,0.96780026,0.67525536,1.3468679,0.44277248
GGTAGCTTAGCCAATC-1,48,46,0.87624925,0.96780026,0.73610973,0.24953686,-0.28219897,-0.15951145
GGTAGGCCACATGCAA-1,9,7,1.9720081,2.8022785,0.83305115,2.3671057,1.9195307,0.09248959
GGTAGGTCTGGCTAAC-1,51,117,0.0,0.0,0.0,-1.4438268,-1.443747,-2.0730426
GGTAGGTTGTTCTAAG-1,61,87,1.4276638,2.7886622,0.8815901,1.315153,1.9031885,0.2186676
GGTAGTACAGGTTAGA-1,49,13,1.0114043,0.72259295,1.2050704,0.5107258,-0.5764953,1.0595607
GGTAGTACCGCAACAG-1,33,35,0.6452002,1.0063379,0.82395923,-0.1969686,-0.23594636,0.06885499
GGTAGTGCATGAAGTG-1,5,27,0.7803552,1.4928155,1.4191885,0.064220324,0.34792113,1.6161648
GGTAGTTGAAGTCCAT-1,13,5,0.98101735,1.8316164,1.0063379,0.45200264,0.75454795,0.54295176
GGTATGCAACAGTGGC-1,57,51,0.6452002,0.97800577,1.0621238,-0.1969686,-0.2699504,0.68796825
GGTCACCGCATAACAA-1,28,32,0.8283022,1.7774699,0.8815901,0.15687853,0.6895616,0.2186676
GGTCATGCTCTGCCAA-1,9,71,1.1418642,2.0299242,1.141087,0.76284134,0.9925557,0.8932348
GGTCCGGACGAGTGAA-1,9,99,0.29862657,0.6931472,0.72259295,-0.8667269,-0.61183596,-0.19464858
GGTCCTGCGAGTAGGT-1,27,51,0.7740652,0.62122667,1.2687935,0.052064776,-0.6981545,1.22521
GGTCTACAGGCTACAA-1,0,106,0.98101735,0.62122667,1.3343846,0.45200264,-0.6981545,1.3957154
GGTCTGAAGGTTCGAA-1,19,101,1.3327196,1.8530401,0.1732868,1.131672,0.7802605,-1.6225803
GGTCTGAAGTATGTCA-1,40,92,0.3662041,0.79451346,0.65976435,-0.7361323,-0.49017674,-0.3579727
GGTCTGAGATCCGCCA-1,68,88,0.11552453,0.62122667,0.1732868,-1.220574,-0.6981545,-1.6225803
GGTCTGCGAACTGTAT-1,39,93,0.4141511,0.866434,1.4357508,-0.64347416,-0.40385816,1.6592189
GGTCTGGTTGTAGAAC-1,36,114,0.0,0.0,0.3465736,-1.4438268,-1.443747,-1.1721181
GGTCTGTATCTTGTCG-1,0,60,0.46209812,1.9138477,0.9344174,-0.5508159,0.85324144,0.35599315
GGTCTGTTCACTAATC-1,4,56,0.52967566,1.2687935,0.8741269,-0.42022133,0.07905125,0.19926682
GGTCTTATAGGCTGGC-1,36,92,0.57762265,1.3638302,0.62122667,-0.32756314,0.19311377,-0.45815215
GGTCTTCCGCACATCC-1,33,41,0.46209812,0.27465308,0.5756463,-0.5508159,-1.11411,-0.57663924
GGTCTTCCGGCTGGAC-1,26,22,1.20131,2.698461,0.5756463,0.87772125,1.7949296,-0.57663924
GGTCTTGAACCGGCCA-1,40,60,0.18310206,0.1732868,0.7489331,-1.0899795,-1.2357693,-0.12617692
GGTCTTGATAACGTCA-1,25,115,0.23104906,0.0,0.27465308,-0.9973213,-1.443747,-1.3590767
GGTCTTGATTCAACCT-1,71,23,1.2536432,2.4754715,0.78387356,0.9788557,1.5272989,-0.03534848
GGTGATGGTACAATGG-1,75,15,0.0,0.3465736,0.0,-1.4438268,-1.0277915,-2.0730426
GGTGCAACCATGAGGA-1,75,23,0.8283022,0.6931472,1.5881573,0.15687853,-0.61183596,2.0554023
GGTGCAATCAGACTTC-1,39,111,0.29862657,1.196873,0.67701256,-0.8667269,-0.0072673145,-0.31313565
GGTGCACTCCGGTTCG-1,16,28,0.9134398,1.280991,1.0826833,0.32140812,0.09369061,0.7414132
GGTGCAGGCACCGCGT-1,40,96,0.0,0.0,0.44793987,-1.4438268,-1.443747,-0.90861446
GGTGCAGTGGTCTTAT-1,18,96,0.48172864,0.89587975,0.54930615,-0.5128796,-0.36851755,-0.6451109
GGTGCAGTTCCATATG-1,57,25,1.892712,2.4544826,1.3258263,2.213865,1.5021081,1.3734679
GGTGCATCCAGAACGG-1,4,30,0.52967566,0.6931472,0.8815901,-0.42022133,-0.61183596,0.2186676
GGTGCATGATACGGAT-1,70,10,1.9130555,2.859184,1.4357508,2.253179,1.9878284,1.6592189
GGTGCGTGGAGTTGGT-1,0,72,0.3465736,0.3465736,0.48647752,-0.7740686,-1.0277915,-0.8084351
GGTGGCTTATTGCGTG-1,52,76,1.066155,2.2168922,0.7727606,0.6165322,1.2169536,-0.064236745
GGTGTATGTTCCGATC-1,7,93,0.18310206,0.0,0.48647752,-1.0899795,-1.443747,-0.8084351
GGTGTCAAGCTGCACC-1,73,41,0.23104906,0.1732868,0.27465308,-0.9973213,-1.2357693,-1.3590767
GGTGTCACCAGCGAAC-1,20,50,0.29862657,1.3823572,0.9878109,-0.8667269,0.21534981,0.49479052
GGTGTCATACTATTAG-1,1,45,0.98101735,1.3438196,0.7489331,0.45200264,0.16909719,-0.12617692
GGTTACAGCCGGCCGG-1,13,57,0.9134398,1.4357508,0.5756463,0.32140812,0.27943248,-0.57663924
GGTTACCAGACAACAT-1,62,94,1.859337,3.0731082,0.866434,2.1493673,2.2445788,0.1792689
GGTTACGGACGATTAA-1,18,16,1.3904734,2.5091548,1.079372,1.243282,1.5677254,0.73280543
GGTTAGACTCACTAGC-1,48,32,0.93307036,0.5198604,1.3701597,0.35934442,-0.81981367,1.4887136
GGTTAGACTCGGAGGT-1,24,102,0.7979153,1.0691665,0.67701256,0.09815539,-0.16053978,-0.31313565
GGTTAGATGAGTCTAA-1,6,60,0.8654928,1.6980861,0.6931472,0.22874992,0.5942857,-0.27119341
GGTTAGATGCCGTTGC-1,10,96,0.4992887,0.62122667,0.8815901,-0.47894454,-0.6981545,0.2186676
GGTTAGCTTCATGAGT-1,55,17,1.0965419,2.3835404,0.76113063,0.67525536,1.4169638,-0.094469145
GGTTAGTATGAGTGTC-1,47,97,1.2120664,2.0709999,1.2130076,0.89850813,1.0418545,1.0801935
GGTTAGTCGGCAGCGA-1,9,81,0.6931472,1.2168835,0.5198604,-0.10431039,0.016749276,-0.7216557
GGTTAGTGCTCCTACT-1,7,109,0.3662041,0.1732868,0.59947383,-0.7361323,-1.2357693,-0.51469904
GGTTCAAGGTTAAGCC-1,9,67,0.3465736,0.54930615,0.65976435,-0.7740686,-0.78447306,-0.3579727
GGTTCACCGACTCACG-1,42,46,1.2904004,1.7461791,1.4482534,1.0498896,0.6520066,1.6917195
GGTTCATTCCGGCCTC-1,45,93,0.23104906,0.44793987,1.2424533,-0.9973213,-0.9061323,1.1567384
GGTTCTATACCGCTTG-1,21,29,1.1124269,1.141087,1.9303372,0.70595336,-0.07422121,2.9449055
GGTTCTATCATATGGC-1,71,9,1.3053356,1.9002256,1.2592381,1.0787522,0.8368923,1.2003707
GGTTCTCCTATCAGTT-1,36,18,1.2424533,1.8302972,1.2868736,0.9572313,0.7529647,1.2722096
GGTTCTCGTGATGTGA-1,23,101,1.0593513,1.7005987,0.9093965,0.60338414,0.5973013,0.29095086
GGTTCTGGAGTCTACC-1,21,61,1.6325761,2.1768708,0.44793987,1.7111489,1.1689202,-0.90861446
GGTTGACCATTGCTGT-1,6,56,0.0,0.85029936,0.5198604,-1.4438268,-0.42322284,-0.7216557
GGTTGATAAGTACCTG-1,3,35,0.48172864,1.0235862,0.78387356,-0.5128796,-0.21524508,-0.03534848
GGTTGCGATTGAACAG-1,10,68,0.46209812,0.997246,0.79451346,-0.5508159,-0.24685834,-0.007689841
GGTTGCTACCGGAACA-1,20,2,0.29862657,0.5756463,0.3465736,-0.8667269,-0.75285983,-1.1721181
GTAACACCGAGCGTTA-1,49,75,1.2796439,1.9173738,0.8815901,1.0291026,0.85747343,0.2186676
GTAACACTGTACCACG-1,6,118,0.0,0.1732868,0.3465736,-1.4438268,-1.2357693,-1.1721181
GTAACATAAGACCGTA-1,2,112,0.52967566,0.96780026,1.1304471,-0.42022133,-0.28219897,0.86557615
GTAACATACACCTGTT-1,36,86,0.23104906,0.44793987,0.5198604,-0.9973213,-0.9061323,-0.7216557
GTAACATCTTATAATG-1,11,39,0.3465736,0.54930615,0.62122667,-0.7740686,-0.78447306,-0.45815215
GTAACCACCTACAACC-1,7,59,1.5398213,2.3817983,0.84182394,1.5318989,1.4148729,0.11529463
GTAACCTAGCGTCACG-1,11,65,0.6452002,1.0955067,0.82395923,-0.1969686,-0.12892652,0.06885499
GTAACGGCAGCCTACA-1,71,11,1.6792932,2.3400345,0.8741269,1.8014302,1.3647482,0.19926682
GTAAGTATTGCTATCG-1,15,33,0.6931472,0.6931472,0.78387356,-0.10431039,-0.61183596,-0.03534848
GTAAGTTGCGGAGCGT-1,48,58,1.0965419,1.671153,0.3465736,0.67525536,0.5619607,-1.1721181
GTAAGTTGCTGGTGGA-1,26,30,1.0485948,1.0063379,1.0760162,0.5825971,-0.23594636,0.7240818
GTAATCACGCACAGCT-1,19,69,0.4141511,0.62122667,0.8145241,-0.64347416,-0.6981545,0.044328224
GTAATCAGGCGGACGG-1,31,21,1.704985,2.6792703,1.0548769,1.8510801,1.771897,0.6691299
GTAATCTTGTCTAGTT-1,51,39,0.4141511,0.5198604,0.62122667,-0.64347416,-0.81981367,-0.45815215
GTAATGACGGTCTACG-1,41,115,0.85399395,1.6903932,0.9878109,0.20652819,0.5850527,0.49479052
GTAATGATCACGTAAG-1,11,55,0.46209812,0.62122667,0.62122667,-0.5508159,-0.6981545,-0.45815215
GTACAACTCGGCAGAA-1,29,83,1.2377582,1.6609474,1.186233,0.9481578,0.54971206,1.0105926
GTACAGAACAGGACTC-1,22,88,0.52967566,0.89587975,0.5756463,-0.42022133,-0.36851755,-0.57663924
GTACAGAACCGATTAT-1,13,89,1.2228228,1.5941818,0.48647752,0.91929495,0.46958032,-0.8084351
GTACAGATGACATCGC-1,45,41,0.8283022,1.3823572,0.866434,0.15687853,0.21534981,0.1792689
GTACAGCCGTTACAGA-1,25,25,1.2857052,2.4035509,0.67701256,1.0408161,1.4409802,-0.31313565
GTACAGCTGAGCCGGA-1,63,25,0.29862657,1.196873,0.4023595,-0.8667269,-0.0072673145,-1.0271015
GTACAGCTGTTGTCCT-1,69,15,1.0593513,2.4165614,1.5076714,0.60338414,1.4565953,1.8461776
GTACAGGAACGAATGG-1,61,29,1.4391627,2.3279986,0.8815901,1.3373748,1.3503029,0.2186676
GTACAGTATCGGAATT-1,49,59,0.87624925,1.7847167,0.48647752,0.24953686,0.69825923,-0.8084351
GTACATAAGCTACGCC-1,53,107,1.051653,2.0766182,0.62122667,0.58850706,1.0485976,-0.45815215
GTACCTCCTGATTCTT-1,6,90,0.46209812,1.0691665,1.262464,-0.5508159,-0.16053978,1.2087566
GTACCTGAAGTGAATG-1,34,66,1.5445164,2.4495318,0.79451346,1.5409724,1.4961662,-0.007689841
GTACCTTCATGTGCAA-1,14,56,0.52967566,1.2424533,0.73610973,-0.42022133,0.047437992,-0.15951145
GTACGAAGATTATCCG-1,58,34,0.3465736,0.1732868,0.9344174,-0.7740686,-1.2357693,0.35599315
GTACGAAGGATTATTG-1,19,81,0.8654928,1.3143739,0.48647752,0.22874992,0.13375656,-0.8084351
GTACGAAGGCGTCTAT-1,0,42,0.8458623,1.7847168,0.96780026,0.19081372,0.69825935,0.44277248
GTACGAATTACATAAT-1,17,11,2.0819454,2.791055,0.65976435,2.5795612,1.9060603,-0.3579727
GTACGAATTCTACCAA-1,21,47,0.77566004,0.44793987,1.1193342,0.05514683,-0.9061323,0.83668786
GTACGACAGCTCCGGA-1,72,42,0.18310206,0.3465736,0.48647752,-1.0899795,-1.0277915,-0.8084351
GTACGAGGTAGTGCAC-1,28,16,1.037096,2.0927527,1.4630506,0.56037545,1.0679622,1.7301852
GTACGATTAGTCTACA-1,47,89,0.52967566,0.44793987,0.9829564,-0.42022133,-0.9061323,0.48217118
GTACGATTGCGATGGC-1,3,11,1.9737,2.764147,0.54930615,2.3703756,1.8737656,-0.6451109
GTACGCCTCGCTTCCA-1,48,18,0.57762265,1.1512926,0.8330511,-0.32756314,-0.061972618,0.092489436
GTACGCTCGCCAACAT-1,49,11,0.7979153,0.95166564,1.32953,0.09815539,-0.30156365,1.3830957
GTACGCTTGATACCAC-1,51,11,1.6972317,2.6805966,1.2424533,1.8360965,1.7734889,1.1567384
GTACGGTTAATGCAGG-1,6,38,1.1444889,1.9696336,0.9829564,0.7679137,0.92019534,0.48217118
GTACTACCGTTAGGTG-1,16,54,0.23104906,0.1732868,0.1732868,-0.9973213,-1.2357693,-1.6225803
GTACTGCATAAGGTTA-1,33,19,1.0485948,1.886083,1.744087,0.5825971,0.81991845,2.4607446
GTACTTAACTTCAGCG-1,22,74,1.6374074,1.9580035,0.73610973,1.7204854,0.906237,-0.15951145
GTACTTACTTCATACC-1,40,106,1.0067091,1.3823572,1.4687327,0.5016523,0.21534981,1.7449559
GTACTTAGTTGCGAAT-1,4,26,1.1701807,1.7289308,0.9093965,0.81756335,0.63130534,0.29095086
GTACTTCCATCTGGCA-1,0,56,0.18310206,0.27465308,0.72259295,-1.0899795,-1.11411,-0.19464858
GTACTTCTGATCCTCG-1,17,47,0.18310206,0.0,0.1732868,-1.0899795,-1.443747,-1.6225803
GTACTTGGTTCGCTTA-1,1,65,0.52967566,0.1732868,0.67701256,-0.42022133,-1.2357693,-0.31313565
GTAGAAGGACATCATA-1,38,90,0.92419624,1.5992324,0.72259295,0.34219506,0.4756421,-0.19464858
GTAGAAGTAAGCTGCG-1,34,26,0.94382674,2.22541,1.1796247,0.38013127,1.2271767,0.99341404
GTAGAATCGCACATCG-1,15,7,2.2569158,3.2434194,1.0151107,2.9176939,2.4489853,0.5657569
GTAGACCAGAATACTC-1,67,91,1.3357226,2.470617,0.44793987,1.1374754,1.5214727,-0.90861446
GTAGACCTGTCAACCA-1,27,33,0.7803552,1.728931,0.9093965,0.064220324,0.63130546,0.29095086
GTAGACGTGCATGTGC-1,73,9,0.98101735,2.5314076,0.88883704,0.45200264,1.5944331,0.23750608
GTAGCAACGACCGTGG-1,49,57,0.4992887,1.3484069,0.3465736,-0.47894454,0.17460284,-1.1721181
GTAGCAGAACATGGTG-1,43,21,1.1444889,0.89587975,1.8381103,0.7679137,-0.36851755,2.70516
GTAGCAGAAGACTCTT-1,65,91,1.856105,2.7423944,1.141087,2.1431215,1.8476583,0.8932348
GTAGCATAGTTACAGG-1,24,110,0.0,0.27465308,0.1732868,-1.4438268,-1.11411,-1.6225803
GTAGCATCGAAGGTCT-1,67,41,0.0,0.27465308,0.6412373,-1.4438268,-1.11411,-0.4061341
GTAGCCAGTGCGGTTG-1,23,99,0.9695185,1.9634982,0.6412373,0.42978093,0.9128317,-0.4061341
GTAGCCGCACTCCATC-1,60,88,1.6503143,2.6198003,0.9222199,1.7454282,1.7005215,0.3242854
GTAGCGCCTGAACTCA-1,13,55,1.037096,1.5465522,0.6597643,0.56037545,0.4124156,-0.35797286
GTAGCGCTAGATCCGT-1,3,31,0.61481327,0.5198604,1.3143739,-0.25569177,-0.81981367,1.3436971
GTAGCGCTCATCAGGT-1,38,36,0.11552453,0.1732868,0.27465308,-1.220574,-1.2357693,-1.3590767
GTAGCGTGTAGCATGT-1,5,81,0.11552453,0.7489331,0.79451346,-1.220574,-0.54488206,-0.007689841
GTAGGAGCAACAGGCA-1,46,10,0.7607247,0.89587975,1.5615267,0.026284128,-0.36851755,1.9861755
GTAGGTGATAATTCAC-1,45,113,0.23104906,0.79451346,0.8330511,-0.9973213,-0.49017674,0.092489436
GTAGTCCAGCGGACAT-1,56,92,1.7644306,2.155118,0.44793987,1.9659595,1.1428126,-0.90861446
GTAGTCCATTGTTCGT-1,12,38,0.3465736,0.0,0.5756463,-0.7740686,-1.443747,-0.57663924
GTAGTCCGTGTACTAA-1,58,8,1.910272,2.2954853,1.3506694,2.2477999,1.3112805,1.438048
GTAGTGACATTACGAC-1,47,117,0.11552453,0.5198604,0.1732868,-1.220574,-0.81981367,-1.6225803
GTAGTTGTTCATGTAG-1,55,113,0.11552453,0.5198604,0.5198604,-1.220574,-0.81981367,-0.7216557
GTATAACTTGTTGCGA-1,13,113,0.57762265,0.62122667,0.54930615,-0.32756314,-0.6981545,-0.6451109
GTATAAGGCGTCTTCA-1,66,20,1.3579779,2.1095376,0.96780026,1.1804839,1.0881072,0.44277248
GTATACATAGGTTGCC-1,60,12,1.4910625,2.5458474,1.1512926,1.4376719,1.6117637,0.91976416
GTATACGATACCTTGT-1,55,111,1.6890999,2.1221986,1.0357838,1.8203819,1.103303,0.6194969
GTATCTACAGATCTCC-1,49,83,0.46209812,0.89587975,0.62122667,-0.5508159,-0.36851755,-0.45815215
GTATCTAGCTACCAGC-1,48,40,0.7979153,0.44793987,1.141087,0.09815539,-0.9061323,0.8932348
GTATCTGTCAACGGTG-1,39,77,0.29862657,0.27465308,0.3465736,-0.8667269,-1.11411,-1.1721181
GTATGACATAAGACGG-1,20,96,0.4141511,1.1512926,0.866434,-0.64347416,-0.061972618,0.1792689
GTATGATAGTATGGAT-1,19,59,0.59725314,1.592903,0.6597643,-0.28962693,0.4680456,-0.35797286
GTATGATCACTTGACG-1,22,104,1.2120664,1.8595959,0.48647752,0.89850813,0.78812873,-0.8084351
GTATGCCTATCTTGCG-1,61,101,1.4147991,2.4393263,0.866434,1.2902918,1.4839177,0.1792689
GTATGCCTTACTCCAC-1,66,102,0.11552453,0.62122667,0.48647752,-1.220574,-0.6981545,-0.8084351
GTATGCGGTATCATGA-1,44,116,1.4085089,1.9432935,0.6931472,1.2781359,0.88858205,-0.27119341
GTATGCTTGCGACTAA-1,16,72,0.8283022,2.295485,0.59947383,0.15687853,1.3112803,-0.51469904
GTATGGTGGAGCGGCC-1,64,24,1.2228228,1.968209,0.8815901,0.91929495,0.9184856,0.2186676
GTATGTAGCAGGCATA-1,19,33,0.59725314,0.1732868,0.5198604,-0.28962693,-1.2357693,-0.7216557
GTATGTAGCTCACCTT-1,52,72,0.11552453,0.1732868,0.3465736,-1.220574,-1.2357693,-1.1721181
GTATGTAGGCTTAAGA-1,3,105,0.23104906,0.0,0.67701256,-0.9973213,-1.443747,-0.31313565
GTATGTGCAAGCCGGA-1,48,52,0.11552453,0.1732868,0.44793987,-1.220574,-1.2357693,-0.90861446
GTATGTTAGACTGCCT-1,1,77,0.0,0.0,0.4023595,-1.4438268,-1.443747,-1.0271015
GTATGTTAGTTCTACC-1,29,61,0.4141511,1.7461791,0.78387356,-0.64347416,0.6520066,-0.03534848
GTATGTTCTGGATCGC-1,67,75,0.7127777,1.3606044,1.7934896,-0.0663742,0.18924218,2.5891676
GTATTAATGGTTGTGG-1,4,102,0.11552453,0.3465736,0.89587975,-1.220574,-1.0277915,0.25581372
GTATTACGAGTCAATC-1,18,24,1.5363847,2.3139477,0.3465736,1.5252576,1.333439,-1.1721181
GTATTACGGCCATTAT-1,17,27,1.1046735,2.429771,0.7727606,0.6909698,1.4724494,-0.064236745
GTATTACGGTATTGAG-1,52,34,0.11552453,0.0,0.27465308,-1.220574,-1.443747,-1.3590767
GTATTAGATTGAGGTC-1,22,112,0.5553674,0.5198604,0.6931472,-0.37057167,-0.81981367,-0.27119341
GTATTAGGTTATCTGC-1,44,8,0.8283022,0.95166564,1.9995838,0.15687853,-0.30156365,3.1249135
GTATTATGAGTTAGCG-1,37,91,0.52967566,0.6931472,1.0357838,-0.42022133,-0.61183596,0.6194969
GTATTCCAAGTTACCT-1,24,78,0.6452002,1.3701597,0.27465308,-0.1969686,0.20071045,-1.3590767
GTATTCGTGACTTGAT-1,22,56,0.7127777,1.2687935,0.1732868,-0.0663742,0.07905125,-1.6225803
GTCAACAGACGCACGT-1,55,27,1.602801,1.9715204,1.2318134,1.653608,0.9224599,1.1290797
GTCAACAGCATAGATT-1,15,23,1.574525,2.608676,0.48647752,1.5989643,1.6871701,-0.8084351
GTCAACAGCGCACCGA-1,55,43,0.0,0.3465736,1.141087,-1.4438268,-1.0277915,0.8932348
GTCAACAGTTAAGTGA-1,34,104,0.8283022,0.62122667,0.65976435,0.15687853,-0.6981545,-0.3579727
GTCAACATAAGATAGA-1,10,94,1.0593513,1.2687935,1.0760162,0.60338414,0.07905125,0.7240818
GTCAACATGGTGCTAT-1,62,24,0.23104906,0.27465308,0.0,-0.9973213,-1.11411,-2.0730426
GTCAACCTGACGATAG-1,26,78,0.6452002,1.5434465,0.5756463,-0.1969686,0.40868822,-0.57663924
GTCACCAAGAGCGGTG-1,58,104,0.94382674,1.7661897,0.866434,0.38013127,0.6760232,0.1792689
GTCACCTGAGATTGGA-1,3,93,0.11552453,0.27465308,1.0357838,-1.220574,-1.11411,0.6194969
GTCACTAAGAGGAATA-1,57,45,0.4141511,0.44793987,0.79451346,-0.64347416,-0.9061323,-0.007689841
GTCACTAAGCCAGCGG-1,40,94,0.29862657,0.3465736,0.5756463,-0.8667269,-1.0277915,-0.57663924
GTCACTACTTAATGGA-1,57,85,1.0965419,2.078463,0.79451346,0.67525536,1.0508118,-0.007689841
GTCACTGAATCTCACC-1,45,103,1.3584113,1.86368,0.96780026,1.1813216,0.7930305,0.44277248
GTCACTTATCCAAGAC-1,35,45,0.67089194,1.5890269,0.4023595,-0.14731896,0.4633935,-1.0271015
GTCACTTATGAATGCG-1,53,79,1.2668171,2.2171035,1.3823572,1.0043145,1.2172072,1.5204211
GTCACTTATGTCGTAT-1,37,103,1.1337324,1.5216937,0.79451346,0.74712664,0.3825806,-0.007689841
GTCACTTCTGGAGCGG-1,74,18,0.3465736,0.44793987,0.44793987,-0.7740686,-0.9061323,-0.90861446
GTCAGCCAACATCACG-1,44,20,1.1269288,1.0235862,1.7109375,0.7339785,-0.21524508,2.3745718
GTCAGCCATTGTGCGG-1,12,70,1.0546561,1.5273119,0.48647752,0.59431064,0.38932353,-0.8084351
GTCAGCCTAATTACGT-1,8,84,0.4141511,0.89587975,0.27465308,-0.64347416,-0.36851755,-1.3590767
GTCAGCCTCCGAACCT-1,39,43,0.7324082,1.3438196,0.85029936,-0.02843789,0.16909719,0.13732664
GTCAGCGATGTAATTG-1,29,91,0.3465736,1.2424533,0.5198604,-0.7740686,0.047437992,-0.7216557
GTCAGCGATTGATTCA-1,48,38,1.1945063,0.44793987,1.0235862,0.86457294,-0.9061323,0.58778894
GTCAGCTCAATCAAGG-1,46,112,0.7127777,1.292621,0.3465736,-0.0663742,0.10764894,-1.1721181
GTCAGCTGGTGAGGCG-1,11,19,1.6173434,2.839594,0.59947383,1.6817114,1.9643164,-0.51469904
GTCAGGACAAGCCATG-1,10,84,0.8654928,1.4542779,0.62122667,0.22874992,0.30166852,-0.45815215
GTCAGGATCAACCAAC-1,66,50,0.0,0.0,0.0,-1.4438268,-1.443747,-2.0730426
GTCAGGTACGTGGCAT-1,60,90,1.2228228,1.9356005,1.0955067,0.91929495,0.87934905,0.77474767
GTCAGTAATCCAATTA-1,58,56,0.11552453,0.1732868,0.54930615,-1.220574,-1.2357693,-0.6451109
GTCAGTAGGTGACCGG-1,37,49,0.8384063,0.3465736,0.85029936,0.17640488,-1.0277915,0.13732664
GTCAGTGAGGATCGTT-1,25,77,1.0769113,2.3353422,0.1732868,0.6373191,1.3591166,-1.6225803
GTCAGTGCCAGAATAA-1,44,104,0.76416117,2.020832,1.0018333,0.032925107,0.98164344,0.5312421
GTCAGTGCTGACAGCG-1,32,114,0.0,0.1732868,0.27465308,-1.4438268,-1.2357693,-1.3590767
GTCAGTTCTGCCTGGA-1,32,50,0.69052243,0.89587975,1.6921233,-0.109382756,-0.36851755,2.3256638
GTCATCACGTGGTTCA-1,32,52,0.29862657,0.0,1.2559701,-0.8667269,-1.443747,1.1918755
GTCATCACTATTGTGC-1,36,40,0.4141511,0.44793987,0.5198604,-0.64347416,-0.9061323,-0.7216557
GTCATCAGTAGACCAG-1,26,36,1.2424533,1.079372,1.2687935,0.9572313,-0.14829119,1.22521
GTCCAGCACGTTCAGA-1,76,40,0.0,0.0,0.0,-1.4438268,-1.443747,-2.0730426
GTCCATCTATACAAGG-1,56,42,0.0,0.1732868,0.54930615,-1.4438268,-1.2357693,-0.6451109
GTCCGACAGCCGCATT-1,30,96,0.23104906,0.6931472,0.89587975,-0.9973213,-0.61183596,0.25581372
GTCCGTACGGATGCTC-1,0,52,0.52967566,0.3465736,0.7489331,-0.42022133,-1.0277915,-0.12617692
GTCCTGCTTACGGCTG-1,46,12,0.7127777,0.62122667,1.32953,-0.0663742,-0.6981545,1.3830957
GTCCTTCATCAGATCA-1,36,70,0.11552453,0.0,0.0,-1.220574,-1.443747,-2.0730426
GTCCTTCATGGATTAG-1,67,47,0.29862657,0.1732868,0.62122667,-0.8667269,-1.2357693,-0.45815215
GTCCTTCGGAACCTGC-1,48,36,0.9134398,0.1732868,1.0548769,0.32140812,-1.2357693,0.6691299
GTCGAAGTCGTGTTCT-1,60,32,1.0289644,1.0235862,1.0107628,0.544661,-0.21524508,0.55445445
GTCGAGAACTAGACGA-1,6,20,1.3729132,1.7234141,0.76113063,1.2093468,0.62468415,-0.094469145
GTCGAGTGCTCCTTCG-1,7,31,0.23104906,0.9222199,0.59947383,-0.9973213,-0.3369043,-0.51469904
GTCGCAACGAGCTGAC-1,41,117,0.23104906,0.0,0.0,-0.9973213,-1.443747,-2.0730426
GTCGCACGCAGCCTGC-1,60,52,0.11552453,0.3465736,0.72259295,-1.220574,-1.0277915,-0.19464858
GTCGCAGATTACTGCA-1,53,21,1.1269288,2.1902308,0.6931472,0.7339785,1.1849549,-0.27119341
GTCGCATGCGGTAGAT-1,46,114,0.11552453,0.93441737,0.5198604,-1.220574,-0.3222649,-0.7216557
GTCGCTAAGTGAGGTT-1,38,110,0.23104906,0.1732868,0.5198604,-0.9973213,-1.2357693,-0.7216557
GTCGGCCGTTGTGAAT-1,47,31,1.1269288,0.3465736,1.3862944,0.7339785,-1.0277915,1.5306559
GTCGGCCTCCGGCATC-1,66,48,0.0,0.1732868,0.3465736,-1.4438268,-1.2357693,-1.1721181
GTCGTAGACTGACAAG-1,18,26,1.496191,1.9892943,0.59947383,1.4475828,0.943792,-0.51469904
GTCGTGTTCATGTCAG-1,52,82,0.6229449,1.3245794,0.3465736,-0.23997729,0.14600514,-1.1721181
GTCTAAGATCGGACTA-1,46,50,0.52967566,0.79451346,1.2526588,-0.42022133,-0.49017674,1.1832677
GTCTAAGCGGCACGCC-1,10,78,1.1269288,1.9022177,0.0,0.7339785,0.8392832,-2.0730426
GTCTAATACGGCTAAG-1,22,70,1.3532826,2.3586109,0.84182394,1.1714103,1.3870435,0.11529463
GTCTAATCGAATTGGA-1,8,96,0.23104906,0.3465736,0.89587975,-0.9973213,-1.0277915,0.25581372
GTCTAGCATGGTACGT-1,13,33,0.3465736,0.6931472,0.67701256,-0.7740686,-0.61183596,-0.31313565
GTCTAGGACAGGATAA-1,17,33,0.7303378,0.1732868,0.79451346,-0.03243902,-1.2357693,-0.007689841
GTCTAGTCTAGCGACG-1,45,91,0.18310206,0.5198604,0.67701256,-1.0899795,-0.81981367,-0.31313565
GTCTATCAATGGATTA-1,55,49,0.6452002,1.2687935,1.3484069,-0.1969686,0.07905125,1.4321667
GTCTATCAGTACTAAT-1,30,90,0.23104906,0.0,0.4023595,-0.9973213,-1.443747,-1.0271015
GTCTATCCAGGACGTC-1,59,25,1.4208603,2.283958,1.0235862,1.3020052,1.2974455,0.58778894
GTCTATGGTGAAGAGC-1,16,24,1.4991941,2.353116,0.8741269,1.4533864,1.3804487,0.19926682
GTCTATGTTAATAGAA-1,20,32,0.46209812,0.27465308,0.54930615,-0.5508159,-1.11411,-0.6451109
GTCTATTAAGCACTTA-1,2,42,0.96138686,1.6090376,0.1732868,0.41406646,0.48741025,-1.6225803
GTCTATTAGTGAGGCC-1,22,18,1.5478836,2.545734,1.0277184,1.5474795,1.6116275,0.5985309
GTCTATTGCGAGTTAC-1,37,23,0.59725314,1.471526,1.2982392,-0.28962693,0.32236964,1.3017548
GTCTCATGACTAGTTG-1,41,55,0.4141511,0.79451346,0.72259295,-0.64347416,-0.49017674,-0.19464858
GTCTCGACTGACGAGT-1,68,26,1.9741741,2.6612134,1.2982392,2.3712916,1.7502252,1.3017548
GTCTGAACAAGGTTAG-1,64,16,1.066155,1.7146412,1.0474137,0.6165322,0.614155,0.64972913
GTCTGATAGATTATAA-1,55,59,0.0,0.0,0.3465736,-1.4438268,-1.443747,-1.1721181
GTCTGATATCTGAATT-1,37,75,0.11552453,0.0,0.4023595,-1.220574,-1.443747,-1.0271015
GTCTGTGGATCTGACG-1,18,28,1.0789818,1.6903932,0.99257296,0.64132017,0.5850527,0.5071696
GTCTTCGATAGGTGTT-1,12,68,1.2377582,1.7623137,0.70830333,0.9481578,0.6713713,-0.23179471
GTCTTCGGTAGCTACA-1,53,35,0.11552453,0.44793987,0.59947383,-1.220574,-0.9061323,-0.51469904
GTCTTGAACAATTACA-1,56,76,0.87624925,1.5371171,0.5198604,0.24953686,0.4010917,-0.7216557
GTCTTGAAGATTCATG-1,4,12,1.9647288,2.1620555,0.9222199,2.3530385,1.1511389,0.3242854
GTCTTGACAATAGCAA-1,27,63,1.3614143,2.5214524,0.9460474,1.187125,1.582485,0.38622555
GTCTTGACCGGAGGCC-1,74,36,0.0,0.0,0.0,-1.4438268,-1.443747,-2.0730426
GTCTTGACTTGCTCTG-1,44,118,0.0,0.0,0.0,-1.4438268,-1.443747,-2.0730426
GTCTTGATTGCCACCT-1,27,25,0.5668662,1.196873,1.2281637,-0.34835008,-0.0072673145,1.1195922
GTCTTGCGATGAATGC-1,19,95,0.18310206,0.27465308,0.7727606,-1.0899795,-1.11411,-0.064236745
GTCTTGCGGCGATTCA-1,44,58,0.11552453,0.0,0.4023595,-1.220574,-1.443747,-1.0271015
GTCTTGCTGGACGATA-1,21,79,0.4141511,1.0955067,0.3465736,-0.64347416,-0.12892652,-1.1721181
GTCTTGCTTGATCCAC-1,2,64,1.6262175,2.0569775,0.8145241,1.6988608,1.025025,0.044328224
GTCTTGTATTGTAGAT-1,48,86,0.3465736,0.62122667,0.866434,-0.7740686,-0.6981545,0.1792689
GTGAACATTCAACGAT-1,25,69,0.96138686,2.6492462,0.4023595,0.41406646,1.7358623,-1.0271015
GTGAACGGTTCTAACG-1,30,6,0.68239075,0.96780026,1.3438196,-0.12509735,-0.28219897,1.420242
GTGAACTCGTGGTATC-1,71,41,0.3465736,0.0,0.65976435,-0.7740686,-1.443747,-0.3579727
GTGAAGATGAGTGCCT-1,36,62,0.18310206,0.3465736,0.72259295,-1.0899795,-1.0277915,-0.19464858
GTGAAGCCACAACCGG-1,14,84,1.3836695,1.7489415,0.76113063,1.2301334,0.6553221,-0.094469145
GTGAAGTATTGGTCAC-1,72,20,1.5059978,2.0648646,0.95716035,1.4665345,1.0344911,0.41511384
GTGAAGTGATCGTGCT-1,39,95,0.23104906,0.1732868,0.6597643,-0.9973213,-1.2357693,-0.35797286
GTGAATTAGACATTGC-1,11,71,0.18310206,0.997246,0.72259295,-1.0899795,-0.24685834,-0.19464858
GTGACAAGATGCTCAT-1,36,72,0.11552453,0.1732868,0.4023595,-1.220574,-1.2357693,-1.0271015
GTGACAGCCTAGCCTC-1,11,117,0.23104906,0.1732868,0.5756463,-0.9973213,-1.2357693,-0.57663924
GTGACATACAGGTCCT-1,30,106,1.3040076,1.6761036,0.6931472,1.0761858,0.5679024,-0.27119341
GTGACATATGCTAGAT-1,13,45,0.5668662,1.079372,0.54930615,-0.34835008,-0.14829119,-0.6451109
GTGACATGTACCACCT-1,58,90,1.7099603,2.9040508,0.3465736,1.8606949,2.0416772,-1.1721181
GTGACCAGATCGAGAT-1,20,108,0.23104906,0.3465736,0.3465736,-0.9973213,-1.0277915,-1.1721181
GTGACCGGAGTCATAC-1,50,64,0.4141511,0.3465736,0.4023595,-0.64347416,-1.0277915,-1.0271015
GTGACCGTGGATTAGC-1,56,34,0.11552453,0.5198604,0.8815901,-1.220574,-0.81981367,0.2186676
GTGACTGTCCTGGTAT-1,40,84,0.3465736,0.79451346,0.4023595,-0.7740686,-0.49017674,-1.0271015
GTGACTTCAACATCCG-1,49,113,0.52967566,1.8085444,0.1732868,-0.42022133,0.72685707,-1.6225803
GTGACTTCCTCACGAC-1,18,78,0.8283022,1.1796248,0.4023595,0.15687853,-0.027968444,-1.0271015
GTGAGCACCAGCATCC-1,67,81,0.46209812,0.5198604,0.8815901,-0.5508159,-0.81981367,0.2186676
GTGAGGATCTCAGCCT-1,4,60,1.2796439,2.003584,0.9878109,1.0291026,0.9609423,0.49479052
GTGAGGCATTCGGTGG-1,0,112,0.7607247,0.62122667,1.2982392,0.026284128,-0.6981545,1.3017548
GTGAGGTCACAGGCCA-1,8,88,0.29862657,0.44793987,0.44793987,-0.8667269,-0.9061323,-0.90861446
GTGATCTACGAGATCC-1,53,57,0.48172864,1.280991,0.48647752,-0.5128796,0.09369061,-0.8084351
GTGATGGATTAGAACA-1,55,103,1.4208603,2.5527432,0.9344174,1.3020052,1.6200399,0.35599315
GTGCAACGACGGTGTT-1,45,63,0.6648307,1.0621238,0.5198604,-0.15903242,-0.16899246,-0.7216557
GTGCAACTACTGTACG-1,52,24,1.2424533,2.3701682,1.0235862,0.9572313,1.4009145,0.58778894
GTGCACCAATCATAAC-1,23,7,2.2815218,2.9844794,1.0151107,2.9652452,2.1382072,0.5657569
GTGCACTTGTAAGCAC-1,58,44,0.11552453,1.0235862,0.62122667,-1.220574,-0.21524508,-0.45815215
GTGCAGAAGGTGCGAG-1,18,110,1.0289644,1.8302971,1.0235862,0.544661,0.75296456,0.58778894
GTGCAGCCGGTCTGCA-1,44,6,1.6654783,1.1077042,1.6635381,1.7747328,-0.11428715,2.2513561
GTGCAGGACTCCAAGG-1,64,38,0.48172864,0.1732868,0.78387356,-0.5128796,-1.2357693,-0.03534848
GTGCAGGCACTCTAGG-1,32,88,0.0,0.0,0.5198604,-1.4438268,-1.443747,-0.7216557
GTGCAGGCTGGACATG-1,19,85,1.0593513,2.0793805,0.27465308,0.60338414,1.0519129,-1.3590767
GTGCAGTTGTGGCGCT-1,42,14,0.8283022,0.62122667,1.3506694,0.15687853,-0.6981545,1.438048
GTGCATGGTTGAGTTC-1,25,105,0.3465736,0.44793987,0.76113063,-0.7740686,-0.9061323,-0.094469145
GTGCATTCCTGTGGTC-1,20,40,0.57762265,0.1732868,0.44793987,-0.32756314,-1.2357693,-0.90861446
GTGCATTGCAATGTTG-1,60,38,0.3465736,0.1732868,0.7727606,-0.7740686,-1.2357693,-0.064236745
GTGCCGTCCTGTCAGC-1,52,98,1.1072983,2.4708214,1.1016798,0.69604224,1.5217179,0.79079485
GTGCCTGACACGTTGG-1,21,67,1.1033455,1.9432935,0.83305115,0.6884035,0.88858205,0.09248959
GTGCGTTCACGGATAA-1,12,76,0.11552453,0.62122667,0.3465736,-1.220574,-0.6981545,-1.1721181
GTGCTACGTTCTAACC-1,3,17,0.94726324,2.257564,0.9829564,0.38677236,1.2657677,0.48217118
GTGCTCAATGCAACCT-1,58,72,0.7607247,1.16349,0.95166564,0.026284128,-0.04733326,0.4008302
GTGCTCGACGTGAACT-1,10,114,0.23104906,0.5756463,0.89587975,-0.9973213,-0.75285983,0.25581372
GTGGAACAGAAGTCGA-1,41,95,0.46209812,0.5756463,0.6597643,-0.5508159,-0.75285983,-0.35797286
GTGGAGTACAATCAAT-1,71,29,0.3465736,0.1732868,0.78387356,-0.7740686,-1.2357693,-0.03534848
GTGGATAATCATAATC-1,9,27,0.38376418,0.79451346,0.82395923,-0.70219725,-0.49017674,0.06885499
GTGGCGACCTAATATT-1,11,73,0.69052243,1.7461791,0.54930615,-0.109382756,0.6520066,-0.6451109
GTGGCGACCTTGATTC-1,14,106,0.48172864,0.44793987,1.2130076,-0.5128796,-0.9061323,1.0801935
GTGGCGACTGATTAAC-1,56,110,0.89893794,2.3841906,1.1658597,0.29338306,1.417744,0.9576317
GTGGCGAGGAAGGCTA-1,25,93,0.7303378,1.2687935,0.62122667,-0.03243902,0.07905125,-0.45815215
GTGGCGATAGGCAGAA-1,62,42,0.11552453,0.3465736,0.54930615,-1.220574,-1.0277915,-0.6451109
GTGGCGATCTGCGATA-1,60,84,1.1748759,2.2732267,1.0235862,0.82663685,1.284566,0.58778894
GTGGCGCACCTGTTCC-1,37,47,0.7462228,0.7489331,0.85029936,-0.0017410483,-0.54488206,0.13732664
GTGGCGCCAACAGCTC-1,6,58,0.7499683,0.7489331,0.997246,0.0054971743,-0.54488206,0.51931727
GTGGCGCCACGCTGAG-1,62,112,0.59725314,1.4357507,0.72259295,-0.28962693,0.27943236,-0.19464858
GTGGCGCCACTACGCT-1,51,99,1.313089,2.8568175,0.48647752,1.0937357,1.9849881,-0.8084351
GTGGCGCCAGACTCGA-1,20,36,0.9695185,1.2207005,0.90272945,0.42978093,0.02133037,0.27361968
GTGGCGCCAGCTAACC-1,46,106,0.93307036,2.0927527,0.804719,0.35934442,1.0679622,0.018839568
GTGGCGGACATTCTCG-1,5,111,0.7803552,0.997246,1.4041928,0.064220324,-0.24685834,1.5771831
GTGGCTTCCTACCGTT-1,23,95,0.23104906,0.1732868,0.67701256,-0.9973213,-1.2357693,-0.31313565
GTGGTACTGGTTCCAA-1,76,38,0.11552453,0.0,0.1732868,-1.220574,-1.443747,-1.6225803
GTGGTACTGTTGTAGC-1,23,93,0.3465736,0.27465308,0.866434,-0.7740686,-1.11411,0.1792689
GTGGTACTTGGTTGGA-1,25,15,1.6408439,2.7461877,0.96780026,1.7271264,1.8522109,0.44277248
GTGGTAGGTCTAAGAA-1,21,37,0.6452002,1.4259456,1.079372,-0.1969686,0.26766434,0.73280543
GTGGTCGCTCTGTAGC-1,35,55,0.4141511,0.3465736,0.85029936,-0.64347416,-1.0277915,0.13732664
GTGGTTGACAAGGAGC-1,16,36,0.5553674,1.079372,0.62122667,-0.37057167,-0.14829119,-0.45815215
GTGGTTGCACGCGGCA-1,5,29,0.9695186,0.72259295,0.9625369,0.42978114,-0.5764953,0.4290902
GTGGTTGCCGCTTCAA-1,43,67,0.3465736,0.1732868,0.85029936,-0.7740686,-1.2357693,0.13732664
GTTAACAACTTCGGAT-1,24,46,0.7127777,0.67701256,0.79451346,-0.0663742,-0.6312006,-0.007689841
GTTAACTCCGACCACT-1,28,66,1.0726918,2.276245,0.5756463,0.62916476,1.2881886,-0.57663924
GTTAATACATAATGCT-1,3,101,0.11552453,0.27465308,0.8145241,-1.220574,-1.11411,0.044328224
GTTAGACAATGGATGA-1,53,85,0.4141511,1.4157401,0.1732868,-0.64347416,0.25541577,-1.6225803
GTTAGAGGTGTTAAGA-1,56,106,1.6437775,2.7145958,0.89587975,1.7327957,1.8142945,0.25581372
GTTAGGAAGTATACGA-1,49,115,0.0,0.27465308,0.4023595,-1.4438268,-1.11411,-1.0271015
GTTAGGCCTGAACATC-1,15,99,0.7979153,0.866434,0.4023595,0.09815539,-0.40385816,-1.0271015
GTTAGGTACTAACTGG-1,18,82,1.0114043,1.3996055,0.5756463,0.5107258,0.23605108,-0.57663924
GTTAGGTCCACTGGCG-1,57,11,2.1881294,2.9201858,1.2149532,2.7847633,2.0610423,1.0852512
GTTATCCTATACTGGC-1,2,70,0.89118457,1.5872848,0.8145241,0.27839956,0.46130264,0.044328224
GTTATGATACGATTAT-1,37,27,0.4141511,0.44793987,1.0955067,-0.64347416,-0.9061323,0.77474767
GTTATGTTGCTTAGAT-1,31,33,0.11552453,1.2982392,0.72259295,-1.220574,0.114391886,-0.19464858
GTTATTCGTAACGTCC-1,35,37,0.46209812,0.866434,0.9878109,-0.5508159,-0.40385816,0.49479052
GTTATTGCTGAATCCG-1,33,115,0.0,0.1732868,0.0,-1.4438268,-1.2357693,-2.0730426
GTTATTGTACGTATAC-1,3,27,0.94382674,1.2982392,1.2050704,0.38013127,0.114391886,1.0595607
GTTCATACCTTGGTTA-1,42,34,0.26823965,0.3465736,0.62122667,-0.92545,-1.0277915,-0.45815215
GTTCATCTTACATTCC-1,37,53,0.61481327,0.3465736,0.9829564,-0.25569177,-1.0277915,0.48217118
GTTCATTGCCTGAATA-1,5,59,0.48172864,0.54930615,0.9829564,-0.5128796,-0.78447306,0.48217118
GTTCCAGTGCCTTACC-1,36,52,0.76585335,0.3465736,1.3638302,0.03619526,-1.0277915,1.4722599
GTTCCGAGTATGATCG-1,9,91,0.23104906,0.5198604,0.5756463,-0.9973213,-0.81981367,-0.57663924
GTTCCGTAACTAATAC-1,6,110,0.46209812,0.997246,1.0474137,-0.5508159,-0.24685834,0.64972913
GTTCCGTACCTCCACT-1,11,23,0.7127777,1.6275645,0.59947383,-0.0663742,0.5096461,-0.51469904
GTTCCGTCATACGGCT-1,51,107,1.1816795,1.732868,1.2207005,0.839785,0.6360307,1.1001915
GTTCCGTCTTATCTTA-1,63,73,0.67089194,2.0766182,0.85029936,-0.14731896,1.0485976,0.13732664
GTTCCTGAACCTTCAA-1,31,31,0.8654928,1.1077042,1.0826833,0.22874992,-0.11428715,0.7414132
GTTCCTTGAGGAACGC-1,38,26,0.4141511,0.79451346,1.3753145,-0.64347416,-0.49017674,1.5021133
GTTCGTAGGTAGTGAA-1,47,33,0.7803552,0.85029936,0.7489331,0.064220324,-0.42322284,-0.12617692
GTTCTACTATACGAAC-1,49,117,0.0,0.0,0.0,-1.4438268,-1.443747,-2.0730426
GTTCTACTATCATATT-1,13,29,0.8283022,0.3465736,1.1077042,0.15687853,-1.0277915,0.8064553
GTTCTGGACACGCAAC-1,10,118,0.0,0.0,0.5756463,-1.4438268,-1.443747,-0.57663924
GTTCTTACTGAAGTAT-1,60,24,0.94382674,1.8180996,0.59947383,0.38013127,0.7383252,-0.51469904
GTTCTTGATCTGTTGA-1,36,98,0.29862657,0.3465736,0.62122667,-0.8667269,-1.0277915,-0.45815215
GTTGAAGGAAGTCGGC-1,20,98,1.4276638,2.0075212,0.72259295,1.315153,0.9656678,-0.19464858
GTTGAATAAGTCAGCA-1,54,50,0.68239075,1.3143739,1.1304471,-0.12509735,0.13375656,0.86557615
GTTGAATCAACCTGGC-1,21,105,1.7751871,1.9887686,0.9222199,1.9867465,0.943161,0.3242854
GTTGAATGGTACAGTA-1,50,88,0.11552453,0.27465308,0.1732868,-1.220574,-1.11411,-1.6225803
GTTGAATGTTGCTGCC-1,32,12,1.717892,2.610521,1.1331499,1.876023,1.6893846,0.87260187
GTTGACATGAACCAAC-1,29,35,0.45134172,1.4157401,0.9093965,-0.57160276,0.25541577,0.29095086
GTTGACGAACCAGAAC-1,33,71,1.4208603,2.0287309,0.4023595,1.3020052,0.99112356,-1.0271015
GTTGACGAATCAACTA-1,1,111,0.59725314,1.2687935,1.2897638,-0.28962693,0.07905125,1.2797228
GTTGACGCTCGATGGC-1,1,25,1.4573084,2.0386968,0.76113063,1.3724416,1.0030845,-0.094469145
GTTGACGGATAGCCAT-1,29,103,0.59725314,0.5198604,1.0063379,-0.28962693,-0.81981367,0.54295176
GTTGACGTCAGATTAG-1,59,81,1.2455115,1.985057,0.5756463,0.96314126,0.9387064,-0.57663924
GTTGACTACAACATAC-1,4,6,0.7803552,1.2687935,0.9222199,0.064220324,0.07905125,0.3242854
GTTGACTAGAGCACGT-1,41,63,0.0,0.0,0.27465308,-1.4438268,-1.443747,-1.3590767
GTTGAGAATCACGGAG-1,61,111,1.0593513,1.820862,0.79451346,0.60338414,0.7416406,-0.007689841
GTTGAGCTTCGTCCGG-1,44,40,0.48172864,1.2764864,0.5198604,-0.5128796,0.08828426,-0.7216557
GTTGCTAGATCGTTGA-1,10,90,0.3465736,0.89587975,0.3465736,-0.7740686,-0.36851755,-1.1721181
GTTGCTCCTGAGATTC-1,17,103,0.8283022,0.79451346,1.1512926,0.15687853,-0.49017674,0.91976416
GTTGCTTGCAATCACT-1,42,118,0.0,0.27465308,0.0,-1.4438268,-1.11411,-2.0730426
GTTGGCGTGAGCGACC-1,22,14,1.2424533,2.1429205,0.67701256,0.9572313,1.1281732,-0.31313565
GTTGGTCCGCCAATCT-1,30,42,0.3465736,0.0,0.4023595,-0.7740686,-1.443747,-1.0271015
GTTGTCCTGTGATGTA-1,43,79,0.0,0.6931472,0.72259295,-1.4438268,-0.61183596,-0.19464858
GTTGTCGAACCATGTT-1,75,31,0.11552453,0.0,0.1732868,-1.220574,-1.443747,-1.6225803
GTTGTCGTAATATGGA-1,9,77,1.1337324,1.7391363,0.5198604,0.74712664,0.6435539,-0.7216557
GTTGTCGTGGCATTAC-1,18,116,0.18310206,0.0,0.0,-1.0899795,-1.443747,-2.0730426
TAACAGCAGGCCTTAC-1,20,100,1.5497252,1.9507567,0.27465308,1.5510383,0.8975394,-1.3590767
TAACAGGAACCGACAA-1,25,49,0.59725314,0.3465736,0.96780026,-0.28962693,-1.0277915,0.44277248
TAACAGGTCCATACCA-1,40,48,0.98101735,2.0471723,0.65976435,0.45200264,1.0132568,-0.3579727
TAACATGCGTGCGAAC-1,47,99,0.52967566,2.0633068,1.1249524,-0.42022133,1.0326214,0.85129255
TAACATGGCCACCTCC-1,23,81,0.6931472,1.2718991,0.27465308,-0.10431039,0.082778625,-1.3590767
TAACCAAGGTGCTCTA-1,9,53,0.0,1.0691665,0.44793987,-1.4438268,-0.16053978,-0.90861446
TAACCGGATGGACAGG-1,66,72,1.3729132,1.7969142,2.397057,1.2093468,0.7128986,4.1581526
TAACCGTACCATCCTG-1,10,24,1.1337324,1.9941489,0.70830333,0.74712664,0.9496184,-0.23179471
TAACCGTACTTCTAAC-1,8,112,0.45134172,0.1732868,0.54930615,-0.57160276,-1.2357693,-0.6451109
TAACCTTGAGACTTCG-1,26,108,0.46209812,0.44793987,1.0891771,-0.5508159,-0.9061323,0.7582939
TAACGAATCCTAGATA-1,31,91,0.11552453,0.0,0.44793987,-1.220574,-1.443747,-0.90861446
TAACGAATGCTCCAAT-1,9,61,1.066155,1.5992324,0.54930615,0.6165322,0.4756421,-0.6451109
TAACGACCTTGCCTAT-1,52,106,1.0593513,2.3473308,0.7489331,0.60338414,1.3735052,-0.12617692
TAACGACTGGCCGTCG-1,73,19,1.2573887,2.0927527,1.1077042,0.98609406,1.0679622,0.8064553
TAACGAGCCGAAGGTC-1,38,52,1.21887,0.6931472,1.5672741,0.9116562,-0.61183596,2.001116
TAACGAGTTGCCAACC-1,25,75,1.3469125,2.584725,0.5756463,1.1591,1.6584243,-0.57663924
TAACGCATTGGTCCAA-1,25,41,0.0,0.0,0.44793987,-1.4438268,-1.443747,-0.90861446
TAACGCGGCTATAGGT-1,14,110,0.3465736,0.89587975,1.1304471,-0.7740686,-0.36851755,0.86557615
TAACGCGTAATATGGC-1,31,51,0.5553674,0.54930615,1.1610978,-0.37057167,-0.78447306,0.945253
TAACGCGTCAAGCGTT-1,9,33,0.11552453,0.0,0.8330511,-1.220574,-1.443747,0.092489436
TAACGCGTCCTACAAC-1,61,37,0.23104906,0.27465308,0.9093965,-0.9973213,-1.11411,0.29095086
TAACGCTCATACGGCA-1,18,42,0.23104906,0.79451346,0.4023595,-0.9973213,-0.49017674,-1.0271015
TAACGCTTATGCCATA-1,40,88,1.2557938,1.7917595,0.4023595,0.9830119,0.7067119,-1.0271015
TAACGCTTCGGCACTT-1,44,12,0.48172864,0.3465736,1.116477,-0.5128796,-1.0277915,0.8292605
TAACGTCACTATAATC-1,33,65,0.4141511,1.0691665,0.27465308,-0.64347416,-0.16053978,-1.3590767
TAACGTGATTCACTAG-1,23,9,1.5586399,2.6683989,1.2718991,1.568266,1.7588491,1.2332832
TAACGTGCCATAGTTA-1,46,24,1.0438997,0.0,0.7489331,0.5735236,-1.443747,-0.12617692
TAACGTTGCGTCGATG-1,28,102,0.3465736,0.0,0.5756463,-0.7740686,-1.443747,-0.57663924
TAACTCCAACATGGAC-1,55,65,0.0,0.5198604,0.62122667,-1.4438268,-0.81981367,-0.45815215
TAACTCCAGGTAGGCT-1,62,110,1.1552453,2.119093,1.3882399,0.7887005,1.0995755,1.5357132
TAACTTAACCTCGGTG-1,11,109,0.7127777,0.5198604,0.96780026,-0.0663742,-0.81981367,0.44277248
TAACTTGCACGGCGGA-1,50,84,0.57762265,0.89587975,0.54930615,-0.32756314,-0.36851755,-0.6451109
TAAGAACAGGTGTAAC-1,67,43,0.23104906,0.3465736,0.54930615,-0.9973213,-1.0277915,-0.6451109
TAAGAATATGAGATAG-1,39,103,0.3465736,0.27465308,0.5756463,-0.7740686,-1.11411,-0.57663924
TAAGACCGAGTGAACA-1,50,42,0.52967566,0.7611306,1.3939873,-0.42022133,-0.5302427,1.5506537
TAAGATTAGATATTCC-1,4,32,0.11552453,0.3465736,1.0151107,-1.220574,-1.0277915,0.5657569
TAAGATTGAGATTACA-1,31,37,0.4141511,1.2424533,0.96780026,-0.64347416,0.047437992,0.44277248
TAAGATTGCAAGTTCT-1,5,109,0.43984285,0.89587975,1.2854159,-0.5938245,-0.36851755,1.2684203
TAAGATTGCTCACTTC-1,41,27,0.59725314,1.1610978,0.6931472,-0.28962693,-0.050204474,-0.27119341
TAAGATTGGCGGTCGT-1,14,94,0.29862657,0.62122667,0.997246,-0.8667269,-0.6981545,0.51931727
TAAGCAAGTAATGTGG-1,62,78,1.1774598,2.194119,1.0151107,0.8316304,1.1896213,0.5657569
TAAGCACGAGACCTAC-1,30,98,0.11552453,0.96780026,0.44793987,-1.220574,-0.28219897,-0.90861446
TAAGCAGTAGATACTC-1,24,40,0.4141511,0.1732868,0.8330511,-0.64347416,-1.2357693,0.092489436
TAAGCCACAATTGCCT-1,14,60,0.87624925,1.3996055,0.5756463,0.24953686,0.23605108,-0.57663924
TAAGCCATACGACACG-1,27,113,0.6931472,1.1249524,0.8584968,-0.10431039,-0.09358588,0.15863602
TAAGCCTGTAGCGTCC-1,50,86,0.3465736,0.62122667,0.70830333,-0.7740686,-0.6981545,-0.23179471
TAAGCTCCTTCACGCC-1,29,109,0.93307036,0.97295505,0.9222199,0.35934442,-0.2760122,0.3242854
TAAGGACGCCTGGTTG-1,28,62,1.0965419,2.4894938,0.6931472,0.67525536,1.5441284,-0.27119341
TAAGGATCTGAAGATA-1,55,89,0.23104906,0.72259295,0.3465736,-0.9973213,-0.5764953,-1.1721181
TAAGGTATGAATGCTA-1,56,94,1.462746,1.8566372,0.48647752,1.38295,0.7845778,-0.8084351
TAAGGTCCGTGACCGT-1,22,24,1.3425263,1.5967199,1.5686905,1.1506237,0.47262654,2.0047982
TAAGTGCTTGACGATT-1,3,71,0.23104906,0.1732868,0.3465736,-0.9973213,-1.2357693,-1.1721181
TAAGTGGCCGCTCACC-1,37,57,0.29862657,0.3465736,0.62122667,-0.8667269,-1.0277915,-0.45815215
TAAGTGTCAAGGTGGC-1,23,113,0.46209812,0.1732868,0.5198604,-0.5508159,-1.2357693,-0.7216557
TAATACCATTCTAGAT-1,9,5,1.2904004,2.2944543,0.83305115,1.0498896,1.3100432,0.09248959
TAATACCGTTAATTGC-1,37,85,0.89587975,1.9338584,0.8145241,0.28747305,0.8772582,0.044328224
TAATAGCGCTGTACTC-1,45,59,0.11552453,0.79451346,0.48647752,-1.220574,-0.49017674,-0.8084351
TAATCGACATTGTTGG-1,22,90,0.38376418,1.1705328,0.5756463,-0.70219725,-0.038880575,-0.57663924
TAATCGCAATGTAATA-1,12,24,1.0965419,2.2470489,0.83305115,0.67525536,1.2531475,0.09248959
TAATCTGATAAGATGT-1,23,103,1.0789818,1.6961143,0.44793987,0.64132017,0.5919191,-0.90861446
TAATGACGAAGCGGCT-1,39,9,0.52967566,0.44793987,1.1193342,-0.42022133,-0.9061323,0.83668786
TAATGATCCGGTTATT-1,17,35,0.7864165,0.62122667,0.95716035,0.075933784,-0.6981545,0.41511384
TAATGATCTACTAACC-1,20,6,1.2796439,2.2273088,0.90272945,1.0291026,1.2294555,0.27361968
TAATGTGCACGATCTG-1,22,60,1.3168346,1.4259456,0.1732868,1.100974,0.26766434,-1.6225803
TAATTAAGGAGTACTG-1,21,99,1.1033455,1.7146412,0.5198604,0.6884035,0.614155,-0.7216557
TAATTACCGGTGCGAG-1,41,43,1.3647815,1.7790985,1.0235862,1.1936321,0.6915163,0.58778894
TAATTAGCTCGATTGT-1,48,26,0.38376418,0.0,0.997246,-0.70219725,-1.443747,0.51931727
TAATTGACGTCGTTCC-1,51,15,1.6173028,2.4231915,0.866434,1.6816329,1.4645529,0.1792689
TACAAGCAGATCGTTG-1,22,10,1.3640391,2.8474267,1.3091105,1.1921973,1.9737172,1.330015
TACAAGCATAGGCTGG-1,2,26,1.6147186,1.9138477,1.32953,1.6766388,0.85324144,1.3830957
TACAAGCGCCTCTACA-1,52,80,1.1107348,2.5140092,1.2764864,0.70268345,1.5735517,1.2452079
TACAAGCGGAAGTACG-1,21,69,0.7607247,2.2506752,0.6931472,0.026284128,1.2574998,-0.27119341
TACAAGGTCGACAAGT-1,63,15,1.0485948,1.62306,0.9878109,0.5825971,0.5042398,0.49479052
TACAAGTCCACGGTGA-1,9,115,0.4141511,0.5198604,1.3853159,-0.64347416,-0.81981367,1.5281123
TACAAGTCGAATGCAA-1,10,82,0.52967566,0.93441737,0.76113063,-0.42022133,-0.3222649,-0.094469145
TACAAGTGGTCTGAGG-1,9,101,0.18310206,0.44793987,0.6597643,-1.0899795,-0.9061323,-0.35797286
TACAAGTGTCTGTCCG-1,15,65,0.7979153,1.2839496,0.5756463,0.09815539,0.09724157,-0.57663924
TACACCGGTATGTATC-1,2,60,0.9917738,1.9407552,1.2687935,0.4727896,0.8855357,1.22521
TACACCTCGTACTCCA-1,52,30,0.38376418,0.44793987,0.5756463,-0.70219725,-0.9061323,-0.57663924
TACACCTTGCGGCAGG-1,40,112,1.1046735,1.4837235,1.262464,0.6909698,0.337009,1.2087566
TACACTCAGTAGAATG-1,9,45,0.8830529,1.8738855,0.54930615,0.26268497,0.8052791,-0.6451109
TACACTGAATAGCAGA-1,18,112,0.11552453,0.62122667,0.9158904,-1.220574,-0.6981545,0.3078318
TACACTGCAGGTTAGA-1,40,86,0.23104906,1.2982392,0.3465736,-0.9973213,0.114391886,-1.1721181
TACACTGCGTCCGGAC-1,30,20,1.5214494,2.24047,1.4770207,1.4963951,1.2452514,1.7665007
TACACTGTAGTCAACG-1,68,44,0.48172864,0.3465736,1.1193342,-0.5128796,-1.0277915,0.83668786
TACACTGTCGAACCAA-1,26,50,0.8283022,0.5756463,0.9222199,0.15687853,-0.75285983,0.3242854
TACACTTAGTCGTGGT-1,5,79,0.29862657,0.8330511,1.336777,-0.8667269,-0.44392413,1.4019344
TACACTTCGAGGTGAC-1,17,81,0.87624925,1.774594,0.5756463,0.24953686,0.68610996,-0.57663924
TACACTTCGCACCGAT-1,41,13,1.4431156,0.62122667,1.7905993,1.3450139,-0.6981545,2.5816543
TACAGTACTTAGTGTA-1,54,14,1.1444889,2.2639475,0.67701256,0.7679137,1.273429,-0.31313565
TACAGTCTCGGCACGG-1,32,6,0.68239075,1.1705328,0.9222199,-0.12509735,-0.038880575,0.3242854
TACATAGCAGACCAAG-1,9,47,0.96138686,1.4978662,0.6412373,0.41406646,0.3539829,-0.4061341
TACATATGCACCAGTG-1,19,49,0.11552453,0.3465736,0.1732868,-1.220574,-1.0277915,-1.6225803
TACATCGGACAACTGG-1,30,8,1.1603739,2.25175,0.8815901,0.7986117,1.2587898,0.2186676
TACATCGTCAGCGGTT-1,21,77,0.5668662,1.7167333,0.44793987,-0.34835008,0.61666596,-0.90861446
TACATCTAACATGTCC-1,20,8,1.5471411,2.4279609,1.2424533,1.5460445,1.470277,1.1567384
TACATTGAATACGATC-1,10,34,0.18310206,0.3465736,0.8741269,-1.0899795,-1.0277915,0.19926682
TACATTGAATGAACGT-1,52,112,0.7607247,2.4059434,0.1732868,0.026284128,1.4438517,-1.6225803
TACCAGACAACCTCAG-1,20,88,0.7303378,1.0435967,0.44793987,-0.03243902,-0.1912285,-0.90861446
TACCATCTCGGCCGAA-1,60,10,1.8093195,2.6373856,1.3270669,2.052708,1.7216272,1.3766929
TACCATTGATCATTAG-1,75,41,0.0,0.0,0.0,-1.4438268,-1.443747,-2.0730426
TACCATTGGTCTCCAA-1,9,93,0.23104906,0.0,0.85029936,-0.9973213,-1.443747,0.13732664
TACCATTGTCCGCCTT-1,7,29,0.7708288,0.5756463,1.2424533,0.045810364,-0.75285983,1.1567384
TACCGGACCGTTAGGT-1,64,14,1.3100308,1.7167333,1.0691665,1.0878257,0.61666596,0.70627606
TACCTCAGCGGTTGAT-1,6,34,0.23104906,0.72259295,0.72259295,-0.9973213,-0.5764953,-0.19464858
TACCTCAGGCAACAGA-1,25,29,0.9969024,0.85029936,1.1562432,0.48270074,-0.42322284,0.93263346
TACCTGATCGATCTCG-1,2,92,0.23104906,0.1732868,0.6597643,-0.9973213,-1.2357693,-0.35797286
TACCTGCGGTTGTCCT-1,25,31,1.0174655,0.44793987,1.4131223,0.5224391,-0.9061323,1.6003956
TACCTGTTAACGGCCT-1,65,33,0.3465736,0.44793987,0.76113063,-0.7740686,-0.9061323,-0.094469145
TACGACCGAGCGCAAC-1,17,3,0.18310206,0.62122667,0.7727606,-1.0899795,-0.6981545,-0.064236745
TACGACGCGATTCAAG-1,37,51,0.7607247,0.5198604,1.0235862,0.026284128,-0.81981367,0.58778894
TACGACGTCTCATATT-1,49,29,0.4141511,0.27465308,0.59947383,-0.64347416,-1.11411,-0.51469904
TACGACGTGAAGTATC-1,63,7,0.7499683,1.6609474,0.7727606,0.0054971743,0.54971206,-0.064236745
TACGACTACCTTCCTC-1,5,103,0.0,0.44793987,0.72259295,-1.4438268,-0.9061323,-0.19464858
TACGACTCTGAACACT-1,58,88,1.7340437,2.4743047,0.6597643,1.9072363,1.5258986,-0.35797286
TACGACTGATAATCGC-1,5,13,1.6963791,2.517229,0.79451346,1.8344489,1.5774162,-0.007689841
TACGAGATTGGTCTGT-1,21,87,0.7979153,1.3529115,0.7727606,0.09815539,0.18000917,-0.064236745
TACGCCGGAGTTCTGA-1,50,90,0.23104906,0.27465308,0.72259295,-0.9973213,-1.11411,-0.19464858
TACGCCTTGCCGTGTT-1,17,85,0.59725314,0.997246,0.44793987,-0.28962693,-0.24685834,-0.90861446
TACGCTCCGGTTGGTA-1,23,31,0.81754583,0.62122667,1.0474137,0.1360917,-0.6981545,0.64972913
TACGCTCCTTGAGCAA-1,7,111,0.0,0.0,0.5198604,-1.4438268,-1.443747,-0.7216557
TACGCTGATAGCAGTC-1,2,56,0.52967566,0.82395923,1.0826833,-0.42022133,-0.4548361,0.7414132
TACGGAACAGACGCGG-1,17,49,0.23104906,0.3465736,0.79451346,-0.9973213,-1.0277915,-0.007689841
TACGGAATACTCGTTC-1,48,50,0.11552453,0.5198604,0.9158904,-1.220574,-0.81981367,0.3078318
TACGGAATTGAACCAA-1,28,20,1.4688072,2.3579707,1.5338912,1.3946632,1.3862752,1.9143366
TACGGAGGAAGCACCT-1,31,15,1.20131,1.3484069,1.0397208,0.87772125,0.17460284,0.6297312
TACGGAGTCAACGAAG-1,20,106,1.1465594,0.85029936,1.1135869,0.77191484,-0.42322284,0.8217476
TACGGATCAGCCATCC-1,30,54,0.4141511,0.5756463,0.85029936,-0.64347416,-0.75285983,0.13732664
TACGGATCCTTGCGAT-1,62,50,0.11552453,0.0,0.3465736,-1.220574,-1.443747,-1.1721181
TACGGCCTTGTAGGAG-1,20,28,1.3729132,2.1062694,1.5765688,1.2093468,1.0841848,2.0252779
TACGGTAGTTGCGTGA-1,51,101,1.5478836,2.335013,1.1705328,1.5474795,1.3587214,0.9697796
TACGGTGAGCCGATGT-1,74,12,0.3465736,0.6931472,0.3465736,-0.7740686,-0.61183596,-1.1721181
TACGGTTAATGTACTA-1,52,92,0.52967566,0.96780026,1.0826833,-0.42022133,-0.28219897,0.7414132
TACGTACACCTTAAGC-1,57,15,1.8369837,2.5908604,0.7727606,2.1061692,1.6657879,-0.064236745
TACGTATCCTATCACG-1,21,109,0.29862657,0.44793987,0.72259295,-0.8667269,-0.9061323,-0.19464858
TACGTATCGAGGTTGT-1,24,92,0.52967566,0.93441737,0.928393,-0.42022133,-0.3222649,0.34033257
TACGTGAGGACAACCG-1,2,50,0.76752836,0.96780026,0.85029936,0.03943224,-0.28219897,0.13732664
TACGTGATGGTAGGAT-1,6,88,0.3465736,0.3465736,0.9460474,-0.7740686,-1.0277915,0.38622555
TACGTGGAGGCATGGC-1,63,43,0.11552453,0.1732868,0.70830333,-1.220574,-1.2357693,-0.23179471
TACGTGTACATCCGTG-1,68,36,0.11552453,0.3465736,0.48647752,-1.220574,-1.0277915,-0.8084351
TACGTTACTGGTAGCG-1,12,84,0.48172864,0.5756463,0.72259295,-0.5128796,-0.75285983,-0.19464858
TACGTTCCACGCTCGT-1,69,21,1.3806666,2.5759683,0.72259295,1.2243303,1.6479145,-0.19464858
TACTAGGATCAATGGC-1,59,71,1.297204,2.0979075,0.95166564,1.0630378,1.074149,0.4008302
TACTAGTACCGGATGG-1,24,94,0.11552453,0.6931472,1.0018333,-1.220574,-0.61183596,0.5312421
TACTAGTGAGACAATG-1,4,110,0.5553674,0.96780026,1.305089,-0.37057167,-0.28219897,1.3195609
TACTATGTTGAATCTT-1,18,80,0.52967566,1.1705328,0.7727606,-0.42022133,-0.038880575,-0.064236745
TACTCACTACTCACTC-1,9,15,1.1269288,2.3000727,1.0691665,0.7339785,1.3167863,0.70627606
TACTCCGAAGTAGAAT-1,39,47,0.7607247,1.3143739,0.6931472,0.026284128,0.13375656,-0.27119341
TACTCCGCCAATACAA-1,56,22,1.7079879,2.726764,0.6931472,1.8568832,1.8288987,-0.27119341
TACTCCTACATCAACT-1,27,65,1.1072983,1.8124814,1.2868737,0.69604224,0.7315822,1.2722099
TACTCCTGAAGGATTA-1,13,19,1.13299,2.181458,1.2764864,0.7456919,1.1744257,1.2452079
TAGAACGATTGCCTCC-1,3,115,0.23104906,0.3465736,0.866434,-0.9973213,-1.0277915,0.1792689
TAGAATTCAACGTGGC-1,61,41,0.11552453,0.1732868,0.95716035,-1.220574,-1.2357693,0.41511384
TAGACAATACTGGAAG-1,4,38,0.93307036,1.7167333,0.6412373,0.35934442,0.61666596,-0.4061341
TAGACACCGGCGTCAA-1,18,4,0.9917738,1.196873,0.48647752,0.4727896,-0.0072673145,-0.8084351
TAGACAGGAGATCATT-1,41,109,1.1816795,1.8180996,1.4325249,0.839785,0.7383252,1.650833
TAGACAGGATGCAATA-1,6,104,0.11552453,0.0,0.72259295,-1.220574,-1.443747,-0.19464858
TAGACAGTTCAGATTA-1,13,39,0.0,0.0,0.48647752,-1.4438268,-1.443747,-0.8084351
TAGACATACGTCTAAT-1,36,88,0.11552453,0.5198604,0.5198604,-1.220574,-0.81981367,-0.7216557
TAGACATGGTTAGGTC-1,15,47,0.3465736,0.67701256,0.44793987,-0.7740686,-0.6312006,-0.90861446
TAGACCAGGATATCGG-1,61,83,1.220198,2.456111,0.8815901,0.9142226,1.5040625,0.2186676
TAGACCATCGATTGAG-1,47,15,0.3465736,1.0691665,1.1610978,-0.7740686,-0.16053978,0.945253
TAGACCATTGCTTAGA-1,59,39,0.11552453,0.79451346,0.1732868,-1.220574,-0.49017674,-1.6225803
TAGACCGAAGCAGAGC-1,13,63,0.7803552,1.2424533,0.96780026,0.064220324,0.047437992,0.44277248
TAGACCGCGGAAGGAC-1,37,43,0.59725314,1.2982392,0.4023595,-0.28962693,0.114391886,-1.0271015
TAGACCGGCCAGTACG-1,25,65,0.96138686,1.959783,0.9344174,0.41406646,0.90837264,0.35599315
TAGACCTGAGGAGCTG-1,27,39,0.61481327,0.1732868,1.0986123,-0.25569177,-1.2357693,0.7828209
TAGAGCAGACAGTCCA-1,14,26,1.3789746,2.2270384,0.9460474,1.2210604,1.229131,0.38622555
TAGAGGCGATTGATTC-1,43,65,0.11552453,0.0,0.1732868,-1.220574,-1.443747,-1.6225803
TAGATGAGCCGTCATT-1,63,23,0.3465736,1.1249524,0.44793987,-0.7740686,-0.09358588,-0.90861446
TAGATGAGGACGCTTA-1,12,98,0.52967566,0.6931472,0.6931472,-0.42022133,-0.61183596,-0.27119341
TAGATGCGTGCCAGCG-1,43,33,0.90922016,0.3465736,0.59947383,0.31325358,-1.0277915,-0.51469904
TAGATGGCTGTATGCC-1,30,44,0.48172864,0.4023595,1.141087,-0.5128796,-0.96083754,0.8932348
TAGATGTCGAGGCCAG-1,64,72,1.4760865,2.32732,1.5967199,1.4087305,1.3494885,2.0776608
TAGCAATACTCGAACA-1,5,19,0.7803552,1.9329827,0.6412373,0.064220324,0.8762071,-0.4061341
TAGCAATTATGGACCG-1,66,70,0.4141511,0.3465736,1.2207005,-0.64347416,-1.0277915,1.1001915
TAGCAGTCGTCATGAA-1,27,7,1.3434759,2.6702437,1.1358237,1.1524588,1.7610633,0.87955266
TAGCAGTGATTCTGTC-1,42,20,0.7127777,1.2130076,2.0254195,-0.0663742,0.012097359,3.1920736
TAGCCGCAATACCTGC-1,11,41,0.7803552,1.5216937,0.5198604,0.064220324,0.3825806,-0.7216557
TAGCCGCTGTGGCTGG-1,16,108,0.0,0.1732868,0.9460474,-1.4438268,-1.2357693,0.38622555
TAGCGGACCACTGTTA-1,26,112,0.0,0.3465736,0.8815901,-1.4438268,-1.0277915,0.2186676
TAGCGTACCTTGACAT-1,52,40,0.11552453,0.0,0.54930615,-1.220574,-1.443747,-0.6451109
TAGCGTACGGAGCGCC-1,7,73,0.6452002,1.1705328,0.997246,-0.1969686,-0.038880575,0.51931727
TAGCGTATAGCGCTAA-1,47,69,0.23104906,0.3465736,0.89587975,-0.9973213,-1.0277915,0.25581372
TAGCGTCACGACAGGC-1,39,109,0.23104906,0.44793987,1.0826833,-0.9973213,-0.9061323,0.7414132
TAGCGTCTCAAGGTGG-1,12,100,0.11552453,0.3465736,0.4023595,-1.220574,-1.0277915,-1.0271015
TAGCGTCTCGGTCTAT-1,7,69,0.18310206,0.0,0.9158904,-1.0899795,-1.443747,0.3078318
TAGCGTTATGACCTCC-1,12,30,0.7384694,0.866434,1.0691665,-0.016724546,-0.40385816,0.70627606
TAGCTACCATACTGCT-1,54,72,0.9134398,1.7206094,0.48647752,0.32140812,0.62131804,-0.8084351
TAGCTACCTGTAGGAT-1,12,66,0.6648307,1.70391,0.62122667,-0.15903242,0.6012755,-0.45815215
TAGCTAGAAGCGATCA-1,26,94,0.11552453,0.62122667,0.62122667,-1.220574,-0.6981545,-0.45815215
TAGCTAGACACTGGTT-1,4,82,0.0,0.6931472,1.0891771,-1.4438268,-0.61183596,0.7582939
TAGCTAGAGCACGCCG-1,49,101,0.9917738,2.0864232,0.8584968,0.4727896,1.0603654,0.15863602
TAGCTAGAGGCCTGAA-1,52,62,0.11552453,0.3465736,0.3465736,-1.220574,-1.0277915,-1.1721181
TAGCTATGTTGAGCAC-1,25,17,1.0182079,2.4581323,0.76113063,0.5238739,1.5064884,-0.094469145
TAGCTCGAATCGTCCG-1,49,77,1.1124269,2.003584,0.9460474,0.70595336,0.9609423,0.38622555
TAGCTTAAGCTGGCGT-1,32,72,0.29862657,0.866434,0.0,-0.8667269,-0.40385816,-2.0730426
TAGGACATCAGCATGG-1,45,43,0.7499683,1.1249524,0.9878109,0.0054971743,-0.09358588,0.49479052
TAGGACGGCCAGCCGA-1,53,39,0.23104906,0.1732868,0.54930615,-0.9973213,-1.2357693,-0.6451109
TAGGACTTCATGTTAT-1,63,47,0.18310206,0.0,0.6931472,-1.0899795,-1.443747,-0.27119341
TAGGAGCCAGACTCAG-1,3,45,0.9917738,1.5171064,0.62122667,0.4727896,0.37707496,-0.45815215
TAGGAGGCGTATTGCC-1,61,99,1.6519092,2.8812923,0.9093965,1.7485104,2.0143626,0.29095086
TAGGATGCACCGTTCA-1,43,73,0.46209812,0.7489331,1.0891771,-0.5508159,-0.54488206,0.7582939
TAGGCAGGCGGACGCC-1,67,89,0.68239075,1.2207005,0.5198604,-0.12509735,0.02133037,-0.7216557
TAGGCATCGGAGCCTC-1,11,59,0.46209812,1.7963468,0.95166564,-0.5508159,0.71221757,0.4008302
TAGGCATCTGCGGACC-1,28,58,0.11552453,0.62122667,0.9158904,-1.220574,-0.6981545,0.3078318
TAGGCGAGCGATCGGT-1,21,55,0.5553674,1.3220668,0.1732868,-0.37057167,0.14298956,-1.6225803
TAGGCGCATATCTAAC-1,25,35,0.85399395,0.44793987,0.9158904,0.20652819,-0.9061323,0.3078318
TAGGCTCCGGCATACA-1,15,29,1.3989824,0.6931472,1.7507664,1.2597258,-0.61183596,2.4781077
TAGGCTTATCTAGCTC-1,64,70,1.1898111,1.079372,1.365958,0.85549945,-0.14829119,1.477791
TAGGTCTACTCGTGAA-1,20,90,0.11552453,0.7489331,0.27465308,-1.220574,-0.54488206,-1.3590767
TAGGTCTATGGATTAT-1,0,80,0.11552453,0.3465736,0.6931472,-1.220574,-1.0277915,-0.27119341
TAGGTCTGCCTCTGTA-1,12,46,0.48172864,1.2424533,0.85029936,-0.5128796,0.047437992,0.13732664
TAGGTCTTGGCTCGTC-1,36,74,0.11552453,0.0,0.0,-1.220574,-1.443747,-2.0730426
TAGTAAGCGGTGGATA-1,64,78,0.94382674,2.3326964,1.0235862,0.38013127,1.3559412,0.58778894
TAGTATAACCTCGACA-1,31,111,1.0769113,0.85029936,1.0826833,0.6373191,-0.42322284,0.7414132
TAGTATCCAATTACGT-1,23,77,1.0067091,1.5967199,0.65976435,0.5016523,0.47262654,-0.3579727
TAGTATTGCCGAGTTG-1,28,6,1.0289644,2.130097,1.1106628,0.544661,1.1127825,0.8141464
TAGTCACTGGATAGGC-1,61,75,0.9634573,1.3680677,1.0691665,0.41806757,0.19819964,0.70627606
TAGTGAACATGCAGAT-1,29,15,1.0850431,1.9990793,1.3701597,0.6530338,0.95553595,1.4887136
TAGTGAATGTTCAGTG-1,37,39,0.23104906,1.1751201,0.4023595,-0.9973213,-0.033374935,-1.0271015
TAGTGACCAGTTGCGG-1,4,36,1.0965419,1.945806,0.59947383,0.67525536,0.8915976,-0.51469904
TAGTGACCGTCGATTA-1,14,42,0.29862657,0.3465736,0.6597643,-0.8667269,-1.0277915,-0.35797286
TAGTGACTCAATTGCT-1,35,77,0.29862657,0.3465736,0.0,-0.8667269,-1.0277915,-2.0730426
TAGTGACTCGCTCCGC-1,35,29,0.8458623,1.7725192,1.1304471,0.19081372,0.68361986,0.86557615
TAGTGAGGACATGTTG-1,31,73,0.4141511,0.67701256,0.1732868,-0.64347416,-0.6312006,-1.6225803
TAGTGAGGTATCGACC-1,18,32,1.4735025,1.2424533,1.2718991,1.403737,0.047437992,1.2332832
TAGTGCACATAGTCTG-1,10,28,0.8830529,0.79451346,1.6137996,0.26268497,-0.49017674,2.1220598
TAGTGCACTATTGTCA-1,32,86,0.0,0.44793987,0.1732868,-1.4438268,-0.9061323,-1.6225803
TAGTGCACTTGTACCG-1,1,31,0.4141511,0.79451346,0.8741269,-0.64347416,-0.49017674,0.19926682
TAGTGCAGCTGGCGTC-1,8,42,1.0289644,1.4292569,0.54930615,0.544661,0.2716385,-0.6451109
TAGTGCAGTGCGGTAG-1,42,40,0.94382674,1.4953536,0.8815901,0.38013127,0.35096732,0.2186676
TAGTGCGTGGAGAAGT-1,6,46,0.87624925,1.7790985,0.65976435,0.24953686,0.6915163,-0.3579727
TAGTGCTGTAGCGTTG-1,21,5,1.0114043,2.0709999,0.8815901,0.5107258,1.0418545,0.2186676
TAGTGGTTGAACCAAT-1,45,107,0.5668662,1.471526,1.4174702,-0.34835008,0.32236964,1.611698
TAGTTACATAGAAGAT-1,14,18,1.524886,2.3545823,0.5198604,1.5030363,1.3822085,-0.7216557
TAGTTCAAGGTCCACG-1,72,32,0.52967566,0.5198604,1.2207005,-0.42022133,-0.81981367,1.1001915
TAGTTCAATCGACCTC-1,37,15,1.4323591,1.8566374,1.4357508,1.3242267,0.78457797,1.6592189
TAGTTCCGATAGAATC-1,41,39,0.52967566,0.97295505,0.48647752,-0.42022133,-0.2760122,-0.8084351
TAGTTCGAATTAGCGG-1,52,64,0.29862657,0.0,0.8741269,-0.8667269,-1.443747,0.19926682
TAGTTCGAGTAGGAAG-1,44,46,1.1444889,1.420895,0.95166564,0.7679137,0.26160258,0.4008302
TAGTTCGATCCTCACG-1,65,47,0.23104906,0.0,0.7489331,-0.9973213,-1.443747,-0.12617692
TAGTTCGTTGCTAATT-1,11,85,0.48172864,0.804719,0.866434,-0.5128796,-0.47792816,0.1792689
TAGTTCTGTCTGATAG-1,1,109,0.7127777,0.79451346,1.5810897,-0.0663742,-0.49017674,2.03703
TAGTTGAGCCAGCCAG-1,51,113,1.037096,1.8931258,0.3465736,0.56037545,0.8283711,-1.1721181
TAGTTGAGCGACGCTA-1,70,8,1.2681451,2.0463376,1.0826833,1.0068809,1.0122551,0.7414132
TAGTTGGCTTAGGCCT-1,43,109,0.59725314,1.196873,1.70391,-0.28962693,-0.0072673145,2.3563037
TATCAACGAATATGAG-1,33,103,0.68239075,1.7398496,0.4023595,-0.12509735,0.64440995,-1.0271015
TATCAAGGCCGCGTGG-1,41,97,0.23104906,0.1732868,0.3465736,-0.9973213,-1.2357693,-1.1721181
TATCAAGGCTCGTCGG-1,61,15,0.61481327,0.5198604,0.7489331,-0.25569177,-0.81981367,-0.12617692
TATCAATGCCGCTCAC-1,25,95,0.18310206,0.7611306,0.9878109,-1.0899795,-0.5302427,0.49479052
TATCACATAGCGAACT-1,52,88,0.6452002,0.6931472,0.62122667,-0.1969686,-0.61183596,-0.45815215
TATCACCGGCATCGTG-1,40,24,0.9506304,0.6931472,1.4630506,0.3932795,-0.61183596,1.7301852
TATCACTTCGAGCCGT-1,39,91,0.8283022,1.555644,0.7489331,0.15687853,0.42332757,-0.12617692
TATCATGGATGTTGCC-1,23,35,0.52967566,0.27465308,0.9222199,-0.42022133,-1.11411,0.3242854
TATCCAAGCGCCGTAG-1,51,89,0.11552453,0.5198604,0.5198604,-1.220574,-0.81981367,-0.7216557
TATCCAATACCGCAAT-1,60,94,1.1975645,2.7403195,1.0986123,0.8704829,1.8451679,0.7828209
TATCCACTTGCGTATC-1,38,68,0.0,0.5198604,0.72259295,-1.4438268,-0.81981367,-0.19464858
TATCCGATCTTGGCGG-1,10,46,1.0289644,1.3438196,0.67701256,0.544661,0.16909719,-0.31313565
TATCCGGAATGAGCGG-1,0,22,1.0965419,1.8316164,0.5756463,0.67525536,0.75454795,-0.57663924
TATCCTGCGGTTGATC-1,20,60,0.61481327,1.7917595,0.72259295,-0.25569177,0.7067119,-0.19464858
TATCCTTACCACGACT-1,2,16,1.3806666,2.0471723,0.5198604,1.2243303,1.0132568,-0.7216557
TATCTAGTCGCATGCA-1,20,52,0.6452002,1.1249524,0.27465308,-0.1969686,-0.09358588,-1.3590767
TATCTAGTGAATGATC-1,47,113,0.59725314,1.2624639,0.0,-0.28962693,0.07145458,-2.0730426
TATCTAGTGCCATATT-1,43,115,0.8283022,1.6377702,0.7727606,0.15687853,0.5218949,-0.064236745
TATGAACTACGCGGTG-1,57,23,1.3532826,2.3284047,1.0397208,1.1714103,1.3507903,0.6297312
TATGAAGCGACCGTCC-1,19,89,0.59725314,1.6184727,0.5198604,-0.28962693,0.49873415,-0.7216557
TATGACAATGCTTGAA-1,37,67,0.3465736,0.0,0.9878109,-0.7740686,-1.443747,0.49479052
TATGACAGCGAGAAGC-1,36,30,0.46209812,1.0063379,1.5216937,-0.5508159,-0.23594636,1.882629
TATGACGCGTATGTCG-1,24,30,0.9571672,0.62122667,0.82395923,0.40591192,-0.6981545,0.06885499
TATGACGGAGATTGGC-1,28,90,0.7979153,1.8530401,0.7727606,0.09815539,0.7802605,-0.064236745
TATGACTCAATGATCG-1,10,22,1.1783124,2.174211,1.1705328,0.83327806,1.165728,0.9697796
TATGAGCGATCCATTA-1,46,46,0.3465736,0.0,0.8584968,-0.7740686,-1.443747,0.15863602
TATGAGGATCTACTGG-1,29,47,0.7127777,0.9222199,0.54930615,-0.0663742,-0.3369043,-0.6451109
TATGAGTTCCGAGTGA-1,38,106,0.23104906,0.0,0.5198604,-0.9973213,-1.443747,-0.7216557
TATGCTCCTGGTTAGT-1,12,64,0.38376418,0.9222199,0.79451346,-0.70219725,-0.3369043,-0.007689841
TATGGAGTTCTACGGC-1,10,32,0.65530425,0.9222199,0.8145241,-0.17744237,-0.3369043,0.044328224
TATGGATATGGTGCGA-1,68,76,1.2424533,2.5103772,0.5198604,0.9572313,1.5691925,-0.7216557
TATGGCAGTTCGTCTA-1,57,81,0.4992887,1.0691665,0.48647752,-0.47894454,-0.16053978,-0.8084351
TATGGCCATAATAGAC-1,55,69,1.1701807,2.3098776,1.280991,0.81756335,1.3285542,1.2569176
TATGGCCGGCGACACT-1,49,51,0.29862657,0.0,0.62122667,-0.8667269,-1.443747,-0.45815215
TATGGCCTCACGTACA-1,50,16,1.4688072,2.5406926,1.2424533,1.3946632,1.6055769,1.1567384
TATGTCATAAGCGTCG-1,58,84,0.48172864,1.6448128,0.48647752,-0.5128796,0.5303474,-0.8084351
TATGTCGAGGTTGAAG-1,30,86,0.0,0.9222199,0.54930615,-1.4438268,-0.3369043,-0.6451109
TATGTTAGGCCGAACC-1,12,96,0.3465736,0.62122667,1.1077042,-0.7740686,-0.6981545,0.8064553
TATGTTGCAGTCTAGG-1,59,55,0.0,0.1732868,0.3465736,-1.4438268,-1.2357693,-1.1721181
TATGTTGGTAGGTCGT-1,52,96,0.8086717,1.8713729,0.8145241,0.11894234,0.8022635,0.044328224
TATGTTGGTCCAGTGA-1,49,49,0.4141511,1.0691665,1.1512926,-0.64347416,-0.16053978,0.91976416
TATTAACTTCCGCTCA-1,32,36,0.6648307,1.1751201,0.44793987,-0.15903242,-0.033374935,-0.90861446
TATTAAGCAGCGCCGG-1,65,55,0.0,0.0,0.0,-1.4438268,-1.443747,-2.0730426
TATTAATATGTCGACT-1,63,29,1.3600864,1.9489117,0.6412373,1.1845589,0.895325,-0.4061341
TATTCCGGTTGTTAAT-1,59,35,0.3465736,0.3465736,0.44793987,-0.7740686,-1.0277915,-0.90861446
TATTCGACAACCGTGA-1,49,105,1.4546837,2.5324564,0.48647752,1.3673693,1.5956919,-0.8084351
TATTCGACATTACTAT-1,54,104,1.5431885,2.6850214,0.4023595,1.538406,1.7787994,-1.0271015
TATTCGGTGGAGATTC-1,58,68,0.18310206,0.866434,1.3064367,-1.0899795,-0.40385816,1.3230642
TATTCGTCTGCGGTGG-1,3,7,0.57762265,1.6903932,1.1610978,-0.32756314,0.5850527,0.945253
TATTCGTTAACAGGCA-1,17,7,1.4884377,2.3313632,0.99257296,1.4325993,1.354341,0.5071696
TATTCGTTAATGCTCC-1,15,35,0.46209812,0.72259295,0.7489331,-0.5508159,-0.5764953,-0.12617692
TATTCTAGAATCGGAC-1,54,106,0.9134398,2.008171,0.59947383,0.32140812,0.9664478,-0.51469904
TATTCTCAGCGGCTGG-1,54,70,1.4658041,2.1184669,0.6931472,1.3888596,1.0988241,-0.27119341
TATTCTCCTATGATGG-1,53,47,0.11552453,0.79451346,0.9093965,-1.220574,-0.49017674,0.29095086
TATTGAATCCGACTAA-1,30,52,0.87624925,0.0,1.0474137,0.24953686,-1.443747,0.64972913
TATTGAATGAATGTGG-1,8,24,1.4431156,2.7185667,0.67701256,1.3450139,1.8190603,-0.31313565
TATTGATCGTGATCTT-1,47,79,0.9917738,1.5338913,0.62122667,0.4727896,0.3972201,-0.45815215
TCAACAATGGAGGCCT-1,51,55,1.2120664,1.8977131,0.5198604,0.89850813,0.8338767,-0.7216557
TCAACACCAATCATTA-1,60,26,1.297204,2.5141594,0.72259295,1.0630378,1.573732,-0.19464858
TCAACAGGACAGCAAC-1,14,32,1.2347552,1.0691665,0.9222199,0.94235444,-0.16053978,0.3242854
TCAACAGGCCATGCCG-1,15,91,0.3662041,0.72259295,1.2207005,-0.7361323,-0.5764953,1.1001915
TCAACATGGATACAAC-1,64,52,0.0,0.0,0.44793987,-1.4438268,-1.443747,-0.90861446
TCAACCGGAGACCTCG-1,44,28,0.6452002,0.27465308,0.95166564,-0.1969686,-1.11411,0.4008302
TCAAGGAACCTATTGC-1,24,18,1.6715398,2.6381707,0.96780026,1.7864467,1.7225696,0.44277248
TCAAGGACGTTAGGAG-1,65,73,1.0593513,1.9509609,2.0864234,0.60338414,0.8977845,3.3506546
TCAAGGCAACGCGGCT-1,31,97,0.0,0.1732868,0.0,-1.4438268,-1.2357693,-2.0730426
TCAAGGCCATAGCCTG-1,14,68,0.7979153,1.3732654,0.59947383,0.09815539,0.20443782,-0.51469904
TCAAGGCGTCTACTCC-1,59,105,1.114102,2.3386102,0.8741269,0.70919055,1.3630388,0.19926682
TCAAGGTACACGAAGA-1,10,16,1.4019722,2.5082998,0.59947383,1.2655036,1.5666993,-0.51469904
TCAAGGTATCAACTTA-1,46,60,0.48172864,0.62122667,1.1705328,-0.5128796,-0.6981545,0.9697796
TCAAGGTCTGAATATG-1,55,57,0.0,0.0,0.54930615,-1.4438268,-1.443747,-0.6451109
TCAATATTCCGGTTAG-1,58,102,1.114102,2.3801906,1.0691665,0.70919055,1.4129434,0.70627606
TCAATATTCGACAAGA-1,4,18,1.5248858,2.4355948,0.7727606,1.5030358,1.4794391,-0.064236745
TCAATTAATAGAACCT-1,52,100,1.2120664,1.7811196,1.0151107,0.89850813,0.69394195,0.5657569
TCAATTATACCAGAAC-1,0,116,0.11552453,0.1732868,0.44793987,-1.220574,-1.2357693,-0.90861446
TCACAAGATGACTCGA-1,48,98,1.4242967,2.0526671,1.2318134,1.3086461,1.0198517,1.1290797
TCACAAGCTCGAGGCA-1,35,61,0.0,0.1732868,0.62122667,-1.4438268,-1.2357693,-0.45815215
TCACAAGGAGAACAAG-1,59,85,1.572833,2.819098,0.65976435,1.5956944,1.9397174,-0.3579727
TCACAGCACCAAGGTT-1,21,35,0.8863533,1.2168835,1.2559701,0.2690631,0.016749276,1.1918755
TCACATAAGCGTTGCC-1,49,9,1.2424533,0.96780026,1.4051002,0.9572313,-0.28219897,1.579542
TCACATAGACCTCCGT-1,21,19,1.6262175,2.411438,0.9344174,1.6988608,1.4504462,0.35599315
TCACATCCTGTCGCGG-1,26,98,0.29862657,0.5198604,0.7727606,-0.8667269,-0.81981367,-0.064236745
TCACATCCTTATACAG-1,4,88,0.0,0.44793987,0.73610973,-1.4438268,-0.9061323,-0.15951145
TCACATCCTTCTCAGT-1,30,46,0.52967566,0.93441737,0.3465736,-0.42022133,-0.3222649,-1.1721181
TCACATTGTCGGTGAC-1,24,54,0.52967566,1.7318895,0.6931472,-0.42022133,0.6348563,-0.27119341
TCACCATAGATTGTTA-1,43,35,0.23104906,0.0,0.7727606,-0.9973213,-1.443747,-0.064236745
TCACCGTTGCTAATGG-1,31,55,0.11552453,0.1732868,0.95716035,-1.220574,-1.2357693,0.41511384
TCACGACATCAGAAGG-1,28,98,0.11552453,0.3465736,0.27465308,-1.220574,-1.0277915,-1.3590767
TCACGATACCTAGCCA-1,47,83,1.1641194,1.9770968,0.7489331,0.8058498,0.9291526,-0.12617692
TCACGCTATCCACTAC-1,56,90,0.9134398,1.718808,0.27465308,0.32140812,0.61915606,-1.3590767
TCACTACGACTCTGCG-1,21,91,0.6452002,1.280991,0.62122667,-0.1969686,0.09369061,-0.45815215
TCACTCCGCTCACTGG-1,62,32,1.6811348,2.6835551,1.1610978,1.8049892,1.7770396,0.945253
TCAGAATCCTACGGTG-1,5,87,0.57762265,0.3465736,1.0548769,-0.32756314,-1.0277915,0.6691299
TCAGAATCGATATCAT-1,48,62,0.4141511,1.1077042,0.5198604,-0.64347416,-0.11428715,-0.7216557
TCAGAATCTAATAGTC-1,44,18,1.2814856,0.6931472,1.4883108,1.0326616,-0.61183596,1.7958496
TCAGACCGGCCTGCTC-1,66,18,1.5282531,2.3279986,0.82395923,1.5095432,1.3503029,0.06885499
TCAGATTACCAGGTTA-1,40,12,0.52967566,0.62122667,0.9222199,-0.42022133,-0.6981545,0.3242854
TCAGCGTGACCTTACC-1,29,63,0.8283022,1.728931,1.1016798,0.15687853,0.63130546,0.79079485
TCAGCTACCAACTCCG-1,20,74,0.9695185,1.916204,0.9460474,0.42978093,0.85606945,0.38622555
TCAGCTAGGATGTACT-1,35,49,0.3465736,0.1732868,0.6931472,-0.7740686,-1.2357693,-0.27119341
TCAGCTATTAATCGCT-1,33,51,0.4992887,0.0,0.5756463,-0.47894454,-1.443747,-0.57663924
TCAGCTCGATGACTTC-1,15,115,0.6452002,0.72259295,1.16349,-0.1969686,-0.5764953,0.9514718
TCAGCTCGCCAGGATG-1,38,86,1.6489062,2.3656635,0.0,1.742707,1.395508,-2.0730426
TCAGGAATAGAACCTG-1,71,17,1.1748759,2.3513124,1.4542778,0.82663685,1.378284,1.7073799
TCAGGAGCAACGGTCG-1,39,59,0.11552453,0.0,0.4023595,-1.220574,-1.443747,-1.0271015
TCAGGATACACTACAA-1,22,78,0.9917738,2.1600738,0.44793987,0.4727896,1.1487604,-0.90861446
TCAGGTTGGCCTTGGC-1,0,84,1.3729132,2.393468,0.9222199,1.2093468,1.4288787,0.3242854
TCAGTATGTAGGACAA-1,23,47,0.7384694,0.27465308,1.32953,-0.016724546,-1.11411,1.3830957
TCAGTCAGCGATCAGA-1,19,83,1.1641194,2.0369668,0.3465736,0.8058498,1.0010083,-1.1721181
TCAGTCATTGCAAGTG-1,59,91,0.8283022,1.9965413,0.804719,0.15687853,0.95248973,0.018839568
TCAGTCCAACGGAAGT-1,39,23,0.7127777,0.85029936,1.5911876,-0.0663742,-0.42322284,2.0632796
TCAGTCGAAGTATCTA-1,10,66,0.4992887,0.3465736,0.95716035,-0.47894454,-1.0277915,0.41511384
TCAGTCGAGCGATGAA-1,0,50,0.8654928,0.7611306,0.83305115,0.22874992,-0.5302427,0.09248959
TCAGTCGCCAAGGTTG-1,44,56,0.4141511,0.1732868,0.62122667,-0.64347416,-1.2357693,-0.45815215
TCAGTCGTCACTGAGC-1,3,75,0.11552453,0.1732868,0.73610973,-1.220574,-1.2357693,-0.15951145
TCAGTCGTGCCGGCAG-1,29,89,0.29862657,1.3343844,0.3465736,-0.8667269,0.15777315,-1.1721181
TCAGTCTGAGTGCTTG-1,1,57,0.59725314,1.3701597,1.186233,-0.28962693,0.20071045,1.0105926
TCAGTGTAGGACGTCG-1,9,95,0.3465736,0.1732868,0.866434,-0.7740686,-1.2357693,0.1792689
TCAGTTCAGAATCTCG-1,15,67,0.89587975,1.62306,0.6931472,0.28747305,0.5042398,-0.27119341
TCAGTTCTCCGGACCG-1,42,72,0.0,0.1732868,0.5198604,-1.4438268,-1.2357693,-0.7216557
TCAGTTGACAGTGCCA-1,40,28,0.8283022,1.4157401,0.90272945,0.15687853,0.25541577,0.27361968
TCAGTTGCTAAGCCTA-1,62,16,0.7607247,1.1512926,1.0235862,0.026284128,-0.061972618,0.58778894
TCATAATTCGTGCAGA-1,71,21,1.208321,2.1095376,0.85029936,0.89127,1.0881072,0.13732664
TCATAGCTTCCAGTAC-1,38,56,0.6931472,0.0,0.866434,-0.10431039,-1.443747,0.1792689
TCATAGGTAGTGACGA-1,60,50,0.52967566,0.7611306,0.9344174,-0.42022133,-0.5302427,0.35599315
TCATAGGTATTGCGTG-1,68,20,2.0099819,2.658964,0.6931472,2.4404907,1.7475255,-0.27119341
TCATAGGTGAGTCGAC-1,37,107,0.23104906,0.0,0.62122667,-0.9973213,-1.443747,-0.45815215
TCATAGTAGACTCATA-1,48,116,0.0,0.0,0.1732868,-1.4438268,-1.443747,-1.6225803
TCATCCACGTGGTCAC-1,37,9,0.59725314,0.62122667,1.2130076,-0.28962693,-0.6981545,1.0801935
TCATCCGATTGAATTC-1,2,30,0.5668662,0.72259295,0.97295505,-0.34835008,-0.5764953,0.45617244
TCATCCTAGGACTCGC-1,6,66,0.7803552,1.3195287,0.7489331,0.064220324,0.13994338,-0.12617692
TCATCGCTGCGTATTG-1,74,42,0.0,0.0,0.44793987,-1.4438268,-1.443747,-0.90861446
TCATCGCTGTGCAACA-1,56,32,0.18310206,0.0,0.6597643,-1.0899795,-1.443747,-0.35797286
TCATCGGCCTGTGCGG-1,59,69,0.7607247,0.4023595,0.85029936,0.026284128,-0.96083754,0.13732664
TCATCGTTATGTATCT-1,31,101,1.2573887,0.93441737,0.5756463,0.98609406,-0.3222649,-0.57663924
TCATCTATCCACGATT-1,48,20,0.52967566,0.96780026,0.9460474,-0.42022133,-0.28219897,0.38622555
TCATCTCCAACCACCT-1,48,48,0.57762265,0.85029936,0.78387356,-0.32756314,-0.42322284,-0.03534848
TCATCTCCAGCCGGTG-1,16,14,1.3806666,1.6833506,1.2559701,1.2243303,0.5766002,1.1918755
TCATCTGCCGCTATTC-1,54,90,0.11552453,0.44793987,0.59947383,-1.220574,-0.9061323,-0.51469904
TCATCTTCCACGTATG-1,25,37,0.7864165,0.67701256,0.72259295,0.075933784,-0.6312006,-0.19464858
TCATCTTCGACACCGT-1,61,19,1.2005676,1.9394765,1.4542778,0.8762865,0.88400096,1.7073799
TCATGAGGCTTGACGC-1,16,20,0.6452002,1.6609474,0.9878109,-0.1969686,0.54971206,0.49479052
TCATGAGGTTGATATG-1,34,20,1.0289644,1.6090375,1.4051002,0.544661,0.4874101,1.579542
TCATGAGTAAGACATC-1,25,111,0.23104906,0.3465736,0.48647752,-0.9973213,-1.0277915,-0.8084351
TCATGATTCTGATACT-1,17,71,0.7080825,2.2428622,0.3465736,-0.07544769,1.2481227,-1.1721181
TCATGCAGCGCCTTCG-1,66,96,0.5668662,1.1705328,0.6412373,-0.34835008,-0.038880575,-0.4061341
TCATGGTTCCGAACTT-1,9,109,0.11552453,0.0,0.866434,-1.220574,-1.443747,0.1792689
TCATTACGGCACAGTA-1,8,36,0.61481327,1.3220668,0.83305115,-0.25569177,0.14298956,0.09248959
TCATTCACTGTAATGG-1,39,101,0.11552453,0.1732868,0.4023595,-1.220574,-1.2357693,-1.0271015
TCATTGATAGACTTGC-1,23,53,0.4141511,1.4208949,0.5198604,-0.64347416,0.26160243,-0.7216557
TCATTGATAGGTGGAA-1,12,20,1.4147991,2.6350162,1.079372,1.2902918,1.7187835,0.73280543
TCATTGGCGACCGACG-1,38,10,1.1800045,0.1732868,1.5615267,0.836548,-1.2357693,1.9861755
TCATTGTTCAATGCGT-1,31,49,0.45134172,0.0,1.4308963,-0.57160276,-1.443747,1.6465994
TCCAACGAAGATGCTT-1,55,73,1.0850431,2.530294,0.8815901,0.6530338,1.5930965,0.2186676
TCCAACGTGGTTGTTC-1,45,39,0.52967566,1.0955067,0.9344174,-0.42022133,-0.12892652,0.35599315
TCCAACTAAGACTCCA-1,33,69,1.4127287,2.0463376,0.4023595,1.2862906,1.0122551,-1.0271015
TCCAACTGAATAAGGT-1,38,48,0.8416427,0.3465736,0.62122667,0.18265918,-1.0277915,-0.45815215
TCCAACTGCCGCCATA-1,42,88,0.11552453,0.27465308,0.1732868,-1.220574,-1.11411,-1.6225803
TCCAACTGGCTGAAGA-1,16,64,0.7979153,1.945806,0.7727606,0.09815539,0.8915976,-0.064236745
TCCAAGACCGCTTGAT-1,51,81,1.1526206,2.4656663,0.6931472,0.78362817,1.5155308,-0.27119341
TCCAATACTATCTGTT-1,26,14,1.4101038,1.7424476,1.1077042,1.281218,0.6475281,0.8064553
TCCAATCCAGATACAT-1,32,16,0.6452002,0.866434,1.4978662,-0.1969686,-0.40385816,1.8206888
TCCAATCTAACACGCA-1,34,100,0.23104906,0.5198604,0.866434,-0.9973213,-0.81981367,0.1792689
TCCAATGCAAGTATCT-1,3,37,0.87624925,1.5511395,0.5756463,0.24953686,0.41792122,-0.57663924
TCCAATGTCCACGAGC-1,3,67,1.3310274,2.282174,0.3465736,1.1284019,1.2953045,-1.1721181
TCCAATTAGCAATCAA-1,17,45,0.0,0.0,0.3465736,-1.4438268,-1.443747,-1.1721181
TCCAATTCCTGTGCGA-1,0,98,0.0,0.27465308,0.89587975,-1.4438268,-1.11411,0.25581372
TCCAATTGGTTACAGT-1,50,52,0.23104906,0.0,0.4023595,-0.9973213,-1.443747,-1.0271015
TCCACCAAGTGACGAA-1,60,30,0.9215715,1.3701597,1.3195287,0.3371227,0.20071045,1.3570973
TCCAGATCGGTCGAGT-1,2,116,0.3662041,0.3465736,0.5756463,-0.7361323,-1.0277915,-0.57663924
TCCAGATCTTCGCTTA-1,7,61,1.1641194,1.9658167,0.5756463,0.8058498,0.91561437,-0.57663924
TCCAGTACCGAGCGCA-1,60,82,1.249257,2.2848454,0.8145241,0.97037935,1.2985106,0.044328224
TCCAGTACGTGCTATG-1,26,62,1.0965419,1.9529934,1.267226,0.67525536,0.90022385,1.2211353
TCCAGTCACGGTGGCT-1,7,43,0.94382674,1.3701597,0.65976435,0.38013127,0.20071045,-0.3579727
TCCAGTCAGTACATTA-1,60,74,0.96138686,2.0871344,1.0691665,0.41406646,1.0612191,0.70627606
TCCAGTGATTGGTGCT-1,33,17,1.2296265,2.0460587,1.4651965,0.9324433,1.0119202,1.7357634
TCCATCGGCTAGACGA-1,50,106,1.6262175,2.1384776,0.7489331,1.6988608,1.1228409,-0.12617692
TCCATGATGTGATCAA-1,28,80,0.6229449,2.0369668,1.196873,-0.23997729,1.0010083,1.0382513
TCCATGCGTCCACCAG-1,19,79,0.68239075,1.1462419,0.27465308,-0.12509735,-0.06803439,-1.3590767
TCCATGCGTCGGTTAC-1,48,10,1.6998564,0.5198604,1.4915367,1.8411689,-0.81981367,1.8042353
TCCATGTCGGACCGAC-1,11,7,1.9921128,2.5823932,0.79451346,2.4059584,1.6556257,-0.007689841
TCCGAACATAGTCTGA-1,37,101,0.63444376,1.0955067,1.0760162,-0.21775556,-0.12892652,0.7240818
TCCGAACCTCAACCAT-1,31,57,0.18310206,0.0,0.3465736,-1.0899795,-1.443747,-1.1721181
TCCGAAGTGACAGGCT-1,73,31,0.9134398,0.96780026,0.95716035,0.32140812,-0.28219897,0.41511384
TCCGAATACCGAATAG-1,7,35,0.8283022,1.1751201,0.9093965,0.15687853,-0.033374935,0.29095086
TCCGAATACTCGCTGG-1,17,23,1.2377582,2.0684617,0.62122667,0.9481578,1.0388082,-0.45815215
TCCGAATAGAAGCACC-1,41,107,1.3904734,1.4381431,1.402368,1.243282,0.2823037,1.5724394
TCCGAATCATGTTGTC-1,42,44,1.4564558,1.2424533,1.1773825,1.3707939,0.047437992,0.98758537
TCCGAATCGCAGGTTC-1,48,84,0.7127777,0.96780026,1.1249524,-0.0663742,-0.28219897,0.85129255
TCCGAGACAATACGCA-1,0,78,0.23104906,0.1732868,0.85029936,-0.9973213,-1.2357693,0.13732664
TCCGAGTACGACTTAG-1,42,48,0.7303378,1.5434465,0.83305115,-0.03243902,0.40868822,0.09248959
TCCGATGCGTATCCGG-1,24,38,0.45134172,0.44793987,0.8815901,-0.57160276,-0.9061323,0.2186676
TCCGCCAACATTGCTC-1,45,23,0.9969024,0.9222199,1.311756,0.48270074,-0.3369043,1.336892
TCCGCCAAGGTCCGTT-1,51,77,1.2573887,2.730114,0.78387356,0.98609406,1.8329194,-0.03534848
TCCGCCAGTGATTAAT-1,41,57,0.29862657,0.0,0.44793987,-0.8667269,-1.443747,-0.90861446
TCCGCCGGTCTATTCA-1,49,23,0.8654928,1.2424533,0.90272945,0.22874992,0.047437992,0.27361968
TCCGCCTTGTTCTGAT-1,57,77,0.46209812,1.6090375,0.1732868,-0.5508159,0.4874101,-1.6225803
TCCGGCTATGCTCAGT-1,55,77,0.52967566,0.8330511,1.1249524,-0.42022133,-0.44392413,0.85129255
TCCGGCTCTATGGACA-1,25,59,1.0182079,2.1021233,0.5198604,0.5238739,1.0792086,-0.7216557
TCCGGTACGTGGCCTC-1,56,36,0.23104906,0.27465308,0.76113063,-0.9973213,-1.11411,-0.094469145
TCCGGTTCCGTTCTAG-1,51,93,0.59725314,1.4381431,1.5100636,-0.28962693,0.2823037,1.8523964
TCCGTCATAAGATGAC-1,8,10,1.2600135,1.6090375,0.54930615,0.9911664,0.4874101,-0.6451109
TCCGTCCACTCGGAGC-1,22,100,1.2262594,2.0806594,0.65976435,0.92593616,1.0534478,-0.3579727
TCCGTCGGTACAAGTT-1,51,19,1.1898111,1.9138477,0.7489331,0.85549945,0.85324144,-0.12617692
TCCGTGTCTTACATAA-1,44,54,0.0,0.0,0.1732868,-1.4438268,-1.443747,-1.6225803
TCCGTGTTCTGTTCTG-1,20,46,0.50742036,0.3465736,0.7489331,-0.46323,-1.0277915,-0.12617692
TCCGTTGGAGCTCACT-1,13,15,1.2857052,1.555644,0.85029936,1.0408161,0.42332757,0.13732664
TCCTAAGCGGTTCATC-1,8,28,1.2262594,0.7489331,1.303734,0.92593616,-0.54488206,1.3160385
TCCTAAGCTTAGGTTA-1,1,97,0.0,0.62122667,0.6931472,-1.4438268,-0.6981545,-0.27119341
TCCTAATTGCGGCCTG-1,54,30,0.6452002,0.79451346,0.73610973,-0.1969686,-0.49017674,-0.15951145
TCCTAATTGCTCAACG-1,23,97,0.7499683,0.72259295,0.82395923,0.0054971743,-0.5764953,0.06885499
TCCTACAAGCTCGAAC-1,53,95,1.1526206,2.0664124,0.73610973,0.78362817,1.0363487,-0.15951145
TCCTACCGATCGTGGC-1,64,32,1.493133,2.0769882,1.5686905,1.441673,1.0490417,2.0047982
TCCTACGTAAGCCAGA-1,63,103,2.060136,2.6783266,0.9344174,2.5374143,1.7707644,0.35599315
TCCTAGGTATCTGATG-1,28,18,1.297204,2.3980832,1.0063379,1.0630378,1.434418,0.54295176
TCCTATCCTCGAATCA-1,14,72,1.2005676,1.8977131,0.79451346,0.8762865,0.8338767,-0.007689841
TCCTATCCTGTCAATA-1,11,69,0.4141511,1.3220668,0.7489331,-0.64347416,0.14298956,-0.12617692
TCCTATGAGGATTGTT-1,42,26,0.59725314,0.85029936,1.1705328,-0.28962693,-0.42322284,0.9697796
TCCTATTGACTGTTGA-1,34,12,1.8004049,2.187076,0.997246,2.0354803,1.1811686,0.51931727
TCCTCAAGCGAGGTCC-1,3,107,0.5553674,0.5198604,1.2493031,-0.37057167,-0.81981367,1.1745445
TCCTCAATGAGGAACG-1,48,72,0.89587975,1.4259456,1.1193342,0.28747305,0.26766434,0.83668786
TCCTCAATGCTAAGGC-1,7,97,0.11552453,0.1732868,0.62122667,-1.220574,-1.2357693,-0.45815215
TCCTCACGTGTAGACG-1,27,79,0.57762265,0.866434,0.54930615,-0.32756314,-0.40385816,-0.6451109
TCCTCAGTCGGATGCG-1,20,14,1.066155,1.9913864,0.928393,0.6165322,0.94630295,0.34033257
TCCTCATCGTGCTGGA-1,34,88,0.18310206,0.27465308,0.44793987,-1.0899795,-1.11411,-0.90861446
TCCTCATGGCACCGTT-1,58,10,1.8093195,2.923812,1.1610978,2.052708,2.0653944,0.945253
TCCTGAAGCGTGCACT-1,32,32,0.59725314,0.44793987,0.9344174,-0.28962693,-0.9061323,0.35599315
TCCTGACACTTCACGG-1,16,86,1.1124269,1.5672741,0.9093965,0.70595336,0.4372859,0.29095086
TCCTGATAAGTGCCGT-1,25,87,1.1269288,2.1846838,0.62122667,0.7339785,1.1782973,-0.45815215
TCCTGGTGCGAGGCCT-1,13,105,0.23104906,0.3465736,1.1077042,-0.9973213,-1.0277915,0.8064553
TCCTGGTGGCAATAGC-1,39,51,0.8458623,1.3823572,0.85029936,0.19081372,0.21534981,0.13732664
TCCTTACTCGCAATGA-1,28,104,0.11552453,0.44793987,0.79451346,-1.220574,-0.9061323,-0.007689841
TCCTTCCAACCGCAAC-1,13,75,0.7303378,1.079372,0.4023595,-0.03243902,-0.14829119,-1.0271015
TCCTTGAACAGGACCA-1,35,11,0.89587975,1.2090704,2.0684617,0.28747305,0.007372045,3.3039627
TCCTTGAACGATGGTC-1,3,21,1.3600864,2.3005772,0.96780026,1.1845589,1.3173918,0.44277248
TCCTTGGCTCAAGAGT-1,32,22,1.345151,1.8610622,0.997246,1.1556958,0.78988856,0.51931727
TCGAACAGGTTGCACG-1,69,19,1.5782706,2.7874575,1.347268,1.6062026,1.9017426,1.429206
TCGAATCTTGCGTTAC-1,63,53,0.0,0.3465736,0.4023595,-1.4438268,-1.0277915,-1.0271015
TCGAATGGTTCCACGC-1,60,40,0.0,0.44793987,0.62122667,-1.4438268,-0.9061323,-0.45815215
TCGAATTAGTTACTCC-1,43,25,1.0850431,1.4086974,0.8145241,0.6530338,0.24696307,0.044328224
TCGAATTGTACACTAT-1,31,19,1.231697,1.9568102,1.1193342,0.9364444,0.9048048,0.83668786
TCGACCAATCCGGTTG-1,52,116,0.0,0.1732868,0.0,-1.4438268,-1.2357693,-2.0730426
TCGACCTGCAGCTCAG-1,6,28,0.57762265,0.89587975,1.1304471,-0.32756314,-0.36851755,0.86557615
TCGACGAAGAGCAAGT-1,30,92,0.0,0.1732868,0.4023595,-1.4438268,-1.2357693,-1.0271015
TCGACGAAGCAGCTCA-1,9,89,0.98101735,1.0691665,0.6412373,0.45200264,-0.16053978,-0.4061341
TCGACTCAGGTTAACC-1,75,29,0.0,0.0,0.0,-1.4438268,-1.443747,-2.0730426
TCGAGTGGTAGGTCAC-1,45,83,0.23104906,0.54930615,0.9344174,-0.9973213,-0.78447306,0.35599315
TCGATAGGAGCTGCAG-1,7,91,0.11552453,0.0,0.62122667,-1.220574,-1.443747,-0.45815215
TCGATATTAGACATAC-1,26,28,0.823607,1.3939873,0.8815901,0.14780504,0.22930813,0.2186676
TCGATATTGTCCTAAC-1,60,112,0.3465736,0.62122667,0.62122667,-0.7740686,-0.6981545,-0.45815215
TCGATCCAGTCTGTAG-1,45,61,0.29862657,0.1732868,0.1732868,-0.8667269,-1.2357693,-1.6225803
TCGATCGCACCTAATC-1,50,112,0.3662041,1.7244263,0.6931472,-0.7361323,0.625899,-0.27119341
TCGATCGTATAACGAC-1,3,111,0.11552453,0.1732868,0.7727606,-1.220574,-1.2357693,-0.064236745
TCGATCGTGAGGCGCC-1,16,102,0.18310206,0.62122667,0.65976435,-1.0899795,-0.6981545,-0.3579727
TCGATCGTTGTCTGAA-1,8,70,0.23104906,0.27465308,0.3465736,-0.9973213,-1.11411,-1.1721181
TCGATCTAATGTTAGT-1,40,34,0.23104906,0.1732868,0.3465736,-0.9973213,-1.2357693,-1.1721181
TCGATCTAGCCGATTC-1,53,37,0.29862657,0.44793987,0.7489331,-0.8667269,-0.9061323,-0.12617692
TCGCAATAGTGACGCA-1,65,49,0.0,0.1732868,0.27465308,-1.4438268,-1.2357693,-1.3590767
TCGCAATGATAGTTCA-1,56,112,0.46209812,1.3438196,0.5756463,-0.5508159,0.16909719,-0.57663924
TCGCACCTCATGTCAG-1,6,50,0.3465736,0.7611306,0.48647752,-0.7740686,-0.5302427,-0.8084351
TCGCACGATTCGGTGG-1,12,88,0.89587975,1.834722,0.27465308,0.28747305,0.75827533,-1.3590767
TCGCACTCTTGGACAG-1,18,48,0.23104906,0.1732868,0.89587975,-0.9973213,-1.2357693,0.25581372
TCGCACTGCTGTGCTC-1,48,42,0.8283022,1.5434465,1.395874,0.15687853,0.40868822,1.5555583
TCGCACTGTACGGCGA-1,35,57,0.11552453,0.0,0.6597643,-1.220574,-1.443747,-0.35797286
TCGCACTTACTGAAGT-1,51,35,0.29862657,0.27465308,0.85029936,-0.8667269,-1.11411,0.13732664
TCGCACTTGGTCCGTC-1,50,8,0.63444376,1.0621238,0.866434,-0.21775556,-0.16899246,0.1792689
TCGCCGTATCATGCTT-1,59,87,1.510693,2.2782369,0.27465308,1.475608,1.2905791,-1.3590767
TCGCCGTTGTTACAAG-1,72,14,1.1337324,1.3823572,1.3823572,0.74712664,0.21534981,1.5204211
TCGCCTAGATAATTAA-1,21,39,0.38376418,0.72259295,0.5756463,-0.70219725,-0.5764953,-0.57663924
TCGCCTATCGACTCCT-1,43,55,0.23104906,0.1732868,0.0,-0.9973213,-1.2357693,-2.0730426
TCGCCTGACGGCCACT-1,43,51,0.3465736,0.1732868,0.79451346,-0.7740686,-1.2357693,-0.007689841
TCGCCTGCGTGCGTGG-1,36,10,0.6452002,0.96780026,1.3823572,-0.1969686,-0.28219897,1.5204211
TCGCCTGCTATCAGTC-1,14,112,0.3465736,0.5198604,0.1732868,-0.7740686,-0.81981367,-1.6225803
TCGCCTGGTGGATTCT-1,17,95,0.23104906,0.72259295,0.44793987,-0.9973213,-0.5764953,-0.90861446
TCGCGGAGTACAACCA-1,68,24,1.3357226,2.3173409,1.0151107,1.1374754,1.3375115,0.5657569
TCGCGGTAGTATGATC-1,10,64,0.0,0.1732868,1.0063379,-1.4438268,-1.2357693,0.54295176
TCGCGGTCCGGATCAG-1,75,39,0.0,0.0,0.0,-1.4438268,-1.443747,-2.0730426
TCGCTTGTTCCAGTTG-1,62,82,0.98101735,1.4451859,0.48647752,0.45200264,0.29075637,-0.8084351
TCGGAACGTCTGCAAG-1,35,97,0.7803552,1.5306232,0.96780026,0.064220324,0.3932977,0.44277248
TCGGAATCAGCCTAAC-1,13,65,0.4141511,1.3701597,0.9344174,-0.64347416,0.20071045,0.35599315
TCGGACATTCTATGAG-1,39,35,0.0,0.5198604,0.3465736,-1.4438268,-0.81981367,-1.1721181
TCGGACCAGATTCAAT-1,71,27,1.5478836,2.625924,1.3367769,1.5474795,1.7078712,1.4019341
TCGGACCAGGATCGCC-1,33,113,0.11552453,0.27465308,0.1732868,-1.220574,-1.11411,-1.6225803
TCGGACGGCCGAGGAA-1,63,79,1.480306,2.1877894,0.866434,1.4168849,1.1820247,0.1792689
TCGGACGTTGCCTCAG-1,8,50,0.4141511,0.6931472,1.141087,-0.64347416,-0.61183596,0.8932348
TCGGACTGCCACCTCC-1,53,63,0.23104906,0.0,0.4023595,-0.9973213,-1.443747,-1.0271015
TCGGAGCGTTACCTCG-1,58,82,1.1526206,1.5556442,0.3465736,0.78362817,0.4233277,-1.1721181
TCGGAGCTGAGTCGGA-1,6,100,0.0,0.5198604,0.62122667,-1.4438268,-0.81981367,-0.45815215
TCGGAGTTGTCTTGTT-1,19,39,0.57762265,0.3465736,0.5198604,-0.32756314,-1.0277915,-0.7216557
TCGGCACTGGCGCCGA-1,48,34,1.3053356,0.44793987,1.141087,1.0787522,-0.9061323,0.8932348
TCGGCGACCTCGCTGA-1,64,90,2.5645535,2.76129,0.5756463,3.512208,1.8703367,-0.57663924
TCGGCGCAGAATGTCT-1,44,78,0.3465736,0.44793987,1.3438196,-0.7740686,-0.9061323,1.420242
TCGGCGCAGATAGATA-1,38,46,1.0289644,1.2982392,1.3010017,0.544661,0.114391886,1.3089359
TCGGCGCTATCACGTG-1,16,94,0.11552453,0.1732868,0.3465736,-1.220574,-1.2357693,-1.1721181
TCGGCGGAACATACGC-1,4,80,0.26823965,0.72259295,1.196873,-0.92545,-0.5764953,1.0382513
TCGGTAATAGCGGTTC-1,9,29,0.7127777,0.0,0.6931472,-0.0663742,-1.443747,-0.27119341
TCGGTAATTACGTGGA-1,47,103,1.0901717,2.4322836,0.95716035,0.6629449,1.4754652,0.41511384
TCGGTAGGCATCACGC-1,42,102,1.526578,2.4059434,0.79451346,1.5063059,1.4438517,-0.007689841
TCGGTATCGTAATTGG-1,63,31,0.8283022,1.6448128,0.85029936,0.15687853,0.5303474,0.13732664
TCGGTGATCGCCGGCC-1,47,29,0.23104906,0.0,0.8330511,-0.9973213,-1.443747,0.092489436
TCGGTGTCTAACCAAG-1,24,82,0.6452002,1.3996055,0.4023595,-0.1969686,0.23605108,-1.0271015
TCGTAAGGCGTTCAGG-1,9,55,0.48172864,0.62122667,0.7489331,-0.5128796,-0.6981545,-0.12617692
TCGTATACAAGACGAG-1,67,33,0.18310206,0.9222199,0.8815901,-1.0899795,-0.3369043,0.2186676
TCGTATAGGAGCCTAT-1,8,18,0.11552453,1.3638302,0.8145241,-1.220574,0.19311377,0.044328224
TCGTATCAACAGCACC-1,12,80,0.98101735,1.5171064,0.48647752,0.45200264,0.37707496,-0.8084351
TCGTATCACGTTATGA-1,27,61,0.7979153,1.8419272,1.4783757,0.09815539,0.76692283,1.770023
TCGTATCCTGATGCAA-1,8,64,1.0397208,1.695548,0.62122667,0.5654478,0.5912395,-0.45815215
TCGTATGCCGGACGTT-1,54,92,0.3465736,1.2982392,0.89587975,-0.7740686,0.114391886,0.25581372
TCGTATGTCGTGCCTA-1,36,6,0.52967566,1.1077042,1.3701597,-0.42022133,-0.11428715,1.4887136
TCGTATGTGGCCATTA-1,6,112,0.18310206,0.3465736,0.85029936,-1.0899795,-1.0277915,0.13732664
TCGTATTCTGAGTGGC-1,57,67,0.11552453,0.1732868,0.89587975,-1.220574,-1.2357693,0.25581372
TCGTCAAGCCTAATCT-1,16,68,0.8283022,1.5261983,0.5198604,0.15687853,0.38798693,-0.7216557
TCGTCAAGTCCAGGTT-1,61,107,1.2557938,2.2159748,0.997246,0.9830119,1.2158526,0.51931727
TCGTCACGATGTTCGA-1,57,29,0.9367335,0.89587975,1.4259456,0.36642346,-0.36851755,1.63373
TCGTCAGAACAGCCAG-1,37,7,0.59725314,0.62122667,1.2281637,-0.28962693,-0.6981545,1.1195922
TCGTCATCGTACCAAT-1,73,45,0.0,0.0,0.1732868,-1.4438268,-1.443747,-1.6225803
TCGTCCAGCATGGCTT-1,42,66,0.0,0.0,0.1732868,-1.4438268,-1.443747,-1.6225803
TCGTGCCTCGGTAGTT-1,32,102,0.5668662,1.4978662,0.4023595,-0.34835008,0.3539829,-1.0271015
TCGTTAGCCAGGCCAG-1,41,11,0.11552453,0.1732868,0.9460474,-1.220574,-1.2357693,0.38622555
TCGTTAGCTTACTCAT-1,7,19,0.9506304,1.6833504,1.262464,0.3932795,0.5766,1.2087566
TCTAACAAGCCAATCC-1,23,25,1.249257,2.257564,0.804719,0.97037935,1.2657677,0.018839568
TCTAACCGTGCTAGCT-1,47,115,0.0,0.3465736,0.44793987,-1.4438268,-1.0277915,-0.90861446
TCTAACTCTATGTTCT-1,15,77,0.901941,1.2354106,0.44793987,0.29918653,0.038985305,-0.90861446
TCTACAACTGGAACTT-1,35,109,0.4141511,0.27465308,0.62122667,-0.64347416,-1.11411,-0.45815215
TCTACACTAATTACTC-1,53,73,1.0789818,1.537117,0.3465736,0.64132017,0.40109155,-1.1721181
TCTACACTGAGCTTCT-1,15,75,0.9215715,1.707178,0.1732868,0.3371227,0.6051977,-1.6225803
TCTACAGCACCGAACC-1,76,30,0.0,0.0,0.0,-1.4438268,-1.443747,-2.0730426
TCTACAGCACGTCCGA-1,37,29,0.57762265,1.6742586,1.079372,-0.32756314,0.565688,0.73280543
TCTACAGGTACGCAGT-1,50,66,0.29862657,0.44793987,0.8815901,-0.8667269,-0.9061323,0.2186676
TCTACATAGACGTGAG-1,4,98,0.23104906,0.5756463,0.9093965,-0.9973213,-0.75285983,0.29095086
TCTACATGAACTATAC-1,35,27,1.3100308,1.8503078,1.2559701,1.0878257,0.7769813,1.1918755
TCTACATGAATCTGAT-1,61,51,0.18310206,0.1732868,0.3465736,-1.0899795,-1.2357693,-1.1721181
TCTACATGTCCGACTT-1,47,77,1.0114043,1.6090375,0.5198604,0.5107258,0.4874101,-0.7216557
TCTACATTCGATCGCC-1,10,108,0.29862657,0.1732868,0.3465736,-0.8667269,-1.2357693,-1.1721181
TCTACCGGTCAATAGC-1,70,18,1.5282531,2.2043245,1.3367769,1.5095432,1.20187,1.4019341
TCTACTATGCTAGCTC-1,48,114,0.3465736,0.6931472,0.0,-0.7740686,-0.61183596,-2.0730426
TCTACTCCGACTCGGC-1,49,71,1.3160921,2.2589967,0.59947383,1.0995393,1.2674872,-0.51469904
TCTACTCGAGCAGAGG-1,65,89,1.4178572,2.2544923,1.1077042,1.2962016,1.262081,0.8064553
TCTACTGTCTCAATGA-1,47,51,0.4141511,0.0,0.44793987,-0.64347416,-1.443747,-0.90861446
TCTACTTAACCGGCCT-1,1,105,0.3465736,0.5198604,1.0474137,-0.7740686,-0.81981367,0.64972913
TCTACTTAGGTTCTTA-1,28,42,0.3465736,0.0,0.4023595,-0.7740686,-1.443747,-1.0271015
TCTACTTAGTATTAGT-1,61,13,0.8283022,1.9124231,0.6412373,0.15687853,0.8515317,-0.4061341
TCTACTTCACCGTGGA-1,57,43,0.0,0.1732868,0.5198604,-1.4438268,-1.2357693,-0.7216557
TCTAGAACTTCTTGCA-1,55,15,1.526578,2.2930298,0.9093965,1.5063059,1.3083335,0.29095086
TCTAGAATTGCGGTTG-1,38,112,0.3465736,0.6931472,0.7727606,-0.7740686,-0.61183596,-0.064236745
TCTAGACGGTGGCTGA-1,5,105,0.0,0.0,0.4023595,-1.4438268,-1.443747,-1.0271015
TCTAGAGTCTCCACGC-1,69,45,0.52967566,0.6931472,1.2608563,-0.42022133,-0.61183596,1.2045771
TCTAGATAAGGTTAGC-1,54,84,0.57762265,1.8405026,0.5198604,-0.32756314,0.76521313,-0.7216557
TCTAGCGACACCGAGC-1,67,87,0.4141511,1.5222613,0.5756463,-0.64347416,0.38326177,-0.57663924
TCTAGCGGAATGGATC-1,74,30,0.11552453,0.89587975,0.27465308,-1.220574,-0.36851755,-1.3590767
TCTAGCTCCGAGGACC-1,75,13,0.0,0.0,0.0,-1.4438268,-1.443747,-2.0730426
TCTAGCTTATTCGCCA-1,71,47,0.4141511,0.0,0.72259295,-0.64347416,-1.443747,-0.19464858
TCTAGGCGGAAGGCAC-1,35,59,0.0,0.0,0.27465308,-1.4438268,-1.443747,-1.3590767
TCTATGATCGGTGCCT-1,46,96,0.98101735,2.2660394,1.1840496,0.45200264,1.2759397,1.0049168
TCTATTCCTTCCGGAA-1,66,44,0.11552453,0.1732868,0.6412373,-1.220574,-1.2357693,-0.4061341
TCTATTCTGCATTGGC-1,33,83,0.6648307,1.141087,0.27465308,-0.15903242,-0.07422121,-1.3590767
TCTATTGGCTTCGATC-1,15,109,0.29862657,0.89587975,1.0760162,-0.8667269,-0.36851755,0.7240818
TCTGAGCGTAATTGTC-1,66,32,0.3465736,0.6931472,1.0063379,-0.7740686,-0.61183596,0.54295176
TCTGAGTCAGATCTTG-1,36,44,0.6648307,1.471526,0.3465736,-0.15903242,0.32236964,-1.1721181
TCTGCAAGGACGGCAA-1,51,63,0.3662041,0.44793987,0.48647752,-0.7361323,-0.9061323,-0.8084351
TCTGCAATTCACAAGA-1,41,53,0.11552453,0.54930615,1.1562432,-1.220574,-0.78447306,0.93263346
TCTGCAGTAGTTATGA-1,0,66,0.11552453,1.5171064,0.79451346,-1.220574,0.37707496,-0.007689841
TCTGCCTGGATGTCAG-1,42,22,0.94382674,1.2424533,1.4659078,0.38013127,0.047437992,1.7376125
TCTGCGCTTGCAGATA-1,7,49,0.59725314,0.93441737,0.4023595,-0.28962693,-0.3222649,-1.0271015
TCTGCGTGCTATTCTA-1,35,89,0.11552453,0.62122667,0.6931472,-1.220574,-0.6981545,-0.27119341
TCTGCGTGCTTCAGAC-1,44,82,0.3465736,0.93441737,1.196873,-0.7740686,-0.3222649,1.0382513
TCTGCGTTAGATAGGT-1,15,31,0.87624925,0.62122667,0.73610973,0.24953686,-0.6981545,-0.15951145
TCTGGACGCTAAGACA-1,11,31,0.7032513,0.89587975,0.79451346,-0.084784046,-0.36851755,-0.007689841
TCTGGATATTAACCTA-1,24,56,0.7607247,1.2424533,0.85029936,0.026284128,0.047437992,0.13732664
TCTGGTAGTGCAGCAA-1,2,46,0.54930615,1.1249524,0.5756463,-0.38228515,-0.09358588,-0.57663924
TCTGGTATCTGTAGCC-1,28,108,0.7303378,1.3143739,0.96780026,-0.03243902,0.13375656,0.44277248
TCTGGTCCTCCACTGT-1,25,21,1.1269288,1.7847167,1.4225899,0.7339785,0.69825923,1.6250068
TCTGTACCTCACTCGC-1,6,44,1.2262594,1.86368,0.8330511,0.92593616,0.7930305,0.092489436
TCTGTACGCTGTCCTC-1,33,87,0.0,0.0,0.1732868,-1.4438268,-1.443747,-1.6225803
TCTGTCACCGTTAATA-1,34,112,0.0,0.0,0.1732868,-1.4438268,-1.443747,-1.6225803
TCTTACATTACTTCGC-1,54,40,0.11552453,0.27465308,0.3465736,-1.220574,-1.11411,-1.1721181
TCTTACCATTCTAAGC-1,15,117,0.23104906,0.0,0.6597643,-0.9973213,-1.443747,-0.35797286
TCTTACCGCACTGAAT-1,74,26,0.23104906,0.1732868,0.4023595,-0.9973213,-1.2357693,-1.0271015
TCTTACCGCTCGTATG-1,43,95,0.29862657,0.62122667,0.95166564,-0.8667269,-0.6981545,0.4008302
TCTTACCGGATCCGCT-1,63,9,1.3343946,2.2141297,1.2982392,1.1349089,1.2136381,1.3017548
TCTTACGAATCAGTGC-1,17,63,0.52967566,0.7489331,0.0,-0.42022133,-0.54488206,-2.0730426
TCTTACGAGGAATAAG-1,33,29,0.7979153,0.79451346,0.5198604,0.09815539,-0.49017674,-0.7216557
TCTTACGAGGCCGACA-1,12,48,1.0965419,1.1796247,1.0691665,0.67525536,-0.027968587,0.70627606
TCTTACGGCCGCAACA-1,35,33,0.6648307,1.695548,0.62122667,-0.15903242,0.5912395,-0.45815215
TCTTACTCTGTATGCG-1,40,56,0.4141511,0.3465736,0.62122667,-0.64347416,-1.0277915,-0.45815215
TCTTACTGAGACTAGT-1,33,95,0.48172864,1.141087,0.4023595,-0.5128796,-0.07422121,-1.0271015
TCTTAGATGCCTCCGA-1,26,38,0.7803552,0.1732868,0.8330511,0.064220324,-1.2357693,0.092489436
TCTTAGGCGACAGTCA-1,56,24,1.3434759,2.9537015,0.78387356,1.1524588,2.1012676,-0.03534848
TCTTAGTCGCGGCAGA-1,20,12,1.7807741,2.5983233,0.79451346,1.9975436,1.674745,-0.007689841
TCTTAGTCGTCTCGGC-1,38,66,0.11552453,0.1732868,0.5198604,-1.220574,-1.2357693,-0.7216557
TCTTCGAACAGCGTTA-1,51,87,0.3465736,0.7611306,0.59947383,-0.7740686,-0.5302427,-0.51469904
TCTTCGAATTGTATAC-1,58,20,0.8458623,1.7318895,1.3573364,0.19081372,0.6348563,1.455379
TCTTCGCCATTCGAAT-1,37,79,0.11552453,0.0,0.1732868,-1.220574,-1.443747,-1.6225803
TCTTCGTCAGACCAGG-1,47,111,0.59725314,1.8619379,0.1732868,-0.28962693,0.79093957,-1.6225803
TCTTGAGTCATTATAC-1,31,93,0.46209812,0.3465736,0.7727606,-0.5508159,-1.0277915,-0.064236745
TCTTGCACCAATCTAT-1,63,41,0.11552453,0.0,0.5198604,-1.220574,-1.443747,-0.7216557
TCTTGCACGTCTAATG-1,69,77,0.29862657,0.62122667,0.0,-0.8667269,-0.6981545,-2.0730426
TCTTGCACTATTCAGA-1,29,53,0.6648307,0.3465736,1.1610978,-0.15903242,-1.0277915,0.945253
TCTTGCAGACTGCGAG-1,17,13,0.9695185,2.2372441,0.7727606,0.42978093,1.2413799,-0.064236745
TCTTGCCACGTTCACT-1,58,106,1.0789818,1.5728923,1.1135869,0.64132017,0.44402885,0.8217476
TCTTGCCATCGTTGTA-1,55,41,0.0,0.3465736,0.5198604,-1.4438268,-1.0277915,-0.7216557
TCTTGCCGGCAGTCTA-1,50,56,0.7127777,1.4357507,0.7489331,-0.0663742,0.27943236,-0.12617692
TCTTGCGGCCTTAGTG-1,3,39,0.6452002,1.8232545,0.54930615,-0.1969686,0.744512,-0.6451109
TCTTGCTCCGTCGGCA-1,24,32,0.7607247,0.3465736,0.72259295,0.026284128,-1.0277915,-0.19464858
TCTTGCTGTCCTAGGC-1,64,86,1.4127287,1.9843436,0.72259295,1.2862906,0.93785024,-0.19464858
TCTTGTTACCGGTTAC-1,4,100,0.23104906,0.44793987,0.72259295,-0.9973213,-0.9061323,-0.19464858
TCTTGTTATTCTTGAT-1,54,102,1.3755379,2.4194603,0.4023595,1.2144189,1.4600747,-1.0271015
TGAACCAATGTTGAGC-1,11,115,0.4141511,0.1732868,0.5756463,-0.64347416,-1.2357693,-0.57663924
TGAACGGACACGTATC-1,39,49,0.7127777,1.5434465,0.83305115,-0.0663742,0.40868822,0.09248959
TGAACGGATCTGGTAC-1,34,40,0.52967566,0.44793987,0.62122667,-0.42022133,-0.9061323,-0.45815215
TGAACGGATTCAAGTT-1,66,86,1.2254068,2.2985525,0.78387356,0.9242885,1.3149618,-0.03534848
TGAAGATACAATCTGC-1,46,6,1.6664664,1.141087,2.1953506,1.7766422,-0.07422121,3.633813
TGAAGCACCGTCATGA-1,46,68,0.23104906,0.3465736,0.9344174,-0.9973213,-1.0277915,0.35599315
TGAAGTATGATCGTGC-1,35,71,0.48172864,1.0955067,0.44793987,-0.5128796,-0.12892652,-0.90861446
TGAATATGAGCCGGTG-1,3,47,0.7127777,1.141087,0.48647752,-0.0663742,-0.07422121,-0.8084351
TGAATATGGCCTGCCA-1,5,117,0.11552453,0.3465736,0.95716035,-1.220574,-1.0277915,0.41511384
TGAATGCGGTTATGGA-1,31,13,1.2005676,1.5890269,1.1658597,0.8762865,0.4633935,0.9576317
TGAATGGTGCTTCGAT-1,11,9,1.9072841,2.9197793,0.9344174,2.2420259,2.0605545,0.35599315
TGAATGTACCTTCGTC-1,31,109,0.59725314,1.1077042,0.5198604,-0.28962693,-0.11428715,-0.7216557
TGAATGTTGACATCGT-1,29,93,0.0,0.3465736,0.44793987,-1.4438268,-1.0277915,-0.90861446
TGAATTATGCCGCAGT-1,29,29,0.8351059,1.4978662,0.79451346,0.17002676,0.3539829,-0.007689841
TGAATTCGTGGTATAA-1,37,95,0.94382674,1.3220668,0.44793987,0.38013127,0.14298956,-0.90861446
TGACAGTACTATTCTA-1,60,80,1.2732737,2.0772345,0.78387356,1.016792,1.0493373,-0.03534848
TGACATTACAACGCCG-1,27,43,0.95716715,0.62122667,1.2982392,0.4059118,-0.6981545,1.3017548
TGACCAACAGATAGGT-1,17,41,0.46209812,0.1732868,0.6597643,-0.5508159,-1.2357693,-0.35797286
TGACCAACTTGGTCAA-1,4,66,1.2424533,1.7405609,0.54930615,0.9572313,0.6452637,-0.6451109
TGACCAAGCTGCACAT-1,18,64,0.7303378,2.138333,0.8145241,-0.03243902,1.1226674,0.044328224
TGACCAAGTAAGGACC-1,63,75,1.4093614,2.1540332,1.0585266,1.2797832,1.1415106,0.6786174
TGACCAATCAGCCACG-1,28,82,0.23104906,1.1796247,0.27465308,-0.9973213,-0.027968587,-1.3590767
TGACCAGCACTCCAGC-1,42,94,0.0,0.1732868,0.5756463,-1.4438268,-1.2357693,-0.57663924
TGACCAGGCTCATGCA-1,10,40,0.7127777,1.4157401,0.6931472,-0.0663742,0.25541577,-0.27119341
TGACCAGGTATGACCT-1,20,84,1.0289644,1.8008513,0.3465736,0.544661,0.7176239,-1.1721181
TGACCATGTACACTCA-1,43,7,1.2228228,1.6114299,1.5890269,0.91929495,0.49028146,2.057663
TGACCTCACGCACGAG-1,5,5,0.68239075,1.7405609,0.59947383,-0.12509735,0.6452637,-0.51469904
TGACCTCCTTCAGATT-1,58,54,0.0,0.0,0.27465308,-1.4438268,-1.443747,-1.3590767
TGACGCTCACCAAGCC-1,15,61,0.98101735,1.4876606,0.0,0.45200264,0.34173432,-2.0730426
TGACGCTCGCGGTAGT-1,32,24,0.9215715,1.6114299,1.0018333,0.3371227,0.49028146,0.5312421
TGACGCTGCAGCTCAT-1,68,14,1.2485145,1.2854159,1.2656487,0.9689446,0.099001385,1.2170352
TGACGCTGCGATAGTA-1,22,94,0.46209812,1.1249524,1.0474137,-0.5508159,-0.09358588,0.64972913
TGACGCTTACTAGACA-1,19,21,0.7803552,2.0454302,1.1077042,0.064220324,1.011166,0.8064553
TGACGGAGCGCTATAC-1,39,105,0.23104906,0.5198604,0.79451346,-0.9973213,-0.81981367,-0.007689841
TGACTCCAAGTCTACC-1,48,106,1.4367453,2.2982478,0.67701256,1.3327031,1.3145962,-0.31313565
TGACTCGGCCGACCGA-1,47,7,1.5813287,0.5198604,1.8900201,1.6121126,-0.81981367,2.8401005
TGACTCTGCTCGCACG-1,53,61,0.0,0.0,0.27465308,-1.4438268,-1.443747,-1.3590767
TGACTTAATGCGTTGG-1,54,8,1.8183308,2.9946363,0.89587975,2.0701222,2.1503973,0.25581372
TGACTTCGGCGTAACA-1,28,36,0.94382674,1.8117702,0.9878109,0.38013127,0.7307286,0.49479052
TGACTTGCACTCACGG-1,18,60,0.46209812,1.0691665,0.44793987,-0.5508159,-0.16053978,-0.90861446
TGAGACAAGGACGACC-1,49,89,0.11552453,0.0,0.4023595,-1.220574,-1.443747,-1.0271015
TGAGACAGAAGTGCTC-1,35,79,0.0,0.0,0.1732868,-1.4438268,-1.443747,-1.6225803
TGAGATGCTCTAATGA-1,16,38,0.52967566,0.62122667,0.59947383,-0.42022133,-0.6981545,-0.51469904
TGAGCACCTCGACGTT-1,11,103,0.18310206,0.0,0.5198604,-1.0899795,-1.443747,-0.7216557
TGAGCATAGTCTTATT-1,15,15,1.5363849,2.276245,1.2424533,1.5252581,1.2881886,1.1567384
TGAGCCGCGTGATCAT-1,45,7,1.5976721,1.3540251,2.1880665,1.6436964,0.18134578,3.6148777
TGAGGAATCCATAGAA-1,47,19,0.94382674,1.0235862,1.0235862,0.38013127,-0.21524508,0.58778894
TGAGGTAGGACTACTG-1,34,64,1.297204,2.40475,0.6931472,1.0630378,1.4424195,-0.27119341
TGAGTAAGCGCAATCC-1,55,35,0.23104906,0.44793987,1.0063379,-0.9973213,-0.9061323,0.54295176
TGAGTATTCTAGGACT-1,44,106,0.57762265,1.2687935,1.1773825,-0.32756314,0.07905125,0.98758537
TGAGTGACCTACTCGT-1,32,28,1.0289644,1.4259456,1.2868736,0.544661,0.26766434,1.2722096
TGAGTGAGATCGCTAA-1,20,68,0.94382674,0.9222199,0.62122667,0.38013127,-0.3369043,-0.45815215
TGAGTGAGGCACGCCT-1,44,102,1.480306,1.7405609,1.0691665,1.4168849,0.6452637,0.70627606
TGAGTTCGCTTGACCT-1,63,13,1.3532826,2.334023,1.1512926,1.1714103,1.3575333,0.91976416
TGAGTTGTCCTCGCTT-1,11,17,0.68239075,1.16349,0.6597643,-0.12509735,-0.04733326,-0.35797286
TGATAAGCAGTAAGAA-1,43,103,1.3836695,2.2302642,0.9344174,1.2301334,1.2330025,0.35599315
TGATAGGAGCATCAAC-1,47,49,0.23104906,0.7489331,1.1840496,-0.9973213,-0.54488206,1.0049168
TGATCCGCACTCCTTA-1,39,19,0.8654928,1.9394765,1.8371469,0.22874992,0.88400096,2.7026556
TGATCGGACCTGGATG-1,50,76,1.1072983,2.2102537,1.0357838,0.69604224,1.2089862,0.6194969
TGATCTTGCCTATTGT-1,6,8,1.3951684,2.3595285,0.89587975,1.2523552,1.3881449,0.25581372
TGATGGAACTAACGAA-1,63,97,2.2975428,3.1214938,0.67701256,2.996206,2.302651,-0.31313565
TGATGGATGATCACGG-1,57,27,1.7435838,2.6396034,1.1796247,1.9256728,1.7242891,0.99341404
TGATGGCCGGCATCGC-1,45,55,0.29862657,0.3465736,0.1732868,-0.8667269,-1.0277915,-1.6225803
TGATGGCGCAGGCTAG-1,5,21,1.5497252,1.855444,0.8145241,1.5510383,0.7831456,0.044328224
TGATGGCTGCGACGAT-1,56,40,0.0,0.0,0.48647752,-1.4438268,-1.443747,-0.8084351
TGATGGTTCCACTGAT-1,54,112,1.1381186,2.6884096,0.62122667,0.755603,1.7828659,-0.45815215
TGATTAGAATGACATA-1,29,55,0.11552453,0.0,0.4023595,-1.220574,-1.443747,-1.0271015
TGATTCAACGACAAGG-1,2,98,0.0,0.1732868,1.079372,-1.4438268,-1.2357693,0.73280543
TGATTCAAGATCGAGC-1,18,18,0.90268344,1.1705328,1.0235862,0.30062127,-0.038880575,0.58778894
TGATTCACATGCAGAA-1,2,74,0.11552453,0.44793987,0.6412373,-1.220574,-0.9061323,-0.4061341
TGATTCGTCTGGATCT-1,56,48,0.6648307,1.0691665,1.578387,-0.15903242,-0.16053978,2.0300043
TGCAACAGTGAAGCTC-1,23,57,0.68239075,1.3529115,0.67701256,-0.12509735,0.18000917,-0.31313565
TGCAACGTTACCTGGT-1,43,75,0.3465736,1.16349,1.0548769,-0.7740686,-0.04733326,0.6691299
TGCACCGGTCACCTCC-1,17,25,1.5431885,2.3780553,0.95166564,1.538406,1.4103806,0.4008302
TGCACGAATGTACTAA-1,7,13,1.2424533,1.7104039,1.1751201,0.9572313,0.60906947,0.98170435
TGCACGAGTAGAGTTA-1,14,76,0.8458623,2.011397,0.73610973,0.19081372,0.9703194,-0.15951145
TGCACGAGTGTCAGCC-1,47,91,0.3465736,0.3465736,0.7727606,-0.7740686,-1.0277915,-0.064236745
TGCACGCTCCTATCCG-1,23,21,0.7127777,1.7005987,1.4601604,-0.0663742,0.5973013,1.7226719
TGCACGGCTGAGACTT-1,38,34,0.57762265,0.44793987,1.0235862,-0.32756314,-0.9061323,0.58778894
TGCACGGTAGACGGTA-1,67,93,0.11552453,0.44793987,0.67701256,-1.220574,-0.9061323,-0.31313565
TGCACGTAGTTCGAAG-1,46,78,0.52967566,1.0859513,0.73610973,-0.42022133,-0.14039478,-0.15951145
TGCACGTGATTATCAA-1,51,115,0.23104906,0.79451346,0.3465736,-0.9973213,-0.49017674,-1.1721181
TGCACTCCAGCTACTC-1,29,111,0.46209812,0.6931472,0.95716035,-0.5508159,-0.61183596,0.41511384
TGCAGAACTATCAACT-1,73,11,1.2796439,2.4880695,1.6391946,1.0291026,1.5424191,2.1880748
TGCAGAAGCAGTAGGC-1,14,12,1.8418151,2.2989588,1.2281637,2.1155062,1.3154495,1.1195922
TGCAGACAATACTGTT-1,45,65,0.0,0.1732868,0.5756463,-1.4438268,-1.2357693,-0.57663924
TGCAGAGGAAGGCCTG-1,75,21,0.29862657,0.3465736,0.8741269,-0.8667269,-1.0277915,0.19926682
TGCAGAGGTCGTAATT-1,46,108,0.8086717,1.2982392,1.2130076,0.11894234,0.114391886,1.0801935
TGCAGATGAGATCTAG-1,66,16,0.7127777,1.0235862,1.0235862,-0.0663742,-0.21524508,0.58778894
TGCAGTACAACGAGTG-1,46,14,0.7803552,0.89587975,1.5586027,0.064220324,-0.36851755,1.9785746
TGCAGTCGAGCACCAA-1,57,79,1.297204,1.9432935,0.4023595,1.0630378,0.88858205,-1.0271015
TGCAGTTATTCCACTC-1,32,60,0.11552453,0.27465308,0.62122667,-1.220574,-1.11411,-0.45815215
TGCAGTTGTCGGAGCG-1,10,100,0.23104906,0.44793987,1.0235862,-0.9973213,-0.9061323,0.58778894
TGCATAAGTTCCTGAA-1,0,28,0.7499683,1.0063379,1.1249524,0.0054971743,-0.23594636,0.85129255
TGCATTAATGGCCACC-1,27,91,0.59725314,1.4308963,0.54930615,-0.28962693,0.27360606,-0.6451109
TGCATTCGCCAGCGAT-1,24,16,1.7524985,3.0130844,0.9460474,1.9429005,2.1725388,0.38622555
TGCATTCGCTACAATG-1,56,58,0.11552453,0.1732868,0.3465736,-1.220574,-1.2357693,-1.1721181
TGCATTCTTACGGAGG-1,43,15,1.1269288,0.89587975,1.7218882,0.7339785,-0.36851755,2.4030383
TGCATTGATAGACATA-1,1,49,0.59725314,0.96780026,0.1732868,-0.28962693,-0.28219897,-1.6225803
TGCATTGCTGTCGGCG-1,43,71,0.4141511,0.1732868,0.85029936,-0.64347416,-1.2357693,0.13732664
TGCCAATCCATGTCTA-1,24,62,0.29862657,0.9222199,0.5198604,-0.8667269,-0.3369043,-0.7216557
TGCCACAATGCTACCG-1,24,20,0.9587621,2.4175735,1.1193342,0.40899408,1.45781,0.83668786
TGCCACCTATTACATT-1,69,25,1.3532826,1.6184727,1.0317836,1.1714103,0.49873415,0.6090983
TGCCACTATCAGGCAG-1,66,42,0.29862657,0.1732868,0.62122667,-0.8667269,-1.2357693,-0.45815215
TGCCACTCAACCGGCC-1,22,32,0.7127777,0.79451346,1.0397208,-0.0663742,-0.49017674,0.6297312
TGCCACTTAAGTGATG-1,56,10,1.7309856,2.5563927,1.2868736,1.9013267,1.62442,1.2722096
TGCCAGACGAGTTAGG-1,10,112,0.3465736,1.0235862,0.84182394,-0.7740686,-0.21524508,0.11529463
TGCCAGCTATTGTAGA-1,44,100,1.3755379,1.9109905,0.8741269,1.2144189,0.8498122,0.19926682
TGCCAGGATGAGGTTC-1,31,95,0.23104906,0.1732868,0.54930615,-0.9973213,-1.2357693,-0.6451109
TGCCAGTGATTCGTGC-1,41,49,0.901941,1.5728923,0.6412373,0.29918653,0.44402885,-0.4061341
TGCCAGTGCAGAGTAT-1,3,103,0.0,0.1732868,0.6597643,-1.4438268,-1.2357693,-0.35797286
TGCCGAATCAAGCGTC-1,10,48,0.38376418,0.62122667,0.7727606,-0.70219725,-0.6981545,-0.064236745
TGCCGAGTTAAGAACG-1,54,64,0.0,0.0,0.4023595,-1.4438268,-1.443747,-1.0271015
TGCCGGAACTTAGGCA-1,46,22,0.68239075,0.1732868,0.9158904,-0.12509735,-1.2357693,0.3078318
TGCCGGCATTATAGAT-1,59,95,1.3904734,2.3990026,1.1562432,1.243282,1.4355214,0.93263346
TGCCTAAGTTAATTAT-1,37,69,0.0,0.0,0.1732868,-1.4438268,-1.443747,-1.6225803
TGCCTATCAATGCCAT-1,35,107,1.1641194,1.615367,0.73610973,0.8058498,0.49500677,-0.15951145
TGCCTATCGGCTATGT-1,30,26,0.96138686,1.5941818,0.89587975,0.41406646,0.46958032,0.25581372
TGCGAACATATCGGCT-1,13,7,1.526578,2.3463674,1.2281637,1.5063059,1.3723489,1.1195922
TGCGAATCCGGCTTGA-1,5,39,0.59725314,1.728931,0.44793987,-0.28962693,0.63130546,-0.90861446
TGCGAATTCTCCGCAC-1,37,89,0.84793276,1.4953536,0.9344174,0.19481485,0.35096732,0.35599315
TGCGACTACGTGCGAG-1,51,21,0.7607247,2.1394877,0.5756463,0.026284128,1.1240532,-0.57663924
TGCGAGCCAGACGAAT-1,18,100,0.7803552,1.7289308,0.72259295,0.064220324,0.63130534,-0.19464858
TGCGATACGCCTCGCA-1,3,43,1.7079879,2.138333,0.27465308,1.8568832,1.1226674,-1.3590767
TGCGATCTTGCTCGAT-1,60,104,1.06448,2.308514,0.96780026,0.61329526,1.3269176,0.44277248
TGCGATGTGCCTTGGC-1,13,9,1.4384203,2.732964,1.0474137,1.3359401,1.83634,0.64972913
TGCGATTAGCTCCGCC-1,35,105,0.3465736,0.79451346,0.8145241,-0.7740686,-0.49017674,0.044328224
TGCGCAATTGATCATA-1,3,81,0.11552453,0.27465308,0.62122667,-1.220574,-1.11411,-0.45815215
TGCGCCGAACGGACTC-1,47,101,1.06448,2.0235946,0.866434,0.61329526,0.984959,0.1792689
TGCGCCGATCGCGAAG-1,19,51,0.23104906,0.79451346,0.3465736,-0.9973213,-0.49017674,-1.1721181
TGCGCCTCTGGCTACA-1,24,114,0.11552453,0.1732868,0.62122667,-1.220574,-1.2357693,-0.45815215
TGCGCCTCTTCGGCGA-1,69,49,0.11552453,0.0,0.5198604,-1.220574,-1.443747,-0.7216557
TGCGCTCATAGAACGA-1,46,88,0.98101735,1.5216937,0.70830333,0.45200264,0.3825806,-0.23179471
TGCGGACCATGGTACC-1,69,85,0.45134172,1.555644,0.1732868,-0.57160276,0.42332757,-1.6225803
TGCGGACTCACGTGAT-1,32,70,1.2296265,1.9941489,0.27465308,0.9324433,0.9496184,-1.3590767
TGCGGACTTAACTTCC-1,60,28,1.493133,2.5285993,0.84182394,1.441673,1.5910625,0.11529463
TGCGGACTTCTGTCGC-1,57,59,0.0,0.0,0.0,-1.4438268,-1.443747,-2.0730426
TGCGGAGGCTGGACCG-1,74,20,0.94382674,0.3465736,1.0151107,0.38013127,-1.0277915,0.5657569
TGCGGATCATCCTAGA-1,17,93,0.23104906,0.44793987,0.7489331,-0.9973213,-0.9061323,-0.12617692
TGCGGATCGGATCTTA-1,41,21,0.9134398,1.141087,1.3911301,0.32140812,-0.07422121,1.5432264
TGCGTATCTTGTACCG-1,34,22,1.5833992,2.33796,1.0107628,1.6161138,1.3622584,0.55445445
TGCGTCTGGATCGGAT-1,28,14,1.295529,0.85029936,1.7229065,1.0598007,-0.42322284,2.4056854
TGCGTGTCAGCCAGTG-1,59,57,0.18310206,0.1732868,0.27465308,-1.0899795,-1.2357693,-1.3590767
TGCGTGTCGGCGGATA-1,34,96,1.2120664,1.8900201,0.79451346,0.89850813,0.82464373,-0.007689841
TGCGTTAGCACGTACC-1,52,28,0.823607,0.79451346,1.311756,0.14780504,-0.49017674,1.336892
TGCGTTATGTTCCGGA-1,37,83,0.6520038,1.7552711,0.72259295,-0.1838205,0.66291875,-0.19464858
TGCGTTGTATTGCCTG-1,51,33,0.3465736,0.9222199,0.44793987,-0.7740686,-0.3369043,-0.90861446
TGCTACATCACCGGAT-1,3,83,0.11552453,0.5198604,0.6931472,-1.220574,-0.81981367,-0.27119341
TGCTACGCTGCGTGGA-1,7,65,0.98782104,1.7790986,0.65976435,0.46515086,0.6915164,-0.3579727
TGCTACTTGTGGCTGG-1,33,39,0.7607247,1.280991,0.54930615,0.026284128,0.09369061,-0.6451109
TGCTATAATGTCGCTG-1,62,96,1.2886552,2.4718397,0.6931472,1.0465169,1.52294,-0.27119341
TGCTATCCATGTAATA-1,33,75,0.6452002,0.6931472,0.3465736,-0.1969686,-0.61183596,-1.1721181
TGCTATCCTAAGACGA-1,9,65,0.4141511,0.866434,0.7727606,-0.64347416,-0.40385816,-0.064236745
TGCTATGGTTGCGACA-1,15,87,1.0114043,1.9807465,0.27465308,0.5107258,0.933533,-1.3590767
TGCTATTGCGGCGTGG-1,29,13,1.7901224,1.6275645,1.8138978,2.0156093,0.5096461,2.642219
TGCTATTGTCAAGGAG-1,62,30,1.4033002,2.1561978,0.78387356,1.26807,1.1441085,-0.03534848
TGCTCAGATTGGTAGC-1,62,102,1.0965419,2.0369668,1.5355093,0.67525536,1.0010083,1.918543
TGCTCCTAACGGAAGA-1,52,8,2.1776323,2.904051,1.2526588,2.7644775,2.0416775,1.1832677
TGCTGTCAGAACGAAG-1,31,47,0.89587975,0.62122667,0.9460474,0.28747305,-0.6981545,0.38622555
TGCTGTCTTGTTAATG-1,54,88,0.6452002,0.79451346,0.6597643,-0.1969686,-0.49017674,-0.35797286
TGCTGTGAAGTCAAGA-1,45,17,1.8525715,1.5728923,1.8180996,2.136293,0.44402885,2.6531417
TGCTTACTCACCGGTC-1,23,105,0.45134172,1.280991,0.54930615,-0.57160276,0.09369061,-0.6451109
TGCTTAGCCTGTTGGT-1,11,25,1.3755379,2.4810185,0.8145241,1.2144189,1.5339564,0.044328224
TGCTTAGCTCCTGGCT-1,22,46,0.63444376,0.7489331,1.292621,-0.21775556,-0.54488206,1.2871501
TGCTTATGAATAAGCA-1,43,113,1.2120664,2.2989588,0.72259295,0.89850813,1.3154495,-0.19464858
TGCTTATGACGCTGGC-1,47,87,0.8654928,1.4325249,1.0063379,0.22874992,0.27556077,0.54295176
TGCTTATGCGGTTCTG-1,13,87,0.8283022,1.6686404,0.4023595,0.15687853,0.5589451,-1.0271015
TGGAAGACGTGAGTAG-1,19,11,1.7747132,2.7480125,1.0063379,1.9858307,1.854401,0.54295176
TGGAAGACTAGTCTTG-1,63,99,1.3053356,2.0328827,0.94030005,1.0787522,0.9961065,0.37128514
TGGAAGCCATAACAGT-1,16,26,1.2620839,2.420086,0.78387356,0.99516755,1.4608254,-0.03534848
TGGAAGCTCCATCGAC-1,34,14,1.7632141,1.8900201,1.2779969,1.9636086,0.82464373,1.2491345
TGGAAGGTTCGCTTGC-1,60,108,1.3982267,2.3207116,0.9878109,1.2582655,1.341557,0.49479052
TGGACGCCTGCGACCG-1,28,54,0.46209812,0.5198604,0.85029936,-0.5508159,-0.81981367,0.13732664
TGGACTGACGTACCAC-1,14,22,1.1816795,2.0330298,1.1610978,0.839785,0.99628305,0.945253
TGGACTGAGTACCTAG-1,38,30,0.7303378,1.2424533,1.1304471,-0.03243902,0.047437992,0.86557615
TGGACTTCGCGGAACT-1,1,91,0.3465736,0.3465736,0.79451346,-0.7740686,-1.0277915,-0.007689841
TGGAGTCGGCAAGCTC-1,70,28,1.8838674,2.3431149,1.0063379,2.1967726,1.3684453,0.54295176
TGGAGTGAACGCGGTC-1,27,19,1.3168346,2.4125519,0.83305115,1.100974,1.4517832,0.09248959
TGGAGTGATGGCTCTT-1,35,23,0.59725314,1.4259456,1.4928155,-0.28962693,0.26766434,1.8075595
TGGAGTGCTCCTGATC-1,31,103,0.87624925,1.801965,0.5756463,0.24953686,0.7189605,-0.57663924
TGGAGTTGAGTCGACA-1,8,82,0.29862657,0.96780026,0.48647752,-0.8667269,-0.28219897,-0.8084351
TGGAGTTGGTGAATCA-1,60,110,1.5894604,2.2989588,1.0474137,1.627827,1.3154495,0.64972913
TGGATCATTGTAACGG-1,41,41,0.7979153,1.7847167,0.6597643,0.09815539,0.69825923,-0.35797286
TGGATCCAGTCACTTC-1,37,93,1.2120664,1.7060934,0.7489331,0.89850813,0.603896,-0.12617692
TGGATCGGCCTCCATG-1,75,25,0.0,0.1732868,0.0,-1.4438268,-1.2357693,-2.0730426
TGGATTAGTACATTGC-1,4,78,0.23104906,0.866434,1.3307525,-0.9973213,-0.40385816,1.3862736
TGGCAAGCGACACTTA-1,40,16,1.1641194,1.4259456,2.221706,0.8058498,0.26766434,3.702324
TGGCATCGATCAATTG-1,16,22,0.80604696,1.0691665,0.79451346,0.11386997,-0.16053978,-0.007689841
TGGCATGCGTTCACGC-1,18,36,0.7303378,0.5198604,0.7727606,-0.03243902,-0.81981367,-0.064236745
TGGCATGTTCGAACAG-1,25,13,1.5363846,2.3591697,0.928393,1.5252575,1.3877143,0.34033257
TGGCCAACATTCTGAG-1,20,56,0.0,0.3465736,0.44793987,-1.4438268,-1.0277915,-0.90861446
TGGCCACTCCGCGGAC-1,52,102,1.378122,2.674267,1.0548769,1.2194128,1.7658921,0.6691299
TGGCCACTCCTGAGTG-1,61,95,2.0099816,2.8843193,0.65976435,2.4404902,2.0179956,-0.3579727
TGGCCAGAGTATCTCC-1,27,107,0.94382674,0.44793987,1.1905434,0.38013127,-0.9061323,1.0217975
TGGCCAGATCCGGACA-1,48,76,1.0789818,1.8566372,0.62122667,0.64132017,0.7845778,-0.45815215
TGGCCTGACATACTCA-1,39,61,0.0,0.0,0.27465308,-1.4438268,-1.443747,-1.3590767
TGGCCTGGCACTGTGG-1,45,49,0.5553674,0.5198604,1.4542778,-0.37057167,-0.81981367,1.7073799
TGGCGACACTCGCATC-1,0,70,0.6520038,1.5434465,0.866434,-0.1838205,0.40868822,0.1792689
TGGCGACACTGCCGGA-1,21,63,0.46209812,0.93441737,0.96780026,-0.5508159,-0.3222649,0.44277248
TGGCGACAGCACGGCC-1,60,106,1.231697,2.4244232,0.8815901,0.9364444,1.4660311,0.2186676
TGGCGAGCTCCACGTG-1,7,63,1.7823691,2.1987062,0.59947383,2.0006258,1.1951269,-0.51469904
TGGCGATGAGTGGCAG-1,71,33,0.29862657,0.1732868,1.1512926,-0.8667269,-1.2357693,0.91976416
TGGCTCCGCATCAGAT-1,26,76,0.8283022,1.280991,0.59947383,0.15687853,0.09369061,-0.51469904
TGGCTGGACCTTAGGA-1,16,2,0.87624925,0.804719,0.1732868,0.24953686,-0.47792816,-1.6225803
TGGTACAAGACCAATC-1,65,21,1.2254069,2.4286864,0.7727606,0.92428875,1.4711477,-0.064236745
TGGTACCAGATTGTTA-1,11,57,0.57762265,0.1732868,0.85029936,-0.32756314,-1.2357693,0.13732664
TGGTACGGACGTAGTT-1,30,82,1.2120664,2.144054,0.44793987,0.89850813,1.1295335,-0.90861446
TGGTACGGTCGGCGAA-1,20,44,0.46209812,0.1732868,1.4542779,-0.5508159,-1.2357693,1.7073803
TGGTACGTGCTGTTGA-1,19,107,0.4141511,0.3465736,0.4023595,-0.64347416,-1.0277915,-1.0271015
TGGTACTGGTATCTTG-1,18,38,0.6452002,1.1796247,0.85029936,-0.1969686,-0.027968587,0.13732664
TGGTAGACGTATTAAT-1,5,61,1.0593513,1.9432935,1.2130076,0.60338414,0.88858205,1.0801935
TGGTAGCATCAAGTCT-1,35,65,0.38376418,1.0691665,0.866434,-0.70219725,-0.16053978,0.1792689
TGGTAGCCAGTTGACA-1,21,71,1.4978662,2.0200593,0.85029936,1.45082,0.98071605,0.13732664
TGGTATGCAAGTCTAT-1,27,83,1.4127287,2.1127634,0.44793987,1.2862906,1.0919789,-0.90861446
TGGTATTAGCTAGACC-1,55,23,1.7518463,2.4528432,1.0548769,1.9416401,1.5001405,0.6691299
TGGTATTCCTAGTCCA-1,36,56,0.11552453,0.3465736,0.48647752,-1.220574,-1.0277915,-0.8084351
TGGTATTGAGTTGTAA-1,53,51,0.4141511,0.3465736,0.7489331,-0.64347416,-1.0277915,-0.12617692
TGGTCATCTAGGTCAT-1,5,41,1.1072983,1.9051763,0.4023595,0.69604224,0.84283406,-1.0271015
TGGTCGCCGGCTTACT-1,44,68,0.7384694,0.5198604,1.1249524,-0.016724546,-0.81981367,0.85129255
TGGTCTGCTCAGGTTG-1,53,67,0.8283022,1.2354107,1.1462419,0.15687853,0.03898545,0.9066349
TGGTGCACGACCTTAG-1,33,43,0.8813779,0.5198604,0.79451346,0.259448,-0.81981367,-0.007689841
TGGTGCAGACCGAAGT-1,46,58,0.6452002,1.0986123,0.72259295,-0.1969686,-0.12519914,-0.19464858
TGGTGCAGTACCATGC-1,55,107,1.2749487,2.8408163,0.97800577,1.0200291,1.9657835,0.46930188
TGGTGCCGCTGCAACA-1,28,8,0.7607247,1.6286782,1.0760162,0.026284128,0.51098275,0.7240818
TGGTGCCTAGCACGGC-1,43,97,0.7127777,0.44793987,1.4357508,-0.0663742,-0.9061323,1.6592189
TGGTGCCTGTGGTTAC-1,2,14,1.6661023,1.9589937,1.2149532,1.7759386,0.90742534,1.0852512
TGGTGCCTTCCGCTAA-1,13,115,0.38376418,0.5198604,1.292621,-0.70219725,-0.81981367,1.2871501
TGGTGCGAACGTGGCG-1,15,11,1.7917595,2.6588438,1.1610978,2.0187728,1.7473812,0.945253
TGGTGCGAATCCTGCT-1,9,11,1.3472214,2.8184133,0.866434,1.1596969,1.9388956,0.1792689
TGGTGCGAGGTCGTAT-1,22,84,0.7127777,1.1705328,0.54930615,-0.0663742,-0.038880575,-0.6451109
TGGTTGAACACGCCAA-1,33,53,0.3465736,0.62122667,0.6931472,-0.7740686,-0.6981545,-0.27119341
TGGTTGCCAGTGTCAA-1,1,79,0.11552453,0.3465736,0.3465736,-1.220574,-1.0277915,-1.1721181
TGGTTGCCTCCGGCTT-1,27,55,0.4141511,0.27465308,0.85029936,-0.64347416,-1.11411,0.13732664
TGGTTGGATTGAGCTG-1,3,97,0.11552453,0.3465736,1.31825,-1.220574,-1.0277915,1.353773
TGTAAGATCTTCACAT-1,39,81,0.48172864,0.1732868,0.27465308,-0.5128796,-1.2357693,-1.3590767
TGTAAGGTGAGCGACC-1,47,67,0.3465736,0.62122667,0.9222199,-0.7740686,-0.6981545,0.3242854
TGTAAGTGATCAGACC-1,67,13,1.249257,2.3162072,1.1249524,0.97037935,1.3361509,0.85129255
TGTAATCATATGAGAC-1,40,40,0.7607247,1.5756547,0.4023595,0.026284128,0.4473443,-1.0271015
TGTAATCGAGACTGGC-1,70,44,0.3465736,0.3465736,0.72259295,-0.7740686,-1.0277915,-0.19464858
TGTAATGCACTACGAG-1,63,89,1.8907118,2.688794,0.5198604,2.2099996,1.7833272,-0.7216557
TGTAATGCCTAACACC-1,68,48,0.26823965,0.1732868,0.96780026,-0.92545,-1.2357693,0.44277248
TGTAATTGTATCCTCG-1,19,97,0.4141511,1.6114299,0.3465736,-0.64347416,0.49028146,-1.1721181
TGTACCAACTACGCAT-1,25,107,0.45134172,0.3465736,0.73610973,-0.57160276,-1.0277915,-0.15951145
TGTACCACATACTGGT-1,39,113,0.7607247,1.2354106,1.5855304,0.026284128,0.038985305,2.0485737
TGTAGGAGCTTCAATA-1,8,102,0.52967566,0.3465736,0.44793987,-0.42022133,-1.0277915,-0.90861446
TGTAGGATCAGAGCGT-1,50,30,0.3465736,0.0,0.62122667,-0.7740686,-1.443747,-0.45815215
TGTAGGCACGTACCTC-1,15,9,1.7978207,2.72335,1.196873,2.0304863,1.8248013,1.0382513
TGTAGGTCACTACATG-1,38,102,0.11552453,0.27465308,0.65976435,-1.220574,-1.11411,-0.3579727
TGTAGGTCTGAACGCA-1,48,16,0.7303378,1.0955067,0.79451346,-0.03243902,-0.12892652,-0.007689841
TGTAGGTTCTGGCTTA-1,21,43,0.57762265,0.27465308,0.6412373,-0.32756314,-1.11411,-0.4061341
TGTATCGGCGGTCGCA-1,21,13,1.4059248,1.7725192,0.83305115,1.2731421,0.68361986,0.09248959
TGTATGATTGTAGGTG-1,65,53,0.0,0.0,0.44793987,-1.4438268,-1.443747,-0.90861446
TGTATGCTCGCCTAGT-1,65,107,0.0,0.62122667,0.0,-1.4438268,-0.6981545,-2.0730426
TGTATGGAACTACGCA-1,4,94,0.0,0.1732868,0.5198604,-1.4438268,-1.2357693,-0.7216557
TGTATGGTGCCAAGGT-1,46,40,1.3472214,2.295022,1.31825,1.1596969,1.3107245,1.353773
TGTCAACTCATCAACG-1,22,52,0.96138686,1.6903932,0.9878109,0.41406646,0.5850527,0.49479052
TGTCAAGAACTCGGCG-1,1,39,0.8654928,1.141087,0.44793987,0.22874992,-0.07422121,-0.90861446
TGTCAAGCGGATCGGT-1,53,101,1.5011667,2.326776,1.0317836,1.4571984,1.3488355,0.6090983
TGTCAGAAGTTGTAAC-1,32,44,0.59725314,0.1732868,0.79451346,-0.28962693,-1.2357693,-0.007689841
TGTCAGACGAAGCACC-1,62,20,1.327591,1.6041831,1.4823973,1.1217608,0.48158383,1.7804773
TGTCAGATAAGGTGAC-1,17,1,0.8086717,1.6448128,1.0235862,0.11894234,0.5303474,0.58778894
TGTCAGTGGCTTCCAT-1,55,67,0.0,0.3465736,0.78387356,-1.4438268,-1.0277915,-0.03534848
TGTCATGCATGAGCAC-1,34,108,0.7303378,1.5511395,0.44793987,-0.03243902,0.41792122,-0.90861446
TGTCATGTGACACGCT-1,7,11,0.92932487,2.0290296,0.72259295,0.3521062,0.9914821,-0.19464858
TGTCCATGTATGGAAT-1,27,97,0.29862657,0.27465308,0.5756463,-0.8667269,-1.11411,-0.57663924
TGTCCGATAGTCACAG-1,73,25,1.3579779,1.9194659,1.0474137,1.1804839,0.8599844,0.64972913
TGTCCGGATGGCAGTT-1,68,22,1.5782704,2.4026816,1.196873,1.6062024,1.4399369,1.0382513
TGTCCTCAACGTTCTA-1,13,35,0.59725314,0.7489331,0.6931472,-0.28962693,-0.54488206,-0.27119341
TGTCCTTCGCCTCGTA-1,2,40,0.7127777,1.5171064,0.5198604,-0.0663742,0.37707496,-0.7216557
TGTCGAGTGCGTTAGC-1,18,30,1.2458898,1.5756547,1.4953536,0.96387225,0.4473443,1.8141574
TGTCGATTCACGTAGT-1,58,46,1.0769113,1.4086974,1.2149532,0.6373191,0.24696307,1.0852512
TGTCGCGGAAGAGCTA-1,61,31,1.0289644,1.5728923,1.16349,0.544661,0.44402885,0.9514718
TGTCGTTCATACGATA-1,59,43,0.23104906,0.0,0.83305115,-0.9973213,-1.443747,0.09248959
TGTCTAAGCAGACGTA-1,12,62,0.59725314,0.27465308,0.6412373,-0.28962693,-1.11411,-0.4061341
TGTCTACTAGATTGCC-1,58,12,1.4760863,2.3841906,0.9093965,1.40873,1.417744,0.29095086
TGTCTGGCTTGTCTGT-1,12,108,0.6452002,0.62122667,0.866434,-0.1969686,-0.6981545,0.1792689
TGTCTGTAAGCGAACT-1,18,76,0.6648307,1.2354106,0.67701256,-0.15903242,0.038985305,-0.31313565
TGTCTTGCGACTAATT-1,36,50,0.9215715,0.62122667,0.7727606,0.3371227,-0.6981545,-0.064236745
TGTCTTGGAATTGGCA-1,41,45,1.0067091,1.9675415,1.1840496,0.5016523,0.9176844,1.0049168
TGTTAAGGAAGTCTTA-1,54,96,1.3105445,2.4059434,0.48647752,1.0888183,1.4438517,-0.8084351
TGTTACCTATTGGACA-1,54,60,0.0,0.0,0.1732868,-1.4438268,-1.443747,-1.6225803
TGTTCACTGTCTTCCT-1,23,13,1.8483518,2.4630485,1.3438196,2.1281383,1.5123888,1.420242
TGTTCAGAACGGTGTA-1,44,44,0.87624925,1.9619406,0.9093965,0.24953686,0.9109623,0.29095086
TGTTCAGCGAGGCAGT-1,64,20,0.7979153,1.196873,0.89587975,0.09815539,-0.0072673145,0.25581372
TGTTCATAGTATGACG-1,49,33,0.4141511,0.1732868,0.6597643,-0.64347416,-1.2357693,-0.35797286
TGTTCATTGGTCCAAG-1,55,99,1.6235927,2.4495318,0.8741269,1.6937884,1.4961662,0.19926682
TGTTCCTCACATTAAT-1,36,100,0.3465736,0.44793987,0.9093965,-0.7740686,-0.9061323,0.29095086
TGTTCTGCTCTGTCGT-1,39,39,0.8283022,1.0955067,0.5198604,0.15687853,-0.12892652,-0.7216557
TGTTGCGTCCAAGATT-1,51,65,0.23104906,0.3465736,0.866434,-0.9973213,-1.0277915,0.1792689
TGTTGGAACCTTCCGC-1,35,35,0.52967566,1.2130076,0.59947383,-0.42022133,0.012097359,-0.51469904
TGTTGGAACGAGGTCA-1,28,72,0.89587975,2.037617,0.7727606,0.28747305,1.0017886,-0.064236745
TGTTGGAAGCTCGGTA-1,1,95,0.4141511,0.44793987,0.8145241,-0.64347416,-0.9061323,0.044328224
TGTTGGATGGACTTCT-1,13,53,0.7127777,1.736744,0.3465736,-0.0663742,0.6406827,-1.1721181
TGTTGGCCAGACCTAC-1,49,47,0.8654928,1.5273119,0.6931472,0.22874992,0.38932353,-0.27119341
