gene,distance,Z,FC,p.value,p.adj
PARK7,2.25597983987223e-06,5.80491344900725,14473.1043102505,0,0
IGKC,1.11653755322009e-06,5.17331939755489,3545.17707767531,0,0
IGHG3,6.30914991911175e-07,4.67301649063797,1131.96489387483,3.72895551840129e-248,6.86500710937677e-245
MZB1,5.89806923809179e-08,2.70818290567759,9.89261246844643,0.00165943612508044,0.999950297526443
FKBP11,5.72563687820369e-08,2.68468912329242,9.32263897867969,0.00226339775432044,0.999950297526443
SSR4,5.35275997690374e-08,2.63146624514026,8.1479208719123,0.0043110559813681,0.999950297526443
IGHG4,5.22031860661885e-08,2.61169985504494,7.74970699608261,0.0053721256417486,0.999950297526443
PRDX4,4.74971480257284e-08,2.53733340588861,6.41543825839707,0.0113132403313238,0.999950297526443
DERL3,4.63431953952287e-08,2.51801674969865,6.10749632408064,0.0134609681102174,0.999950297526443
SDF2L1,4.4407853317612e-08,2.4845565806168,5.60803639069959,0.017878286448411,0.999950297526443
HSP90B1,4.41294513817575e-08,2.47962825678532,5.53794094345834,0.01860846493876,0.999950297526443
XBP1,4.40384319289439e-08,2.4780105239117,5.51511987896128,0.0188527811536495,0.999950297526443
FKBP2,4.31435430214368e-08,2.46193171370881,5.29325574989243,0.0214081606718805,0.999950297526443
NUCB2,4.20170090776636e-08,2.44122842811946,5.02043712609004,0.0250498444903509,0.999950297526443
MYDGF,4.15171900351016e-08,2.43187126087741,4.90170496438647,0.0268301932427918,0.999950297526443
RPL13A,4.06330246379884e-08,2.41505011165412,4.69515102587323,0.0302478405621386,0.999950297526443
SEC11C,4.02947059934777e-08,2.40852033532087,4.61729099748784,0.0316511882502907,0.999950297526443
IGHG1,3.94819170311303e-08,2.39261484667705,4.43289787899302,0.0352526060428281,0.999950297526443
RPL32,3.91099270717541e-08,2.38523001998813,4.34975980476273,0.0370141661982175,0.999950297526443
RPL23A,3.89911941289604e-08,2.38285867731738,4.32338921977878,0.0375919778981112,0.999950297526443
RPS23,3.89614782107777e-08,2.38226410214083,4.31680185936703,0.0377377848755807,0.999950297526443
RPL30,3.88785113236025e-08,2.38060173520107,4.2984365254737,0.0381474274633346,0.999950297526443
SEC61G,3.86958180564282e-08,2.37692913626048,4.25813403946798,0.0390628069458299,0.999950297526443
RPL11,3.86578406611888e-08,2.37616360043067,4.24977998508845,0.0392554158247558,0.999950297526443
PDIA4,3.86508848037697e-08,2.37602330816308,4.24825076340238,0.0392907808860213,0.999950297526443
RPLP2,3.86148856140044e-08,2.37529685434426,4.24034086092585,0.0394742410217398,0.999950297526443
RPL19,3.85016258727483e-08,2.373007047041,4.21550299926832,0.0400561884956651,0.999950297526443
EEF1A1,3.84284894835155e-08,2.37152498041053,4.19950295580454,0.0404358296229152,0.999950297526443
RPL21,3.83566479179223e-08,2.37006650854992,4.18381579973682,0.0408117153686774,0.999950297526443
MANF,3.81902840667246e-08,2.36667900462768,4.14760167295683,0.0416935380828646,0.999950297526443
RPL27A,3.80660039429823e-08,2.36413913444248,4.12065106283502,0.0423627722589712,0.999950297526443
RPS27,3.8024526878393e-08,2.3632897063243,4.1116761572145,0.0425881342528593,0.999950297526443
RPS15A,3.80001447624428e-08,2.36278995754494,4.10640486358305,0.042721084902127,0.999950297526443
SDC1,3.79273724161826e-08,2.36129654062226,4.0906919457496,0.0431199860210288,0.999950297526443
RPS27A,3.77449192165091e-08,2.35754012591153,4.0514292934864,0.044133962768301,0.999950297526443
RPL26,3.76483459167774e-08,2.3555447631742,4.03072402404951,0.0446787626646652,0.999950297526443
RPS18,3.75960332742475e-08,2.35446184131297,4.01953036729476,0.0449762359263063,0.999950297526443
RPS6,3.75049146423856e-08,2.35257213239595,4.00007032085393,0.0454983655926396,0.999950297526443
RPS25,3.74113384709163e-08,2.3506268542825,3.98013457059506,0.0460398848779081,0.999950297526443
RPS8,3.69862842648264e-08,2.34173141865257,3.89020663162334,0.0485684477154363,0.999950297526443
RPL28,3.6873394830756e-08,2.33935236728684,3.86649551668498,0.049259275202012,0.999950297526443
RPL34,3.68017528432729e-08,2.33783893485843,3.8514855439286,0.0497019509396828,0.999950297526443
RPL13,3.67433887317019e-08,2.3366039003393,3.83927904462171,0.0500650444120015,0.999950297526443
RPS29,3.6738071781097e-08,2.33649129534421,3.83816799957151,0.0500982323374467,0.999950297526443
RPS12,3.65511191140898e-08,2.33252192012148,3.79920406048998,0.0512769524338181,0.999950297526443
RPL39,3.63629947651964e-08,2.32850790426685,3.76019658219477,0.0524864074844987,0.999950297526443
CD63,3.6001243557238e-08,2.32073274809368,3.68575334527837,0.0548791748677544,0.999950297526443
RPL9,3.59849363449573e-08,2.32038048772508,3.6824150856091,0.0549891455129086,0.999950297526443
RPS3,3.59421975149828e-08,2.31945653543307,3.67367316924657,0.0552782346156879,0.999950297526443
CHPF,3.59273191465248e-08,2.31913463839676,3.67063234515579,0.055379169950493,0.999950297526443
LMAN1,3.58977906954812e-08,2.31849540336608,3.66460108268963,0.0555799468591988,0.999950297526443
RPL31,3.58134252347071e-08,2.31666626000298,3.64739654398106,0.0561569290287524,0.999950297526443
RPS2,3.58105706975218e-08,2.31660429777665,3.64681512994078,0.0561765383440899,0.999950297526443
RPL37,3.57875919376002e-08,2.31610533445706,3.64213648887202,0.0563345992867084,0.999950297526443
RPS15,3.57670794141614e-08,2.31565966284821,3.63796252827286,0.0564760086601322,0.999950297526443
RPL35A,3.57336463909199e-08,2.31493274282942,3.63116458769418,0.056707122641348,0.999950297526443
RPS13,3.54629339238319e-08,2.30902254420498,3.57635473252299,0.0586076258856688,0.999950297526443
RPSA,3.54549990660053e-08,2.30884865633802,3.57475448751131,0.0586641199789255,0.999950297526443
RPS3A,3.54520662791603e-08,2.30878437651767,3.57416311480783,0.058685012090125,0.999950297526443
RPS20,3.53652056870185e-08,2.30687827278703,3.55667056005524,0.0593065823269244,0.999950297526443
RPS14,3.53628411808505e-08,2.30682632217216,3.55619498027698,0.0593235787127961,0.999950297526443
RPL41,3.53131835186814e-08,2.30573451994944,3.54621454122438,0.0596814594731284,0.999950297526443
RPL14,3.53015547518424e-08,2.30547862970302,3.54387936166706,0.0597655258305832,0.999950297526443
RPS28,3.52569064897844e-08,2.30449539372594,3.53492066312269,0.06008920881723,0.999950297526443
RPL5,3.5161670936824e-08,2.30239412510045,3.51584948077793,0.060784488819208,0.999950297526443
RPL18,3.50829453118111e-08,2.30065299248982,3.50012340279306,0.0613642564841091,0.999950297526443
RPL10A,3.5065197770145e-08,2.30025996046783,3.49658305728933,0.0614955871768295,0.999950297526443
RPL29,3.50650432446991e-08,2.30025653755091,3.4965522398464,0.0614967316765241,0.999950297526443
RPL3,3.5004976981856e-08,2.29892490021473,3.48458334315214,0.061942952835144,0.999950297526443
PPIB,3.49660136028001e-08,2.29805992679204,3.47683041250036,0.0622338348299548,0.999950297526443
RPL18A,3.48973953171268e-08,2.29653436805474,3.46319774319489,0.0627488534124062,0.999950297526443
FAU,3.47886748870516e-08,2.2941113187869,3.44165264889421,0.0635720727536716,0.999950297526443
RPS17,3.47699830427969e-08,2.29369400045551,3.43795526443652,0.0637145003044579,0.999950297526443
JCHAIN,3.46941053801825e-08,2.29199771950806,3.42296650986495,0.0642953799107753,0.999950297526443
KDELR2,3.46368025927044e-08,2.29071432177151,3.41166870940708,0.0647369516461815,0.999950297526443
TMED9,3.45046701151134e-08,2.28774717815695,3.38568869020916,0.0657646991234504,0.999950297526443
RPS7,3.44300029025384e-08,2.28606562728299,3.37105145936224,0.0663513955384147,0.999950297526443
RPL36,3.36929065650442e-08,2.2692749194966,3.22825787187915,0.0723776461845718,0.999950297526443
RPS11,3.36180851434544e-08,2.26755081332122,3.21393588709212,0.0730136516570695,0.999950297526443
JSRP1,3.35093205070727e-08,2.26503796102102,3.193173425667,0.07394633349163,0.999950297526443
DNAJB9,3.33184358761361e-08,2.26060881453895,3.15689744958909,0.0756067466784879,0.999950297526443
SEC61A1,3.32214037491184e-08,2.25834798607074,3.13853677790615,0.0764623759868623,0.999950297526443
HSPA5,3.31793224391896e-08,2.25736552483563,3.1305906904109,0.0768358957151113,0.999950297526443
RPL27,3.31561006679383e-08,2.25682285891525,3.12621010543125,0.0770426514969283,0.999950297526443
RPL15,3.30307102053984e-08,2.25388629687271,3.10260927831493,0.0781669169451873,0.999950297526443
RPS16,3.29395107259226e-08,2.25174372116716,3.08550000509818,0.0789929830533316,0.999950297526443
RPL7,3.29195492305016e-08,2.25127399885165,3.08176148375452,0.07917473411762,0.999950297526443
RPLP1,3.29088448937997e-08,2.25102199774676,3.07975763801566,0.0792723379894042,0.999950297526443
RPL10,3.26425928470744e-08,2.24472839569453,3.03012510502273,0.0817317143710064,0.999950297526443
SSR3,3.24318625523464e-08,2.23971209557404,2.99112832216169,0.0837218140671846,0.999950297526443
RPL38,3.23401038611712e-08,2.2375180326377,2.97422681025315,0.0846005428625431,0.999950297526443
RPS4X,3.23271236090394e-08,2.2372071755053,2.97183977609712,0.0847254487438095,0.999950297526443
UBA52,3.20116271848177e-08,2.22961435872096,2.91411552206949,0.0878075434255086,0.999950297526443
RPL22,3.18893818589764e-08,2.22665300636086,2.89190129320117,0.089025807563116,0.999950297526443
PDIA6,3.17721889990424e-08,2.22380377780558,2.87068498737766,0.0902064691675459,0.999950297526443
RPL35,3.17616066291285e-08,2.22354599854489,2.86877302649061,0.0903136988262438,0.999950297526443
RPL37A,3.1726504604515e-08,2.22269034539897,2.86243555765184,0.090670117214906,0.999950297526443
RPL7A,3.17197079357031e-08,2.22252456336924,2.86120926797204,0.0907392596979523,0.999950297526443
RPS21,3.16374411314441e-08,2.22051522503809,2.8463871072829,0.0915795272788579,0.999950297526443
RPL4,3.14605913601174e-08,2.21617865967765,2.81465407427599,0.0934070308463466,0.999950297526443
RPL12,3.1331833752076e-08,2.21300659414656,2.79166235649757,0.0947558838350583,0.999950297526443
P4HB,3.11092865955087e-08,2.20749424968311,2.75214535348937,0.0971240306889734,0.999950297526443
EEF1B2,3.07240386164424e-08,2.19786162295316,2.68440394304652,0.101335137494078,0.999950297526443
RPL6,3.04136590826252e-08,2.1900160931252,2.630441274248,0.104832574252534,0.999950297526443
TNFRSF17,3.03911088068146e-08,2.18944308761613,2.62654202715972,0.105090365378017,0.999950297526443
TMEM59,3.03780429836842e-08,2.18911089614107,2.6242840933171,0.105239961834486,0.999950297526443
GNB2L1,3.03050779133719e-08,2.18725326806013,2.61169268878575,0.106078481027576,0.999950297526443
RPL8,3.02700793919031e-08,2.18636070841257,2.60566382444245,0.10648256199522,0.999950297526443
GSTP1,3.0178932489385e-08,2.18403154136489,2.58999550619845,0.107540640834648,0.999950297526443
RPS9,3.01214418271058e-08,2.1825589427898,2.58013705744602,0.108212292002045,0.999950297526443
RPS10,3.01145593938941e-08,2.18238247104598,2.578958123691,0.108292920035587,0.999950297526443
RPS5,3.0080359451108e-08,2.18150497812225,2.573103803438,0.108694279336734,0.999950297526443
RPL23,2.99466289408143e-08,2.17806451817153,2.55027577944999,0.110275005067475,0.999950297526443
ERLEC1,2.97212690449414e-08,2.17223314807786,2.51203659375946,0.112979838875577,0.999950297526443
DSTN,2.95082286861952e-08,2.16668131321102,2.47615339108718,0.115584625947651,0.999950297526443
VIMP,2.91968093653231e-08,2.15849594853652,2.42416430409254,0.119476943112479,0.999950297526443
ITM2C,2.8996293937777e-08,2.15318102262816,2.39098169171835,0.122036971441087,0.999950297526443
RPL24,2.83492575950175e-08,2.13578606877007,2.28546536296807,0.130590967245116,0.999950297526443
NACA,2.82119210358586e-08,2.13204480827264,2.26337535479257,0.132465063524955,0.999950297526443
RPS19,2.80672056026606e-08,2.12808353092933,2.2402145598379,0.134462321031677,0.999950297526443
SPCS2,2.78848662112661e-08,2.12306430961824,2.2112018739034,0.137011891531226,0.999950297526443
GLTSCR2,2.7360414649312e-08,2.10844983970275,2.12880858623391,0.144553073939171,0.999950297526443
TIMP1,2.71783374951564e-08,2.10331295629417,2.10056941692362,0.14724429447072,0.999950297526443
MGST1,2.6894602500745e-08,2.09524166711725,2.05693952377031,0.151514214046212,0.999950297526443
CD59,2.68892274942085e-08,2.09508797735573,2.0561174288103,0.151596003105183,0.999950297526443
SPCS3,2.68132783818371e-08,2.09291316850885,2.04451875012847,0.152755284008496,0.999950297526443
TMED10,2.66925899775941e-08,2.0894450263558,2.02615513317559,0.154611320290532,0.999950297526443
EEF2,2.63452235473135e-08,2.07937814350778,1.97376316409009,0.160048989240184,0.999950297526443
HDLBP,2.62246247999648e-08,2.07585323938643,1.95573419955233,0.16197027384136,0.999950297526443
CALR,2.60082748471827e-08,2.0694904242582,1.92359817103795,0.165460542253009,0.999950297526443
TOMM7,2.53850467447995e-08,2.05087268118004,1.83251356609255,0.175830943890935,0.999950297526443
RPL36A,2.47462590459658e-08,2.03132813507361,1.74144744786278,0.186955529998837,0.999950297526443
CD52,2.47381238740456e-08,2.03107611223879,1.74030265699143,0.187100482671306,0.999950297526443
CRELD2,2.47351591647097e-08,2.0309842474678,1.73988555322122,0.18715332855711,0.999950297526443
SPTSSA,2.45403612779076e-08,2.02492488970983,1.71258906830548,0.190649796423931,0.999950297526443
IGHA1,2.4520416954609e-08,2.02430189525124,1.70980650533135,0.191010477366999,0.999950297526443
KRT19,2.45176303739985e-08,2.02421481291419,1.70941791137417,0.19106091093934,0.999950297526443
S100A6,2.43252078908145e-08,2.01817834658163,1.68269104937366,0.194567258797207,0.999950297526443
RPS24,2.43225533851694e-08,2.01809475155825,1.68232381969218,0.194615957512068,0.999950297526443
NPM1,2.41438492247158e-08,2.01244676487869,1.65769368920501,0.197915005208613,0.999950297526443
S100A11,2.40879441189679e-08,2.01067161096201,1.65002579438881,0.198955420374854,0.999950297526443
TXNDC11,2.39709902921061e-08,2.00694512434912,1.63404200171687,0.201144893219854,0.999950297526443
CD38,2.39653594180359e-08,2.00676526744139,1.63327440689157,0.201250749625211,0.999950297526443
MDK,2.39601680296442e-08,2.00659941221644,1.63256688206042,0.201348380011414,0.999950297526443
PABPC1,2.3934487078157e-08,2.00577844466859,1.62906912675387,0.201831849750996,0.999950297526443
LTB,2.3899311883978e-08,2.00465258933263,1.62428433940663,0.202495430935283,0.999950297526443
HNRNPA1,2.37685002484709e-08,2.00045165736875,1.60655212972709,0.204977144415677,0.999950297526443
LGALS3,2.3755623398776e-08,2.00003692387504,1.60481186624478,0.205222629966433,0.999950297526443
SPAG4,2.37359514368864e-08,1.99940291782891,1.60215508676023,0.205598070731777,0.999950297526443
WFDC2,2.36124485660454e-08,1.99541096804545,1.58552579992891,0.207966538681516,0.999950297526443
KRT18,2.35465888977256e-08,1.99327398504318,1.57669346081911,0.209237617371978,0.999950297526443
TXNDC15,2.34427817176515e-08,1.98989399760939,1.56282212502714,0.211252484876145,0.999950297526443
TPT1,2.33447854067357e-08,1.98668997614339,1.54978351027384,0.213167403463331,0.999950297526443
SEC61B,2.33080917217179e-08,1.98548693380929,1.54491539308467,0.21388763909552,0.999950297526443
CD74,2.32777385946925e-08,1.98449039589186,1.54089425910678,0.214484745562092,0.999950297526443
LGALS1,2.32016490605171e-08,1.98198675938255,1.53083707068801,0.215986858823795,0.999950297526443
CLDN4,2.29349917906422e-08,1.97314993685821,1.49585136303758,0.221310802541088,0.999950297526443
PHPT1,2.28469408007314e-08,1.97021027592586,1.48438779988243,0.223089270202821,0.999950297526443
CCPG1,2.28405730130358e-08,1.9699972592703,1.48356047256492,0.223218283176799,0.999950297526443
PFDN5,2.28136209524554e-08,1.96909501984774,1.48006131162969,0.22376492977609,0.999950297526443
OSTC,2.26737887388299e-08,1.96439751416493,1.46197334689203,0.226616401465586,0.999950297526443
CD48,2.23726772261847e-08,1.95418666602351,1.4234007082283,0.232844473234095,0.999950297526443
TRIB1,2.22121847104621e-08,1.94869014300918,1.40305215791734,0.236213207710616,0.999950297526443
EIF3E,2.1774781765237e-08,1.93351380157205,1.3483383452994,0.245568819683698,0.999950297526443
MALAT1,2.17628609417036e-08,1.93309609853585,1.34686242660548,0.245827381429266,0.999950297526443
COMMD6,2.14117835879893e-08,1.92069468924773,1.30375790294021,0.253527938684553,0.999950297526443
RABAC1,2.13772259048415e-08,1.91946342230481,1.29955288246215,0.254294910910474,0.999950297526443
AGR2,2.1366152735548e-08,1.9190684876716,1.29820692277942,0.25454100969378,0.999950297526443
CD37,2.12058325029533e-08,1.91332835257694,1.27879790755754,0.258122663721307,0.999950297526443
LINC00152,2.11518817865952e-08,1.91138729995393,1.27229928975812,0.259335777514076,0.999950297526443
BTF3,2.11181923181374e-08,1.91017279466658,1.26824963097821,0.260095304919482,0.999950297526443
SUB1,2.10315845418764e-08,1.90704200942886,1.25786852962685,0.262054934768971,0.999950297526443
KRT8,2.1014421282376e-08,1.906420102469,1.2558163480784,0.262444486952981,0.999950297526443
ANXA2,2.08306947469634e-08,1.89973202960019,1.23395344017245,0.266639563551421,0.999950297526443
S100A13,2.08122263298838e-08,1.89905660052459,1.23176637299384,0.267063795426557,0.999950297526443
COX7C,2.07809149875745e-08,1.89791016002513,1.22806285319054,0.26778409801833,0.999950297526443
DYNLL1,2.06396240278329e-08,1.89271614740438,1.21142024515705,0.271051028280688,0.999950297526443
EEF1D,2.03926360144238e-08,1.88355388800717,1.18260033790181,0.27682725357317,0.999950297526443
HLA-DRA,2.02584642603898e-08,1.87853181175818,1.16708987834382,0.279999999957773,0.999950297526443
SLC25A6,2.01884958234793e-08,1.87590017133519,1.15904203856093,0.281664301815944,0.999950297526443
CORO1A,2.01543754145177e-08,1.87461365647129,1.15512757463189,0.282478335426815,0.999950297526443
NAP1L1,2.00901917570232e-08,1.87218791489465,1.14778204718103,0.284013926531498,0.999950297526443
HLA-DPB1,2.00454915325253e-08,1.87049411757629,1.14268015085991,0.285086709691364,0.999950297526443
LDHA,2.00042914426726e-08,1.86892972777942,1.13798780955496,0.286077915305383,0.999950297526443
CISD2,1.97433430219523e-08,1.85894879788262,1.10849221033665,0.292409943512534,0.999950297526443
TXNDC17,1.97310129862567e-08,1.85847405653932,1.1071081001946,0.292711448363643,0.999950297526443
DNAJB11,1.9664711836622e-08,1.8559163708594,1.09968027939321,0.294336280313394,0.999950297526443
PSAP,1.9614975248681e-08,1.85399224144142,1.09412462436246,0.295559129037221,0.999950297526443
RRBP1,1.94940245348445e-08,1.84929343902447,1.08067294805119,0.298547061708354,0.999950297526443
NEAT1,1.92551317223109e-08,1.83992973940564,1.05434866224183,0.304507672423373,0.999950297526443
S100A10,1.9247271076523e-08,1.8396197361079,1.05348799093747,0.304705136670126,0.999950297526443
COX4I1,1.92147551360428e-08,1.83833609729694,1.04993151607913,0.305522859848325,0.999950297526443
NPC2,1.9094229390701e-08,1.83355977905332,1.03680130434509,0.308566572551027,0.999950297526443
MUC1,1.90781721928242e-08,1.83292125977456,1.03505825168938,0.308973583600654,0.999950297526443
CD9,1.90686034251367e-08,1.83254050899094,1.03402023315271,0.309216297348365,0.999950297526443
FNDC3B,1.90498319172645e-08,1.83179303777884,1.0319854155352,0.309692806444031,0.999950297526443
ELL2,1.90451039706755e-08,1.83160466182115,1.03147322556211,0.309812900381222,0.999950297526443
SIL1,1.90066447311231e-08,1.83007065380099,1.02731156575445,0.310790941014062,0.999950297526443
GLRX,1.90006889544758e-08,1.82983283119895,1.02666784565489,0.310942581832661,0.999950297526443
TMEM258,1.89914141188165e-08,1.82946233103924,1.02566579235768,0.311178826838398,0.999950297526443
IFITM3,1.89375813619937e-08,1.82730844066629,1.01985936194788,0.312552371208673,0.999950297526443
HERPUD1,1.89367937664152e-08,1.82727688466056,1.01977453379523,0.312572496330879,0.999950297526443
SELK,1.87718109994057e-08,1.82063865146407,1.00208280349446,0.316807054689437,0.999950297526443
ATP1B1,1.87674490022847e-08,1.8204623819999,1.00161715055871,0.316919520912982,0.999950297526443
MT-ND3,1.87608162158267e-08,1.82019427379394,1.00090929317251,0.317090585522106,0.999950297526443
GAPDH,1.87419082924611e-08,1.81942948348191,0.99889279461107,0.317578567551639,0.999950297526443
CALU,1.87253625757891e-08,1.8187596308707,0.997129889622352,0.318005988604033,0.999950297526443
LMAN2,1.86626870757107e-08,1.81621704213063,0.99046609072866,0.319628484528542,0.999950297526443
HLA-E,1.86251602492525e-08,1.8146907380313,0.986486848158585,0.320602538027108,0.999950297526443
TXN,1.85686818787134e-08,1.81238804453022,0.980513133623721,0.322072154569373,0.999950297526443
RPLP0,1.85495599029325e-08,1.81160689082563,0.978494714168466,0.322570719743163,0.999950297526443
LAPTM5,1.84995711767042e-08,1.80956113122196,0.973227980455803,0.323876447232395,0.999950297526443
MS4A1,1.84700077050218e-08,1.80834875945792,0.970119907534524,0.324650276129219,0.999950297526443
LIMD2,1.84552946757372e-08,1.80774469530954,0.968574946881575,0.325035840332676,0.999950297526443
RPL17,1.842806564805e-08,1.80662554620378,0.965718975321749,0.325750179800268,0.999950297526443
EIF3H,1.83853383835766e-08,1.80486618845346,0.961245939979246,0.32687316363101,0.999950297526443
DNAJC3,1.83533746775603e-08,1.80354746234728,0.957906510088022,0.327714895260237,0.999950297526443
MGLL,1.83447089052523e-08,1.80318955803713,0.957002148885259,0.327943341709643,0.999950297526443
HIST1H1C,1.81854604453824e-08,1.79658333208624,0.940458999559144,0.332159826669968,0.999950297526443
BLVRB,1.80776350397255e-08,1.79207865683911,0.929339704935655,0.335034561129562,0.999950297526443
EIF3F,1.79953195213574e-08,1.7886222892878,0.920895579118824,0.337239932269879,0.999950297526443
RPN2,1.79798700655252e-08,1.78797188335558,0.91931503165618,0.33765488687409,0.999950297526443
ANKRD28,1.79614221580672e-08,1.78719454112969,0.917429507666247,0.338150805992349,0.999950297526443
UQCRQ,1.79399858188157e-08,1.786290309599,0.915240973323186,0.338727647780565,0.999950297526443
GAS6,1.79299178473985e-08,1.78586526184155,0.914213989866597,0.33899878999179,0.999950297526443
SFTA2,1.78063868798488e-08,1.78063128081167,0.901660145240691,0.34233695492433,0.999950297526443
CSTB,1.78010000515102e-08,1.78040224803154,0.901114683236937,0.342482999369682,0.999950297526443
WBP5,1.77430642487475e-08,1.77793475740606,0.895258625117235,0.344056237518727,0.999950297526443
ELF3,1.77288602327232e-08,1.77732862421316,0.89382581985381,0.344442648536792,0.999950297526443
HLA-DQA1,1.76891517779335e-08,1.77563164901736,0.889826386799101,0.345524359764248,0.999950297526443
PDXK,1.76345294253528e-08,1.77329131831015,0.884339479519853,0.347015879232075,0.999950297526443
DAD1,1.76217377023928e-08,1.77274224082337,0.883056981697029,0.347365761658664,0.999950297526443
CANX,1.75316688199666e-08,1.76886519539549,0.874053023832008,0.34983569864791,0.999950297526443
IGHA2,1.75285272156798e-08,1.76872961842773,0.873739798351301,0.34992205076329,0.999950297526443
PERP,1.74313731820617e-08,1.7645253236913,0.864081018080048,0.352599162050746,0.999950297526443
RPN1,1.73951331844464e-08,1.76295128032323,0.860491886880325,0.353601077153196,0.999950297526443
HLA-DPA1,1.73924886820976e-08,1.76283629588758,0.860230273494628,0.353674259210885,0.999950297526443
UBE2J1,1.73238539621735e-08,1.7598461223677,0.853454340614068,0.355576954788021,0.999950297526443
EIF3L,1.72651500839595e-08,1.75727954487124,0.847680083553609,0.357209460347062,0.999950297526443
MPC1,1.72392984129026e-08,1.75614662700221,0.845143466108373,0.357929868187451,0.999950297526443
IFI27L1,1.72211164187283e-08,1.75534884400747,0.843361689394186,0.35843709258847,0.999950297526443
ARHGDIB,1.71304237506809e-08,1.75135732349544,0.834502180355951,0.36097389895077,0.999950297526443
RAC2,1.70951228032583e-08,1.7497981772221,0.831066379235337,0.36196435549888,0.999950297526443
GPSM3,1.70599684490233e-08,1.74824242466303,0.827651889290977,0.362952389636096,0.999950297526443
CTSD,1.70394706862005e-08,1.74733387422351,0.825664216178754,0.36352926992843,0.999950297526443
ZFAS1,1.70141293099725e-08,1.74620917916889,0.823210160056277,0.364243259259809,0.999950297526443
RAC1,1.69109299731777e-08,1.74161230490833,0.8132540707162,0.367159929280762,0.999950297526443
CD79A,1.69042186489859e-08,1.74131242429902,0.8126086977313,0.36735011071163,0.999950297526443
SLAMF7,1.68775434359213e-08,1.74011936830626,0.810046093968874,0.368106623349726,0.999950297526443
PON2,1.68376493816561e-08,1.73833170685323,0.806221149932201,0.369239832599981,0.999950297526443
RAB13,1.67914732305995e-08,1.73625744881084,0.801805196039195,0.370554193069375,0.999950297526443
SPCS1,1.67426084651222e-08,1.73405643245852,0.797145329266225,0.371948241970612,0.999950297526443
LAMP2,1.66626911901381e-08,1.73044336481927,0.789553484798111,0.374235176034466,0.999950297526443
CNPY2,1.6572410898026e-08,1.72634167722027,0.781020887756543,0.376829097787256,0.999950297526443
PDIA3,1.65641088264901e-08,1.72596341223153,0.780238567405645,0.377068187330723,0.999950297526443
PNISR,1.65145396422488e-08,1.72370110280514,0.775575724413749,0.378497665165995,0.999950297526443
CEBPD,1.63965175950691e-08,1.71828824222738,0.764529948184356,0.381914594313594,0.999950297526443
PTMA,1.63324131840027e-08,1.7153324852519,0.758563567010069,0.383778424814649,0.999950297526443
CCNI,1.63108406486483e-08,1.7143352982534,0.756561005360015,0.384406894578622,0.999950297526443
GLUL,1.63062839695189e-08,1.71412450420272,0.756138350970198,0.384539724188777,0.999950297526443
NAPSA,1.62931168846563e-08,1.71351507027003,0.754917702766577,0.384923709424432,0.999950297526443
NDUFS6,1.62776766227112e-08,1.71279981931684,0.753487576884137,0.385374284712,0.999950297526443
PRDX1,1.60783896867129e-08,1.70350906198781,0.73515068137291,0.391218729853659,0.999950297526443
C15orf48,1.60344012565266e-08,1.70144340211569,0.731133626362489,0.392515982702287,0.999950297526443
ANXA5,1.5976158702672e-08,1.6986999773076,0.725831806782168,0.394237607729869,0.999950297526443
RPS26,1.59559626419421e-08,1.69774642638044,0.723997864335492,0.394835660025696,0.999950297526443
PHLDA2,1.59526652274341e-08,1.69759062970021,0.723698656517493,0.394933356206543,0.999950297526443
SRPRB,1.58033148217871e-08,1.69050142573074,0.71021141326435,0.399373636752692,0.999950297526443
MGAT1,1.57784941043994e-08,1.68931702103098,0.707982246317922,0.400114472088147,0.999950297526443
ATOX1,1.57068333853561e-08,1.68588740248079,0.701566005733699,0.402257993433361,0.999950297526443
RNASE1,1.56694711904546e-08,1.68409330660833,0.698232314007165,0.403378300556423,0.999950297526443
CD151,1.56531356171802e-08,1.68330759515125,0.69677724516094,0.403868710053394,0.999950297526443
HM13,1.56425927854457e-08,1.68280008514167,0.695838962690248,0.404185405340284,0.999950297526443
KRT7,1.56248052880215e-08,1.68194308562666,0.694257358319518,0.404720059311462,0.999950297526443
ARF4,1.55983059984455e-08,1.68066461085617,0.691904468061976,0.405517354996135,0.999950297526443
PRDX2,1.55717950512951e-08,1.6793834812389,0.689554539187518,0.406315939775563,0.999950297526443
MTHFD2,1.55709586810193e-08,1.67934302988918,0.689480468416593,0.406341148882445,0.999950297526443
ANAPC11,1.55700624176204e-08,1.6792996794669,0.689401097796448,0.406368164269293,0.999950297526443
UQCRB,1.54591011824365e-08,1.67391408020392,0.679609972343114,0.409721061084085,0.999950297526443
LGALS3BP,1.54488593220237e-08,1.67341510962431,0.678709769325159,0.410031364722645,0.999950297526443
TRAM1,1.52545790474493e-08,1.6638892558809,0.661746600462356,0.415944004040792,0.999950297526443
PTMS,1.51567416007437e-08,1.65904786593216,0.653285406437221,0.418940504347459,0.999950297526443
RAB1A,1.50877888645236e-08,1.65561771415425,0.647354929588131,0.421059951617613,0.999950297526443
HLA-DQB1,1.50644896293243e-08,1.65445525121784,0.645357124730986,0.421777536043903,0.999950297526443
CST3,1.49628005920393e-08,1.64936137433379,0.636673890010088,0.424917802394222,0.999950297526443
HMGB3,1.49286251316694e-08,1.64764195467078,0.633768849004305,0.42597623609,0.999950297526443
SERPINA1,1.49064710175204e-08,1.64652532328896,0.631889215860715,0.426663182835609,0.999950297526443
MT-CO3,1.48652879831751e-08,1.64444533060178,0.628402519725953,0.427941886260059,0.999950297526443
DERL1,1.47868130720949e-08,1.64046648132843,0.621785269350006,0.430384641439819,0.999950297526443
FCER1G,1.47178381003288e-08,1.63695249059706,0.615998005548834,0.432538351587039,0.999950297526443
S100A9,1.47050990418482e-08,1.63630175534277,0.614932110073261,0.432936804042193,0.999950297526443
PLD3,1.46770067947412e-08,1.63486483151044,0.612584852969011,0.433816224002089,0.999950297526443
TMED2,1.45443110131835e-08,1.62804145165835,0.601558086477561,0.437984162265939,0.999950297526443
FTL,1.44586672673519e-08,1.62360567406434,0.59449443090329,0.440686393911659,0.999950297526443
TMEM167A,1.4416862019008e-08,1.62143125171929,0.591061603054597,0.442008896781774,0.999950297526443
MT-ND4,1.44148896531607e-08,1.621328513001,0.590899888255313,0.442071348347234,0.999950297526443
TYROBP,1.43347312179639e-08,1.61714165007489,0.584346398634242,0.444613696569516,0.999950297526443
NDUFB7,1.42792304936622e-08,1.61422950095264,0.57983025333663,0.446378863893486,0.999950297526443
ALDOA,1.42610257296901e-08,1.61327191653549,0.578352730562146,0.446958723251093,0.999950297526443
FCGRT,1.42419449290179e-08,1.6122669889588,0.576806130640215,0.447566945855359,0.999950297526443
YWHAE,1.4236116395725e-08,1.61195975964065,0.576334110025753,0.44775283086505,0.999950297526443
MT-ATP6,1.42084800173937e-08,1.6105013623497,0.574098622921068,0.448634813992154,0.999950297526443
PRDX5,1.41794852653786e-08,1.60896834623465,0.571757927381201,0.449561207299797,0.999950297526443
PRDM1,1.41667816128432e-08,1.60829572600719,0.570733890161635,0.449967435293778,0.999950297526443
ACAP1,1.41435882234257e-08,1.60706620770913,0.568866646361092,0.450709632692829,0.999950297526443
SNRPD2,1.41223371618616e-08,1.60593795139797,0.567158460585385,0.451390282966593,0.999950297526443
DNAJC1,1.40757242342623e-08,1.60345745806058,0.563420653390858,0.452885283311151,0.999950297526443
SERF2,1.40691474203971e-08,1.60310683888979,0.562894265261608,0.453096444044297,0.999950297526443
GMPPA,1.40649450734573e-08,1.60288272331381,0.562558051040891,0.453231397238146,0.999950297526443
TPI1,1.40021143890865e-08,1.59952419358165,0.557543177702704,0.455251830724319,0.999950297526443
FXYD5,1.39845769561874e-08,1.59858416559384,0.556147423822101,0.455816682288003,0.999950297526443
NGFRAP1,1.39461469779216e-08,1.59652030004057,0.553095008712866,0.457055825663105,0.999950297526443
HINT1,1.39221531446927e-08,1.59522894550103,0.551193486608114,0.457830445839472,0.999950297526443
COPE,1.38907918763602e-08,1.59353784193955,0.548713028714555,0.458844027182992,0.999950297526443
SMDT1,1.38376608513327e-08,1.59066444127342,0.544523500743427,0.46056406347217,0.999950297526443
POLR2L,1.36911346333259e-08,1.58268475623927,0.533052697960804,0.465326261919206,0.999950297526443
ARL1,1.36887489922188e-08,1.58255415789878,0.532866948325012,0.465404022598957,0.999950297526443
CTSB,1.36368467999863e-08,1.57970741717982,0.528833777609252,0.467097576619621,0.999950297526443
CDK2AP2,1.36337915232242e-08,1.57953951615168,0.52859683829676,0.46719737584743,0.999950297526443
CYB5A,1.35909968350442e-08,1.57718394626252,0.525283653635752,0.468596486866748,0.999950297526443
NBEAL1,1.35829777973078e-08,1.57674175664213,0.524663974767712,0.468858915575444,0.999950297526443
CITED2,1.35678806743103e-08,1.57590858198511,0.523498322473754,0.469353200244797,0.999950297526443
CD79B,1.35541396035769e-08,1.57514946903559,0.522438498168723,0.469803337693931,0.999950297526443
ARPC3,1.35306393699548e-08,1.57384950267557,0.520628455807113,0.470573723706598,0.999950297526443
CD53,1.3385755413683e-08,1.56578663615873,0.509538534882097,0.475338689054225,0.999950297526443
RP11-16E12.2,1.33828079497947e-08,1.56562173847502,0.509314164865463,0.47543589966256,0.999950297526443
CYSTM1,1.33449599904284e-08,1.56350120086345,0.50643745260562,0.47668513573501,0.999950297526443
C6orf48,1.33282198739452e-08,1.56256144316722,0.505167684153543,0.477238244540893,0.999950297526443
EIF3D,1.32406178097538e-08,1.55762503940502,0.498548900909844,0.480138417355891,0.999950297526443
MYL6,1.32403029331481e-08,1.55760723940658,0.498525189097999,0.480148859030244,0.999950297526443
BRI3,1.32172099745129e-08,1.55630068136705,0.496787708923448,0.480914985759383,0.999950297526443
BTG1,1.31624704546735e-08,1.5531948246669,0.492681303951107,0.482733668010251,0.999950297526443
SMIM14,1.31458524779326e-08,1.55224948112238,0.491438042195413,0.483286527126288,0.999950297526443
VPREB3,1.31132278530963e-08,1.55039022208418,0.489001823332431,0.484372906346464,0.999950297526443
MIR4435-2HG,1.31004829927914e-08,1.54966269072707,0.488051754988746,0.484797661394717,0.999950297526443
IFI6,1.30790536287598e-08,1.5484378743703,0.486456381021064,0.485512304417541,0.999950297526443
SRSF5,1.30648637771564e-08,1.54762577663718,0.485401411822422,0.48598583218779,0.999950297526443
IGLC2,1.30537560225747e-08,1.54698947776811,0.484576385580063,0.486356681931741,0.999950297526443
HSBP1,1.30525526775187e-08,1.54692051383925,0.484487049496244,0.486396866670173,0.999950297526443
MLEC,1.29932547101469e-08,1.54351453733683,0.480094983120547,0.488379296325072,0.999950297526443
TIMM8B,1.29754372886313e-08,1.54248821255166,0.47877919429625,0.488975812393958,0.999950297526443
QSOX1,1.29589968245304e-08,1.54154000039612,0.477566693275733,0.489526576799792,0.999950297526443
GCSH,1.29501760536308e-08,1.54103078083627,0.476916786066229,0.489822214978737,0.999950297526443
ROMO1,1.29479072249115e-08,1.54089974831897,0.476749692165535,0.489898272887911,0.999950297526443
ATP5J,1.29213076219183e-08,1.53936188186966,0.474792877629218,0.490790444738048,0.999950297526443
SPATS2,1.29209387035745e-08,1.5393405313068,0.474765766239774,0.490802824688988,0.999950297526443
SRGN,1.28924858549117e-08,1.53769209868285,0.472677130804895,0.491758134514746,0.999950297526443
NANS,1.28687315469874e-08,1.53631319612814,0.470936927343947,0.492556453674018,0.999950297526443
CLPTM1L,1.28496696650948e-08,1.53520491008562,0.469542804624023,0.493197575001406,0.999950297526443
CTSL,1.28173519156089e-08,1.5333222895274,0.467183913754483,0.494285560545084,0.999950297526443
ACADVL,1.27800207083059e-08,1.53114192557575,0.464466481728548,0.495543921542509,0.999950297526443
SRM,1.27693890058338e-08,1.53051985015452,0.463694023598153,0.495902607831236,0.999950297526443
FABP5,1.27450413897157e-08,1.52909335882738,0.461927442470948,0.496724555447561,0.999950297526443
RPS27L,1.27386066368331e-08,1.52871591807971,0.461461121727528,0.496941906592396,0.999950297526443
MRPL51,1.27091938903177e-08,1.52698832778168,0.45933260486303,0.497936046422884,0.999950297526443
MT-CYB,1.27023058869425e-08,1.52658319747997,0.45883485068688,0.498169011212003,0.999950297526443
CEBPB,1.26988973160176e-08,1.52638263808183,0.458588633770803,0.498284316716585,0.999950297526443
DDX5,1.25987058223348e-08,1.52046414596545,0.451380854309692,0.501679937091021,0.999950297526443
FTH1,1.2557237889781e-08,1.51800130238828,0.448414354934008,0.50308891527898,0.999950297526443
CREG1,1.24472308825767e-08,1.51142971515278,0.440592148999816,0.506836788661917,0.999950297526443
OS9,1.24412285925385e-08,1.511069545545,0.440167327726243,0.507041704454342,0.999950297526443
COTL1,1.24286958253692e-08,1.51031697307517,0.439280962518624,0.507469708426507,0.999950297526443
TMBIM6,1.23789679776294e-08,1.50732368357317,0.435772823506961,0.509169821898409,0.999950297526443
TMEM176B,1.23788520647184e-08,1.5073166928748,0.435764662655409,0.509173788252892,0.999950297526443
GUK1,1.23550283454091e-08,1.50587854810722,0.434088974948279,0.509989341214589,0.999950297526443
ATP5G2,1.23115925265519e-08,1.50324961844689,0.431042139950633,0.511478028658364,0.999950297526443
UBXN1,1.23012227492031e-08,1.50262067401331,0.430316331555173,0.51183376999341,0.999950297526443
EVI2B,1.22788618831148e-08,1.50126271240742,0.428753316151215,0.512601311861155,0.999950297526443
MGST2,1.22067633522497e-08,1.49686795480034,0.423733025321934,0.515080190294311,0.999950297526443
MT-CO1,1.22026138939473e-08,1.49661426575644,0.423444994232098,0.515223045448854,0.999950297526443
C19orf43,1.21733190924718e-08,1.49482087939813,0.421414306851447,0.51623217500505,0.999950297526443
CHCHD2,1.21440740593994e-08,1.49302639399403,0.419391937865095,0.51724061146337,0.999950297526443
HIGD2A,1.21057622512414e-08,1.49066926769555,0.416749938406726,0.518563232952242,0.999950297526443
SHFM1,1.20989741145194e-08,1.49025088071909,0.41628269605495,0.518797758906024,0.999950297526443
MEI1,1.20939418189e-08,1.48994056927806,0.415936481257967,0.518971656988357,0.999950297526443
EIF4A2,1.20798714594054e-08,1.48907227511687,0.414969224839163,0.519458037842148,0.999950297526443
SEPW1,1.20350285458616e-08,1.48629847396642,0.411894044773106,0.521009725215237,0.999950297526443
IFI27,1.20037879631898e-08,1.48436017588478,0.409758427271487,0.522092143589781,0.999950297526443
ANXA1,1.20006940662901e-08,1.4841679534027,0.409547229447184,0.522199403282946,0.999950297526443
ASPH,1.19735503229405e-08,1.48247947758411,0.407696657681085,0.523140912112467,0.999950297526443
TMEM208,1.19285610544548e-08,1.47967279545761,0.404638664864153,0.524703328151377,0.999950297526443
SPATS2L,1.1926618330701e-08,1.47955136825916,0.404506874092597,0.524770850086978,0.999950297526443
AC090498.1,1.189509785978e-08,1.47757856257153,0.402371583400338,0.525867007178856,0.999950297526443
SAR1B,1.18495239698698e-08,1.47471727033487,0.399294263682819,0.527453953676902,0.999950297526443
EIF4B,1.18424413224369e-08,1.47427164615854,0.39881707737379,0.527700800467555,0.999950297526443
ALG5,1.18320036316732e-08,1.4736144627022,0.398114368407209,0.528064685674256,0.999950297526443
SOD2,1.18258812136931e-08,1.47322872020527,0.397702469961882,0.528278188662652,0.999950297526443
WARS,1.18149511246578e-08,1.47253959288097,0.396967655447449,0.528659455643211,0.999950297526443
BSG,1.1735553831529e-08,1.46751521505475,0.391650281745871,0.531433216797543,0.999950297526443
HLA-A,1.17260315315603e-08,1.46691043522446,0.391014964744978,0.531766375194179,0.999950297526443
CD68,1.16852774352472e-08,1.46431671385838,0.388301724642223,0.53319344077136,0.999950297526443
FIS1,1.16638357124328e-08,1.46294859826788,0.38687801531384,0.533945031399766,0.999950297526443
ARPC1A,1.16491574970432e-08,1.46201064092563,0.385904903921455,0.534459851075349,0.999950297526443
SFTPB,1.16475257327152e-08,1.4619062988207,0.385796799665309,0.534517098595739,0.999950297526443
NME1,1.16119462933272e-08,1.45962769189409,0.383443429645401,0.535766108127356,0.999950297526443
GUSB,1.16083789454193e-08,1.45939885861218,0.383207867756478,0.535891420240633,0.999950297526443
EIF3K,1.15975177817848e-08,1.45870173501799,0.382491120605236,0.536273036924352,0.999950297526443
IGHGP,1.15773407225e-08,1.45740500213974,0.38116138216142,0.536982338780218,0.999950297526443
GPX1,1.154561218555e-08,1.45536147877416,0.379075044466347,0.538098673010754,0.999950297526443
SEPT6,1.15441362890379e-08,1.45526629003719,0.378978134962104,0.538150629167897,0.999950297526443
CCL2,1.15100775907356e-08,1.45306639762296,0.376745233146122,0.539350300438318,0.999950297526443
RHOC,1.15026647934689e-08,1.4525867664144,0.376260121431758,0.539611583529273,0.999950297526443
ATP6V0B,1.14870041881239e-08,1.45157249778839,0.375236280408593,0.540163790116944,0.999950297526443
ERO1A,1.14793605927808e-08,1.45107697253671,0.37473707278478,0.540433412576003,0.999950297526443
FAM3C,1.14556938441514e-08,1.44954066989127,0.373193491029072,0.54126866708833,0.999950297526443
LSP1,1.1381099812608e-08,1.44467841981047,0.368349197268054,0.543905474905324,0.999950297526443
ISOC2,1.13685678583635e-08,1.4438585450407,0.367538450696425,0.544349090215999,0.999950297526443
KDELR1,1.13550740997639e-08,1.44297477378092,0.366666479503121,0.544826953171068,0.999950297526443
UXT,1.13334658298281e-08,1.44155743764228,0.365272302840476,0.545592614130101,0.999950297526443
UPP1,1.13325506943486e-08,1.44149735443967,0.365213316445074,0.545625052544538,0.999950297526443
VKORC1,1.13005661156639e-08,1.43939446990059,0.36315469608985,0.546759396862303,0.999950297526443
GRN,1.12810497362845e-08,1.43810851543349,0.361901423531757,0.547452125310877,0.999950297526443
H2AFZ,1.12374721864913e-08,1.43522940402773,0.359110846906997,0.549000463476724,0.999950297526443
DBI,1.12234975985266e-08,1.43430384671224,0.358218243009467,0.549497446681523,0.999950297526443
HLA-DRB5,1.12218587029365e-08,1.43419522764905,0.35811363400863,0.549555745833141,0.999950297526443
TNFRSF13B,1.11777861607895e-08,1.43126854866297,0.355306258556578,0.551124646508267,0.999950297526443
ATF5,1.11592160847987e-08,1.43003205978181,0.35412667195139,0.551786365674992,0.999950297526443
LMNA,1.11483948425117e-08,1.42931061404957,0.353440202136047,0.552172145694871,0.999950297526443
RBM47,1.1143573520405e-08,1.4289889624435,0.353134565206101,0.5523440696773,0.999950297526443
TCEB2,1.11416704344459e-08,1.42886196235657,0.353013959720627,0.552411939231537,0.999950297526443
AURKAIP1,1.11250259062757e-08,1.4277503201481,0.351960013287185,0.553005705659648,0.999950297526443
NDUFC1,1.11048676470987e-08,1.42640186136225,0.350685683979767,0.553725237438581,0.999950297526443
COX5A,1.1088260979055e-08,1.42528921121341,0.34963760913318,0.554318342452768,0.999950297526443
SNHG8,1.10872792442135e-08,1.42522338460519,0.349575699293937,0.554353414714803,0.999950297526443
CREB3L2,1.10801765306926e-08,1.42474697125787,0.349127953605531,0.554607189934479,0.999950297526443
EVL,1.10774550792744e-08,1.42456435249925,0.34895647292949,0.554704440632344,0.999950297526443
MORF4L2,1.10759958989475e-08,1.42446641870144,0.348864546240556,0.554756587677499,0.999950297526443
MAN1A1,1.10698058160891e-08,1.42405082938021,0.348474712762233,0.554977830663961,0.999950297526443
LY86,1.10488750881435e-08,1.4226439259053,0.347158170455432,0.555726246034712,0.999950297526443
PLAUR,1.10388971371778e-08,1.42197233400801,0.346531434596195,0.556083198740784,0.999950297526443
SLC16A3,1.10259126357844e-08,1.42109750349195,0.345716698930294,0.556547875663669,0.999950297526443
ERGIC3,1.10150304577985e-08,1.42036355329185,0.345034615873557,0.556937462398703,0.999950297526443
ZNHIT1,1.09466359665333e-08,1.41573464537951,0.34076314275337,0.559389052364487,0.999950297526443
APLP2,1.0921024345158e-08,1.41399409955881,0.339170454946004,0.560308442823859,0.999950297526443
RTN3,1.08993080228044e-08,1.41251519624937,0.337822923512665,0.561088575389707,0.999950297526443
RER1,1.08780097332067e-08,1.41106200558117,0.336503936924797,0.561854200849922,0.999950297526443
GNG5,1.08271999226947e-08,1.40758414892273,0.333367743615961,0.563682735460439,0.999950297526443
TMSB4X,1.08129829510256e-08,1.40660820693202,0.332492841860398,0.564194886337719,0.999950297526443
ERP29,1.08115756853986e-08,1.4065115362749,0.332406302317761,0.564245593728759,0.999950297526443
TYMP,1.0806450158861e-08,1.40615934117175,0.332091204219815,0.564430298146394,0.999950297526443
YIPF3,1.07743467451939e-08,1.40394972715105,0.3301210058472,0.565587844135772,0.999950297526443
NSA2,1.07574643998959e-08,1.40278520665203,0.329087281835848,0.566197024471178,0.999950297526443
LRPAP1,1.07573321848318e-08,1.40277607970618,0.329079192563677,0.566201796544592,0.999950297526443
FBP1,1.07433160748642e-08,1.40180792020744,0.32822221329868,0.566707793169017,0.999950297526443
FCGR3A,1.07299191722412e-08,1.40088139592277,0.327404138251401,0.567191638315251,0.999950297526443
NENF,1.07293665647654e-08,1.4008431539231,0.327370415478184,0.567211600644083,0.999950297526443
CHID1,1.07252710244857e-08,1.40055967188592,0.327120539994433,0.56735955796,0.999950297526443
ID1,1.06966828409839e-08,1.39857797119429,0.325378986158213,0.568392861973448,0.999950297526443
ALDH2,1.06909149901001e-08,1.39817753267582,0.325028179928876,0.568601446774946,0.999950297526443
TMEM205,1.06789408144034e-08,1.39734555018061,0.324300503208289,0.56903458984519,0.999950297526443
SEC24D,1.06769908991097e-08,1.39720998237469,0.32418208307854,0.56910513924722,0.999950297526443
SPINT2,1.06721043088173e-08,1.39687013766321,0.323885411006149,0.569281958108687,0.999950297526443
HLA-DMB,1.06463596885603e-08,1.39507721682506,0.322324659854386,0.57021394734291,0.999950297526443
SLC25A39,1.06356877118795e-08,1.39433277016087,0.321678783274012,0.570600500112271,0.999950297526443
GMPPB,1.06268938922199e-08,1.39371879816814,0.321147061050827,0.570919117394069,0.999950297526443
RPS4Y1,1.06181524179471e-08,1.39310799628001,0.32061893981691,0.571235922029775,0.999950297526443
ASAH1,1.05908704882582e-08,1.39119858289992,0.318973481027077,0.572225199235899,0.999950297526443
ANAPC16,1.05747813235247e-08,1.39007031190189,0.318005077395815,0.572808993944361,0.999950297526443
GADD45A,1.05520752280278e-08,1.38847520820351,0.316640907042406,0.573633364369029,0.999950297526443
ENO1,1.05108790003399e-08,1.3855727242113,0.314173345475976,0.575130473840644,0.999950297526443
SMARCB1,1.04970550148598e-08,1.3845963013944,0.313347482727646,0.575633264008867,0.999950297526443
ERH,1.04718867494111e-08,1.38281542320672,0.311846688803511,0.576549188052495,0.999950297526443
CXCL2,1.04652233645366e-08,1.3823432402314,0.311449951626041,0.576791797117609,0.999950297526443
CTSC,1.04406703008967e-08,1.38060085315486,0.309990244628123,0.577686171687768,0.999950297526443
NDRG1,1.04355632212003e-08,1.38023793846848,0.309687053810066,0.577872285122282,0.999950297526443
UBE2D2,1.04194324280231e-08,1.3790905435212,0.308730394967914,0.578460312606912,0.999950297526443
DUSP6,1.0414971136613e-08,1.37877290699431,0.308466073201562,0.578622992932391,0.999950297526443
COX6A1,1.04049057347485e-08,1.37805578608703,0.30787013594247,0.57899010526185,0.999950297526443
SF1,1.03793147778591e-08,1.37622951995604,0.306357579707593,0.579923968692893,0.999950297526443
CIRBP,1.03740019206553e-08,1.37584983172863,0.306044029624416,0.580117933607688,0.999950297526443
BCAS4,1.03654492774288e-08,1.37523821610448,0.305539613594878,0.580430242397422,0.999950297526443
MYL12A,1.03521841955934e-08,1.3742886440859,0.304758091352795,0.580914786616241,0.999950297526443
TPST2,1.03347647991437e-08,1.37303990893786,0.303733334548767,0.581551366214034,0.999950297526443
KLF13,1.03333422399058e-08,1.37293784127161,0.303649723758985,0.581603367044087,0.999950297526443
CXCL16,1.03243562745407e-08,1.37229279178203,0.303121840439851,0.581931894036333,0.999950297526443
RSL1D1,1.03234179597034e-08,1.37222540455161,0.303066745325328,0.581966203836425,0.999950297526443
SLPI,1.02844428381749e-08,1.36942109884074,0.300782663523459,0.58339217661378,0.999950297526443
TMA7,1.02657796229064e-08,1.36807463689578,0.299691991291163,0.584075579002675,0.999950297526443
MT1E,1.02620590864189e-08,1.36780593645718,0.299474801174674,0.584211860706628,0.999950297526443
TMEM147,1.02332999502406e-08,1.36572575870854,0.297798613544331,0.58526579489141,0.999950297526443
DDOST,1.01782000931937e-08,1.36172457321658,0.294600332251587,0.587287499149282,0.999950297526443
LAP3,1.01674268271998e-08,1.36093981642112,0.293977014173655,0.587683165498947,0.999950297526443
HLA-DRB1,1.01439562062708e-08,1.35922737320995,0.292621339948942,0.588545590286582,0.999950297526443
HLA-DMA,1.01323438817629e-08,1.35837871493028,0.291951765091757,0.588972499624563,0.999950297526443
VAMP2,1.01207754064245e-08,1.35753233042076,0.291285481206997,0.589397938972813,0.999950297526443
HSD17B8,1.0062774041108e-08,1.35327469553194,0.287956379808815,0.591533116158226,0.999950297526443
KRTCAP2,1.00176571618562e-08,1.34994650098246,0.285380038780466,0.593196436021075,0.999950297526443
STK17A,9.9970089016598e-09,1.34841850199263,0.284204808220019,0.593958387503994,0.999950297526443
SDF4,9.99358006216256e-09,1.34816446936986,0.28400988480595,0.594084960110789,0.999950297526443
TSPAN4,9.99014462392256e-09,1.34790986376528,0.283814653325843,0.594211788674487,0.999950297526443
PSMB5,9.98244687318802e-09,1.34733906570764,0.283377443889598,0.594496017057611,0.999950297526443
S100A4,9.97827002884897e-09,1.34702917013016,0.283140352550742,0.594650267030902,0.999950297526443
SEPT9,9.97656016713537e-09,1.3469022731471,0.283043323833934,0.594713417134867,0.999950297526443
PIM2,9.97238042747329e-09,1.34659198665513,0.282806208121805,0.594867799821785,0.999950297526443
EIF2S3,9.96805446544028e-09,1.34627071344913,0.282560901883439,0.595027602643983,0.999950297526443
MAGED1,9.92814434690921e-09,1.34330039378607,0.2803027955281,0.596502822497133,0.999950297526443
NCLN,9.92277513930704e-09,1.34289991300862,0.279999698214052,0.596701414530586,0.999950297526443
SELM,9.88798971509072e-09,1.34030026152669,0.278039997230293,0.597988758933312,0.999950297526443
PLA2G16,9.88720963675476e-09,1.34024186240576,0.277996128976156,0.59801764264857,0.999950297526443
VAMP8,9.86133223864499e-09,1.33830208236888,0.276542856976792,0.598976155794474,0.999950297526443
ATF3,9.85102400479852e-09,1.33752800897188,0.275965008377639,0.599358172353607,0.999950297526443
FNBP1,9.8362065394556e-09,1.33641395897316,0.275135444542594,0.599907491412876,0.999950297526443
HLA-B,9.81934545685834e-09,1.33514429434558,0.274192986631773,0.600532849262784,0.999950297526443
RPL39L,9.80145641750315e-09,1.33379492805176,0.273194838414636,0.601196654802117,0.999950297526443
POU2F2,9.78432020263957e-09,1.33250012364842,0.272240402090583,0.601832835880154,0.999950297526443
FN1,9.78378612226849e-09,1.33245973374007,0.272210682236029,0.601852668463341,0.999950297526443
MT-CO2,9.78066140757595e-09,1.33222338420867,0.272036834427066,0.601968707774095,0.999950297526443
CXCL3,9.77514887634289e-09,1.33180624604486,0.271730272553225,0.602173445557176,0.999950297526443
COMT,9.75399254775913e-09,1.33020322421677,0.270555335182442,0.602959491874412,0.999950297526443
APOC1,9.733249141079e-09,1.32862823890901,0.269405801458123,0.603730644408138,0.999950297526443
RNASET2,9.72684020403119e-09,1.32814097437873,0.269051133382057,0.603968991295569,0.999950297526443
EIF3G,9.681655619826e-09,1.32469684938712,0.266557265557036,0.605650593541213,0.999950297526443
MGST3,9.65186016042637e-09,1.32241726653338,0.264919121137686,0.606760615492264,0.999950297526443
SYPL1,9.64311275280637e-09,1.32174673676723,0.264439150354945,0.607086670385887,0.999950297526443
HSPA13,9.64132105047609e-09,1.32160932219699,0.264340893238579,0.607153464775941,0.999950297526443
CXCL8,9.63320984507737e-09,1.32098692598961,0.263896302430351,0.607455890323191,0.999950297526443
HNRNPDL,9.63203472360936e-09,1.32089671372098,0.263831922789364,0.607499710193686,0.999950297526443
MT-ND2,9.62794817637539e-09,1.32058291332317,0.263608100319565,0.607652107098062,0.999950297526443
SAT1,9.60626474468198e-09,1.31891572557513,0.26242207571418,0.60846101813957,0.999950297526443
PKM,9.5915567392124e-09,1.31778280003267,0.261619110012221,0.609009980353619,0.999950297526443
APOE,9.57325089115809e-09,1.31637040385006,0.260621443072416,0.609693536256199,0.999950297526443
SLIRP,9.54948825057452e-09,1.31453310616068,0.259329224247635,0.610581361586716,0.999950297526443
SPINT1,9.54126009522413e-09,1.31389589024376,0.258882523479767,0.610888917483507,0.999950297526443
LPCAT1,9.52986134323417e-09,1.31301225874349,0.258264329459852,0.611315098898235,0.999950297526443
C4orf48,9.47769448840289e-09,1.30895526514838,0.255444569158268,0.613267214030216,0.999950297526443
FBL,9.46040745892537e-09,1.30760612061901,0.254513572577145,0.613914711534349,0.999950297526443
YIPF2,9.44231886974481e-09,1.30619187797932,0.253541227531761,0.614592554475049,0.999950297526443
C1QB,9.44028764046382e-09,1.30603290512659,0.253432155813461,0.614668692342142,0.999950297526443
RHEB,9.43445047706006e-09,1.30557588007651,0.253118845963173,0.614887513580736,0.999950297526443
RBM3,9.43357951165063e-09,1.30550766387184,0.253072113493956,0.614920166921115,0.999950297526443
CLECL1,9.42629161317958e-09,1.30493661974164,0.252681243530677,0.615193427220691,0.999950297526443
TIMP2,9.37828831971986e-09,1.30116467045211,0.250114243140061,0.616994646840056,0.999950297526443
PNRC1,9.35251043281364e-09,1.29913145272378,0.248741166194606,0.617962859030188,0.999950297526443
REL,9.33240840499974e-09,1.29754217091971,0.247673040533743,0.618718347989315,0.999950297526443
SMCO4,9.31900340043153e-09,1.29648052969523,0.246962039977003,0.619222368672654,0.999950297526443
SOX4,9.29915871843152e-09,1.29490618268375,0.245911355744062,0.619968846364762,0.999950297526443
TSPO,9.29744303646839e-09,1.29476991997214,0.24582062350261,0.620033401880912,0.999950297526443
PSMB9,9.27551600268358e-09,1.29302630017748,0.244662506999928,0.620858702375303,0.999950297526443
REEP5,9.27253103079825e-09,1.29278863108782,0.244505061701312,0.620971089159671,0.999950297526443
APRT,9.26054652344429e-09,1.29183366047992,0.243873437164421,0.621422405309222,0.999950297526443
RCN1,9.2542094650492e-09,1.29132821921206,0.243539782680747,0.621661105732442,0.999950297526443
LAPTM4A,9.2300739568051e-09,1.2894001269279,0.2422711078293,0.6225705916143,0.999950297526443
IGLC3,9.22188261641669e-09,1.28874464999305,0.24184128580958,0.622879392714474,0.999950297526443
ATP5O,9.21834976640752e-09,1.2884617759142,0.241656025300727,0.623012596277099,0.999950297526443
CKAP4,9.19978117760489e-09,1.28697327876196,0.240683466834651,0.623712914273888,0.999950297526443
LDHB,9.19924497900915e-09,1.28693025303493,0.240655411737784,0.6237331421675,0.999950297526443
QDPR,9.19818218333149e-09,1.28684496489672,0.240599808749174,0.623773236579723,0.999950297526443
GSN,9.19175886880101e-09,1.28632929937931,0.24026389267256,0.62401558253377,0.999950297526443
NCF1,9.1889441975858e-09,1.28610322753463,0.240116769509143,0.624121790403534,0.999950297526443
SQSTM1,9.18877811697733e-09,1.28608988600929,0.240108089865879,0.624128057478199,0.999950297526443
ST13,9.18109818524881e-09,1.285472691093,0.239706895472948,0.624417890462923,0.999950297526443
ATP6V1F,9.17835137093992e-09,1.28525182377502,0.239563485213724,0.624521566616122,0.999950297526443
UBE2N,9.1728631588979e-09,1.28481033417201,0.239277076017751,0.62472873673999,0.999950297526443
ABHD12,9.17142036991053e-09,1.28469422935907,0.23920181071092,0.624783204350993,0.999950297526443
USMG5,9.17120732184603e-09,1.28467708336345,0.239190697734121,0.624791247432683,0.999950297526443
AQP3,9.17102570062213e-09,1.28466246628081,0.239181224242662,0.624798104110128,0.999950297526443
STK4,9.16798060874598e-09,1.2844173523418,0.23902241803893,0.624913069149972,0.999950297526443
TGFBI,9.16154634692612e-09,1.28389917030656,0.238687034881187,0.625156019641575,0.999950297526443
NDUFS5,9.15794137008452e-09,1.28360869115158,0.238499229917022,0.625292157317873,0.999950297526443
C1QA,9.14844974322827e-09,1.28284335548095,0.238005107386676,0.625650658472726,0.999950297526443
TRAF3IP3,9.14308838053852e-09,1.28241071658368,0.237726227831047,0.625853197635681,0.999950297526443
GPNMB,9.12519726057332e-09,1.28096521210416,0.236796776647356,0.626529284623226,0.999950297526443
AP2S1,9.12062466910385e-09,1.28059533433562,0.236559520705728,0.626702128536521,0.999950297526443
POMP,9.10967014472862e-09,1.27970849475118,0.235991612058486,0.62711629282198,0.999950297526443
RBX1,9.10664614980097e-09,1.27946350212208,0.235834961163567,0.627230643523521,0.999950297526443
PSMA7,9.09228959465563e-09,1.27829931958056,0.235091963413625,0.627773650887399,0.999950297526443
TPM4,9.08257618058283e-09,1.27751064905362,0.234589927971181,0.628141155287572,0.999950297526443
LSM7,9.04803692443042e-09,1.27469968303387,0.232809121463045,0.629448685111342,0.999950297526443
RNF181,9.03706830455182e-09,1.2738048457111,0.232245010825137,0.629864160289092,0.999950297526443
ARF1,9.03143180253891e-09,1.27334460450853,0.231955394504036,0.630077708257775,0.999950297526443
MRPS15,9.02936778836672e-09,1.2731760010108,0.23184938594969,0.630155914497432,0.999950297526443
CNBP,9.00529672828944e-09,1.27120696188143,0.230614876131693,0.631068281473638,0.999950297526443
ARFGAP3,8.9873992839701e-09,1.26973964680759,0.22969912276071,0.631747014203931,0.999950297526443
PSME1,8.98080233775232e-09,1.26919808963545,0.229362038232688,0.631997271477839,0.999950297526443
SLC3A2,8.97922249214022e-09,1.26906833999609,0.229281349509271,0.632057209687796,0.999950297526443
PDLIM1,8.95885968029354e-09,1.26739401345073,0.228242613897815,0.632829976488808,0.999950297526443
TMEM243,8.94567043359644e-09,1.26630757667682,0.22757107034667,0.633330721190476,0.999950297526443
FCGR2A,8.90028764513616e-09,1.26255745481245,0.225267919895787,0.635055012888924,0.999950297526443
SPIB,8.84484410084642e-09,1.25795093777315,0.222470088902764,0.637164245578804,0.999950297526443
TNFRSF1A,8.8341162679403e-09,1.25705641129006,0.221930752187073,0.637572703665384,0.999950297526443
DERL2,8.83247239964748e-09,1.2569192471351,0.221848165322237,0.637635303044909,0.999950297526443
ICAM1,8.82951346940693e-09,1.25667229248831,0.221699549337723,0.637747987196548,0.999950297526443
PECAM1,8.82671103143963e-09,1.25643832539222,0.221558839288838,0.637854719414457,0.999950297526443
MT-ND1,8.80992358926982e-09,1.25503529456918,0.220716879189325,0.638494234478661,0.999950297526443
CCDC12,8.80754964302801e-09,1.25483668161049,0.220597945260932,0.638584691321491,0.999950297526443
GAA,8.77942814663044e-09,1.25248000897246,0.219191506246441,0.639656641688124,0.999950297526443
BLK,8.77539716354734e-09,1.25214160461979,0.218990273455233,0.639810358613214,0.999950297526443
HNRNPA0,8.77317427972183e-09,1.25195492771841,0.218879343254881,0.639895132358376,0.999950297526443
COX7A2,8.77288028239236e-09,1.25193023453261,0.218864673794973,0.639906344836945,0.999950297526443
SFTPA2,8.75808925538996e-09,1.25068688997564,0.218127286707209,0.640470551549559,0.999950297526443
EIF5A,8.73177864475734e-09,1.24847020010543,0.216818681270307,0.641474688714339,0.999950297526443
PTPN6,8.7157461348586e-09,1.24711629572098,0.216023206144448,0.642086886886316,0.999950297526443
RP5-887A10.1,8.71343377201912e-09,1.24692082494411,0.215908595699719,0.642175204083067,0.999950297526443
REXO2,8.70800494285496e-09,1.24646171400558,0.215639639563985,0.642382569876437,0.999950297526443
TCEB1,8.70169756105215e-09,1.24592795879797,0.21532736850629,0.642623528886438,0.999950297526443
CLTA,8.67563419631769e-09,1.24371842174716,0.214039401204284,0.643619618353092,0.999950297526443
TMEM70,8.67305348103773e-09,1.24349929277245,0.213912080806937,0.643718282995317,0.999950297526443
PIM1,8.67078486219388e-09,1.24330661214966,0.213800189070011,0.643805020906501,0.999950297526443
LRRC59,8.65790912675093e-09,1.24221211766504,0.213165692701707,0.644297401043897,0.999950297526443
ARSA,8.64970818998109e-09,1.24151418520892,0.21276205473386,0.64461109391325,0.999950297526443
RBMX,8.64890299226768e-09,1.24144562535517,0.212722444716421,0.644641896829401,0.999950297526443
MRPL36,8.61557658791219e-09,1.23860259539459,0.21108625667413,0.645917336244516,0.999950297526443
DBNL,8.60917778159396e-09,1.23805551159996,0.210772824723228,0.646162345164009,0.999950297526443
NDUFB2,8.56154488736593e-09,1.23397066783336,0.208446947381848,0.647987403342606,0.999950297526443
FUS,8.55954061737349e-09,1.23379830917363,0.208349363344099,0.648064243604,0.999950297526443
PTPN12,8.55241455829668e-09,1.23318518396214,0.20800259430433,0.648337474796766,0.999950297526443
BLVRA,8.54376771657436e-09,1.23244055051947,0.20758220862569,0.64866908025045,0.999950297526443
TSC22D3,8.53187912645033e-09,1.23141556546281,0.207004912315022,0.649125120147489,0.999950297526443
CYBA,8.51152321365545e-09,1.2296573684683,0.206018319061019,0.649906267372659,0.999950297526443
NDUFA4,8.49851659696421e-09,1.22853183146995,0.205389159305256,0.650405590928565,0.999950297526443
NCOR1,8.46280154699502e-09,1.22543266027777,0.20366648916545,0.651777497218559,0.999950297526443
IRF8,8.45411483704992e-09,1.22467696945124,0.203248593576939,0.652111354442919,0.999950297526443
B2M,8.42923042413674e-09,1.22250803525937,0.202053843232596,0.653068125456777,0.999950297526443
ATP2A2,8.42726859218058e-09,1.22233677944751,0.201959801537754,0.653143579457862,0.999950297526443
MRPL14,8.42449548727285e-09,1.22209463908746,0.201826908284433,0.653250241871878,0.999950297526443
DUSP23,8.42005061159671e-09,1.22170636403337,0.20161399135498,0.65342122067575,0.999950297526443
DRAM2,8.4049682446631e-09,1.22038739662376,0.200892358454063,0.65400152211769,0.999950297526443
CHCHD10,8.40470601977536e-09,1.22036444467585,0.200879823450277,0.654011613199824,0.999950297526443
CD19,8.39899957386265e-09,1.21986480176545,0.200607137958026,0.654231227446108,0.999950297526443
SCARB2,8.37771394692749e-09,1.21799819733348,0.19959162703708,0.655050674997535,0.999950297526443
KMT2E,8.36953293559236e-09,1.21727956446179,0.199202006643727,0.655365735692439,0.999950297526443
SFTPA1,8.357461716914e-09,1.21621797461586,0.1986278104635,0.655830725039911,0.999950297526443
VIM,8.35673372410295e-09,1.21615390495065,0.198593208254079,0.655858771952425,0.999950297526443
CXCR4,8.3510584279435e-09,1.21565424563212,0.198323559227362,0.656077437084132,0.999950297526443
UCP2,8.30021473564326e-09,1.21116328299092,0.195916006592076,0.658037721332751,0.999950297526443
ATP5G3,8.27565401413273e-09,1.20898437608571,0.19475827286989,0.658985506616597,0.999950297526443
ABHD14B,8.26403053209671e-09,1.20795102822004,0.194211565744232,0.659434241770614,0.999950297526443
STX11,8.25207773793485e-09,1.20688694479305,0.19365017089293,0.659895818172064,0.999950297526443
RHOH,8.23258703684741e-09,1.20514862394011,0.192736480950163,0.660648760651002,0.999950297526443
GNS,8.21270872562818e-09,1.20337165063019,0.191806846011103,0.661417030805682,0.999950297526443
SWAP70,8.19749454364343e-09,1.20200881844149,0.191096853397056,0.662005279653431,0.999950297526443
JOSD2,8.19645248254206e-09,1.2019153853102,0.191048272226427,0.662045578071505,0.999950297526443
SPP1,8.18453119036066e-09,1.20084568627175,0.190492937830619,0.662506665977386,0.999950297526443
S100A8,8.1662582165728e-09,1.19920313710978,0.189643289477973,0.663213670506003,0.999950297526443
BNIP3L,8.16497711691023e-09,1.19908784706368,0.189583792731505,0.663263249139556,0.999950297526443
AIF1,8.16284661695744e-09,1.19889607837048,0.189484868862037,0.663345702880725,0.999950297526443
IER3,8.16125466824699e-09,1.19875275384707,0.189410967981053,0.663407316493129,0.999950297526443
C1QC,8.15934831962358e-09,1.19858108823736,0.189322491103201,0.663481101403817,0.999950297526443
TUBA1B,8.15833713642397e-09,1.19849001610424,0.189275568762762,0.663520240408449,0.999950297526443
SELL,8.15656583598117e-09,1.19833045789973,0.189193388412115,0.663588802835029,0.999950297526443
DAZAP2,8.15173991134985e-09,1.19789557090157,0.188969577816233,0.66377561609904,0.999950297526443
PRKCB,8.14067659399299e-09,1.1968976673963,0.188456997248201,0.664203959921397,0.999950297526443
MGAT2,8.13679413195209e-09,1.19654716276521,0.188277281802314,0.664354305101124,0.999950297526443
PDK1,8.13621464053341e-09,1.19649483308519,0.188250465053061,0.664376746592842,0.999950297526443
TIMM13,8.13524731377211e-09,1.19640747281143,0.188205704953761,0.664414208138022,0.999950297526443
ANXA6,8.12590863019613e-09,1.19556357243178,0.187773859513293,0.664775909297451,0.999950297526443
STK17B,8.11546668939064e-09,1.19461886949593,0.187291583910088,0.665180433694553,0.999950297526443
C10orf54,8.09885879547352e-09,1.19311390911667,0.186525802688607,0.66582403005476,0.999950297526443
JAK1,8.08554265275478e-09,1.19190509193786,0.18591293553369,0.666340240909009,0.999950297526443
HSPB1,8.07145637627877e-09,1.19062427709645,0.185265721134997,0.666886478662255,0.999950297526443
RSL24D1,8.0652496548314e-09,1.19005923947578,0.184980902496633,0.667127219039199,0.999950297526443
PLPP5,8.05431539285785e-09,1.18906280524606,0.184479675958201,0.667551410096874,0.999950297526443
DAP,8.04165356959303e-09,1.18790731196158,0.183900107640347,0.668042754068192,0.999950297526443
NINJ1,8.04104363656416e-09,1.18785160648943,0.183872212259142,0.668066426205581,0.999950297526443
CTNNB1,8.01050881715087e-09,1.18505763880312,0.182478401984466,0.669251935986115,0.999950297526443
NDUFC2,8.00620512733991e-09,1.18466302322109,0.182282379610427,0.669419092482066,0.999950297526443
IFI27L2,7.99697889829914e-09,1.18381636019481,0.181862502795036,0.669777496942783,0.999950297526443
SLC38A2,7.98255928514212e-09,1.18249123232959,0.181207249676143,0.670337795531459,0.999950297526443
TPM1,7.96785806402383e-09,1.18113785271134,0.180540417228311,0.670909225316083,0.999950297526443
CNN2,7.95805292707277e-09,1.18023386570515,0.180096349501324,0.671290452383695,0.999950297526443
PTTG1IP,7.95666680268771e-09,1.18010598519683,0.180033617020567,0.671344352199735,0.999950297526443
SLC39A7,7.95547657411589e-09,1.17999616046331,0.179979759008627,0.671390635903916,0.999950297526443
PGAM1,7.95186620457347e-09,1.1796629278424,0.179816438561668,0.671531037800903,0.999950297526443
UBE2I,7.94638171377572e-09,1.17915643757991,0.179568481294759,0.671744343415404,0.999950297526443
CD82,7.94237331184998e-09,1.17878605071931,0.179387367139468,0.671900256951387,0.999950297526443
EGR1,7.94205764036808e-09,1.17875687420797,0.179373107837252,0.671912536124401,0.999950297526443
UAP1,7.93004761442049e-09,1.1776459962767,0.178831019899146,0.672379774102666,0.999950297526443
BCKDK,7.91808157695683e-09,1.17653757638734,0.178291733304979,0.672845426622261,0.999950297526443
SON,7.91489654188437e-09,1.17624227350284,0.178148327050136,0.672969391862253,0.999950297526443
ARHGAP15,7.90921241551236e-09,1.17571498136294,0.177892542532899,0.673190646700022,0.999950297526443
RGS19,7.89935693094082e-09,1.1747998655584,0.177449483276225,0.673574338852011,0.999950297526443
SURF4,7.89426571759252e-09,1.17432669848433,0.177220821107897,0.673772582441994,0.999950297526443
YWHAB,7.89202877001062e-09,1.17411870826839,0.177120399476809,0.67385969271845,0.999950297526443
YIF1A,7.87624050275397e-09,1.17264910875021,0.176412437781552,0.674474637117627,0.999950297526443
CSRP1,7.86761760860256e-09,1.17184527773894,0.176026377177713,0.674810585998318,0.999950297526443
GSTO1,7.84896734243296e-09,1.17010378676292,0.175192821753249,0.675537424001238,0.999950297526443
ATP5J2,7.84361295267316e-09,1.1696030787134,0.174953878042235,0.675746151170338,0.999950297526443
B4GALT3,7.84312657862386e-09,1.1695575798555,0.174932181309275,0.675765112452105,0.999950297526443
UBL5,7.83946440100227e-09,1.16921490675623,0.174768857882451,0.675907888971749,0.999950297526443
HMGN1,7.82784745766581e-09,1.16812687950835,0.174251277719878,0.67636087332344,0.999950297526443
SNHG7,7.8191546464095e-09,1.16731170603955,0.173864481114015,0.676699912405443,0.999950297526443
NDUFAF3,7.81822874409904e-09,1.16722482764018,0.173823307355273,0.676736028529751,0.999950297526443
FOSL2,7.79697757520692e-09,1.16522808252425,0.172879633738699,0.677565164531594,0.999950297526443
ID2,7.78853090097234e-09,1.16443298455693,0.172505266372455,0.677894828708621,0.999950297526443
ATP5I,7.77332693754615e-09,1.16299972036924,0.171832429902992,0.678488377663927,0.999950297526443
NFIC,7.76826985463548e-09,1.16252239592541,0.171608925041009,0.678685845832673,0.999950297526443
GMFG,7.74703444459519e-09,1.16051477431011,0.170671984108524,0.679515283429844,0.999950297526443
TUBB4B,7.74043984554199e-09,1.1598902355202,0.170381541547334,0.679772942050739,0.999950297526443
NDUFS8,7.73924547548397e-09,1.15977706845186,0.170328964971444,0.679819611473317,0.999950297526443
STMN1,7.73494078453316e-09,1.15936905772295,0.170139538329274,0.679987825332505,0.999950297526443
CCL3,7.73464442943037e-09,1.15934096031589,0.170126501188887,0.679999406549179,0.999950297526443
H2AFJ,7.72882728314207e-09,1.15878922729932,0.16987069664586,0.680226749218942,0.999950297526443
JUNB,7.72754616773015e-09,1.15866766496182,0.169814386439131,0.680276821008113,0.999950297526443
ZNF90,7.72006856800094e-09,1.15795774426016,0.169485901919901,0.680569107572632,0.999950297526443
TOP1,7.71940554817725e-09,1.15789476546812,0.169456791378616,0.680595026198428,0.999950297526443
CSK,7.71555450306935e-09,1.15752886026084,0.16928775686867,0.680745577868833,0.999950297526443
INPP5D,7.71330334219454e-09,1.15731488591332,0.169188985385957,0.680833590008759,0.999950297526443
CD22,7.71251531281134e-09,1.15723996899765,0.169154416777602,0.680864400096596,0.999950297526443
CKS1B,7.70620503985992e-09,1.15663979395529,0.168877730423724,0.681111136067556,0.999950297526443
P2RX4,7.70430927594983e-09,1.15645939400175,0.168794651158279,0.681185268394411,0.999950297526443
SFTPC,7.68425661654292e-09,1.15454857383059,0.167917122336649,0.68196959997005,0.999950297526443
HEXB,7.68169628310858e-09,1.15430425412468,0.167805243668259,0.68206976857577,0.999950297526443
EIF3M,7.67968362533025e-09,1.15411214134559,0.167717322909075,0.682148514254365,0.999950297526443
ITM2B,7.6730147848409e-09,1.15347523900598,0.167426166528524,0.682409458837495,0.999950297526443
SP100,7.66927622350109e-09,1.15311795768801,0.167263054499478,0.682555761350166,0.999950297526443
ST6GALNAC4,7.65544570170057e-09,1.15179476482138,0.166660325022092,0.68309709996811,0.999950297526443
LINC00926,7.64669436753997e-09,1.15095631928871,0.166279506815277,0.683439719001939,0.999950297526443
BCL2L1,7.64595945848651e-09,1.15088586730725,0.166247546745507,0.683468494021315,0.999950297526443
ODC1,7.63655721916009e-09,1.14998394735873,0.165838928792835,0.683836674852413,0.999950297526443
C11orf31,7.63220398798381e-09,1.14956599711692,0.16564990921131,0.684007167824983,0.999950297526443
HOPX,7.62746372104764e-09,1.14911062699107,0.165444206915571,0.684192837256368,0.999950297526443
C1QBP,7.62167140796265e-09,1.14855382314124,0.165193024921074,0.684419739736993,0.999950297526443
CPEB4,7.61552345701515e-09,1.14796238701529,0.164926629547115,0.684660604796717,0.999950297526443
NUCB1,7.61156024484709e-09,1.1475808803893,0.164755014516895,0.684815892936641,0.999950297526443
PLAC8,7.6101843331156e-09,1.14744838772315,0.164695455671869,0.684869807567586,0.999950297526443
UCHL3,7.60131227770743e-09,1.14659350425987,0.16431167115144,0.685217494567392,0.999950297526443
TNFRSF13C,7.59907676366959e-09,1.146377945735,0.164215038617416,0.685305112653182,0.999950297526443
TBC1D10C,7.59854158149554e-09,1.14632633196332,0.164191909000658,0.685326089055375,0.999950297526443
TPM3,7.59023544269646e-09,1.14552482685293,0.163833141368638,0.685651678275636,0.999950297526443
HSPA8,7.58792475301072e-09,1.14530170566014,0.163733405351413,0.685742264515653,0.999950297526443
YWHAZ,7.57481867931192e-09,1.14403493948111,0.163168284078722,0.686256148896914,0.999950297526443
SH3GLB1,7.57380198191315e-09,1.14393658259589,0.163124485898492,0.686296019299267,0.999950297526443
NME4,7.56956373708527e-09,1.14352643133271,0.162941970414232,0.686462234033776,0.999950297526443
PLIN2,7.5652292003776e-09,1.14310673297379,0.162755413894045,0.68663224081166,0.999950297526443
COX8A,7.55984284453206e-09,1.14258486811769,0.162523736448083,0.686843523543123,0.999950297526443
CTNNA1,7.55257589420091e-09,1.14188023205946,0.162211432529183,0.687128612383825,0.999950297526443
AIM2,7.54709558348719e-09,1.14134840506175,0.161976109763403,0.687343639219293,0.999950297526443
TNFAIP8,7.54005896535817e-09,1.14066500399528,0.161674210130089,0.687619766804312,0.999950297526443
PSMB2,7.51771024022405e-09,1.138490404962,0.160717226180372,0.688497040883596,0.999950297526443
RHOG,7.5078891378888e-09,1.13753281423811,0.16029757997045,0.688882689875642,0.999950297526443
NDUFB10,7.50733363190724e-09,1.1374786145249,0.160273860128929,0.688904505559483,0.999950297526443
SNRPF,7.50379683645081e-09,1.13713344529187,0.160122881802467,0.689043407721095,0.999950297526443
PRR13,7.49801166763306e-09,1.13656851130484,0.159876078527887,0.689270633859514,0.999950297526443
CCDC167,7.4979568032155e-09,1.13656315167143,0.159873738847388,0.689272788923012,0.999950297526443
ANP32B,7.49424564230275e-09,1.13620052558919,0.159715516986922,0.689418568443569,0.999950297526443
MEF2C,7.48856308746566e-09,1.1356449351702,0.159473398397961,0.689641809380235,0.999950297526443
GTF2A2,7.47941150654205e-09,1.13474932069877,0.159083859864251,0.690001388870161,0.999950297526443
LYZ,7.47872309629404e-09,1.1346819071809,0.15905457683325,0.690028440384273,0.999950297526443
G0S2,7.47863623103315e-09,1.13467340035694,0.159050882021477,0.690031853837531,0.999950297526443
CMPK1,7.47060303892639e-09,1.13388628864797,0.158709375886953,0.690347553030437,0.999950297526443
SLC35B1,7.46581056937752e-09,1.13341632297296,0.158505813770875,0.690535919611944,0.999950297526443
IGBP1,7.4567288903568e-09,1.13252494642117,0.158120424031549,0.690892924854515,0.999950297526443
APP,7.43016831097549e-09,1.12991199083379,0.156995992547771,0.691937428561496,0.999950297526443
TRIP6,7.429299589886e-09,1.12982637681581,0.156959283350615,0.691971601222403,0.999950297526443
TSC22D1,7.42523827044431e-09,1.12942599872345,0.156787722749757,0.692131368633113,0.999950297526443
BASP1,7.41967196775739e-09,1.12887691212688,0.156552740174923,0.692350362527656,0.999950297526443
ICAM3,7.40967600408109e-09,1.1278898671821,0.156131200953715,0.692743696217352,0.999950297526443
PGK1,7.40117883547093e-09,1.12704981203936,0.155773314199453,0.693078118598547,0.999950297526443
WIPF1,7.39198657780355e-09,1.12613999298943,0.155386613848302,0.693439964895218,0.999950297526443
IDH2,7.3736700991526e-09,1.12432383938389,0.154617508177012,0.694161187690282,0.999950297526443
GPR183,7.36852778207119e-09,1.12381317741509,0.154401926248782,0.694363719474938,0.999950297526443
NFKBIA,7.35449567885196e-09,1.12241796197713,0.153814421964091,0.694916489291637,0.999950297526443
C1orf122,7.3477909469214e-09,1.12175040450668,0.153534099716128,0.695180667612216,0.999950297526443
PHB2,7.33070352898874e-09,1.12004644034269,0.152820837499415,0.695854109464072,0.999950297526443
VPS29,7.32933218852525e-09,1.11990952414809,0.152763667053106,0.695908166542256,0.999950297526443
PNN,7.32777916071573e-09,1.11975443832198,0.152698935074308,0.695969387447274,0.999950297526443
BIN1,7.31201988911444e-09,1.11817892195118,0.152042846432433,0.696590735501387,0.999950297526443
VAMP5,7.30708207335995e-09,1.11768459696021,0.15183756633762,0.696785462953007,0.999950297526443
HNRNPC,7.30525861002776e-09,1.11750196870451,0.151761794453367,0.696857378012883,0.999950297526443
SMAP2,7.27031798753208e-09,1.11399400745563,0.150313530752852,0.698235917004976,0.999950297526443
HN1,7.263305743964e-09,1.11328804012631,0.150023714879319,0.698512696548864,0.999950297526443
PTPRC,7.26068032497952e-09,1.11302355373273,0.149915278325128,0.698616334508173,0.999950297526443
TMEM173,7.24803765911824e-09,1.11174863388537,0.149393652646767,0.69911548018796,0.999950297526443
CCDC50,7.24286278485011e-09,1.11122616876189,0.149180403924038,0.699319827171963,0.999950297526443
CNIH4,7.22912874097011e-09,1.10983781052358,0.14861518330854,0.699862266787694,0.999950297526443
SP140,7.22507143995439e-09,1.10942717724588,0.148448411530783,0.700022543215609,0.999950297526443
FOS,7.20886749548901e-09,1.1077849855635,0.147783296330424,0.700662784270298,0.999950297526443
UBXN4,7.18644812614033e-09,1.1055070257328,0.146865522126616,0.701548956327258,0.999950297526443
RNF130,7.15867092421682e-09,1.10267517292617,0.145732381224622,0.702647470996202,0.999950297526443
RAB2A,7.15100355406623e-09,1.10189163202611,0.145420371990347,0.702950804667155,0.999950297526443
DPYSL2,7.12573161357996e-09,1.09930331779101,0.144394345066711,0.703950938504158,0.999950297526443
HCLS1,7.11627127602108e-09,1.09833213210725,0.144011194946654,0.704325462029253,0.999950297526443
SLC1A5,7.11381986534558e-09,1.09808027093463,0.143911994182358,0.704422522167122,0.999950297526443
PMVK,7.11139841817709e-09,1.09783140627386,0.143814039499979,0.70451840066794,0.999950297526443
ADI1,7.09961237621011e-09,1.09661892855036,0.143337735513968,0.704985142346642,0.999950297526443
CYTIP,7.08607235281925e-09,1.09522361944257,0.142791523835244,0.70552148092739,0.999950297526443
ATP5E,7.06660902436439e-09,1.09321340978114,0.142008189605473,0.706292705947755,0.999950297526443
SYF2,7.04934586711393e-09,1.0914259760078,0.141315207928097,0.706977002742219,0.999950297526443
MYCBP2,7.04740928568564e-09,1.09122519902901,0.141237574961418,0.707053781959019,0.999950297526443
ZFP36L1,7.04453870222275e-09,1.09092749081013,0.141122539305361,0.707167596830637,0.999950297526443
MZT2A,7.04183027953026e-09,1.09064649326941,0.141014045043969,0.707274988241371,0.999950297526443
ATP5C1,7.01918099179722e-09,1.08829256235545,0.140108390920387,0.708173280833178,0.999950297526443
EZR,7.01712984072587e-09,1.08807902640893,0.140026517697071,0.708254651538529,0.999950297526443
KLF4,7.00203173887203e-09,1.08650538203797,0.139424602018863,0.708853707024092,0.999950297526443
PRRC2C,6.9914219892626e-09,1.08539759545562,0.139002399019552,0.709274783532156,0.999950297526443
TNFSF13B,6.98994363125203e-09,1.08524310859264,0.138943620252062,0.709333463208092,0.999950297526443
GPX4,6.9869080420399e-09,1.08492579414712,0.138822965725303,0.709453958636779,0.999950297526443
CD81,6.97565586780406e-09,1.08374843039762,0.138376186587272,0.709900668601178,0.999950297526443
NDUFB4,6.96673747867585e-09,1.08281396213204,0.138022584343546,0.710254798425792,0.999950297526443
ORAI2,6.94582198054514e-09,1.08061791571275,0.137195087188665,0.711085552681414,0.999950297526443
CD40,6.94509078762906e-09,1.08054102825586,0.137166203409042,0.71111460155321,0.999950297526443
TIMM17A,6.93286957367208e-09,1.07925477139351,0.136683887870572,0.711600188675893,0.999950297526443
TAPBP,6.92463277112627e-09,1.07838663439292,0.136359298062326,0.711927528668717,0.999950297526443
FUCA2,6.89777464705604e-09,1.07554894317933,0.135303573492666,0.712995269932413,0.999950297526443
H2AFY,6.89604681304847e-09,1.07536602542815,0.135235797188752,0.713063979034364,0.999950297526443
VMP1,6.89464584463117e-09,1.0752176790481,0.135180855033956,0.713119691698087,0.999950297526443
GADD45B,6.88553357638516e-09,1.07425208679762,0.134823769191658,0.713482098899286,0.999950297526443
IFNAR2,6.88366733618855e-09,1.07405417680312,0.13475069440774,0.713556329770464,0.999950297526443
ATF4,6.87818961451171e-09,1.07347298021936,0.134536322306601,0.713774225235789,0.999950297526443
SEC11A,6.8727132895879e-09,1.07289148658055,0.134322175458349,0.713992088478777,0.999950297526443
GDI2,6.87110961222926e-09,1.07272111863141,0.134259497359998,0.714055891582642,0.999950297526443
VASP,6.8704257207489e-09,1.07264845323764,0.134232772606022,0.714083101154546,0.999950297526443
PCBP2,6.85681679720062e-09,1.07120101811347,0.133701523338589,0.714624626628735,0.999950297526443
INSIG2,6.85442547969239e-09,1.07094639391108,0.1336082826844,0.714719796645103,0.999950297526443
CMTM6,6.81745150040885e-09,1.06699854255102,0.132170757046487,0.716191856415864,0.999950297526443
NCF2,6.81154820075624e-09,1.06636631892057,0.131941960178996,0.716426984687656,0.999950297526443
COA3,6.81151987391912e-09,1.06636328394067,0.131940862780714,0.716428113009679,0.999950297526443
SCOC,6.80971538883089e-09,1.0661699236706,0.131870965375308,0.716499991009911,0.999950297526443
SCIMP,6.79148738297497e-09,1.06421392653487,0.131165935146441,0.717226207356766,0.999950297526443
ATP5H,6.79019762028773e-09,1.06407533440843,0.131116120766838,0.717277602086863,0.999950297526443
ACTG1,6.77207739822705e-09,1.06212553475417,0.130417265365824,0.717999795658209,0.999950297526443
PSIP1,6.76463878767259e-09,1.06132366071277,0.130130915879125,0.718296339467422,0.999950297526443
SLC39A8,6.75575182070662e-09,1.06036454265928,0.129789224463552,0.718650678338395,0.999950297526443
REEP3,6.75470139128984e-09,1.06025109579618,0.129748866610309,0.71869256479075,0.999950297526443
GNAQ,6.74800887161421e-09,1.05952790181271,0.12949188510488,0.71895945254532,0.999950297526443
HNRNPA2B1,6.73749252256477e-09,1.05839010955866,0.12908858962532,0.719378898180495,0.999950297526443
FCRLA,6.73288772018825e-09,1.05789136563337,0.128912196313181,0.71956258779914,0.999950297526443
NAMPT,6.72603479447699e-09,1.05714852069087,0.128649908821296,0.719835987019651,0.999950297526443
NEU1,6.7167402727695e-09,1.05613984686276,0.128294598976161,0.720206851596176,0.999950297526443
NDUFAB1,6.71365934605799e-09,1.05580519765802,0.128176930110669,0.720329799469031,0.999950297526443
RTN4,6.70694572819209e-09,1.05507545478647,0.127920706009669,0.72059773904671,0.999950297526443
TAF1D,6.69960861547544e-09,1.05427713653129,0.127640979499343,0.72089060145721,0.999950297526443
SWI5,6.69014165947982e-09,1.05324583602317,0.127280505371947,0.721268537501283,0.999950297526443
SEMA4A,6.67516725506776e-09,1.05161170141286,0.126711364437619,0.721866478673881,0.999950297526443
NDUFB6,6.65780979105627e-09,1.049713088359,0.126053245075057,0.722559790216911,0.999950297526443
JTB,6.65744693603261e-09,1.04967334736599,0.126039505479528,0.722574286217928,0.999950297526443
ALG3,6.62306869208784e-09,1.04589865443672,0.124741161137534,0.723948142634797,0.999950297526443
LIMS1,6.61875007259419e-09,1.04542314288628,0.124578537435304,0.724120790452714,0.999950297526443
FAM65B,6.61150934805472e-09,1.04462521611811,0.12430611576633,0.724410288352165,0.999950297526443
VDAC1,6.61136697054213e-09,1.04460951771155,0.124300762010004,0.724415981270394,0.999950297526443
PCBD1,6.60878383712467e-09,1.04432464743655,0.124203649649491,0.724519269660432,0.999950297526443
LYL1,6.60310217429212e-09,1.04369769147645,0.123990182259896,0.724746472550618,0.999950297526443
SEC14L1,6.596876752306e-09,1.04301013708063,0.123756495936161,0.724995447549318,0.999950297526443
EIF1,6.58165095837665e-09,1.04132592086927,0.123185887609038,0.725604499358423,0.999950297526443
ARL6IP5,6.57646936093868e-09,1.04075189846485,0.122992000566529,0.725811809687427,0.999950297526443
QPCT,6.56997645636615e-09,1.04003199371292,0.122749262080269,0.726071612410809,0.999950297526443
HSP90AB1,6.56956112017313e-09,1.0399859197725,0.122733742816215,0.72608823246718,0.999950297526443
ATP6V1G1,6.540749428484e-09,1.03678293176633,0.121659572859818,0.727241472940197,0.999950297526443
CRLS1,6.53207117106144e-09,1.03581551223045,0.121336951517931,0.727588957264474,0.999950297526443
NUS1,6.53041508783071e-09,1.03563075781911,0.121275433934113,0.727655274520456,0.999950297526443
PSMA3,6.52946273684967e-09,1.03552449211541,0.121240064557036,0.72769341199591,0.999950297526443
GNG7,6.52883551718892e-09,1.03545449723367,0.12121677305425,0.727718529757841,0.999950297526443
CIB1,6.52105895253157e-09,1.03458613004448,0.120928179883072,0.728029975883612,0.999950297526443
YPEL5,6.50327908978508e-09,1.03259699996358,0.120269650242852,0.728742215965201,0.999950297526443
SERBP1,6.4962635468306e-09,1.03181069329042,0.120010303603747,0.72902331472022,0.999950297526443
TOMM20,6.49444539988028e-09,1.03160678090337,0.119943137045005,0.729096170173005,0.999950297526443
RGCC,6.49309563675986e-09,1.03145536409971,0.119893285829271,0.729150258474333,0.999950297526443
HLA-F,6.49228857492058e-09,1.03136481321176,0.119863483316664,0.729182600055283,0.999950297526443
PSME2,6.48753026969156e-09,1.03083071969431,0.119687847861004,0.729373290546496,0.999950297526443
HNRNPK,6.48555629112237e-09,1.03060904088882,0.119615023444648,0.729452403235802,0.999950297526443
HMGN3,6.4835905389939e-09,1.03038822140774,0.119542524543316,0.729531189089886,0.999950297526443
DYNLRB1,6.47852484708919e-09,1.02981887840735,0.119355798059563,0.72973423133769,0.999950297526443
RNPS1,6.45159083813938e-09,1.02678450219528,0.118365434449864,0.730814113873135,0.999950297526443
PKIG,6.43658577569336e-09,1.02508874726999,0.117815487814334,0.731415953122436,0.999950297526443
ARL3,6.43494390267974e-09,1.02490296484523,0.117755389679936,0.73148181717897,0.999950297526443
DCTN3,6.40744654811236e-09,1.02178476854441,0.11675117157492,0.732585172675814,0.999950297526443
SP110,6.40541477234009e-09,1.02155385499946,0.116677140651529,0.732666721426857,0.999950297526443
MTX1,6.40275641792543e-09,1.02125162367897,0.116580314812685,0.732773423527295,0.999950297526443
NUPR1,6.40037675960911e-09,1.02098097522473,0.116493674077308,0.732868943592513,0.999950297526443
BANK1,6.39680939350094e-09,1.02057506243446,0.116363850541592,0.733012146287789,0.999950297526443
GDE1,6.38862005216242e-09,1.01964241380429,0.116066097945541,0.733340921383416,0.999950297526443
WRB,6.37767201227625e-09,1.01839379089916,0.115668638877064,0.733780525547824,0.999950297526443
EIF2S2,6.37752476067544e-09,1.0183769828194,0.115663297681851,0.733786438837741,0.999950297526443
BST2,6.36823585723241e-09,1.01731594277179,0.115326614463806,0.734159492012287,0.999950297526443
POLR2I,6.36298737986366e-09,1.01671576849362,0.115136596471218,0.734370304726535,0.999950297526443
LAMTOR2,6.34922894515343e-09,1.01514019962389,0.114639224204604,0.734923027232022,0.999950297526443
TERF2IP,6.34915788303211e-09,1.01513205331052,0.114636658078563,0.734925882392665,0.999950297526443
TRA2B,6.33320006438143e-09,1.01330047974535,0.114061132281003,0.735567134343214,0.999950297526443
SRRM1,6.32855397311543e-09,1.01276638580081,0.11389384116708,0.735753868401344,0.999950297526443
PSMD8,6.32140236341182e-09,1.0119435310244,0.113636574159551,0.736041333882971,0.999950297526443
RBM39,6.32027349026382e-09,1.01181356254175,0.113595991448431,0.736086713348216,0.999950297526443
ARF6,6.31789091471489e-09,1.01153918052075,0.113510362236985,0.736182493300276,0.999950297526443
NOP10,6.31752616247503e-09,1.01149716616001,0.113497255975967,0.736197156765776,0.999950297526443
APOA1BP,6.30741368724143e-09,1.01033142021994,0.113134196269564,0.73660372830886,0.999950297526443
N4BP2L2,6.29953976497402e-09,1.00942248455284,0.112851908192168,0.73692035002133,0.999950297526443
MBD4,6.28485287236085e-09,1.0077241612258,0.112326310508173,0.737511050362439,0.999950297526443
ZBTB38,6.28284303765424e-09,1.00749145645996,0.112254480276213,0.737591897097449,0.999950297526443
HLA-DQA2,6.27217805052431e-09,1.00625543242593,0.111873704733586,0.738020950778941,0.999950297526443
UQCR10,6.27012490641041e-09,1.00601725020741,0.11180047491054,0.738103558380419,0.999950297526443
HMGB1,6.26923905057013e-09,1.00591446020911,0.111768886350854,0.738139201442831,0.999950297526443
CBR1,6.26742982210379e-09,1.00570448354948,0.11170438529396,0.738211998831966,0.999950297526443
SRD5A3,6.25684889389557e-09,1.00447530614224,0.111327535957394,0.738637787491178,0.999950297526443
CHMP5,6.25175807870652e-09,1.00388319784014,0.111146448845793,0.738842676292307,0.999950297526443
C19orf53,6.2383052465808e-09,1.00231627548574,0.110668623011746,0.739384198373566,0.999950297526443
SAMHD1,6.23493106484075e-09,1.00192275685805,0.110548938243093,0.739520040907402,0.999950297526443
MRPL17,6.23201076681229e-09,1.00158200763397,0.11044540534478,0.739637616916132,0.999950297526443
SARAF,6.22363485833114e-09,1.00060382850476,0.110148724552217,0.739974878535464,0.999950297526443
CLTC,6.21676969495082e-09,0.999801136680123,0.109905853002346,0.740251346269742,0.999950297526443
ANKRD44,6.21548913701572e-09,0.99965131633474,0.109860579870519,0.740302919470755,0.999950297526443
ZNF706,6.21514148918658e-09,0.999610637753198,0.109848290661046,0.740316920843822,0.999950297526443
SEC63,6.2104162927394e-09,0.99905752115301,0.109681325052192,0.740507234713193,0.999950297526443
POR,6.20619484170672e-09,0.998563028901851,0.109532266774276,0.740677272967566,0.999950297526443
SRSF7,6.1929799077304e-09,0.997012963737606,0.109066306339325,0.741209646764112,0.999950297526443
CHP1,6.18314907244993e-09,0.995857776107061,0.108720313978849,0.741605769929898,0.999950297526443
CCNG1,6.17526176252918e-09,0.994929687338045,0.108443120634582,0.74192363030078,0.999950297526443
BET1,6.16238725070787e-09,0.993412308873862,0.107991416105697,0.742442570602866,0.999950297526443
ANKRD12,6.15790417502317e-09,0.992883221669643,0.10783434788821,0.7426232999924,0.999950297526443
RP11-231C14.7,6.15765411576319e-09,0.992853699067071,0.107825590223598,0.74263338122545,0.999950297526443
TM9SF3,6.14621807747813e-09,0.991502298716636,0.107425453257142,0.743094476554626,0.999950297526443
GCHFR,6.14593741421914e-09,0.991469102247031,0.107415642446972,0.743105793915946,0.999950297526443
IFI16,6.1435601366927e-09,0.991187862582611,0.107332560765866,0.743201656600903,0.999950297526443
CDK4,6.14324611171892e-09,0.991150704579337,0.107321588547016,0.743214319819478,0.999950297526443
ATP6V1B2,6.12714307318773e-09,0.989242807985957,0.106759690615667,0.743863776179139,0.999950297526443
PHLDA1,6.12447346435072e-09,0.988926045274325,0.10666668004904,0.743971462577385,0.999950297526443
ARGLU1,6.10719067081516e-09,0.986872134601496,0.10606551911203,0.744668735117684,0.999950297526443
CFLAR,6.10323582307675e-09,0.986401349050477,0.105928193398313,0.744828322495123,0.999950297526443
MPST,6.09075433690856e-09,0.9849136245082,0.105495377302199,0.745332051533606,0.999950297526443
KLHDC2,6.09059345579718e-09,0.984894429225904,0.105489804268563,0.745338545100606,0.999950297526443
NDUFA2,6.08425660499742e-09,0.984137969393901,0.105270408439625,0.745594330752896,0.999950297526443
WBSCR22,6.07530956614448e-09,0.983068627602621,0.104961030981288,0.74595552384577,0.999950297526443
PSMB3,6.072042885484e-09,0.982677819391231,0.104848186694117,0.746087414076925,0.999950297526443
GOLPH3,6.07197228985537e-09,0.98266937147515,0.104845748707179,0.746090264414338,0.999950297526443
MSRB2,6.0488242207737e-09,0.979894220752454,0.104047869415572,0.747025067601899,0.999950297526443
ATP5L,6.03741388579357e-09,0.978522509598569,0.103655693604138,0.747485995477648,0.999950297526443
GSTK1,6.03174848279287e-09,0.977840507592462,0.103461247519919,0.747714886663293,0.999950297526443
CLPTM1,6.01699525554782e-09,0.976061616169289,0.102955748796704,0.748311044569753,0.999950297526443
SLC2A3,6.01365385064125e-09,0.975658138781177,0.102841432162397,0.748446087127619,0.999950297526443
UQCRC1,6.01185991325246e-09,0.975441430385996,0.10278008391156,0.748518592118547,0.999950297526443
C1orf43,5.99529737887603e-09,0.973437725726684,0.102214550515613,0.749188099710258,0.999950297526443
DOCK8,5.9920358290015e-09,0.973042522014725,0.102103367649588,0.749319963691022,0.999950297526443
ZNF593,5.98574267401429e-09,0.972279391932695,0.101889011489398,0.749574415729226,0.999950297526443
PDLIM7,5.98102563618738e-09,0.971706881122981,0.101728488401615,0.749765158270924,0.999950297526443
PPP1R18,5.98071049543371e-09,0.971668616750376,0.101717768518483,0.749777902141901,0.999950297526443
C11orf58,5.98007748110068e-09,0.971591750324456,0.101696237498747,0.749803500602067,0.999950297526443
SNU13,5.9651276528016e-09,0.969774125665234,0.101188404309661,0.750408136602849,0.999950297526443
GLIPR2,5.96281516683816e-09,0.969492578556952,0.101109964610872,0.750501677285013,0.999950297526443
SLC7A7,5.96258468186005e-09,0.969464511061371,0.10110214820975,0.750511000665701,0.999950297526443
SFT2D1,5.95663480270973e-09,0.96873959823341,0.100900475457447,0.750751692682295,0.999950297526443
CASP4,5.94692487560145e-09,0.967555076831356,0.100571787277328,0.751144542992243,0.999950297526443
ZFP36L2,5.94539314093286e-09,0.967368049478682,0.100519985898488,0.751206520766199,0.999950297526443
ARF3,5.94312373070864e-09,0.96709086548416,0.100443261772634,0.751298349668632,0.999950297526443
CHMP2A,5.92845453728885e-09,0.965296721698951,0.0999480328980016,0.75189200550674,0.999950297526443
MSRB1,5.91926590147179e-09,0.964170711426672,0.0996384499008626,0.752263940391863,0.999950297526443
SOCS3,5.91087933168155e-09,0.96314152070331,0.0993563092231822,0.752603459705881,0.999950297526443
ORMDL2,5.90539423729863e-09,0.962467635810182,0.0991719962496889,0.75282554247529,0.999950297526443
TUBA1C,5.89901623780143e-09,0.961683293311038,0.0989578945835573,0.753083803279294,0.999950297526443
PRDX6,5.89872340828227e-09,0.961647262649307,0.0989480702086836,0.753095661326652,0.999950297526443
DPP7,5.89071529127485e-09,0.960661251311513,0.0986795884387767,0.753419970295812,0.999950297526443
RP5-1171I10.5,5.88221912332162e-09,0.959613737260024,0.0983951429324867,0.753764091689354,0.999950297526443
STOM,5.87897602512209e-09,0.959213503614608,0.0982866746362147,0.753895460218212,0.999950297526443
UQCRH,5.87770402099216e-09,0.959056466458463,0.0982441476619812,0.753946987371753,0.999950297526443
SH3BGRL,5.87601435904178e-09,0.958847816173441,0.0981876713448144,0.75401543496846,0.999950297526443
ATP5D,5.87088689822403e-09,0.958214290951055,0.0980163872913894,0.754223158387072,0.999950297526443
ARHGAP25,5.86455860948643e-09,0.957431662776323,0.097805195452869,0.754479554198204,0.999950297526443
SEPT7,5.86092584920855e-09,0.956982027202815,0.0976840634776521,0.754626750689602,0.999950297526443
MGP,5.86047970318023e-09,0.9569267881406,0.0976691922101019,0.754644828778353,0.999950297526443
COMMD3,5.84930533205622e-09,0.955541924970596,0.0972970891196111,0.755097664420948,0.999950297526443
LSR,5.82505899371325e-09,0.952528252612508,0.0964921358532371,0.756080524102699,0.999950297526443
SCAF11,5.80549509471097e-09,0.950087769481876,0.0958450720874153,0.756873862363224,0.999950297526443
TCF7,5.78546122536064e-09,0.947580447816844,0.0951847202814427,0.757686524035556,0.999950297526443
ARID5B,5.78203135441706e-09,0.947150348093007,0.0950718945202743,0.757825681537522,0.999950297526443
SNRPB,5.78010536175025e-09,0.946908724418675,0.0950085682379087,0.757903826790028,0.999950297526443
IDS,5.77988224553513e-09,0.946880728569421,0.0950012335816373,0.757912879670269,0.999950297526443
ACTR3,5.77714648720597e-09,0.946537370548836,0.0949113220933298,0.758023885025361,0.999950297526443
SEPP1,5.77587265392843e-09,0.946377441623672,0.0948694717190329,0.758075573426169,0.999950297526443
AHR,5.77265582142926e-09,0.945973419352316,0.0947638273482657,0.758206107823447,0.999950297526443
CDC42SE2,5.76719507662779e-09,0.945287073847638,0.0945846251462227,0.758427712708848,0.999950297526443
QKI,5.76436735146333e-09,0.944931419386661,0.0944918959245192,0.758542473667742,0.999950297526443
AC079767.4,5.76388435378076e-09,0.944870654028297,0.0944760615920057,0.758562076273471,0.999950297526443
TMEM30A,5.76365586271143e-09,0.944841906134549,0.0944685713277529,0.758571349706086,0.999950297526443
WDR45,5.76326289491159e-09,0.944792461828094,0.0944556899753681,0.758587298596262,0.999950297526443
ALOX5AP,5.74987857549449e-09,0.943106470115258,0.0940174808701551,0.759130572432968,0.999950297526443
MBIP,5.7472884062818e-09,0.942779756549531,0.0939327951394006,0.759235721975838,0.999950297526443
SRRM2,5.74625086350465e-09,0.942648845327231,0.0938988833224842,0.759277842924057,0.999950297526443
BBX,5.7458928318519e-09,0.942603665660908,0.0938871825715622,0.759292378040104,0.999950297526443
TMEM141,5.74139905605369e-09,0.942036370037731,0.0937403845099781,0.759474820404575,0.999950297526443
RPL26L1,5.73864877678261e-09,0.94168896320771,0.0936505978623387,0.759586485327935,0.999950297526443
DERA,5.73863983604581e-09,0.941687833580142,0.0936503060498486,0.759586848341677,0.999950297526443
ERP44,5.73502308853969e-09,0.941230732577888,0.0935322980250952,0.759733700655021,0.999950297526443
FAM49B,5.71935686632622e-09,0.939247556741336,0.0930219961890312,0.760369902796919,0.999950297526443
CD24,5.71653827309203e-09,0.938890198470815,0.0929303332384046,0.760484382522983,0.999950297526443
PRDM2,5.69190744012518e-09,0.935760120581627,0.092131241128166,0.761485009143242,0.999950297526443
RAB34,5.69176374652656e-09,0.935741821847194,0.0921265894353494,0.761490847862245,0.999950297526443
NR4A2,5.68855891085366e-09,0.935333584890909,0.0920228720392361,0.761621073857937,0.999950297526443
B4GALT7,5.68440429500817e-09,0.934804034019931,0.0918885040646757,0.761789903478449,0.999950297526443
LAT2,5.67235561368979e-09,0.933266190653852,0.0914993825662187,0.762279585477805,0.999950297526443
CLNS1A,5.67093768131323e-09,0.933085005071532,0.0914536436421779,0.762337219289093,0.999950297526443
PRDX3,5.66565986288305e-09,0.93241021409282,0.0912834950194523,0.762551755056842,0.999950297526443
CALM2,5.66366058879762e-09,0.93215444068233,0.091219082919046,0.762633027453086,0.999950297526443
LSM1,5.65764953502813e-09,0.93138490423437,0.0910255572562934,0.762877398274988,0.999950297526443
ATP1B3,5.64880741729048e-09,0.93025150377021,0.0907412590690583,0.763236904913064,0.999950297526443
PARM1,5.63982672836678e-09,0.929098592663123,0.0904529606140173,0.763602097911764,0.999950297526443
TLR10,5.63485010883459e-09,0.928458950022478,0.0902933984910703,0.763804491080089,0.999950297526443
WHSC1L1,5.63068425198338e-09,0.92792309635506,0.0901599396336245,0.763973923910279,0.999950297526443
MAGT1,5.62980374055059e-09,0.927809787453476,0.0901317438950885,0.764009737328292,0.999950297526443
GNB2,5.62536577154746e-09,0.927238426335729,0.0899896983661587,0.764190252422696,0.999950297526443
CNPY3,5.62246854298204e-09,0.926865192056328,0.0898970275618517,0.764308104569893,0.999950297526443
HINT2,5.62034538845123e-09,0.926591560060204,0.0898291466150126,0.764394472751706,0.999950297526443
MOB1A,5.61574054690391e-09,0.925997746562912,0.0896820099167489,0.764581803992647,0.999950297526443
ARPC1B,5.61493548635569e-09,0.925893882551123,0.089656298517767,0.764614556369963,0.999950297526443
MRPL27,5.61475964473799e-09,0.925871194629714,0.0896506831151511,0.764621710212152,0.999950297526443
ARHGAP30,5.60104815532155e-09,0.924099965111748,0.0892133559503138,0.76517960259254,0.999950297526443
IL16,5.58350590181903e-09,0.921827791505264,0.0886554059026011,0.765893538546309,0.999950297526443
PTTG1,5.58314286599512e-09,0.921780696524468,0.0886438776468545,0.765908315508118,0.999950297526443
MIF,5.57934691496147e-09,0.92128808860835,0.0885233815610986,0.766062830493651,0.999950297526443
RILPL2,5.57917822001965e-09,0.92126618925758,0.0885180285256382,0.766069697472776,0.999950297526443
ATF6B,5.57523976273147e-09,0.920754732246839,0.0883930992223518,0.766230023471232,0.999950297526443
ARPC2,5.57224458375005e-09,0.920365538781524,0.0882981501088939,0.766351957371296,0.999950297526443
ACTN4,5.56751416798317e-09,0.919750458617604,0.0881482967911478,0.766544544642489,0.999950297526443
BAG1,5.566524774402e-09,0.919621747506872,0.0881169702036854,0.766584827198869,0.999950297526443
NUDT22,5.56346335356085e-09,0.919223345041852,0.0880200735009216,0.766709475077619,0.999950297526443
PARP1,5.56046899419096e-09,0.918833465654783,0.0879253509198128,0.766831398342485,0.999950297526443
IL1B,5.55827210336447e-09,0.918547291878536,0.0878558876286054,0.766920854237174,0.999950297526443
SGK1,5.54784385350129e-09,0.91718739008009,0.087526532147418,0.767345527803235,0.999950297526443
SCGB3A2,5.54633015693159e-09,0.91698979128768,0.0874787764640936,0.767407176451748,0.999950297526443
OXA1L,5.54377128796079e-09,0.916655637105161,0.0873980762233513,0.767511395410279,0.999950297526443
POLR2J3,5.52305017344816e-09,0.913944257425219,0.0867459565866812,0.768355490554658,0.999950297526443
MED10,5.51707901367808e-09,0.913161108538534,0.0865584898970143,0.768598782705365,0.999950297526443
TMEM156,5.51607216432924e-09,0.913028974642828,0.0865268994823944,0.768639808564026,0.999950297526443
PREB,5.51500405502231e-09,0.912888775931429,0.0864933933077277,0.768683331276388,0.999950297526443
TMEM154,5.50534771377901e-09,0.911620109669453,0.0861907721240407,0.769076835468146,0.999950297526443
MS4A7,5.5037914261452e-09,0.911415441723697,0.0861420490713556,0.76914026109406,0.999950297526443
APEX1,5.48673118293014e-09,0.909168185629877,0.0856088433193432,0.769835642904778,0.999950297526443
POLR2J,5.48527400230114e-09,0.908975927420071,0.0855633769100713,0.769895046714061,0.999950297526443
H1FX,5.47600042703314e-09,0.907751233420051,0.0852743092441896,0.770273127352432,0.999950297526443
MTDH,5.47205035529257e-09,0.907228970011714,0.0851513296515987,0.770434187076068,0.999950297526443
SEPT1,5.47097028334983e-09,0.90708610388307,0.0851177186723101,0.77047822751622,0.999950297526443
SPTBN1,5.45620842198315e-09,0.905130759750358,0.0846590063237004,0.771080223460414,0.999950297526443
ATP6V0D1,5.45620049887465e-09,0.905129708896062,0.0846587604525922,0.771080546605721,0.999950297526443
LSM2,5.45459881888844e-09,0.904917245421505,0.084609064207005,0.771145872207905,0.999950297526443
MCL1,5.4491076364692e-09,0.90418838207975,0.0844387968926285,0.771369846116778,0.999950297526443
MPHOSPH8,5.44757790718625e-09,0.903985210069701,0.0843913945001311,0.771432243987306,0.999950297526443
H2AFV,5.44655195757945e-09,0.903848917142189,0.0843596104058079,0.771474093443128,0.999950297526443
RNASEH2C,5.445182937074e-09,0.90366701027324,0.0843172072403367,0.771529938121466,0.999950297526443
ROCK1,5.44106582776416e-09,0.903119689356882,0.0841897507617426,0.77169788915559,0.999950297526443
FNDC3A,5.4308226212507e-09,0.901756245879264,0.0838730623443086,0.772115791151177,0.999950297526443
AES,5.42138557220927e-09,0.900497916478853,0.0835818259857315,0.772500862078856,0.999950297526443
HMHA1,5.39847793917582e-09,0.897434642210642,0.0828769815702156,0.773435821864456,0.999950297526443
RUNX1,5.39111829561732e-09,0.896447835235648,0.082651166335952,0.773736270675587,0.999950297526443
BTK,5.39110527948878e-09,0.896446088839509,0.0826507672362301,0.773736802073804,0.999950297526443
NDUFV2,5.38994061762791e-09,0.896289807752638,0.0826150603473284,0.773784351144998,0.999950297526443
BUD31,5.38626842831064e-09,0.895796839308268,0.0825025267158238,0.773934279350629,0.999950297526443
SDCBP,5.38299416703859e-09,0.895357017485462,0.0824022522027831,0.774067968055739,0.999950297526443
BLNK,5.3823240653512e-09,0.895266972986685,0.0823817378014537,0.774095329260135,0.999950297526443
ZNF581,5.38145989727644e-09,0.895150835014947,0.0823552860487396,0.774130614885287,0.999950297526443
COPRS,5.37850425814449e-09,0.894753482724312,0.0822648475184735,0.774251302776286,0.999950297526443
NFKBIZ,5.37728007287258e-09,0.894588843324042,0.0822274036682733,0.774301291646832,0.999950297526443
LY96,5.37689052783561e-09,0.894536446256229,0.0822154905388286,0.774317198680797,0.999950297526443
H3F3B,5.37574404537549e-09,0.89438221357794,0.0821804336343733,0.774364015731099,0.999950297526443
PPHLN1,5.37561323863669e-09,0.89436461454793,0.0821764343279927,0.774369357326523,0.999950297526443
PSMD7,5.36636375035023e-09,0.89311912215614,0.081893885709663,0.774747094477562,0.999950297526443
TMED3,5.36392072793063e-09,0.892789811548014,0.0818193387472201,0.774846873262014,0.999950297526443
HDAC1,5.35987356943086e-09,0.89224395156145,0.0816959174941574,0.775012176920217,0.999950297526443
MS4A6A,5.350049123411e-09,0.890917229443102,0.0813967009034609,0.775413492683092,0.999950297526443
CCDC59,5.34624026809638e-09,0.89040223988193,0.0812808448092005,0.775569095580773,0.999950297526443
EDEM2,5.34173343964522e-09,0.889792422352374,0.0811438646497018,0.775753224364304,0.999950297526443
RIC3,5.33866866628224e-09,0.889377446052261,0.0810507801794305,0.775878444450617,0.999950297526443
STUB1,5.33791703789029e-09,0.889275639107329,0.0810279595914045,0.775909155269336,0.999950297526443
FAM60A,5.33760585326936e-09,0.889233485577875,0.0810185124906938,0.775921870078511,0.999950297526443
LY9,5.33528646692909e-09,0.888919223573307,0.0809481167332198,0.776016640646956,0.999950297526443
TECR,5.3307935860413e-09,0.888310092933462,0.0808118402218023,0.776200230103492,0.999950297526443
HNRNPM,5.31632258204188e-09,0.88634479733774,0.0803736911261875,0.776791633592708,0.999950297526443
HYI,5.31352511078128e-09,0.885964281494595,0.0802891274335688,0.776905976066454,0.999950297526443
EPB41L4A-AS1,5.28914645597514e-09,0.882640082560429,0.0795540784013474,0.777902621633023,0.999950297526443
RBM23,5.28747459824296e-09,0.882411573411375,0.0795037935088453,0.777970983753071,0.999950297526443
VTI1B,5.28540344293024e-09,0.882128391950077,0.079441520886684,0.778055675500295,0.999950297526443
MRPL12,5.28435487346895e-09,0.881984984193151,0.07941000325866,0.778098553627994,0.999950297526443
FDPS,5.28157583415786e-09,0.881604776017241,0.0793265018673411,0.77821219743846,0.999950297526443
PTS,5.27837055795268e-09,0.881166014115955,0.0792302479448968,0.778343277330028,0.999950297526443
C9orf78,5.2774455674779e-09,0.881039346926696,0.0792024814960008,0.778381106023234,0.999950297526443
IKZF3,5.2661585776228e-09,0.87949199619354,0.07886405957189,0.778842744484651,0.999950297526443
CCND1,5.26561395355942e-09,0.879417252187025,0.0788477482349093,0.778865021611478,0.999950297526443
CYB561A3,5.23439628455632e-09,0.875120472581534,0.0779156075637039,0.780142242180102,0.999950297526443
SPAG9,5.21613986405586e-09,0.872596232984621,0.077373050445596,0.780889449482108,0.999950297526443
PSMB6,5.20578083568461e-09,0.871160151122973,0.077066036537279,0.781313518667895,0.999950297526443
MRPL52,5.2054599636142e-09,0.871115624445297,0.0770565364920854,0.781326655297776,0.999950297526443
TM9SF2,5.20229028240422e-09,0.870675633171833,0.0769627233437956,0.781456426656259,0.999950297526443
DNTTIP1,5.19939012578423e-09,0.870272829290533,0.0768769373826276,0.781575168617371,0.999950297526443
ZBTB8OS,5.19754204840858e-09,0.870016036343779,0.0768222966360476,0.781650837646479,0.999950297526443
RPS19BP1,5.19745166515697e-09,0.870003475211268,0.0768196248390598,0.781654538417332,0.999950297526443
KCNK6,5.1970433817576e-09,0.869946730864631,0.0768075562532646,0.781671255771988,0.999950297526443
LBH,5.19442950329724e-09,0.869583345225315,0.076730314208466,0.781778284637363,0.999950297526443
COX7B,5.18763632475581e-09,0.868638123231773,0.0765297524767705,0.782056460041011,0.999950297526443
ARHGAP18,5.17797434585928e-09,0.867291675138807,0.0762449444395156,0.782452158615589,0.999950297526443
IGFBP7,5.17378678394338e-09,0.866707365244909,0.076121671785337,0.782623674339771,0.999950297526443
RCSD1,5.17154233438977e-09,0.866393999518988,0.0760556411579647,0.782715607692883,0.999950297526443
PCSK7,5.16991219551589e-09,0.866166320640617,0.0760077012170557,0.782782380591598,0.999950297526443
DYNLT1,5.16630264640498e-09,0.865661934860316,0.0759016035715334,0.782930238754716,0.999950297526443
WDR83OS,5.16021034348418e-09,0.864809848294453,0.0757226969361118,0.783179815885183,0.999950297526443
CMC2,5.15912010319469e-09,0.864657262152588,0.0756907031961685,0.783224480996378,0.999950297526443
MAPK1IP1L,5.15739410912193e-09,0.864415634743543,0.0756400667119449,0.783295193215053,0.999950297526443
ELF1,5.15656418156965e-09,0.864299422845731,0.0756157246806186,0.783329195138647,0.999950297526443
EIF1B,5.1510568460932e-09,0.8635277934649,0.0754542920817681,0.783554839772531,0.999950297526443
DDX21,5.1341603342695e-09,0.861155471439826,0.0749600931678532,0.784247231301522,0.999950297526443
BID,5.13194846251545e-09,0.860844362100092,0.0748955192601556,0.784337882858985,0.999950297526443
ERGIC2,5.13007043916695e-09,0.860580108713563,0.0748407136444598,0.78441485423952,0.999950297526443
ANKRD13A,5.12708063631362e-09,0.860159226712682,0.0747535047928337,0.784537396605249,0.999950297526443
SIT1,5.1263148547261e-09,0.86005138774946,0.0747311760694987,0.784568784379488,0.999950297526443
HNRNPF,5.11729476289568e-09,0.858779991974116,0.0744684184965766,0.78493852530222,0.999950297526443
TMEM179B,5.11311310772927e-09,0.858189849728395,0.0743467628058878,0.785109951230008,0.999950297526443
SEL1L,5.10860700796005e-09,0.857553399826028,0.0742157794684876,0.785294689352476,0.999950297526443
BCL11A,5.10253616566447e-09,0.856695088366531,0.0740394947849719,0.785543596883224,0.999950297526443
UQCC2,5.1005257349765e-09,0.856410631915987,0.0739811622446639,0.785626030368072,0.999950297526443
CDKN1A,5.08133121743534e-09,0.85368935007191,0.0734253917903977,0.786413182126167,0.999950297526443
NDUFA1,5.08123277380607e-09,0.853675367861912,0.0734225467910381,0.786417219783859,0.999950297526443
SLC44A1,5.07625142216497e-09,0.852967512842649,0.0732786587767908,0.786621537024722,0.999950297526443
NAA38,5.07358652787676e-09,0.852588554314683,0.0732017403562217,0.786730847497509,0.999950297526443
AGPAT2,5.0678988963745e-09,0.851779109731844,0.0730377099783845,0.786964160746299,0.999950297526443
ATM,5.05967706092311e-09,0.850607459760018,0.0728009187811782,0.78730146378465,0.999950297526443
TMEM14C,5.05369153929824e-09,0.849753342398413,0.0726287758856055,0.787547046542869,0.999950297526443
GLA,5.05072493537771e-09,0.84932965549037,0.0725435322295538,0.787668772550262,0.999950297526443
QARS,5.04721517097889e-09,0.848828085777947,0.0724427458097207,0.787812792274101,0.999950297526443
PSMC3,5.0470743564264e-09,0.848807955400318,0.0724387036398565,0.787818570611928,0.999950297526443
FAM102A,5.03871127253475e-09,0.847611426945521,0.0721988383264029,0.788161771444228,0.999950297526443
EIF4EBP1,5.03557747149696e-09,0.84716257365402,0.0721090588480383,0.788290385692427,0.999950297526443
LAMP1,5.03549613799009e-09,0.847150920705434,0.0721067294884753,0.788293723775659,0.999950297526443
RHOF,5.02493318854428e-09,0.845635987550546,0.0718045305188249,0.788727280513441,0.999950297526443
ACTB,5.02244042828078e-09,0.845278030310834,0.0717333068520384,0.788829605520733,0.999950297526443
GALK1,5.01955104531453e-09,0.844862904630238,0.0716507950219144,0.788948216002859,0.999950297526443
LGMN,5.00619835911679e-09,0.842941496480248,0.0712701003914174,0.789496413332784,0.999950297526443
TRAPPC2L,4.99882233897594e-09,0.841877996283224,0.0710602395794584,0.789799282088012,0.999950297526443
TCF4,4.99501713267219e-09,0.841328758021523,0.0709520957260962,0.789955541112567,0.999950297526443
PPM1K,4.98947531081339e-09,0.840528138677831,0.0707947446137276,0.79018312855228,0.999950297526443
ALDH3A2,4.98908655534708e-09,0.840471943609004,0.0707837130843357,0.790199094346088,0.999950297526443
HAX1,4.98391574510397e-09,0.839724095905751,0.0706370652063217,0.790411462665678,0.999950297526443
SRSF9,4.98383210491226e-09,0.839711992998183,0.0706346943604235,0.790414897947145,0.999950297526443
HMGA1,4.98325454883483e-09,0.839628414113964,0.0706183241728513,0.790438619521,0.999950297526443
FAM89B,4.97557792570357e-09,0.838516634176608,0.0704009189813332,0.79075393475242,0.999950297526443
PSMA4,4.97309314632999e-09,0.838156418289443,0.0703306207871556,0.790856003737023,0.999950297526443
ZNF331,4.96655779402823e-09,0.83720816787968,0.0701458933518277,0.791124477999581,0.999950297526443
IMPDH2,4.96411394609336e-09,0.836853268091856,0.0700768782601923,0.791224878384747,0.999950297526443
MOB3A,4.96387267220164e-09,0.836818220768309,0.0700700664462683,0.791234790806257,0.999950297526443
TMED5,4.95638313786516e-09,0.835729479047278,0.0698587813075308,0.791542505286692,0.999950297526443
AP3D1,4.95618701887834e-09,0.83570094828296,0.0698532529365517,0.791550563454234,0.999950297526443
TRIM38,4.95254995988843e-09,0.835171643628671,0.0697507680301175,0.791700007537616,0.999950297526443
POP7,4.93554807194704e-09,0.83269237266008,0.069272687369041,0.792398704079164,0.999950297526443
HLA-DOB,4.93295664547524e-09,0.832313760998989,0.069199962741218,0.792505214011262,0.999950297526443
SLC38A10,4.92804189267219e-09,0.83159518172398,0.069062142236212,0.792707225355016,0.999950297526443
IER3IP1,4.92460767226594e-09,0.83109265979179,0.0689659206605798,0.792848390556535,0.999950297526443
ITSN2,4.92157656029014e-09,0.830648843676169,0.0688810492927509,0.792972991442411,0.999950297526443
LINC00998,4.91861113513735e-09,0.830214390911416,0.0687980677293518,0.793094897234563,0.999950297526443
MRPL13,4.91727173684411e-09,0.830018078329408,0.0687606037113824,0.793149960275418,0.999950297526443
APMAP,4.91387604431339e-09,0.829520148738319,0.0686656692595021,0.793289562772236,0.999950297526443
VPS51,4.90941910480247e-09,0.828866099928261,0.0685411647171157,0.793472804928055,0.999950297526443
PSMB8,4.90679298892571e-09,0.828480454106219,0.0684678571034912,0.793580780127206,0.999950297526443
MT-ND4L,4.89442347236929e-09,0.826661313045618,0.0681230914684388,0.794089417493628,0.999950297526443
KHDRBS1,4.89347007391522e-09,0.826520916587968,0.0680965542778121,0.794128625095233,0.999950297526443
PCBP1,4.88058201505067e-09,0.82462044813689,0.0677383313132588,0.794658685222596,0.999950297526443
SF3B6,4.8765276895188e-09,0.824021600476973,0.0676258368707389,0.79482545115404,0.999950297526443
CORO1C,4.87516898980182e-09,0.82382080540918,0.0675881582555431,0.794881340432826,0.999950297526443
CD1C,4.8635784452534e-09,0.822105708289336,0.0672671633003841,0.795358153136262,0.999950297526443
FBXW5,4.86064973939595e-09,0.821671714248442,0.0671861750232053,0.795478646565405,0.999950297526443
NDUFB3,4.84565264320933e-09,0.819445400620568,0.0667722208575924,0.796095736618448,0.999950297526443
MT1X,4.83812469183492e-09,0.818325379092951,0.0665649143842627,0.796405539611272,0.999950297526443
POLR2K,4.83739290594904e-09,0.818216413345198,0.066544779483219,0.796435657014308,0.999950297526443
TNRC6B,4.8372822414394e-09,0.818199933591554,0.0665417348427281,0.796440211552755,0.999950297526443
WAS,4.82989333479833e-09,0.817098783334341,0.0663386062549681,0.796744327068847,0.999950297526443
MAF1,4.82922754261587e-09,0.816999482418718,0.066320318198418,0.796771731521039,0.999950297526443
SLC39A4,4.82621709136597e-09,0.816550318142823,0.0662376582480561,0.796895646838418,0.999950297526443
LYRM4,4.82278903682961e-09,0.816038518461304,0.0661435946541,0.79703675765498,0.999950297526443
GTF3A,4.82241101087873e-09,0.815982058742427,0.0661332259586729,0.797052318942763,0.999950297526443
UFD1L,4.82208958392548e-09,0.815934048965735,0.0661244103297846,0.797065550418797,0.999950297526443
SSNA1,4.81750322870935e-09,0.815248674753674,0.0659986864887735,0.797254353162216,0.999950297526443
RP11-620J15.3,4.79629535164002e-09,0.81207123511355,0.0654188794547321,0.798127554630831,0.999950297526443
CETN2,4.7961943857695e-09,0.812056075746778,0.0654161252437809,0.798131712349094,0.999950297526443
IMP3,4.79551411188845e-09,0.8119539290587,0.06539756981341,0.798159725797528,0.999950297526443
SEPT11,4.79458877522842e-09,0.811814962532354,0.0653723341748591,0.798197831265522,0.999950297526443
SNX3,4.7922320269932e-09,0.81146091087369,0.0653080832973269,0.798294884594904,0.999950297526443
DDX6,4.7901242336439e-09,0.811144117512203,0.0652506463160309,0.798381688345323,0.999950297526443
NT5C,4.78361394986454e-09,0.810164799096281,0.0650734018315644,0.798649812452637,0.999950297526443
APBB1IP,4.77734426829702e-09,0.809220460934015,0.0649029356756706,0.798908049875994,0.999950297526443
FLNA,4.77621464808184e-09,0.809050191026558,0.0648722462397956,0.798954579333358,0.999950297526443
SLC25A4,4.77507510893779e-09,0.808878386764284,0.064841294680572,0.799001518078252,0.999950297526443
PCNP,4.77364151863576e-09,0.808662193426988,0.0648023667494573,0.799060570112935,0.999950297526443
SNX2,4.76401926679226e-09,0.807209486185672,0.0645413851698856,0.799456956839416,0.999950297526443
CCL4,4.76185582901903e-09,0.806882475291172,0.0644827793758704,0.799546086341667,0.999950297526443
CAMLG,4.75579863497322e-09,0.805966149237158,0.064318836449086,0.799795645048273,0.999950297526443
CFD,4.74453671101712e-09,0.8042594688966,0.064014577900341,0.800259694937993,0.999950297526443
UPF2,4.74428091294312e-09,0.804220658912062,0.064007675492239,0.800270235969802,0.999950297526443
CLTB,4.74105402623374e-09,0.803730898928413,0.0639206337344798,0.800403213962487,0.999950297526443
ALCAM,4.73949596474282e-09,0.803494309702249,0.0638786279219548,0.800467422778036,0.999950297526443
PMM1,4.73854260644115e-09,0.803349506820594,0.0638529319004002,0.800506712012615,0.999950297526443
SKAP2,4.73223310018026e-09,0.802390466771522,0.0636830010657321,0.800766748346849,0.999950297526443
DCK,4.72933472371262e-09,0.801949503426238,0.0636050164089167,0.800886207757586,0.999950297526443
CHMP4A,4.72028932529193e-09,0.800571649371909,0.0633619452145746,0.801259052600218,0.999950297526443
CALM3,4.72009705921073e-09,0.800542334589793,0.0633567836221556,0.801266978162014,0.999950297526443
GBAS,4.71286016200132e-09,0.799438089745804,0.0631626541237226,0.801565311254136,0.999950297526443
SH3KBP1,4.70671210504754e-09,0.798498703794479,0.0629979667409023,0.801818780845042,0.999950297526443
RASSF5,4.69843956816895e-09,0.797232845745669,0.0627767103729027,0.80215987054132,0.999950297526443
CFL1,4.69138531749797e-09,0.79615171424145,0.0625883456180794,0.802450758168227,0.999950297526443
AKR1A1,4.69112472646964e-09,0.796111746224738,0.0625813926575954,0.802461504370755,0.999950297526443
TXNIP,4.68903000873766e-09,0.795790392348879,0.0625255164689248,0.802547887293198,0.999950297526443
GORASP2,4.67919588819343e-09,0.794279876344995,0.0622635268125168,0.802953463466018,0.999950297526443
YWHAG,4.67299920621757e-09,0.793326499884312,0.0620987242237414,0.803209052634723,0.999950297526443
CCL3L3,4.6686829058927e-09,0.792661706431411,0.0619840599821173,0.803387095769823,0.999950297526443
MALSU1,4.66846591485365e-09,0.792628270022003,0.0619782983258701,0.803396046705796,0.999950297526443
UFC1,4.66391187462421e-09,0.791926187346993,0.0618574389248233,0.803583907980067,0.999950297526443
GTF3C6,4.66048403664814e-09,0.791397292742842,0.061766545544602,0.803725319137457,0.999950297526443
P2RX5,4.65942505800241e-09,0.791233823099804,0.0617384789228069,0.80376900727274,0.999950297526443
GLT8D1,4.65788737753568e-09,0.790996394831318,0.0616977363903829,0.803832445329944,0.999950297526443
PIN1,4.65173682984649e-09,0.7900459540882,0.0615349053475478,0.80408620328941,0.999950297526443
APIP,4.65039929431026e-09,0.789839105436284,0.0614995235996787,0.804141389773904,0.999950297526443
PPIA,4.6445982952238e-09,0.788941323341307,0.0613461878778295,0.804380749285605,0.999950297526443
HIGD1A,4.6410309966e-09,0.788388700466742,0.0612519897934145,0.804527951462584,0.999950297526443
LY6E,4.64031702034046e-09,0.788278046800248,0.0612331452294835,0.804557414044972,0.999950297526443
CAPN1,4.63364190292039e-09,0.787242728836106,0.0610571036157077,0.804832879480331,0.999950297526443
LRRFIP1,4.6280335520675e-09,0.786371757808684,0.060909391541442,0.805064340854648,0.999950297526443
USO1,4.62098023587111e-09,0.78527494263853,0.0607238761086672,0.805355461421178,0.999950297526443
AP1S1,4.61720607953754e-09,0.784687386613871,0.0606247249335086,0.805511248101645,0.999950297526443
MTPN,4.61472707447908e-09,0.784301206702866,0.0605596428680056,0.805613578739514,0.999950297526443
TPGS2,4.61055803051533e-09,0.783651301951307,0.0604502705201181,0.805785679855126,0.999950297526443
PPA1,4.61027027233005e-09,0.783606422992339,0.0604427250051536,0.805797559065924,0.999950297526443
RDX,4.60687683117935e-09,0.783076976288616,0.0603537786606429,0.805937650216674,0.999950297526443
ISG15,4.60279552365568e-09,0.782439711105615,0.0602468892301407,0.806106146747509,0.999950297526443
EPC1,4.60132967430834e-09,0.782210697177697,0.0602085217639638,0.806166666445395,0.999950297526443
COX5B,4.59920899524634e-09,0.78187925304612,0.060153036268691,0.806254223783962,0.999950297526443
NDUFA8,4.59906120406419e-09,0.781856149059744,0.0601491704102305,0.806260325789115,0.999950297526443
ZFAND6,4.59454804573801e-09,0.781150269270137,0.0600311769671845,0.806446670834151,0.999950297526443
TFG,4.59048632875526e-09,0.78051442659723,0.0599250851939664,0.806614385587609,0.999950297526443
STX7,4.58062251105416e-09,0.778968036519255,0.0596678335562577,0.80702171531315,0.999950297526443
BAZ1A,4.57190629515695e-09,0.777598892279727,0.0594409722925643,0.807381697993257,0.999950297526443
TCEA1,4.56461630440742e-09,0.776451850013691,0.0592515639195791,0.807682808422315,0.999950297526443
HHEX,4.56425111163396e-09,0.776394342483233,0.0592420834393234,0.807697893327471,0.999950297526443
KLF2,4.5631056879271e-09,0.776213941936124,0.0592123529224971,0.807745207454748,0.999950297526443
SCP2,4.53402605314111e-09,0.771619341251949,0.0584600639505693,0.808946637836987,0.999950297526443
LRCH4,4.51953760343376e-09,0.769319566431599,0.058087043415617,0.809545399094266,0.999950297526443
PTGES3,4.51792505489336e-09,0.769063165566201,0.058045600473828,0.809612047466709,0.999950297526443
SNF8,4.51751857351703e-09,0.768998519711369,0.058035156124319,0.809628847998844,0.999950297526443
DCXR,4.51574736086882e-09,0.768716764833863,0.0579896566096555,0.809702056103704,0.999950297526443
GGCT,4.49979852346714e-09,0.76617491130686,0.0575807611182175,0.810361331474875,0.999950297526443
SSU72,4.4996582475709e-09,0.7661525163443,0.0575771711499415,0.810367130642093,0.999950297526443
BOLA3,4.49154849679213e-09,0.764856656393596,0.0573698150787901,0.810702414772368,0.999950297526443
PPDPF,4.48503698723496e-09,0.763814549832781,0.0572035947577304,0.81097164742499,0.999950297526443
GSTZ1,4.46943615708056e-09,0.761311849287441,0.0568063309412685,0.811616788891823,0.999950297526443
SLC25A5,4.46675316849729e-09,0.760880594913104,0.0567381500852624,0.81172775148134,0.999950297526443
PSMB10,4.46485667185148e-09,0.760575608205781,0.0566899804801623,0.811806188751349,0.999950297526443
TNFRSF14,4.4614017332692e-09,0.76001967890352,0.0566022801860308,0.8119490865291,0.999950297526443
RPL22L1,4.45990575643343e-09,0.759778834883292,0.0565643273144729,0.81201096273187,0.999950297526443
ACTR2,4.45333006661643e-09,0.758719262704173,0.0563976532679452,0.812282958611698,0.999950297526443
RPA2,4.44882841482676e-09,0.757993021945622,0.0562836916822234,0.812469177346792,0.999950297526443
BNIP3,4.42918400971314e-09,0.754815541104961,0.055787732547461,0.813281926668073,0.999950297526443
SQRDL,4.42044595430161e-09,0.753397802852503,0.0555678295397177,0.81364351151262,0.999950297526443
PRELID1,4.42012214048291e-09,0.753345212688936,0.0555596887447769,0.813656911844501,0.999950297526443
FKBP1A,4.41323730222514e-09,0.752226177449262,0.0553867425908361,0.813941838830808,0.999950297526443
ARHGEF1,4.41022023757014e-09,0.751735266017499,0.0553110393136084,0.814066706916091,0.999950297526443
MAP4K1,4.39646253476635e-09,0.749492624900819,0.0549664914671369,0.814636160598879,0.999950297526443
CCDC109B,4.39176242779379e-09,0.748724913778877,0.0548490287151772,0.814830728130547,0.999950297526443
FAM173A,4.38661071510455e-09,0.747882529349031,0.0547204239871162,0.815044003635222,0.999950297526443
SRP19,4.38303481658372e-09,0.747297255090578,0.0546312458309583,0.81519205014507,0.999950297526443
SLC38A1,4.38042371797473e-09,0.746869601280822,0.0545661744425915,0.815300156944029,0.999950297526443
MAFF,4.37404963452001e-09,0.745824603322123,0.0544074882887995,0.815564076625107,0.999950297526443
HNRNPD,4.37010111353896e-09,0.745176528721454,0.0543093036945546,0.815727576102642,0.999950297526443
MRPS6,4.36916296468005e-09,0.745022466619808,0.0542859885624272,0.81576642394153,0.999950297526443
SERTAD1,4.36530321756555e-09,0.744388286880832,0.054190117733513,0.815926257107638,0.999950297526443
GYPC,4.36378297374766e-09,0.744138353569767,0.0541523802191564,0.815989212915642,0.999950297526443
MPC2,4.36103878964821e-09,0.743686988137829,0.0540842937095993,0.816102857119379,0.999950297526443
AGA,4.3583615419975e-09,0.743246369082596,0.054017909249518,0.816213733028179,0.999950297526443
CD83,4.35409031147011e-09,0.742542874402715,0.0539120851293347,0.816390629982965,0.999950297526443
PABPC4,4.35246549733557e-09,0.742275084445662,0.0538718559345385,0.816457925616994,0.999950297526443
LCP1,4.34756502293544e-09,0.741466841380565,0.0537506147517824,0.816660898892041,0.999950297526443
CXXC5,4.34310476253376e-09,0.740730441323937,0.0536403835031739,0.816845649586927,0.999950297526443
SET,4.32022229556701e-09,0.73694101173786,0.0530766435465056,0.81779363561963,0.999950297526443
PCNA,4.31733341575797e-09,0.736461229499314,0.053005683874639,0.817913336522253,0.999950297526443
POLR2H,4.31319481007781e-09,0.735773355653747,0.0529041098431074,0.818084827286097,0.999950297526443
FAM174A,4.31091335194069e-09,0.735393885066701,0.0528481575406722,0.818179367437063,0.999950297526443
STAP1,4.30426434958786e-09,0.734286866224814,0.052685260951835,0.818454907046954,0.999950297526443
GNL3,4.30421258772993e-09,0.734278241735927,0.05268399380355,0.818457052184914,0.999950297526443
SCGB3A1,4.30100914910593e-09,0.733744294990263,0.0526056021660054,0.818589813158703,0.999950297526443
IFITM2,4.29406186672525e-09,0.73258501148564,0.0524357951287961,0.818877749130873,0.999950297526443
GHITM,4.2930256662527e-09,0.73241194752779,0.0524104916088626,0.818920697426951,0.999950297526443
TUSC2,4.29265082243884e-09,0.732349332028664,0.052401339606332,0.818936234036129,0.999950297526443
H3F3A,4.28811625733952e-09,0.731591442100586,0.0522906891987388,0.819124189322005,0.999950297526443
PTP4A3,4.28214049004071e-09,0.730591496822493,0.0521450498348036,0.819371897536027,0.999950297526443
PDCD4,4.27769201776109e-09,0.729846247009128,0.0520367650547018,0.819556307841446,0.999950297526443
MID1IP1,4.27706488362513e-09,0.729741123660253,0.0520215083978936,0.819582306332992,0.999950297526443
TAX1BP3,4.26120158858721e-09,0.727077096104209,0.0516363366984343,0.820240001444578,0.999950297526443
GNPTG,4.25884057414406e-09,0.726679780010689,0.0515791320064852,0.820337900355498,0.999950297526443
MPZL1,4.25841386777754e-09,0.726607950428234,0.0515687967797768,0.820355593933778,0.999950297526443
OFD1,4.25180296400649e-09,0.7254942189946,0.0514088068216765,0.820629729814222,0.999950297526443
PSMA3-AS1,4.24972902757825e-09,0.725144482001194,0.0513586668716399,0.820715734734367,0.999950297526443
CLN6,4.2484678158008e-09,0.72493171803878,0.05132818749592,0.820768037496825,0.999950297526443
IKZF1,4.24567217221682e-09,0.724459881737567,0.0512606581598172,0.820883976364408,0.999950297526443
C4orf3,4.24512537625896e-09,0.724367561002029,0.0512474553902105,0.820906653140487,0.999950297526443
DAP3,4.23878063611255e-09,0.723295481234788,0.0510943815590204,0.821169793772622,0.999950297526443
COX7A2L,4.23588217434337e-09,0.722805210252947,0.0510245291694555,0.821290010762832,0.999950297526443
ACTR1A,4.23150685062873e-09,0.72206451842563,0.0509191751844649,0.821471490227134,0.999950297526443
G3BP2,4.22786672588157e-09,0.721447725644772,0.0508316071231211,0.821622482426448,0.999950297526443
DDX17,4.22547593696279e-09,0.721042345770501,0.050774134506328,0.821721655831529,0.999950297526443
C16orf13,4.22516693775744e-09,0.720989936061363,0.0507667087896547,0.821734473776383,0.999950297526443
ASNA1,4.21630621822727e-09,0.719485488353093,0.0505540033986539,0.822102055521215,0.999950297526443
RASGRP2,4.21029950744363e-09,0.718463887618465,0.0504100636767659,0.822351262605734,0.999950297526443
CAPZA2,4.20239623997978e-09,0.717117588984051,0.0502209891048879,0.822679181545955,0.999950297526443
GABARAPL1,4.20227416594947e-09,0.717096774932915,0.0502180714411779,0.82268424683163,0.999950297526443
ARID4B,4.20012870895227e-09,0.716730872004371,0.0501668071946411,0.822773270678737,0.999950297526443
ATPIF1,4.19680989666174e-09,0.716164501601522,0.0500875579865681,0.822910986363131,0.999950297526443
LINC00493,4.19501683383145e-09,0.715858327985925,0.050044767888725,0.822985392622583,0.999950297526443
MGEA5,4.19149088825411e-09,0.715255889427579,0.0499606771787173,0.823131712505858,0.999950297526443
HMCES,4.19121626582491e-09,0.715208947328596,0.0499541306426873,0.823143109060712,0.999950297526443
LSM14A,4.18236873365918e-09,0.713695024709456,0.0497434498969921,0.823510292702076,0.999950297526443
CKLF,4.17430575093801e-09,0.712312662720279,0.0495518388790349,0.823844950215782,0.999950297526443
ATP5G1,4.17189934222181e-09,0.711899597095714,0.0494947239412624,0.823944835438399,0.999950297526443
MRPL24,4.16373435663333e-09,0.710496348235502,0.0493011774476884,0.824283768936598,0.999950297526443
ATP5B,4.15829987513211e-09,0.709560900629813,0.0491725662223038,0.824509375723448,0.999950297526443
LYSMD2,4.15670454909894e-09,0.709286070840602,0.0491348434849041,0.82457560676035,0.999950297526443
SS18L2,4.14347642623173e-09,0.707003320790678,0.048822611747737,0.825124829280035,0.999950297526443
MFSD1,4.14110707661002e-09,0.706593706816384,0.0487667915856543,0.825223212086939,0.999950297526443
EIF5B,4.13502199095742e-09,0.705540681213585,0.0486235776716483,0.82547589645036,0.999950297526443
VPS28,4.13169816476543e-09,0.704964862577943,0.0485454395790816,0.825613926615686,0.999950297526443
RHOB,4.12417284431057e-09,0.703659530102236,0.0483687629271003,0.825926454212043,0.999950297526443
DNAJC7,4.10270868921529e-09,0.699923758597582,0.0478666050208977,0.826818014913538,0.999950297526443
CHMP4B,4.09955004216015e-09,0.699372419284965,0.0477929290565819,0.826949235112888,0.999950297526443
CCDC85B,4.09789758935735e-09,0.699083822140309,0.0477544079301325,0.827017885159629,0.999950297526443
HSBP1L1,4.09758897801171e-09,0.699029911460985,0.0477472154628589,0.82703070635814,0.999950297526443
MAGEF1,4.09372074537812e-09,0.698353846380396,0.0476571087398978,0.827191415242548,0.999950297526443
BAD,4.09013861769395e-09,0.697727236648261,0.0475737424482893,0.827340244117368,0.999950297526443
EIF3I,4.08842572313299e-09,0.697427419081705,0.0475339043160905,0.827411412999175,0.999950297526443
SYNGR2,4.08624113107049e-09,0.697044862271753,0.047483119758023,0.827502182448932,0.999950297526443
SLC52A2,4.0855591384093e-09,0.696925394213809,0.0474672712381742,0.827530519606618,0.999950297526443
PSENEN,4.08470517028131e-09,0.696775773301994,0.0474474299880561,0.827566002752985,0.999950297526443
SSBP4,4.0840665066847e-09,0.69666385551161,0.0474325938733227,0.827592540031833,0.999950297526443
MRPS33,4.08327720278469e-09,0.696525516633052,0.0474142615991118,0.827625336877448,0.999950297526443
MCUR1,4.0827293224763e-09,0.696429476202572,0.0474015386825908,0.82764810236156,0.999950297526443
LPXN,4.08195490224654e-09,0.696293703409881,0.0473835579515222,0.827680281263585,0.999950297526443
NDUFA13,4.07776552434645e-09,0.695558784027593,0.0472863468017533,0.827854364350083,0.999950297526443
CASP3,4.06330379774511e-09,0.693016250263731,0.0469515410862685,0.828455363854007,0.999950297526443
PAIP1,4.05877453438766e-09,0.692218164681567,0.0468469280009137,0.82864361135942,0.999950297526443
FMNL1,4.0578396584943e-09,0.692053326822577,0.046825349556769,0.828682468363794,0.999950297526443
FUOM,4.05632288126125e-09,0.691785810049285,0.0467903504655398,0.828745512296854,0.999950297526443
EI24,4.05532070638519e-09,0.691609001834864,0.0467672328181759,0.828787167697779,0.999950297526443
SOAT1,4.05034421345831e-09,0.690730403448688,0.0466525222842824,0.8289940227659,0.999950297526443
AUP1,4.04208720607973e-09,0.68927033774447,0.0464625050626195,0.829337263274999,0.999950297526443
CCL4L2,4.04202042007731e-09,0.689258516451685,0.0464609697076496,0.829340039675435,0.999950297526443
FAM195A,4.04130222858367e-09,0.689131382849758,0.0464444606822914,0.829369896173796,0.999950297526443
GPAA1,4.03434347446324e-09,0.687898423816907,0.0462846521318735,0.829659196720458,0.999950297526443
LRMP,4.02027492596363e-09,0.685399482947015,0.0459624076231019,0.830244147614251,0.999950297526443
TMCO1,4.0177456907536e-09,0.684949332919236,0.0459045940783457,0.830349319722564,0.999950297526443
ZFAND5,4.00460202936046e-09,0.682605642908299,0.045604740588429,0.830895915879542,0.999950297526443
GAPT,4.00029989016997e-09,0.681836906517932,0.0455068069846841,0.831074843687708,0.999950297526443
CCT5,3.99914705988022e-09,0.681630775610047,0.0454805819177791,0.831122791880386,0.999950297526443
THRAP3,3.99874284979398e-09,0.681558487610559,0.0454713885669943,0.83113960382129,0.999950297526443
SSR2,3.99019229579639e-09,0.680027676908488,0.0452771325798708,0.831495257298693,0.999950297526443
BCAS2,3.98480820292836e-09,0.679062139685988,0.0451550272771604,0.831719222059926,0.999950297526443
CCT3,3.98396625046567e-09,0.678911037665466,0.0451359476286457,0.831754246406915,0.999950297526443
ZBTB20,3.98202057996083e-09,0.678561737997427,0.0450918718348214,0.831835185554802,0.999950297526443
JMJD1C,3.97193619731656e-09,0.676748687934601,0.0448637726115448,0.832254720566609,0.999950297526443
KLF6,3.96829589542229e-09,0.6760931177544,0.0447815744958012,0.832406177784973,0.999950297526443
FAM45A,3.96305819966648e-09,0.675148862382483,0.0446634394182766,0.832624106568628,0.999950297526443
ALG2,3.95843377283526e-09,0.674314169145419,0.0445592661805729,0.832816529300272,0.999950297526443
ELMO1,3.95833584991542e-09,0.674296484253145,0.0445570616119326,0.832820603988321,0.999950297526443
TNFAIP3,3.95188212643102e-09,0.673130012066684,0.0444118872023624,0.833089160922529,0.999950297526443
ATRAID,3.95187463699906e-09,0.673128657332127,0.044411718867639,0.833089472589423,0.999950297526443
EIF4G1,3.95180591575943e-09,0.673116226495978,0.0444101742832996,0.833092332371655,0.999950297526443
SRA1,3.94757570424862e-09,0.672350632048666,0.0443151474096663,0.8332683736641,0.999950297526443
KDM6B,3.94254564242725e-09,0.671439250846109,0.0442022852727893,0.83347771180381,0.999950297526443
AAMDC,3.93912661073648e-09,0.670819128398984,0.0441256528138468,0.833620009784338,0.999950297526443
FAM3A,3.93711884367363e-09,0.670454730901582,0.0440806827161705,0.833703574345699,0.999950297526443
COMTD1,3.93539128096973e-09,0.670141045682387,0.0440420070047677,0.83377547812432,0.999950297526443
GGNBP2,3.928144121623e-09,0.668823685011164,0.0438799465996151,0.834077131023999,0.999950297526443
PSMC4,3.92407449892365e-09,0.668082899254747,0.0437890729870615,0.834246534102804,0.999950297526443
PTPN1,3.92270983295356e-09,0.667834326208094,0.0437586214413889,0.834303341734661,0.999950297526443
MRPS34,3.91746006610804e-09,0.666877308315948,0.0436415753937084,0.83452188446074,0.999950297526443
CTSA,3.91613665822065e-09,0.666635860038799,0.0436120941234283,0.834576978671402,0.999950297526443
CCDC88A,3.91440218369093e-09,0.66631929610509,0.043573470693504,0.834649187045777,0.999950297526443
HIST1H2AC,3.9115208004143e-09,0.665793108167495,0.0435093456217119,0.834769145767331,0.999950297526443
FOXP1,3.90742496320212e-09,0.665044498903072,0.0434182741926301,0.834939671661703,0.999950297526443
ABL2,3.90179622239082e-09,0.664014483515698,0.0432932741277902,0.835174031052719,0.999950297526443
PGRMC1,3.89826609962928e-09,0.663367769173982,0.0432149709937878,0.835321019428028,0.999950297526443
PDCD2,3.89798421600689e-09,0.663316104139647,0.0432087214706262,0.835332756836101,0.999950297526443
CCND3,3.89782465775852e-09,0.663286857916158,0.0432051841721531,0.835339400729913,0.999950297526443
ISCU,3.89634174747108e-09,0.663014992824753,0.0431723159801532,0.835401148638646,0.999950297526443
GARS,3.89575275561137e-09,0.66290698407797,0.043159264650266,0.835425674352307,0.999950297526443
MT1F,3.88717055780668e-09,0.661331404566534,0.0429693176082544,0.835783056561392,0.999950297526443
NDUFB11,3.87992901980719e-09,0.659999347507096,0.0428093688214081,0.83608463702892,0.999950297526443
ERN1,3.8756029553545e-09,0.659202440614939,0.042713958393907,0.836264811436804,0.999950297526443
PLEC,3.87475278890441e-09,0.6590457303499,0.0426952206688035,0.836300220665924,0.999950297526443
NCR3,3.87310807677225e-09,0.658742468424079,0.0426589827729406,0.836368723474015,0.999950297526443
JUN,3.87094050701191e-09,0.658342609590765,0.0426112482687511,0.836459005371783,0.999950297526443
STRBP,3.86877070922344e-09,0.657942123967408,0.0425634914617562,0.836549382227138,0.999950297526443
EIF4H,3.86580669534011e-09,0.657394698350719,0.0424982973928644,0.836672843417887,0.999950297526443
COPZ1,3.86496319446699e-09,0.657238837834545,0.0424797535582032,0.836707978814082,0.999950297526443
RSRP1,3.86131484668814e-09,0.656564325888571,0.0423995935363286,0.836859951754835,0.999950297526443
GGA2,3.86032116688234e-09,0.656380506664125,0.0423777739228451,0.836901344818506,0.999950297526443
MEAF6,3.85649206418885e-09,0.655671741234785,0.042293745489473,0.837060855442985,0.999950297526443
C11orf24,3.85242252330127e-09,0.654917728343826,0.0422045321259173,0.837230389450172,0.999950297526443
ZNHIT3,3.85163290533018e-09,0.654771337551684,0.0421872328595342,0.837263285215726,0.999950297526443
MYEOV2,3.8480358850518e-09,0.654104104429004,0.042108472771376,0.837413141959225,0.999950297526443
NCL,3.84236118773463e-09,0.653050249496019,0.041984369643047,0.837649569537562,0.999950297526443
HMOX1,3.8378243244092e-09,0.652206625539013,0.0418852821889399,0.837838601550855,0.999950297526443
IL6ST,3.83467480025094e-09,0.651620411184367,0.0418165637864257,0.837969834480986,0.999950297526443
SASH3,3.83364992199414e-09,0.651429552851586,0.0417942144806117,0.838012539610954,0.999950297526443
HNRNPUL1,3.83110651612721e-09,0.650955694024558,0.0417387767694859,0.838118521555432,0.999950297526443
PSMB8-AS1,3.82800534761469e-09,0.650377509510315,0.04167123148397,0.838247749052674,0.999950297526443
EMB,3.82550820317977e-09,0.649911612179265,0.0416168819553648,0.838351809685954,0.999950297526443
TMEM120A,3.82366370312437e-09,0.649567292150314,0.0415767597905695,0.838428675234582,0.999950297526443
RAD23B,3.82299783695652e-09,0.649442953059591,0.0415622804067533,0.838456424145068,0.999950297526443
MRPS16,3.82174661492332e-09,0.649209252432921,0.0415350791719509,0.838508567370949,0.999950297526443
NCF4,3.81408341254663e-09,0.647776327736805,0.0413686774519961,0.838827937896769,0.999950297526443
HCST,3.80898754742301e-09,0.646821929596842,0.0412582087755646,0.83904032714144,0.999950297526443
APH1A,3.80615066969384e-09,0.646290081991939,0.0411967746513213,0.839158569715619,0.999950297526443
TAF7,3.79999183738386e-09,0.645134132532687,0.0410635593532227,0.839415285619373,0.999950297526443
SH3BP5,3.79699553868742e-09,0.644571106259877,0.0409988275398199,0.83954018520256,0.999950297526443
LUC7L3,3.79638783816558e-09,0.644456862790513,0.0409857050513463,0.839565517463039,0.999950297526443
EGLN2,3.79377123530786e-09,0.643964758633118,0.0409292269676425,0.839674593588949,0.999950297526443
TMEM50A,3.78815255031762e-09,0.642906949054091,0.0408080820044808,0.839908825393984,0.999950297526443
TMEM33,3.78776299130324e-09,0.642833552243391,0.0407996893441577,0.839925065860499,0.999950297526443
PIK3IP1,3.78701420979578e-09,0.642692453930672,0.0407835600175197,0.839956282274706,0.999950297526443
BCAP31,3.78272316650743e-09,0.641883343677639,0.0406911891608022,0.840135179078897,0.999950297526443
SEL1L3,3.78010854787851e-09,0.641389903588217,0.040634957093336,0.84024418853455,0.999950297526443
TOMM22,3.77816523670937e-09,0.641022942278318,0.0405931878863843,0.840325211625416,0.999950297526443
ABHD2,3.77191385610172e-09,0.63984124249967,0.0404589674316402,0.840585863896049,0.999950297526443
HNRNPA1L2,3.76414811500626e-09,0.638370656206876,0.0402925424062169,0.840909681998215,0.999950297526443
ADAR,3.76068585841304e-09,0.637714073184231,0.0402184544803516,0.84105406084714,0.999950297526443
SMARCE1,3.75605095549125e-09,0.636834198433319,0.040119380126149,0.84124734834682,0.999950297526443
TAGAP,3.75336563727644e-09,0.636323948464245,0.040062035434853,0.841359337475358,0.999950297526443
CCDC124,3.75208020197766e-09,0.636079572548176,0.0400345996126011,0.841412946700919,0.999950297526443
RSRC2,3.74361374742439e-09,0.634467987965338,0.0398541297486739,0.841766059511527,0.999950297526443
ATP6V1E1,3.73955106499471e-09,0.633693413521318,0.0397676748811273,0.841935514260023,0.999950297526443
SLFN5,3.73627657059914e-09,0.633068522404611,0.0396980611687473,0.842072098963181,0.999950297526443
DHX36,3.73621787283527e-09,0.633057315957604,0.0396968138472107,0.842074547389623,0.999950297526443
DDX49,3.73383996732936e-09,0.632603189045055,0.0396463000727889,0.842173736893299,0.999950297526443
RMDN3,3.73354230133942e-09,0.632546321888555,0.0396399790280451,0.842186153602546,0.999950297526443
PDLIM2,3.72949429864798e-09,0.63177254398258,0.03955406825488,0.842355014115066,0.999950297526443
CNTRL,3.72706158713568e-09,0.631307141109673,0.0395024836449329,0.842456497010136,0.999950297526443
CCDC53,3.72489239853496e-09,0.630891906376158,0.03945651531333,0.842546989000969,0.999950297526443
MAPK13,3.72106393250156e-09,0.630158478247526,0.0393754497235563,0.842706706102874,0.999950297526443
PNP,3.71773162021902e-09,0.629519508323834,0.0393049577645298,0.842845729780101,0.999950297526443
BCLAF1,3.71417584768212e-09,0.628837082075457,0.0392298083626114,0.842994081594403,0.999950297526443
MKKS,3.71151685149172e-09,0.628326354915277,0.0391736588551215,0.843105022283922,0.999950297526443
DEK,3.71123617524726e-09,0.628272423440141,0.0391677342156023,0.843116733056347,0.999950297526443
PLEKHJ1,3.7104739832585e-09,0.6281259497162,0.0391516477871048,0.843148534486711,0.999950297526443
PCMT1,3.70916640981806e-09,0.627874600252981,0.0391240585170072,0.843203091816593,0.999950297526443
ATP6AP1,3.70590306133073e-09,0.627246928188729,0.0390552456042157,0.843339255389302,0.999950297526443
TRIM22,3.70468326909762e-09,0.627012176973284,0.0390295398886243,0.843390152556254,0.999950297526443
CCNDBP1,3.69868725056171e-09,0.625857150254044,0.0389033037459824,0.843640352502902,0.999950297526443
TMSB10,3.69720678661461e-09,0.6255716878431,0.0388721665299757,0.843702131259735,0.999950297526443
YWHAH,3.69411217987379e-09,0.62497463180724,0.0388071208175124,0.843831270206475,0.999950297526443
UBE2G1,3.69291272099767e-09,0.624743085558483,0.0387819239710806,0.843881325145018,0.999950297526443
GLS,3.68842129397077e-09,0.623875407220667,0.0386876459474715,0.844068763684533,0.999950297526443
BTG2,3.68776439701648e-09,0.623748419099824,0.0386738668633024,0.844096178386063,0.999950297526443
NT5C3A,3.68334781072263e-09,0.622894060748318,0.0385812881786276,0.844280503513886,0.999950297526443
C17orf62,3.67579632359365e-09,0.621430991778545,0.038423253987115,0.844595682695691,0.999950297526443
C1orf50,3.6751644473729e-09,0.621308437350961,0.0384100450649654,0.844622056673461,0.999950297526443
SBDS,3.67365322619973e-09,0.621015248910042,0.0383784632731987,0.844685134470412,0.999950297526443
ATP2A3,3.67248918410969e-09,0.620789336748757,0.0383541457526951,0.844733721823474,0.999950297526443
PHF20,3.66926760629594e-09,0.620163747812492,0.0382868852850109,0.84486819421412,0.999950297526443
CDKN2D,3.6658283585041e-09,0.619495306776311,0.0382151454240447,0.845011757390653,0.999950297526443
QRSL1,3.65741062145304e-09,0.617856714095933,0.0380398422314079,0.845363157405834,0.999950297526443
RAB10,3.6568197343859e-09,0.617741556073357,0.0380275518776919,0.845387825253935,0.999950297526443
NDUFA6,3.65641721401456e-09,0.617663098598951,0.0380191806573574,0.845404629417063,0.999950297526443
FAM96B,3.65640126347215e-09,0.617659989419268,0.0380188489527431,0.84540529531156,0.999950297526443
TMC8,3.65314766668337e-09,0.617025505016058,0.0379512179896738,0.845541126993964,0.999950297526443
ARPC5L,3.64775081871325e-09,0.615971865239073,0.0378391690483668,0.845766445593732,0.999950297526443
NTHL1,3.6468730426186e-09,0.61580035310398,0.0378209603913502,0.845803093970889,0.999950297526443
DEF8,3.64192801953992e-09,0.614833382877465,0.0377184623224501,0.846009561818321,0.999950297526443
MRPL20,3.64052759684576e-09,0.614559308949498,0.0376894603023016,0.846068035107263,0.999950297526443
NDUFS7,3.63985337210633e-09,0.614427321602892,0.0376755014390298,0.846096187008526,0.999950297526443
TMED4,3.63767903961937e-09,0.614001510410726,0.0376305025940499,0.846186976462248,0.999950297526443
GPBP1,3.63307733559485e-09,0.613099526046425,0.0375353568124189,0.846379127771499,0.999950297526443
CCR7,3.62307732237204e-09,0.611135618862844,0.0373290097130034,0.846796725360544,0.999950297526443
HSPE1,3.62215781321514e-09,0.610954774342829,0.0373100644862994,0.846835125952333,0.999950297526443
TPD52L2,3.62008503593168e-09,0.61054694870795,0.0372673753874148,0.84692169072471,0.999950297526443
PMPCB,3.61597945679737e-09,0.60973849920833,0.0371828926222892,0.847093156239364,0.999950297526443
IFI44L,3.61523133798816e-09,0.60959108840153,0.0371675084951958,0.847124401472893,0.999950297526443
PRPF38B,3.61454498718951e-09,0.609455822673167,0.0371533973497527,0.847153067172586,0.999950297526443
NCKAP1L,3.6128443276574e-09,0.609120550914255,0.0371184438963585,0.847224096729977,0.999950297526443
DDX27,3.61263768367634e-09,0.609079802321702,0.0371141978879715,0.847232727484144,0.999950297526443
AIP,3.60820104533569e-09,0.608204390329877,0.0370230948337327,0.847418033862813,0.999950297526443
IMP4,3.6063090112356e-09,0.607830750041866,0.0369842773780345,0.84749706157412,0.999950297526443
PPIF,3.60360904100929e-09,0.607297231251127,0.0369289193556326,0.847609838342484,0.999950297526443
FCRL5,3.60191973363183e-09,0.606963225593088,0.0368943042390209,0.847680401680588,0.999950297526443
LYN,3.60174701737345e-09,0.606929068072997,0.0368907660738885,0.847687616206576,0.999950297526443
NEMF,3.59824370022531e-09,0.606235888360716,0.0368190357726181,0.847833955923075,0.999950297526443
HADHA,3.59696872854595e-09,0.605983456454025,0.0367929480948255,0.847887215033935,0.999950297526443
EML4,3.5966590882605e-09,0.605922137719698,0.0367866138231358,0.847900149674147,0.999950297526443
PIP4K2A,3.59609254374316e-09,0.605809930538433,0.036775025506085,0.84792381611122,0.999950297526443
IGHD,3.59455414533127e-09,0.605505156676185,0.0367435677285609,0.847988080789323,0.999950297526443
SKA2,3.59177580332455e-09,0.604954418106922,0.036686789201499,0.848104145127564,0.999950297526443
LYPLAL1,3.59003584811293e-09,0.60460930568156,0.036651253626763,0.848176832870894,0.999950297526443
SNAP23,3.58952549647157e-09,0.604508049170568,0.0366408338433934,0.848198153382501,0.999950297526443
WTAP,3.58950058574459e-09,0.604503106393854,0.0366403252822244,0.848199194058873,0.999950297526443
ISG20,3.58627002222094e-09,0.603861819455727,0.036574402110292,0.848334157080039,0.999950297526443
MT-ND5,3.58529866595708e-09,0.603668890533921,0.0365545921333083,0.848374738230854,0.999950297526443
CHURC1,3.58311326729447e-09,0.603234646949989,0.0365100424223575,0.848466040900186,0.999950297526443
PNRC2,3.58305096941253e-09,0.603222264487462,0.0365087728679951,0.84846864364181,0.999950297526443
EIF4E,3.57953149376556e-09,0.602522389292278,0.036437086122719,0.848615686407603,0.999950297526443
NHP2,3.57258295324094e-09,0.601138672069394,0.0362957610187788,0.848906010063752,0.999950297526443
PDCD5,3.57239006688497e-09,0.601100224181219,0.0362918418554293,0.848914069526695,0.999950297526443
EIF4A3,3.56913764504013e-09,0.600451620544895,0.0362257893556053,0.849049969403143,0.999950297526443
CXCR5,3.56683759744385e-09,0.599992597741358,0.0361791146678441,0.849146077782608,0.999950297526443
MKRN1,3.56553855970339e-09,0.599733221640058,0.0361527666910867,0.849200359568517,0.999950297526443
NKTR,3.55947256410431e-09,0.598520832604205,0.0360298590450309,0.849453843631113,0.999950297526443
LINC00657,3.55787190684557e-09,0.598200583486761,0.035997461836034,0.849520734028326,0.999950297526443
CHST12,3.55329284807771e-09,0.597283669166571,0.0359048624256226,0.849712095814956,0.999950297526443
BCL2,3.55071292075602e-09,0.596766561749097,0.0358527427096103,0.849819916523805,0.999950297526443
UQCRC2,3.53674829139501e-09,0.59396127465292,0.0355712861517436,0.850403577102914,0.999950297526443
SHMT2,3.53489438504114e-09,0.593588051439349,0.0355340041378089,0.850481068470891,0.999950297526443
SUMO2,3.53424187723131e-09,0.593456645601461,0.0355208868716551,0.850508342966043,0.999950297526443
CD58,3.53406608014746e-09,0.593421238566024,0.0355173532634634,0.850515691225478,0.999950297526443
RALA,3.5329641346546e-09,0.593199258721241,0.0354952076189367,0.850561752475038,0.999950297526443
XRCC5,3.52625217239895e-09,0.591845736970939,0.0353604673968847,0.850842323065654,0.999950297526443
CYC1,3.5205697598901e-09,0.590697893631718,0.0352465952998614,0.85107987161896,0.999950297526443
UQCR11,3.52008467755542e-09,0.590599824792428,0.0352368830521215,0.851100150710982,0.999950297526443
RAN,3.51727922156688e-09,0.590032392098592,0.0351807388735439,0.851217436031183,0.999950297526443
NF1,3.51414063328117e-09,0.58939706369946,0.0351179809387037,0.851348652231395,0.999950297526443
STXBP2,3.51394857602347e-09,0.58935816880887,0.0351141424589661,0.851356681778695,0.999950297526443
ARHGAP24,3.51312556764543e-09,0.589191472327739,0.0350976960890008,0.851391090362328,0.999950297526443
AKNA,3.50646504316603e-09,0.587841030518252,0.0349647390065212,0.85166956599188,0.999950297526443
ELOVL5,3.49885506131195e-09,0.586295059716536,0.0348131377260088,0.851987760942618,0.999950297526443
NTAN1,3.49100242986216e-09,0.584696399924742,0.0346570478268715,0.852316127020145,0.999950297526443
CISD3,3.48844982448614e-09,0.584175988606391,0.0346063841991657,0.85242287242578,0.999950297526443
FOSB,3.48338943811786e-09,0.583143220707513,0.0345060561641471,0.852634496750442,0.999950297526443
FLOT1,3.4774998715444e-09,0.581939407548912,0.0343894720635867,0.852880810579267,0.999950297526443
SUGT1,3.47365331431039e-09,0.581152121346877,0.0343134358780644,0.853041689287379,0.999950297526443
CREB3,3.47211681081548e-09,0.580837406222881,0.0342830868196283,0.853105953837713,0.999950297526443
HDGF,3.46811713670273e-09,0.580017542197407,0.0342041481176404,0.853273245537919,0.999950297526443
RGS2,3.46431975445706e-09,0.579238302353682,0.0341292861041482,0.853432082218308,0.999950297526443
C12orf57,3.46080876405516e-09,0.578517100002709,0.0340601430206693,0.85357894500464,0.999950297526443
SYTL1,3.45881552888374e-09,0.578107350724608,0.0340209207872401,0.853662323187888,0.999950297526443
HNRNPA3,3.45528750565355e-09,0.577381537968653,0.0339515528873114,0.853809906452542,0.999950297526443
TALDO1,3.45087301910617e-09,0.576472350232367,0.0338648550767827,0.853994579204079,0.999950297526443
CAMTA1,3.44995143164339e-09,0.576282403076039,0.0338467696483637,0.854033133302799,0.999950297526443
TNIP1,3.44936680586834e-09,0.576161881336542,0.0338352993319098,0.854057590977516,0.999950297526443
CYSLTR1,3.44714366893416e-09,0.57570339783434,0.0337916992929286,0.854150596641918,0.999950297526443
ZCCHC7,3.43923310512939e-09,0.57406967104455,0.0336367857160022,0.854481554108028,0.999950297526443
EPS8L2,3.42415720991592e-09,0.570946092503908,0.033342538019828,0.855112361304851,0.999950297526443
NOB1,3.42188493864798e-09,0.570474153171894,0.033298300475677,0.855207445959546,0.999950297526443
GABARAPL2,3.41872714049487e-09,0.569817793522303,0.0332368718791786,0.85533958954797,0.999950297526443
S1PR4,3.41832253595722e-09,0.569733652874598,0.0332290052125171,0.855356521226001,0.999950297526443
IL2RG,3.41711698604227e-09,0.5694828926203,0.0332055714024634,0.855406970839989,0.999950297526443
SEC62,3.40188099999099e-09,0.566306378072836,0.0329101224924862,0.856044614232366,0.999950297526443
ZCCHC11,3.40007751591565e-09,0.565929468495161,0.0328752375867124,0.85612009832705,0.999950297526443
IL27RA,3.39731716387069e-09,0.565352210771715,0.0328218797486519,0.856235634291502,0.999950297526443
RAB27A,3.39426616752312e-09,0.564713646971064,0.0327629541525006,0.856363338908546,0.999950297526443
UFM1,3.39330030503766e-09,0.564511379965274,0.0327443109439643,0.856403767501858,0.999950297526443
GEMIN7,3.39274597881061e-09,0.56439527019906,0.032733613660409,0.856426970384581,0.999950297526443
MTF2,3.38978033054396e-09,0.563773772179119,0.0326764128223361,0.856551108038128,0.999950297526443
POU2AF1,3.38931206634123e-09,0.563675592273753,0.0326673856075595,0.856570709210106,0.999950297526443
SFPQ,3.38666537894015e-09,0.563120421839231,0.0326163861137908,0.856681499130044,0.999950297526443
PAPOLA,3.38621267039331e-09,0.563025419676718,0.0326076667818145,0.85670044972178,0.999950297526443
WIPI1,3.38472850266436e-09,0.56271387719296,0.0325790893440033,0.85676257825715,0.999950297526443
TSPYL1,3.37880780841575e-09,0.561469751770769,0.0324652118966323,0.857010432430438,0.999950297526443
SF3B5,3.37758979247969e-09,0.561213547961776,0.0324418095486405,0.85706142318909,0.999950297526443
PES1,3.37541460200572e-09,0.560755785915236,0.032400037517947,0.857152486381693,0.999950297526443
CNOT7,3.37464954582603e-09,0.560594714771492,0.0323853518910259,0.857184515503898,0.999950297526443
HCFC1R1,3.36863061084656e-09,0.559326291329591,0.0322699316123476,0.857436506771167,0.999950297526443
RNASEH2B,3.36566134113818e-09,0.558699747579502,0.0322130682086769,0.857560824821111,0.999950297526443
KLF10,3.36548706959828e-09,0.558662958132669,0.032209732355724,0.857568121370816,0.999950297526443
ATP5A1,3.36042875662877e-09,0.557594327905896,0.0321129829317487,0.857779912439833,0.999950297526443
TRBC2,3.35875659876831e-09,0.557240723855905,0.0320810318799064,0.857849927778141,0.999950297526443
MED28,3.34885392983805e-09,0.555143171515614,0.031892140838488,0.85826458779814,0.999950297526443
RHBDD2,3.346714073625e-09,0.554689129981768,0.0318513968743569,0.858354196341792,0.999950297526443
PFN1,3.34579422564887e-09,0.554493867865495,0.0318338904988777,0.85839271642426,0.999950297526443
PTPN7,3.33929189085087e-09,0.553112100377628,0.0317102765168607,0.858665021542527,0.999950297526443
PDE4B,3.33868059445208e-09,0.552982064813916,0.0316986677062478,0.858690622310408,0.999950297526443
TRAF5,3.33425600100146e-09,0.552040177596155,0.0316147059268595,0.858875926357792,0.999950297526443
PTPRE,3.33201127129201e-09,0.551561869977657,0.0315721521570474,0.858969939663221,0.999950297526443
CD180,3.32652255900278e-09,0.550391026817241,0.0314682222975036,0.859199825195975,0.999950297526443
ARRB2,3.31914973599658e-09,0.548815340044952,0.0313288860874053,0.859508642336794,0.999950297526443
RAD23A,3.31859022124529e-09,0.548695625639638,0.031318324649774,0.859532078979527,0.999950297526443
CCDC47,3.31713921834645e-09,0.548385076938649,0.0312909437185951,0.859592858358545,0.999950297526443
ARMCX3,3.3125511660214e-09,0.547402265414515,0.0312044443629256,0.85978504743822,0.999950297526443
MRPL33,3.30787907819039e-09,0.546400105974978,0.0311164837036067,0.859980765220142,0.999950297526443
C14orf2,3.30185599690192e-09,0.545106148376489,0.0310032712922087,0.860233089972,0.999950297526443
CTSZ,3.29636520091982e-09,0.543924563320692,0.030900243725848,0.860463128147722,0.999950297526443
PGD,3.28945164831216e-09,0.542434114229779,0.0307707638768534,0.860752789881303,0.999950297526443
CDC42,3.28636903322144e-09,0.541768581147693,0.0307131190252679,0.86088195030666,0.999950297526443
RSF1,3.2787539742026e-09,0.540121921007262,0.0305709492081608,0.861201034388969,0.999950297526443
LSM6,3.27754316992834e-09,0.539859760975159,0.0305483744120133,0.861251771261399,0.999950297526443
CSDE1,3.26977571045496e-09,0.538175752716105,0.0304037526152729,0.861577268195635,0.999950297526443
GRB2,3.26587882983932e-09,0.537329447287704,0.0303313261228923,0.861740576612391,0.999950297526443
PFDN2,3.26583834466564e-09,0.537320649818701,0.0303305741284316,0.861742273274722,0.999950297526443
DNAJC8,3.26580863918909e-09,0.537314194722004,0.0303300223680772,0.861743518179336,0.999950297526443
TRAPPC3,3.26128313605055e-09,0.536330127821215,0.0302460226452347,0.861933178117779,0.999950297526443
NLRC5,3.25713714370554e-09,0.535427431570543,0.0301691694164682,0.862106940073013,0.999950297526443
SYNE2,3.25532844117895e-09,0.535033281088076,0.0301356725756045,0.862182746377193,0.999950297526443
RAB11A,3.24915702752639e-09,0.533686825834749,0.0300215191711499,0.862441412092977,0.999950297526443
SRP54,3.24582095442772e-09,0.53295794951664,0.0299599016099968,0.862581244828101,0.999950297526443
SRP14,3.24362411143097e-09,0.53247758233916,0.0299193602938276,0.862673328664691,0.999950297526443
ILK,3.23914549041654e-09,0.531497305730204,0.0298367952598341,0.862861062289938,0.999950297526443
MDM4,3.23902617511106e-09,0.531471172275047,0.0298345971981635,0.862866063822626,0.999950297526443
SF3B2,3.23869635345666e-09,0.531398927106803,0.0298285215478423,0.862879889519099,0.999950297526443
PXK,3.23816894490174e-09,0.531283387176417,0.0298188074315457,0.862901997889743,0.999950297526443
NFKB2,3.23628124805669e-09,0.530869699101646,0.0297840517021092,0.862981128888159,0.999950297526443
RNF7,3.23166275247915e-09,0.529856577965046,0.0296991027459468,0.863174738951086,0.999950297526443
ELOF1,3.2306169920377e-09,0.529626984770424,0.0296798847000087,0.863218578988004,0.999950297526443
SHKBP1,3.23027930043971e-09,0.529552830442909,0.0296736802357276,0.863232735677839,0.999950297526443
FAM177A1,3.22634901659084e-09,0.528689223192738,0.0296015161744479,0.86339750406432,0.999950297526443
CRIP2,3.21915426296347e-09,0.527105683792809,0.0294696407033686,0.863699143455869,0.999950297526443
TRAC,3.21863416439739e-09,0.526991080054911,0.0294601190225372,0.863720949311493,0.999950297526443
CAPG,3.21459427847022e-09,0.526100283963633,0.0293862113817848,0.863890330680252,0.999950297526443
GZMB,3.21419673681738e-09,0.526012567714426,0.0293789435777182,0.863906998852763,0.999950297526443
SPN,3.2130067250394e-09,0.525749933164509,0.0293571933117712,0.86395689416654,0.999950297526443
KIF22,3.21048628152462e-09,0.52519336439145,0.0293111528693708,0.864062574172261,0.999950297526443
CINP,3.2102628718638e-09,0.525144010399052,0.0293070736325801,0.864071941662504,0.999950297526443
SYS1,3.20541363509575e-09,0.524071938291402,0.0292186013747674,0.864275273198167,0.999950297526443
BMI1,3.19997824880432e-09,0.522868423888318,0.0291195940368776,0.864503193033221,0.999950297526443
ADD3,3.19638903613921e-09,0.522072614544087,0.029054307467482,0.864653704204355,0.999950297526443
CAP1,3.18927590181397e-09,0.520492929225676,0.0289251384368194,0.864952003116939,0.999950297526443
U2AF1L4,3.18241095882871e-09,0.518965145084823,0.0288007492518489,0.865239912039458,0.999950297526443
ANKRD11,3.18144910958354e-09,0.518750833615645,0.0287833424536855,0.865280252475527,0.999950297526443
IMPDH1,3.17546055932803e-09,0.517415109549372,0.0286750847023007,0.865531423146629,0.999950297526443
PAK1,3.17411007159339e-09,0.517113553406139,0.0286506995054271,0.86558806693215,0.999950297526443
P2RY10,3.16919309110037e-09,0.516014576228128,0.0285620032639807,0.865794306690335,0.999950297526443
NDFIP1,3.16246668720728e-09,0.514508521518107,0.0284408899812889,0.866076456413714,0.999950297526443
SNRPD1,3.15742793938324e-09,0.513378316132582,0.0283503326272972,0.866287825899486,0.999950297526443
PSMC2,3.15335163810036e-09,0.512462719941908,0.0282771782108154,0.866458828894428,0.999950297526443
VAT1,3.13826975548363e-09,0.509065182979624,0.0280073363020052,0.867091576134861,0.999950297526443
BLOC1S2,3.13789136696238e-09,0.508979740537037,0.0280005828891369,0.867107452192387,0.999950297526443
ZNF274,3.13599530780486e-09,0.508551449462279,0.0279667546169321,0.867187006005444,0.999950297526443
ASL,3.1346400713565e-09,0.508245169372191,0.0279425878872007,0.867243869099494,0.999950297526443
KCNQ1OT1,3.13370825281576e-09,0.508034506773338,0.027925977653891,0.867282966797557,0.999950297526443
IFI35,3.13245012321682e-09,0.507749977172809,0.0279035585623321,0.867335756529685,0.999950297526443
C21orf59,3.12976774068782e-09,0.507142981481109,0.027855790222483,0.867448308320993,0.999950297526443
DHRS7,3.12749315386026e-09,0.50662787354909,0.0278153160436402,0.867543751259058,0.999950297526443
GLTP,3.12687881893521e-09,0.506488688100274,0.0278043895661311,0.867569529428036,0.999950297526443
PRKD2,3.1265694297441e-09,0.506418582054625,0.0277988876247295,0.867582511792019,0.999950297526443
MTCH1,3.12056684990282e-09,0.505057105074205,0.0276922500672797,0.86783439474064,0.999950297526443
MZT2B,3.11797715046521e-09,0.504468943540189,0.0276463065893311,0.867943069014986,0.999950297526443
PLP2,3.10939015421071e-09,0.502515333389727,0.0274942388747063,0.868303431991746,0.999950297526443
DDX24,3.10892776139439e-09,0.502409988132975,0.0274860622274286,0.868322837604526,0.999950297526443
HCK,3.10626411317375e-09,0.501802845297137,0.0274389837214095,0.868434626625137,0.999950297526443
CPNE5,3.10582337052689e-09,0.501702335642312,0.027431197730324,0.868453124136997,0.999950297526443
CIR1,3.10248406754857e-09,0.500940374433042,0.0273722427765023,0.868593273559081,0.999950297526443
GLIPR1,3.10186577936637e-09,0.500799207055302,0.027361333938622,0.868619223359156,0.999950297526443
GLMP,3.09964867301467e-09,0.500292775321579,0.0273222340473454,0.868712277354993,0.999950297526443
RNMT,3.09518569825064e-09,0.49927228444474,0.0272436118108007,0.868899598030388,0.999950297526443
MYL12B,3.0945417461332e-09,0.499124923380036,0.0272322769454615,0.868926626697181,0.999950297526443
C8orf59,3.0904543968623e-09,0.498188891922596,0.0271603862893696,0.869098188988189,0.999950297526443
PTK2B,3.08431433854089e-09,0.496780535226708,0.0270525699812929,0.8693559232152,0.999950297526443
AHCYL1,3.08196236724469e-09,0.496240344628793,0.027011327357172,0.869454652910791,0.999950297526443
TNFSF10,3.07723364966984e-09,0.495153072028058,0.0269285028871552,0.869653158449615,0.999950297526443
MGAT4A,3.07634270397426e-09,0.494948037229204,0.0269129120264594,0.869690560134761,0.999950297526443
ZEB2,3.06970801026519e-09,0.493419385274403,0.0267969520064988,0.869969092137477,0.999950297526443
TCEAL4,3.06924102921346e-09,0.493311671845794,0.0267887996239498,0.869988697142285,0.999950297526443
FNBP4,3.06566506225259e-09,0.492486319556368,0.0267264128282074,0.870138827614907,0.999950297526443
IFT57,3.06453619474579e-09,0.49222557856878,0.0267067335589084,0.870186222037403,0.999950297526443
APPL1,3.06324282093084e-09,0.491926727021834,0.026684195400721,0.870240523673016,0.999950297526443
PBXIP1,3.06320137397521e-09,0.491917148133988,0.0266834733089737,0.870242263812287,0.999950297526443
SNN,3.06048141286721e-09,0.491288259824125,0.0266361073163083,0.870356462020102,0.999950297526443
CCT7,3.06031349509374e-09,0.491249417560323,0.0266331845387898,0.870363512175997,0.999950297526443
EAPP,3.05572827490356e-09,0.490187984303972,0.0265534361527768,0.870556030125561,0.999950297526443
NDUFB8,3.05485525008928e-09,0.489985714051302,0.0265382656303698,0.87059268636621,0.999950297526443
BRK1,3.05335701946698e-09,0.489638460851946,0.0265122410309226,0.870655594163292,0.999950297526443
GRK6,3.05015704196581e-09,0.488896235129885,0.0264566994627234,0.870789957750335,0.999950297526443
PAOX,3.04912040921216e-09,0.488655630456609,0.026438719260176,0.870833485636086,0.999950297526443
BTG3,3.04608704786086e-09,0.487951128536634,0.0263861412792652,0.870960857779408,0.999950297526443
MAPKAPK3,3.04534992181735e-09,0.487779828178612,0.0263733724001978,0.870991810523525,0.999950297526443
NOSIP,3.04434599298658e-09,0.487546461487346,0.026355986795653,0.871033966931843,0.999950297526443
CREB1,3.04379272491764e-09,0.487417820789062,0.0263464079889598,0.871057199606445,0.999950297526443
PSMD9,3.04309540435797e-09,0.487255654313211,0.0263343376614695,0.871086481450543,0.999950297526443
ALKBH7,3.04156780510212e-09,0.486900276108151,0.0263079052220006,0.87115062892651,0.999950297526443
BEX2,3.04126181815112e-09,0.486829071161931,0.0263026122472545,0.871163478138225,0.999950297526443
CCR6,3.04066611645839e-09,0.486690428137019,0.0262923093025855,0.871188493345535,0.999950297526443
PLEKHF2,3.0393822102324e-09,0.486391524201547,0.0262701103951861,0.871242408655462,0.999950297526443
YKT6,3.03847631592183e-09,0.486180551457859,0.0262544530047131,0.871280450401627,0.999950297526443
MORF4L1,3.0363646878798e-09,0.48568854169506,0.026217973947984,0.871369126380866,0.999950297526443
ARFGAP2,3.03525218326759e-09,0.4854291954917,0.0261987652714755,0.871415845692837,0.999950297526443
MAP4K2,3.03257916328274e-09,0.484805689175739,0.0261526412707332,0.871528100233728,0.999950297526443
MRPL54,3.02896558233461e-09,0.483961947457907,0.0260903521261529,0.871679858120886,0.999950297526443
NONO,3.02869389049331e-09,0.48389847049331,0.0260856718366592,0.871691268428438,0.999950297526443
PLEKHO1,3.02857888839506e-09,0.483871600225947,0.0260836908837142,0.871696098207238,0.999950297526443
ZCRB1,3.02852116929089e-09,0.483858113773719,0.0260826966795145,0.871698522256167,0.999950297526443
CHCHD1,3.02076828782044e-09,0.482044350636126,0.0259493264883378,0.872024133609001,0.999950297526443
WDR34,3.01541137515086e-09,0.480788499262911,0.0258573730469136,0.872249129932499,0.999950297526443
CCT8,3.01410651239633e-09,0.480482267848561,0.0258349993017918,0.87230393719371,0.999950297526443
PPIG,3.01136398391761e-09,0.479838222268699,0.0257880062798455,0.872419131746595,0.999950297526443
EIF5,3.00843981541993e-09,0.479150899168806,0.0257379479916476,0.872541958713875,0.999950297526443
MSN,3.00734146660145e-09,0.478892567254734,0.0257191581297237,0.872588094624408,0.999950297526443
PMEPA1,3.00476235578691e-09,0.478285602794566,0.0256750632931077,0.872696431333677,0.999950297526443
PRMT1,3.00145108021003e-09,0.477505596478193,0.0256185061647329,0.872835526453098,0.999950297526443
ITGB1,2.99596789027118e-09,0.476212150417991,0.0255249895143459,0.873065864750361,0.999950297526443
RPL7L1,2.99586965890634e-09,0.476188957570406,0.025523315722407,0.873069991359847,0.999950297526443
PYURF,2.99553803020927e-09,0.476110653205164,0.0255176654128644,0.87308392280257,0.999950297526443
CD44,2.99552170682209e-09,0.476106798701941,0.0255173873101709,0.873084608535357,0.999950297526443
PMAIP1,2.9883491042723e-09,0.474411146803142,0.0253953338099617,0.873385933203118,0.999950297526443
IDH1,2.98699521290573e-09,0.474090638502875,0.0253723279740423,0.873442812927517,0.999950297526443
RBPJ,2.98540841631656e-09,0.473714816349961,0.025345377793901,0.873509478305653,0.999950297526443
FAM107B,2.98437977184353e-09,0.473471086118129,0.0253279149294577,0.873552694767432,0.999950297526443
CIAO1,2.98424310530906e-09,0.473438697841438,0.0253255952520935,0.873558436569801,0.999950297526443
MCM5,2.98289287889154e-09,0.473118634190515,0.0253026832099568,0.873615164298942,0.999950297526443
JKAMP,2.97685959589709e-09,0.471686773248904,0.0252004308870716,0.873868651530138,0.999950297526443
ZRANB2,2.97607077115257e-09,0.471499357521432,0.0251870771570559,0.873901794808515,0.999950297526443
POLR2F,2.97507351900851e-09,0.471262353424839,0.0251702000998532,0.873943695693921,0.999950297526443
CBX3,2.96666378927682e-09,0.469260676040348,0.0250281024976708,0.874297055809246,0.999950297526443
GOLGA4,2.96652877706496e-09,0.469228496039474,0.0250258245027068,0.874302728958499,0.999950297526443
NCBP2,2.963813751698e-09,0.468581073749051,0.0249800372133756,0.874416814410704,0.999950297526443
ST6GAL1,2.96059595216114e-09,0.467813021241146,0.0249258252254491,0.874552029829924,0.999950297526443
EMC7,2.95984738242147e-09,0.467634230943238,0.0249132221145036,0.874583486065934,0.999950297526443
MCM7,2.95945261928184e-09,0.467539927193754,0.0249065770651745,0.874600074797196,0.999950297526443
TCF25,2.95863967877318e-09,0.467345688217917,0.0248928956266777,0.874634236345748,0.999950297526443
ZFPL1,2.95777630977433e-09,0.467139343946015,0.0248783696141016,0.874670517266242,0.999950297526443
OPTN,2.95286446391829e-09,0.465964314388921,0.0247958094479803,0.874876930301242,0.999950297526443
CUTA,2.95227529012515e-09,0.465823243828116,0.0247859156083938,0.87490169002795,0.999950297526443
KRCC1,2.95076947232077e-09,0.465462570813925,0.0247606377796173,0.874964971805914,0.999950297526443
SCCPDH,2.94077613529864e-09,0.46306447373328,0.0245932086415138,0.875384960608702,0.999950297526443
NEDD8,2.93609235202872e-09,0.461937808800255,0.0245149316678523,0.875581817506953,0.999950297526443
OSER1,2.93440530636615e-09,0.461531573290185,0.0244867677531553,0.875652725017661,0.999950297526443
PSMD1,2.9339662003661e-09,0.46142580104036,0.0244794398750808,0.875671181062059,0.999950297526443
OGFOD3,2.93318520409536e-09,0.461237636319012,0.0244664091818979,0.875704007248013,0.999950297526443
MT2A,2.93277302822103e-09,0.461138311729935,0.0244595335471513,0.875721331567906,0.999950297526443
ARID1A,2.93113946329477e-09,0.460744529292543,0.0244322930427899,0.875789993138134,0.999950297526443
GCC2,2.9270927612857e-09,0.45976813302808,0.024364877649585,0.87596008707552,0.999950297526443
CAMK1D,2.9262377551066e-09,0.459561669291608,0.0243506457272632,0.875996026053772,0.999950297526443
MRPL57,2.92566140148804e-09,0.459422460800521,0.024341054435083,0.876020252409129,0.999950297526443
SEC13,2.92430783050468e-09,0.459095424812573,0.0243185366390393,0.876077148651005,0.999950297526443
TMEM14A,2.91348412894115e-09,0.456475062608217,0.0241388500408718,0.876532137047123,0.999950297526443
MGMT,2.90823320500291e-09,0.45520046577567,0.0240519183542252,0.876752881184035,0.999950297526443
SERPINB1,2.90819446820095e-09,0.455191054672686,0.0240512776296839,0.876754509680118,0.999950297526443
CDC40,2.90359564979478e-09,0.454072914265809,0.0239752717050761,0.876947847821817,0.999950297526443
SMUG1,2.90308445076002e-09,0.453948517951792,0.0239668304079113,0.876969339507026,0.999950297526443
SNRNP200,2.89975876771372e-09,0.453138723994779,0.0239119505527014,0.877109159146599,0.999950297526443
RBCK1,2.89916565125298e-09,0.452994208026371,0.0239021696556227,0.877134095578898,0.999950297526443
SYK,2.8940079255154e-09,0.451736300463373,0.0238171995712672,0.877350947301345,0.999950297526443
DENND3,2.89318778810861e-09,0.451536080067892,0.0238037022975906,0.877385430055055,0.999950297526443
NFKBID,2.88940657651896e-09,0.450612265021492,0.0237415231201568,0.877544414457109,0.999950297526443
SRI,2.88400401683972e-09,0.44929030685484,0.0236528231893127,0.87777157844988,0.999950297526443
WBP11,2.88332143203859e-09,0.449123114967698,0.0236416282347177,0.877800280133787,0.999950297526443
MBNL1,2.88247472813456e-09,0.448915670936689,0.0236277452735046,0.877835883007067,0.999950297526443
UBB,2.88170154988579e-09,0.448726189618635,0.0236150714356927,0.877868394431478,0.999950297526443
DDX18,2.87572621302052e-09,0.447260173612535,0.0235172391601373,0.878119658718537,0.999950297526443
ITGAE,2.8753372813181e-09,0.447164649814823,0.0235108783450508,0.878136013811795,0.999950297526443
TFEB,2.8749996075447e-09,0.447081705169842,0.0235053565296534,0.878150213483425,0.999950297526443
BRD4,2.87437582779567e-09,0.446928458109764,0.0234951578675345,0.878176444429133,0.999950297526443
NR1H2,2.87392707494324e-09,0.446818190986654,0.0234878222254987,0.878195315293932,0.999950297526443
SAFB2,2.87375115908503e-09,0.446774960590576,0.0234849468888333,0.878202712891145,0.999950297526443
AP3S1,2.86796208179266e-09,0.445350903155578,0.0233904228847659,0.878446160557681,0.999950297526443
NR3C1,2.86713557246595e-09,0.445147364258569,0.0233769431967886,0.878480918635383,0.999950297526443
ZNF821,2.86569756382314e-09,0.444793100968161,0.0233534997178078,0.878541393303876,0.999950297526443
SMC6,2.86538779608912e-09,0.444716765176591,0.0233484511950385,0.87855442050962,0.999950297526443
YPEL3,2.86444411644577e-09,0.444484166089313,0.0233330746865571,0.878594106927206,0.999950297526443
RAB11FIP1,2.8584918182593e-09,0.443015336722519,0.0232362034536361,0.878844437666118,0.999950297526443
ZMAT2,2.85641637681556e-09,0.442502494871011,0.0232024738679614,0.878931725589809,0.999950297526443
ADAM28,2.8542947447978e-09,0.441977868682513,0.0231680189265302,0.879020957695626,0.999950297526443
SAE1,2.85254636625194e-09,0.441545256664741,0.0231396447992004,0.879094492572828,0.999950297526443
SMARCA4,2.85204272276634e-09,0.441420589749269,0.0231314744832487,0.879115675456986,0.999950297526443
SAP18,2.84978536434739e-09,0.440861565322214,0.0230948723916578,0.879210619397578,0.999950297526443
TEX9,2.84852998972728e-09,0.440550493228649,0.0230745295748637,0.879263420897368,0.999950297526443
SNRPA1,2.84808231965758e-09,0.440439532157741,0.0230672774380807,0.879282250188462,0.999950297526443
POLR2G,2.84724852350019e-09,0.440232819789962,0.0230537731992467,0.879317320373164,0.999950297526443
THEMIS2,2.84611303018223e-09,0.439951217852994,0.0230353890045534,0.87936508058111,0.999950297526443
PAG1,2.84234327387622e-09,0.439015544019072,0.0229744073833095,0.879523644189689,0.999950297526443
DOK3,2.83998363993946e-09,0.438429262497553,0.0229362777952835,0.879622897645768,0.999950297526443
PTRHD1,2.83988221683308e-09,0.438404052114904,0.0229346395978153,0.879627163855771,0.999950297526443
TLK1,2.83940184971492e-09,0.438284637193499,0.0229268814486247,0.879647369821568,0.999950297526443
SFXN4,2.83887151341596e-09,0.438152777811993,0.0229183177985407,0.879669677761555,0.999950297526443
CUX1,2.83414351150935e-09,0.436976189648291,0.0228420426889548,0.879868559528859,0.999950297526443
TGFB1,2.83168195104439e-09,0.436362869737317,0.0228023815699399,0.879972107220459,0.999950297526443
XIST,2.82960880584446e-09,0.435845928981603,0.0227690054041335,0.88005931747693,0.999950297526443
SMCHD1,2.82839350520072e-09,0.435542723177786,0.0227494512915223,0.880110441770225,0.999950297526443
SRSF11,2.82667107565903e-09,0.435112778847646,0.0227217518955985,0.880182900411485,0.999950297526443
COX6C,2.82365374826313e-09,0.4343590007312,0.0226732691602238,0.880309834838913,0.999950297526443
SIPA1,2.82118413551128e-09,0.433741473907915,0.02263362569617,0.880413730023547,0.999950297526443
RHBDF2,2.81892594055903e-09,0.433176356809562,0.022597406377553,0.880508732784997,0.999950297526443
PLD4,2.81581599481194e-09,0.432397374371595,0.0225475732543148,0.880639571705771,0.999950297526443
SPI1,2.81473090340044e-09,0.432125384776553,0.0225301989201679,0.880685223490688,0.999950297526443
GPCPD1,2.81455774605761e-09,0.432081971732189,0.0225274269682387,0.88069250857423,0.999950297526443
HECTD1,2.81341507228579e-09,0.431795422493527,0.0225091389976882,0.880740583449852,0.999950297526443
MAP4K4,2.80873010668253e-09,0.430619398137334,0.0224342359090561,0.880937695165146,0.999950297526443
RBM38,2.80820684883591e-09,0.430487932345449,0.0224258778283101,0.880959710779946,0.999950297526443
ATRX,2.80658213570622e-09,0.430079581457625,0.0223999359514917,0.881028069745596,0.999950297526443
DHX29,2.8007043630018e-09,0.428600376530571,0.0223062106604439,0.881275381396394,0.999950297526443
POLD4,2.79663148417112e-09,0.427573640014838,0.0222413809444168,0.881446757589583,0.999950297526443
TSR2,2.79173381882525e-09,0.426337075614799,0.0221635476957467,0.881652846013816,0.999950297526443
UBA5,2.78941740718912e-09,0.425751500048545,0.0221267830156296,0.881750320885039,0.999950297526443
USP34,2.78891947177926e-09,0.425625563751866,0.0221188840720274,0.881771274298971,0.999950297526443
XRCC6,2.78878992007028e-09,0.425592794385144,0.0221168291739167,0.881776725924392,0.999950297526443
POLM,2.78818440599208e-09,0.425439613628871,0.0221072260141637,0.88180220644942,0.999950297526443
FAM133B,2.78750922455451e-09,0.425268770936307,0.0220965204228579,0.881830618777863,0.999950297526443
UPF3A,2.78694344947701e-09,0.425125580926671,0.0220875515615344,0.881854427291395,0.999950297526443
FAM129A,2.7844751107282e-09,0.424500550522135,0.0220484439033096,0.881958299280919,0.999950297526443
ARPC4,2.78336240697743e-09,0.424218618422427,0.0220308258723611,0.882005124454873,0.999950297526443
ATF7IP,2.78312802315166e-09,0.424159217430611,0.0220271156463219,0.88201498792655,0.999950297526443
UBL3,2.78248056887056e-09,0.423995105046442,0.0220168682618424,0.882042234555993,0.999950297526443
GPI,2.77718083698966e-09,0.422650381761741,0.0219330780081723,0.882265266869891,0.999950297526443
NUDT21,2.77687337283325e-09,0.42257229184573,0.0219282218159211,0.882278206385147,0.999950297526443
MECP2,2.77447615775571e-09,0.421963160452706,0.0218903778330881,0.882379093371777,0.999950297526443
ATP6V1D,2.77416118643265e-09,0.421883088737616,0.0218854079220064,0.882392349106748,0.999950297526443
GTF2F1,2.77376622889105e-09,0.421782670641358,0.0218791767111867,0.882408971150641,0.999950297526443
FKBP3,2.77341904618239e-09,0.421694387953203,0.0218736999724712,0.882423582602521,0.999950297526443
MAN1A2,2.76980012016785e-09,0.420773522819402,0.0218166529452394,0.882575890274243,0.999950297526443
UBE2L3,2.76968070856203e-09,0.420743117844622,0.0218147718669724,0.882580915956301,0.999950297526443
TAPBPL,2.76722739922438e-09,0.420118168925676,0.0217761430959549,0.882684169551471,0.999950297526443
PLSCR1,2.76518205569516e-09,0.419596736498478,0.0217439641481379,0.882770254419735,0.999950297526443
AL928768.3,2.76494237771973e-09,0.419535609584503,0.0217401949037707,0.882780342129723,0.999950297526443
WDFY4,2.76472485230193e-09,0.419480127994886,0.0217367743196787,0.882789497486072,0.999950297526443
LPIN1,2.76168950515696e-09,0.418705500113927,0.0216890716071557,0.882917252854951,0.999950297526443
ATP2B1,2.75629219787119e-09,0.417326069205986,0.0216043783834096,0.883144428784718,0.999950297526443
EVI2A,2.75591839826324e-09,0.4172304382081,0.0215985189461735,0.883160162592488,0.999950297526443
FAM207A,2.75229269845892e-09,0.416302209528096,0.0215417260936547,0.883312776335895,0.999950297526443
FAM127A,2.7497876186976e-09,0.415660187513334,0.0215025302742918,0.883418223227356,0.999950297526443
HLA-C,2.74961508879864e-09,0.415615949454392,0.0214998320928268,0.883425485643637,0.999950297526443
TMEM9,2.74946154966689e-09,0.415576578535901,0.021497431048841,0.883431948677108,0.999950297526443
MRPL11,2.74943977309019e-09,0.415570994356083,0.021497090517727,0.883432865334894,0.999950297526443
FAAP20,2.74722459379875e-09,0.415002732277009,0.0214624647536639,0.88352611135448,0.999950297526443
MIS18BP1,2.74480762802283e-09,0.414382202661429,0.0214247166759111,0.883627853239123,0.999950297526443
USP15,2.74198208716641e-09,0.413656109079542,0.0213806296126136,0.883746796476279,0.999950297526443
ARL2BP,2.74104211128622e-09,0.41341439914755,0.0213659731847176,0.883786366038878,0.999950297526443
CPSF3L,2.74074438751945e-09,0.413337824394648,0.0213613320210329,0.883798899186067,0.999950297526443
ATP6AP2,2.73994638833663e-09,0.41313253899471,0.0213488946379938,0.883832492352063,0.999950297526443
BLCAP,2.73832188075094e-09,0.41271445641737,0.0213235867267428,0.883900879474701,0.999950297526443
GBP1,2.73473738779956e-09,0.411791108162671,0.0212677976537127,0.884051779434638,0.999950297526443
PSMB1,2.73412350029213e-09,0.411632856916578,0.0212582504335999,0.884077623288814,0.999950297526443
PPP1R14B,2.7337062859826e-09,0.411525285642585,0.0212517631117413,0.884095187531231,0.999950297526443
FAM49A,2.73180386472088e-09,0.411034579951181,0.0212221946548885,0.884175277999571,0.999950297526443
SEPT2,2.72879773170069e-09,0.410258515136958,0.0211755136765683,0.884301836294615,0.999950297526443
HSD17B10,2.72443727113282e-09,0.409131353533756,0.0211078932601944,0.884485417068415,0.999950297526443
SRSF10,2.72254190205166e-09,0.408640867008773,0.0210785342932493,0.884565216381362,0.999950297526443
CYCS,2.71804180799862e-09,0.407475008714685,0.0210089103925595,0.884754685179307,0.999950297526443
MPDU1,2.71785425142334e-09,0.407426377346286,0.0210060110822389,0.8847625820727,0.999950297526443
NQO2,2.71286659009127e-09,0.406131945474914,0.0209289836005759,0.884972587064659,0.999950297526443
TPR,2.71213553152161e-09,0.405942023830354,0.0209177053082188,0.885003368893511,0.999950297526443
RTF1,2.71001113191482e-09,0.405389846624224,0.0208849487143277,0.885092819489921,0.999950297526443
KMT2A,2.70940764723843e-09,0.405232912016582,0.0208756481302661,0.885118230260845,0.999950297526443
TRMT10C,2.70846600288569e-09,0.404987972691876,0.0208611401471223,0.88515788006854,0.999950297526443
MOSPD3,2.7073255703031e-09,0.404691215119642,0.0208435761716311,0.885205900634924,0.999950297526443
SUSD3,2.70644219647402e-09,0.4044612654104,0.0208299762810531,0.8852430974344,0.999950297526443
ZNF24,2.70308255146839e-09,0.40358606133103,0.020778293750997,0.885384566512789,0.999950297526443
CLEC2D,2.70128622596278e-09,0.403117680271775,0.0207506866199914,0.885460208299423,0.999950297526443
C9orf16,2.69511266003374e-09,0.401505672635824,0.0206559470524685,0.885720180026593,0.999950297526443
FKBP8,2.69479247875406e-09,0.401421971800301,0.0206510394619213,0.885733663344681,0.999950297526443
BUB3,2.69449341314574e-09,0.401343782319123,0.0206464560492662,0.885746257479786,0.999950297526443
ICAM2,2.69423241330954e-09,0.401275538156215,0.0206424564398156,0.885757248627417,0.999950297526443
LEPROT,2.69419802161928e-09,0.401266545216165,0.020641929444124,0.885758696921708,0.999950297526443
RIPK2,2.68998128624741e-09,0.400163090955252,0.0205773659352647,0.885936273921398,0.999950297526443
MTERF4,2.68768789857177e-09,0.399562248170661,0.0205422937505104,0.886032856469218,0.999950297526443
E2F5,2.68680315114779e-09,0.399330322065813,0.020528771533099,0.886070116719337,0.999950297526443
PHIP,2.68670679807758e-09,0.399305059808633,0.0205272991701559,0.886074174547431,0.999950297526443
SLC25A46,2.68653086893473e-09,0.399258931710288,0.0205246109483428,0.886081583662256,0.999950297526443
CAT,2.68528124242408e-09,0.398931199705436,0.0205055215470516,0.886134210967589,0.999950297526443
RFX5,2.68352350688344e-09,0.39846996060235,0.0204786852613031,0.886208237843885,0.999950297526443
CLINT1,2.68161831720043e-09,0.397969700419891,0.0204496175598325,0.886288475859708,0.999950297526443
NSD1,2.68135403872162e-09,0.397900279803633,0.0204455870626661,0.886299606172033,0.999950297526443
YWHAQ,2.68065402238241e-09,0.397716367844584,0.0204349130699253,0.886329088062372,0.999950297526443
BIRC3,2.67897074622257e-09,0.397273939533268,0.0204092575381149,0.886399981570319,0.999950297526443
NFATC1,2.67865511878695e-09,0.397190950995621,0.0204044487195359,0.886413274758361,0.999950297526443
ATF7,2.67811644279410e-09,0.397049294136367,0.0203962428990741,0.886435962090821,0.999950297526443
SMAGP,2.6747481991476e-09,0.396162917394764,0.0203449708086825,0.886577823990947,0.999950297526443
KPNB1,2.67216623361915e-09,0.395482727894027,0.0203057112930348,0.886686572307307,0.999950297526443
FBXW7,2.67096590077329e-09,0.3951662985292,0.0202874728035105,0.886737129160538,0.999950297526443
HPS1,2.66916566719614e-09,0.394691468001144,0.0202601344674198,0.886812954113706,0.999950297526443
TAX1BP1,2.66817732359362e-09,0.394430650976738,0.0202451333250958,0.886854583100928,0.999950297526443
CARHSP1,2.66682513779455e-09,0.394073667925178,0.0202246187626583,0.88691153761049,0.999950297526443
GIPC1,2.66427219245279e-09,0.393399204067258,0.0201859153383005,0.887019070098081,0.999950297526443
COX6B1,2.66266733040673e-09,0.392974896468534,0.0201616041192694,0.887086669479773,0.999950297526443
TINF2,2.66235605306456e-09,0.392892569731193,0.020156890437139,0.88709978107936,0.999950297526443
WDR45B,2.65965886722397e-09,0.392178829140067,0.0201160699463165,0.887213393021501,0.999950297526443
TSPAN13,2.65936310892253e-09,0.392100521985363,0.0201115963170435,0.887225851212168,0.999950297526443
PPP6R1,2.65731387498761e-09,0.3915577214288,0.0200806133447953,0.887312171607175,0.999950297526443
SCYL1,2.65579441150141e-09,0.391154986293274,0.0200576555484525,0.887376177211793,0.999950297526443
THUMPD3-AS1,2.65536243455008e-09,0.391040449956581,0.0200511311426463,0.887394373864741,0.999950297526443
TMEM109,2.65482309712993e-09,0.390897422413686,0.0200429866973244,0.887417093067275,0.999950297526443
C19orf66,2.6536235444178e-09,0.390579211335381,0.0200248783816471,0.887467623697772,0.999950297526443
DUSP1,2.65170246438659e-09,0.390069308892136,0.0199958950172311,0.887548549302063,0.999950297526443
EBF1,2.64808185240865e-09,0.389107341655698,0.0199413278456881,0.887701070971261,0.999950297526443
SNRNP35,2.64615867490107e-09,0.388595854349283,0.0199123734634901,0.887782088315726,0.999950297526443
FXR1,2.6405749378629e-09,0.387108777609016,0.019828426759589,0.888017320017912,0.999950297526443
RIC8A,2.63977250372687e-09,0.386894822515144,0.0198163774223781,0.888051125778302,0.999950297526443
EFHD2,2.63960835005061e-09,0.386851046086551,0.0198139129448081,0.888058041436213,0.999950297526443
BNIP2,2.6392668371542e-09,0.386759963188547,0.0198087862228381,0.888072429117927,0.999950297526443
ZFYVE21,2.63728260021278e-09,0.38623053460636,0.0197790123858815,0.888156024258773,0.999950297526443
OST4,2.63587347228172e-09,0.38585432227603,0.0197578817623583,0.8882153910332,0.999950297526443
MYO1G,2.63367137252921e-09,0.385266012848476,0.0197248827185059,0.888308167086818,0.999950297526443
AZI2,2.62982062900032e-09,0.384236116271686,0.0196672445960909,0.888470405370452,0.999950297526443
AKR1B1,2.62782464509036e-09,0.383701711498725,0.019637401795222,0.888554501359356,0.999950297526443
MRPL15,2.62567105121999e-09,0.383124670116548,0.0196052279142549,0.888645239272278,0.999950297526443
YIPF1,2.62395465943830e-09,0.382664448050127,0.0195796045571097,0.8887175574844,0.999950297526443
MRPL28,2.62244706800826e-09,0.38225997339102,0.0195571121225387,0.888781078895686,0.999950297526443
MAGOHB,2.62239956254623e-09,0.382247224422624,0.0195564035772691,0.888783080519888,0.999950297526443
DNAJC19,2.62124553791866e-09,0.381937452322652,0.0195391952114159,0.88883170511742,0.999950297526443
CCT4,2.62119829732683e-09,0.381924768847425,0.0195384909394851,0.888833695599249,0.999950297526443
POLR1D,2.61984957879475e-09,0.381562562940069,0.0195183893353828,0.888890524135702,0.999950297526443
BAZ2B,2.61775489416304e-09,0.380999667883896,0.0194871901964063,0.888978785241253,0.999950297526443
TOR1A,2.61431096725677e-09,0.380073254610433,0.0194359491026664,0.889123900671481,0.999950297526443
ZMYM2,2.61157933773277e-09,0.379337613447383,0.0193953540274111,0.889239004942005,0.999950297526443
YBX3,2.60644966569362e-09,0.377954165414582,0.0193192360303392,0.889455163240212,0.999950297526443
SPG21,2.60633406475045e-09,0.377922958224725,0.0193175223794601,0.889460034621661,0.999950297526443
ARID5A,2.60415120487492e-09,0.377333431609907,0.0192851782628683,0.889552020321455,0.999950297526443
C14orf166,2.60336718404359e-09,0.377121574476859,0.0192735677961558,0.889585059316789,0.999950297526443
NMRAL1,2.60304694625661e-09,0.377035022565877,0.0192688264403282,0.889598554338321,0.999950297526443
NCOA3,2.60230016081146e-09,0.376833146161141,0.0192577719988927,0.889630024470424,0.999950297526443
KIAA0907,2.60128100898425e-09,0.376557551777626,0.019242690917482,0.889672972618929,0.999950297526443
CERS2,2.6010713860347e-09,0.376500853617941,0.0192395897168918,0.889681806394475,0.999950297526443
NCOA7,2.60035571225342e-09,0.376307247285855,0.0192290037900935,0.889711965893685,0.999950297526443
HERC2,2.60005524396512e-09,0.3762259483774,0.0192245602656761,0.889724628097316,0.999950297526443
YTHDC1,2.59911751467067e-09,0.37597216507665,0.0192106958045176,0.889764145657365,0.999950297526443
SLC25A3,2.59910283241089e-09,0.375968190828372,0.0192104787649815,0.889764764395766,0.999950297526443
CRTAP,2.59580979895967e-09,0.375076274304417,0.0191618306906713,0.889903540795414,0.999950297526443
POLR2B,2.59571248980394e-09,0.37504990161274,0.0191603940780059,0.889907641690088,0.999950297526443
HNRNPU,2.59240826136962e-09,0.374153825928697,0.0191116444390988,0.890046893364101,0.999950297526443
PDAP1,2.5907232279639e-09,0.373696437622145,0.0190868078469812,0.890117907836437,0.999950297526443
LTBP4,2.59061184155833e-09,0.373666192625624,0.0190851666332894,0.890122602164243,0.999950297526443
BLOC1S4,2.58724039333389e-09,0.372750143383671,0.0190355237028123,0.890264692090091,0.999950297526443
LSM4,2.58701051546783e-09,0.372687641932883,0.0190321412176121,0.890274380437555,0.999950297526443
RALY,2.5845122284593e-09,0.3720080383877,0.0189954001279783,0.890379673373516,0.999950297526443
CYTH4,2.58372384267748e-09,0.371793444348268,0.0189838130910869,0.890412901123648,0.999950297526443
KIAA0125,2.5821092227673e-09,0.371353757497858,0.0189600937874413,0.890480952402283,0.999950297526443
RP1-313I6.12,2.57895255329591e-09,0.370493381339763,0.0189137640935143,0.890613998672003,0.999950297526443
ACO2,2.57385122790949e-09,0.369100829522163,0.0188390129408174,0.890829014170817,0.999950297526443
CD86,2.57165589738339e-09,0.368500734315889,0.0188068896992429,0.890921547515022,0.999950297526443
AP1S2,2.5699161944399e-09,0.368024835147055,0.0187814529100183,0.890994877178063,0.999950297526443
KYNU,2.56821180499399e-09,0.367558295426701,0.0187565491444876,0.891066719257284,0.999950297526443
P4HA1,2.56765379072389e-09,0.367405486377296,0.0187483992831701,0.891090240428893,0.999950297526443
ARHGAP9,2.56729825743233e-09,0.367308108935694,0.0187432076030092,0.891105226761508,0.999950297526443
C10orf128,2.56567685824713e-09,0.366863857415843,0.0187195402127124,0.891173571986536,0.999950297526443
HSD17B4,2.55966264439462e-09,0.3652136446554,0.0186318819683118,0.891427090210933,0.999950297526443
PRCP,2.55938981598402e-09,0.365138696100888,0.0186279103231842,0.891438591058721,0.999950297526443
CAPZB,2.55857136175905e-09,0.364913812836246,0.0186159983791136,0.891473092432025,0.999950297526443
CBX7,2.55814926401087e-09,0.364797807744321,0.0186098565743944,0.891490885751753,0.999950297526443
SNRPA,2.55791616209e-09,0.364733736468976,0.0186064652197665,0.891500712070207,0.999950297526443
PTPMT1,2.55403822303883e-09,0.363667006702814,0.0185500911728695,0.891664187486512,0.999950297526443
PPIL3,2.55389797003335e-09,0.363628397214243,0.0185480539013988,0.891670099970666,0.999950297526443
PRPF19,2.55362168587829e-09,0.363552334482079,0.0185440410110869,0.891681746980683,0.999950297526443
TAGLN2,2.55220613199608e-09,0.363162499537711,0.0185234876035405,0.891741421309474,0.999950297526443
APOL6,2.55121863300421e-09,0.362890425132676,0.0185091561697653,0.891783050846984,0.999950297526443
AGTRAP,2.55096611488836e-09,0.362820835413359,0.0185054923003722,0.891793696184096,0.999950297526443
MAX,2.55029184583858e-09,0.362634985798462,0.0184957108833698,0.891822121255471,0.999950297526443
PPT1,2.5501723885373e-09,0.362602054705452,0.0184939782220942,0.891827157215657,0.999950297526443
HP1BP3,2.54943654389892e-09,0.36239916984437,0.0184833069973534,0.891858178306488,0.999950297526443
SEC22B,2.54664066484971e-09,0.361627784542578,0.0184427892173155,0.891976046024065,0.999950297526443
ATF7IP2,2.54508729956297e-09,0.361198857676994,0.0184202971149324,0.892041533300739,0.999950297526443
DAPP1,2.54377345596684e-09,0.360835872710889,0.0184012839025383,0.892096923319166,0.999950297526443
ABHD14A,2.54160202834633e-09,0.360235561342835,0.0183698817335581,0.892188469171576,0.999950297526443
CYFIP2,2.54123753570497e-09,0.360134745604756,0.0183646132402821,0.892203836064354,0.999950297526443
FNIP1,2.53853573323845e-09,0.359387014744015,0.0183255840819591,0.892317744450874,0.999950297526443
COBLL1,2.53576850562907e-09,0.358620383303308,0.0182856528556201,0.892434413474015,0.999950297526443
DALRD3,2.53456726596644e-09,0.358287341896743,0.0182683324663957,0.892485059638157,0.999950297526443
FAM26F,2.5344284981692e-09,0.35824885900657,0.0182663321352999,0.892490910336231,0.999950297526443
PNOC,2.53289471402582e-09,0.357823377083513,0.0182442300061074,0.892555577803683,0.999950297526443
EXOSC4,2.53217834567408e-09,0.357624566817783,0.0182339115821346,0.892585781599131,0.999950297526443
N4BP2L1,2.53035343357918e-09,0.357117863158646,0.0182076391078592,0.892662724942239,0.999950297526443
PAX5,2.52896388758588e-09,0.356731807110718,0.0181876471140309,0.892721312723538,0.999950297526443
PTDSS1,2.52658737948905e-09,0.356071071291103,0.0181534807250813,0.892821515395933,0.999950297526443
TRAPPC1,2.52532815681033e-09,0.355720729761763,0.0181353902537919,0.892874609734645,0.999950297526443
LDLRAD4,2.52410717096712e-09,0.355380865994446,0.0181178577191286,0.89292609229953,0.999950297526443
UVRAG,2.52381608558708e-09,0.355299818471281,0.0181136791807012,0.892938365908911,0.999950297526443
ERV3-1,2.52290022716415e-09,0.355044755389586,0.0181005351519592,0.892976983228724,0.999950297526443
RASAL3,2.52262109336808e-09,0.354966999980363,0.0180965300854642,0.89298875300123,0.999950297526443
TMEM106B,2.52143414667318e-09,0.35463627208823,0.0180795044898856,0.893038801279967,0.999950297526443
TMEM189,2.51891832228715e-09,0.353934773580227,0.018043443927676,0.893144883846169,0.999950297526443
ELMSAN1,2.51336078790621e-09,0.35238274960802,0.0179639126165095,0.893379230310447,0.999950297526443
TOR2A,2.5106302540307e-09,0.351618997637331,0.0179249015621101,0.893494373083428,0.999950297526443
CNP,2.51024529019304e-09,0.351511255937492,0.0179194050061361,0.893510606647603,0.999950297526443
HOTAIRM1,2.50517010066458e-09,0.350089350007124,0.0178470196964056,0.893724626800956,0.999950297526443
POLR3GL,2.50361091932191e-09,0.349651960762484,0.0178248111600297,0.893790378851756,0.999950297526443
PRPSAP2,2.50351434782728e-09,0.349624861433537,0.0178234360777892,0.893794451380769,0.999950297526443
ODF2L,2.502500916576e-09,0.349340417611015,0.0178090090215235,0.893837189090228,0.999950297526443
PPP1R2,2.50200532060796e-09,0.349201276352185,0.0178019559179275,0.893858089126813,0.999950297526443
ZNF430,2.50095622511655e-09,0.348906649612937,0.0177870302612094,0.893902331324184,0.999950297526443
RAP1B,2.49955846583414e-09,0.348513919769733,0.0177671538324679,0.893961277798179,0.999950297526443
ARID3A,2.4953685881486e-09,0.347335418547828,0.0177076394737267,0.894137977335838,0.999950297526443
SNRPB2,2.49524799961418e-09,0.347301472025022,0.01770592807389,0.894143062988914,0.999950297526443
SRSF3,2.49484271346807e-09,0.347187369550709,0.0177001768342684,0.894160155398165,0.999950297526443
FAM129C,2.49450660746194e-09,0.34709273022196,0.017695408008581,0.894174330263436,0.999950297526443
KIAA1551,2.49253060993234e-09,0.346536088902171,0.0176673846444448,0.894257666258321,0.999950297526443
TAOK3,2.49005556532481e-09,0.345838266148095,0.0176323151816916,0.894362050780661,0.999950297526443
SESN3,2.48927015167426e-09,0.345616684402335,0.0176211937616285,0.894395175830263,0.999950297526443
SS18,2.48878115968498e-09,0.345478695482263,0.0176142714303894,0.894415799302945,0.999950297526443
RNF126,2.48657353487462e-09,0.344855399778346,0.0175830364975206,0.894508907830964,0.999950297526443
NSMCE3,2.4776951775857e-09,0.342343317780565,0.0174576995356813,0.894883375062595,0.999950297526443
HSD17B11,2.47732648848849e-09,0.342238812081378,0.0174525043973478,0.894898925967332,0.999950297526443
PSMC5,2.4763524308783e-09,0.341962641410157,0.0174387828287556,0.894940010851201,0.999950297526443
MRPS36,2.47435021444177e-09,0.341394632649256,0.0174105945129943,0.895024463445037,0.999950297526443
IFT20,2.47426238297019e-09,0.341369705617956,0.0174093584947561,0.895028168164475,0.999950297526443
NOA1,2.47384559043368e-09,0.341251406110075,0.0174034937331308,0.895045748447776,0.999950297526443
IDI1,2.46984989585173e-09,0.340116321865809,0.0173473197447406,0.895214289211674,0.999950297526443
PSMC1,2.46969598856396e-09,0.340072565048838,0.0173451578354275,0.895220781206876,0.999950297526443
VPS35,2.46650726894748e-09,0.339165401200343,0.0173003967477416,0.895355286828049,0.999950297526443
DESI1,2.46626940092222e-09,0.339097684541602,0.017297060035275,0.895365320626872,0.999950297526443
CEP57,2.46174957634595e-09,0.337809778179479,0.0172337189916971,0.895555979992166,0.999950297526443
KIAA0226L,2.46100943858552e-09,0.33759866209979,0.0172233577357649,0.895587201733788,0.999950297526443
TFRC,2.45918039909316e-09,0.337076686812158,0.0171977662084287,0.895664358061729,0.999950297526443
SMG1,2.45686952982502e-09,0.336416671643651,0.0171654602280062,0.89576184134117,0.999950297526443
MED30,2.45684966309439e-09,0.336410994851025,0.0171651826225481,0.89576267941966,0.999950297526443
RANBP1,2.45274303205095e-09,0.335236601999943,0.0171078472797545,0.895935920240911,0.999950297526443
OAT,2.45017975573279e-09,0.334502610497414,0.0170721083335689,0.896044056185319,0.999950297526443
PPP1R15A,2.44959377214752e-09,0.334334710977344,0.0170639433987688,0.896068777118979,0.999950297526443
PPP1CA,2.44868220799461e-09,0.334073447350287,0.0170512457955353,0.896107233545153,0.999950297526443
FAM96A,2.44657911198431e-09,0.3334703213743,0.0170219688177394,0.896195958408865,0.999950297526443
PIKFYVE,2.44516862191166e-09,0.333065541491325,0.0170023476274429,0.896255464522059,0.999950297526443
AP1S3,2.44510203422533e-09,0.333046426726121,0.0170014216123084,0.8962582737547,0.999950297526443
NUCKS1,2.4428249180386e-09,0.332392452650134,0.0169697696120284,0.896354342586345,0.999950297526443
OAZ2,2.44236011360255e-09,0.332258891546793,0.0169633124371945,0.896373952321127,0.999950297526443
RICTOR,2.44233023500959e-09,0.332250305125739,0.0169628973986385,0.896375212877706,0.999950297526443
TMC6,2.44185279103108e-09,0.332113084987246,0.0169562659926997,0.896395355934966,0.999950297526443
NXT1,2.43862154094016e-09,0.331183726193907,0.0169114199765328,0.896531682072332,0.999950297526443
HSF1,2.43828425173501e-09,0.33108664819719,0.0169067422150686,0.896545912448317,0.999950297526443
FDX1,2.43733898970728e-09,0.330814515664747,0.0168936361109374,0.896585793635325,0.999950297526443
ENTPD1,2.43614912347002e-09,0.330471819387103,0.0168771457821002,0.896635995196003,0.999950297526443
PRADC1,2.43159244609419e-09,0.329157948937481,0.0168140693590494,0.896828249467938,0.999950297526443
GOSR2,2.42911770450525e-09,0.32844339018025,0.0167798618977151,0.89693266572853,0.999950297526443
NR4A1,2.42574970178902e-09,0.327469784644346,0.0167333631700304,0.897074774038725,0.999950297526443
TSEN15,2.42545817244062e-09,0.327385449644237,0.0167293413426175,0.897087074879819,0.999950297526443
KAT2A,2.42508501729634e-09,0.327277487314833,0.0167241941422738,0.897102819890331,0.999950297526443
BANF1,2.42400620411272e-09,0.32696527204461,0.0167093177417431,0.89714833985759,0.999950297526443
RNF149,2.42387480438358e-09,0.326927235011226,0.0167075062444685,0.897153884224688,0.999950297526443
GPR18,2.42255508355811e-09,0.326545097809211,0.0166893178121737,0.897209569676704,0.999950297526443
CLIC4,2.42166405928321e-09,0.326286980341752,0.016677043290388,0.89724716661873,0.999950297526443
COPA,2.41797138219045e-09,0.325216287840918,0.0166262220519145,0.897402982302861,0.999950297526443
IARS2,2.41739121480328e-09,0.325047925221681,0.0166182444268284,0.897427463324254,0.999950297526443
KIAA1033,2.41554459777992e-09,0.324511784319722,0.0165928651568581,0.897505384711909,0.999950297526443
TROVE2,2.41413390496188e-09,0.324101942548062,0.016573490146613,0.897564912145264,0.999950297526443
BFAR,2.41351152610369e-09,0.323921052577545,0.0165649457487916,0.897591175038298,0.999950297526443
C19orf70,2.4119812653625e-09,0.323476102352091,0.0165439467605076,0.897655748843272,0.999950297526443
CAPZA1,2.40920469394087e-09,0.322668071556574,0.0165058792921104,0.897772916084425,0.999950297526443
NUP58,2.40412201839534e-09,0.321186600578016,0.0164363081726114,0.897987403309503,0.999950297526443
ITM2A,2.40324199851782e-09,0.320929791157587,0.0164242774765844,0.898024540614335,0.999950297526443
PNPLA6,2.40249182090572e-09,0.320710801169521,0.0164140253236748,0.898056198683167,0.999950297526443
ARL8A,2.39757526883683e-09,0.31927394314514,0.0163469134731835,0.898263684953893,0.999950297526443
UNC119,2.39659464583352e-09,0.318987017919961,0.0163335442318701,0.898305069627501,0.999950297526443
RP11-796E2.4,2.38930274121488e-09,0.316849895233544,0.0162343022049935,0.898612814388992,0.999950297526443
GNAS,2.38930156973186e-09,0.316849551389682,0.0162342862855335,0.898612863831041,0.999950297526443
TMEM261,2.38832540196994e-09,0.316562978437494,0.0162210237071937,0.898654062801534,0.999950297526443
RP11-138A9.1,2.38718715511977e-09,0.316228681706483,0.0162055659061928,0.89870210263335,0.999950297526443
MRPS21,2.38291292995266e-09,0.314971995240518,0.016147586181075,0.898882500082985,0.999950297526443
PDE7A,2.38236543301618e-09,0.314810866268702,0.0161401669101223,0.898905608052633,0.999950297526443
TXNRD1,2.3822997790709e-09,0.314791541846023,0.0161392773312029,0.89890837908645,0.999950297526443
DPM2,2.38123925177314e-09,0.314479317823154,0.0161249111002749,0.898953140573415,0.999950297526443
SIRT2,2.37805626285607e-09,0.31354142766725,0.0160818317582146,0.899087486349978,0.999950297526443
RSBN1L,2.37744219608118e-09,0.313360349606963,0.016073527460538,0.899113404862248,0.999950297526443
CACYBP,2.37715699662425e-09,0.313276233738131,0.0160696713109745,0.899125442589085,0.999950297526443
ODF3B,2.37242345698396e-09,0.311878718308606,0.0160057372147268,0.899325239684689,0.999950297526443
FAM204A,2.37080397852561e-09,0.311399972663243,0.0159838928012482,0.899393597415749,0.999950297526443
DPY30,2.36816056670723e-09,0.310617858498467,0.0159482690581389,0.899505176689637,0.999950297526443
SUCLG2,2.36602369195102e-09,0.309985000886268,0.0159195006726769,0.899595376321109,0.999950297526443
CYLD,2.36338858851935e-09,0.309203830190415,0.0158840604775155,0.899706608471362,0.999950297526443
KAT6A,2.36212061386665e-09,0.308827643229365,0.0158670212285472,0.89976013251738,0.999950297526443
ZBED5,2.36093735242452e-09,0.308476414005356,0.0158511286175987,0.899810081040531,0.999950297526443
CD164,2.36036611207972e-09,0.308306791286758,0.0158434590292967,0.89983419471367,0.999950297526443
WDR1,2.36021207589972e-09,0.308261045398215,0.0158413912261176,0.899840697033003,0.999950297526443
OAZ1,2.36021154780689e-09,0.308260888559499,0.0158413841371578,0.899840719325364,0.999950297526443
MRPS11,2.35952696308112e-09,0.308057544797473,0.0158321958109247,0.899869617737673,0.999950297526443
HSH2D,2.35605640057296e-09,0.307025801747324,0.0157856557913938,0.90001612282334,0.999950297526443
OGFRL1,2.35481946552225e-09,0.306657727205967,0.0157690851308707,0.900068339181321,0.999950297526443
TMPO,2.35364516431044e-09,0.306308118465283,0.0157533615997399,0.90011791189532,0.999950297526443
ARHGAP4,2.3522943802205e-09,0.305905760299702,0.0157352847168768,0.900174935254011,0.999950297526443
PHF3,2.35147822274626e-09,0.305662543676416,0.0157243675099044,0.900209389596553,0.999950297526443
SSR1,2.35096598693001e-09,0.30550985485876,0.0157175176000385,0.900231013887482,0.999950297526443
HLA-DOA,2.34988236935805e-09,0.305186741333203,0.0157030317647073,0.900276759588739,0.999950297526443
DNTTIP2,2.34884465795897e-09,0.304877181748314,0.0156891658646268,0.90032056763814,0.999950297526443
SKIL,2.34833324902937e-09,0.304724575003524,0.0156823346712436,0.900342157401529,0.999950297526443
PYCARD,2.34510847457745e-09,0.303761550663917,0.0156392937024887,0.900478296959508,0.999950297526443
IK,2.34433977209387e-09,0.30353180265141,0.0156290425830179,0.900510749526943,0.999950297526443
STOML2,2.3435008684649e-09,0.303280990371461,0.0156178591233375,0.900546165989176,0.999950297526443
SND1,2.34324285537779e-09,0.30320383321365,0.0156144203448194,0.900557058711347,0.999950297526443
CHD1,2.34291063485486e-09,0.303104472761152,0.0156099930929464,0.900571084329243,0.999950297526443
BPTF,2.34212815557064e-09,0.302870395437524,0.015599568063193,0.900604119001835,0.999950297526443
HNRNPH3,2.34106720578371e-09,0.30255289396596,0.0155854385119655,0.900648910403612,0.999950297526443
RPAIN,2.34052194190989e-09,0.30238966360443,0.0155781792697778,0.900671930591879,0.999950297526443
MITD1,2.34051529979091e-09,0.302387674992132,0.0155780908519154,0.900672211012273,0.999950297526443
GLO1,2.33538753164022e-09,0.300850828452214,0.0155099064364559,0.900888701460741,0.999950297526443
ARL6IP1,2.33459298143592e-09,0.300612402909838,0.0154993546091338,0.900922247422627,0.999950297526443
EXOG,2.33452435626977e-09,0.300591806474295,0.0154984434180518,0.900925144789958,0.999950297526443
MARK3,2.33016236096166e-09,0.299281446572296,0.0154405806855047,0.901109311753382,0.999950297526443
SSPN,2.32822252938629e-09,0.298697955642055,0.0154148831984379,0.901191214719196,0.999950297526443
TCOF1,2.32703426798142e-09,0.298340301967844,0.0153991525401285,0.901241385642474,0.999950297526443
PSMD5-AS1,2.32529419919292e-09,0.297816243182847,0.015376131335235,0.901314855758674,0.999950297526443
FASTK,2.32444602877628e-09,0.297560661820568,0.0153649162371945,0.901350667970701,0.999950297526443
STRA13,2.32375275386203e-09,0.29735168887483,0.0153557523139727,0.901379940195039,0.999950297526443
NECAP2,2.31894713323545e-09,0.295901486098478,0.0152923052751825,0.901582852137361,0.999950297526443
DAAM1,2.31814348102458e-09,0.295658684071485,0.0152817077370025,0.901616786078782,0.999950297526443
GABPB1,2.31690803202212e-09,0.295285268224602,0.0152654233786184,0.901668952843545,0.999950297526443
NUP214,2.31658211749439e-09,0.295186728263307,0.0152611289713694,0.901682714636975,0.999950297526443
PDZD11,2.31618323679859e-09,0.295066108897029,0.0152558739487911,0.901699557478814,0.999950297526443
GTF2E2,2.31358161172669e-09,0.294278900998261,0.0152216212412902,0.901809412863994,0.999950297526443
LAGE3,2.312559097418e-09,0.293969272269288,0.0152081694693497,0.901852589739842,0.999950297526443
MAP3K1,2.3119548849156e-09,0.293786248080609,0.0152002234966639,0.901878103463741,0.999950297526443
TIPARP,2.3105057357788e-09,0.29334709350039,0.0151811742605015,0.901939296240054,0.999950297526443
DGUOK,2.30929417475257e-09,0.292979734937938,0.0151652573151942,0.901990456903277,0.999950297526443
CHPF2,2.30638197768359e-09,0.292095965942473,0.0151270323275306,0.902113432095754,0.999950297526443
CEPT1,2.30539899345886e-09,0.291797415849235,0.0151141407375372,0.902154941724377,0.999950297526443
ABT1,2.30475567277953e-09,0.29160196141755,0.0151057067244389,0.902182108126623,0.999950297526443
DDX50,2.30428967423827e-09,0.291460348423404,0.0150995988963948,0.902201786570434,0.999950297526443
SF3B1,2.30363894482519e-09,0.291262551185878,0.0150910718732125,0.902229266032083,0.999950297526443
EBNA1BP2,2.30075593419666e-09,0.290385577452351,0.0150533224718259,0.902351013251602,0.999950297526443
LINC01480,2.29981929646851e-09,0.290100437116126,0.0150410685516282,0.90239056720374,0.999950297526443
RCAN3,2.29532991049481e-09,0.28873218192658,0.0149824037202703,0.902580156093609,0.999950297526443
DENND1C,2.29383506124055e-09,0.28827601702976,0.0149628952896867,0.902643285517064,0.999950297526443
NAA20,2.29343289300964e-09,0.288153243443775,0.0149576489895411,0.902660269708337,0.999950297526443
BRI3BP,2.2931929671003e-09,0.288079989196457,0.0149545195848568,0.902670402174691,0.999950297526443
RP11-35G9.3,2.29293139924219e-09,0.288000118822409,0.0149511082726577,0.902681448634253,0.999950297526443
SRP72,2.29214576877826e-09,0.287760171964581,0.0149408645873473,0.902714627270344,0.999950297526443
RWDD1,2.29201297953693e-09,0.287719607725976,0.0149391335206483,0.902720235223836,0.999950297526443
PIGP,2.29128751751895e-09,0.287497954862867,0.014929678025522,0.902750873011918,0.999950297526443
SLC30A5,2.2907332426194e-09,0.287328559880251,0.0149224557587194,0.902774281305246,0.999950297526443
HIRIP3,2.28743859978206e-09,0.286320851615474,0.014879562238047,0.902913423331103,0.999950297526443
CST7,2.28732997928899e-09,0.286287604891757,0.0148781491404334,0.902918010730579,0.999950297526443
ELK4,2.28359304656104e-09,0.285142872992938,0.0148295744041894,0.903075835622047,0.999950297526443
ZMPSTE24,2.28315625916643e-09,0.285008954622243,0.0148239019822077,0.903094283066205,0.999950297526443
NAPA,2.27927338326506e-09,0.283817386087269,0.0147735239784798,0.903258276215324,0.999950297526443
CALCOCO1,2.27772250458402e-09,0.283340909992953,0.0147534262152188,0.90332377868453,0.999950297526443
ABI2,2.27641746111268e-09,0.282939719927417,0.0147365248177233,0.90337889863784,0.999950297526443
RNPEP,2.2761176497783e-09,0.282847522144822,0.0147326433800685,0.903391561566679,0.999950297526443
MRPL32,2.2747760432016e-09,0.282434809025305,0.014715280845128,0.903448226398511,0.999950297526443
PRPF8,2.27165417055647e-09,0.281473532621165,0.0146749184457838,0.90358008542839,0.999950297526443
ATG12,2.27063628346966e-09,0.281159833555007,0.014661770261885,0.903623078661714,0.999950297526443
CMTM7,2.26915927537536e-09,0.280704398942209,0.0146427020295687,0.903685464623683,0.999950297526443
PACS1,2.26502727426321e-09,0.279428782303517,0.0145894236414164,0.903859995507129,0.999950297526443
CELF2,2.26351735467534e-09,0.278962086785195,0.0145699788300364,0.903923773899899,0.999950297526443
CARD19,2.26346595626193e-09,0.278946194967611,0.0145693171471991,0.903925944959008,0.999950297526443
EAF2,2.26208836732069e-09,0.27852013040465,0.0145515882103247,0.903984134318802,0.999950297526443
ENY2,2.26130073044082e-09,0.278276415701443,0.0145414565352468,0.904017404333995,0.999950297526443
NDUFS4,2.26020133935114e-09,0.277936099813971,0.0145273205458663,0.904063843221134,0.999950297526443
EEF1G,2.25849834843504e-09,0.277408625437704,0.0145054370312197,0.904135779146284,0.999950297526443
RUNX3,2.25793307313793e-09,0.27723345581687,0.0144981768628815,0.90415965707618,0.999950297526443
NAAA,2.2559873209292e-09,0.276630176167056,0.0144732002989605,0.904241848726068,0.999950297526443
P4HTM,2.25442922064989e-09,0.276146726844205,0.0144532153372664,0.904307666085296,0.999950297526443
MARCH1,2.25364648955221e-09,0.275903738746152,0.0144431808530735,0.904340730504273,0.999950297526443
PHB,2.25198203063519e-09,0.275386760395486,0.0144218543462584,0.90441104174996,0.999950297526443
GTPBP1,2.2499490589213e-09,0.27475482366503,0.0143958275062408,0.904496920989409,0.999950297526443
NHLRC3,2.24842192013789e-09,0.274279760603908,0.0143762919834064,0.904561432959831,0.999950297526443
R3HDM4,2.24735333348207e-09,0.2739471595388,0.0143626302564114,0.904606574373036,0.999950297526443
CEBPG,2.247159775335e-09,0.273886897663804,0.0143601563380104,0.904614751083359,0.999950297526443
PSMD14,2.24569553447756e-09,0.273430863011773,0.014341448387297,0.904676607104008,0.999950297526443
ATP6V1C1,2.24558472595266e-09,0.27339634029494,0.0143400331326377,0.904681288170548,0.999950297526443
PHYKPL,2.24483763088705e-09,0.273163537884197,0.0143304930019736,0.904712849021078,0.999950297526443
METTL8,2.2418655936712e-09,0.272236682313526,0.014292572607137,0.904838403505107,0.999950297526443
MAGEH1,2.24163037752666e-09,0.272163277652819,0.0142895736160542,0.904848340373851,0.999950297526443
SARS,2.24136731939167e-09,0.272081175474967,0.0142862200140849,0.90485945346439,0.999950297526443
RFXANK,2.24028968339718e-09,0.271744741384199,0.0142724858583449,0.904904979209259,0.999950297526443
MKNK2,2.23714451398802e-09,0.270761939817183,0.0142324393626845,0.905037851632132,0.999950297526443
UBE2D1,2.23659836666865e-09,0.27059114444261,0.0142254911662163,0.905060924719952,0.999950297526443
GLCCI1,2.23242213893874e-09,0.269283794613035,0.0141724164374287,0.905237360476542,0.999950297526443
CCDC174,2.23130848548221e-09,0.268934772933443,0.0141582800216239,0.905284410494814,0.999950297526443
XXbac-BPG299F13.17,2.2219875684119e-09,0.266006987021489,0.0140402394034137,0.905678216859476,0.999950297526443
NDUFV3,2.22166428449064e-09,0.265905228706304,0.0140361541839293,0.905691875939291,0.999950297526443
CTBS,2.21831358640867e-09,0.264849708059315,0.0139938476577933,0.905833448038793,0.999950297526443
TIMM50,2.21757585006633e-09,0.264617103933396,0.0139845414412327,0.905864618925485,0.999950297526443
CLDND1,2.21381274282512e-09,0.263429457871706,0.0139371196784272,0.906023620246995,0.999950297526443
TLE3,2.21305055948241e-09,0.263188674416583,0.013927524637574,0.906055824985796,0.999950297526443
LHPP,2.20960940439174e-09,0.262100575488183,0.0138842454539725,0.906201226964385,0.999950297526443
CELF1,2.20720305499861e-09,0.261338714888982,0.0138540209690641,0.906302906308321,0.999950297526443
PRKAR1A,2.2070704707892e-09,0.261296714935304,0.0138523566280827,0.90630850864642,0.999950297526443
CHD9,2.20534965614529e-09,0.260751375922295,0.0138307641636158,0.906381221992475,0.999950297526443
SSH2,2.20376690302245e-09,0.260249428122897,0.0138109189388293,0.906448102215851,0.999950297526443
WDR33,2.20275040809861e-09,0.259926878203862,0.0137981812111956,0.906491055194644,0.999950297526443
UBC,2.20241213224286e-09,0.259819506169605,0.0137939435698003,0.906505349429644,0.999950297526443
PFDN6,2.20011110942049e-09,0.259088717976321,0.0137651355208033,0.90660258259653,0.999950297526443
DUSP5,2.19772357933258e-09,0.258329678074643,0.013735276262392,0.906703472737267,0.999950297526443
CCT2,2.19596194500441e-09,0.257769113255635,0.0137132654537875,0.90677791529229,0.999950297526443
MTCH2,2.19096621044785e-09,0.256177078282375,0.0136509420534796,0.906989027826575,0.999950297526443
SSB,2.19037635293073e-09,0.255988872718725,0.0136435927599645,0.907013954788207,0.999950297526443
PGLS,2.19004161389974e-09,0.255882046005951,0.0136394229796984,0.907028100663725,0.999950297526443
THOC7,2.18661097790405e-09,0.254786306036164,0.0135967249359064,0.907173079031961,0.999950297526443
EBLN3,2.1840534591525e-09,0.253968361895193,0.0135649373494501,0.907281161556582,0.999950297526443
EPN1,2.18376891410949e-09,0.253877301915844,0.0135614030181544,0.907293186734551,0.999950297526443
RALGPS2,2.18348914035714e-09,0.253787757713841,0.0135579283999907,0.907305010293389,0.999950297526443
DENND6B,2.18347181968651e-09,0.253782213708668,0.0135577133025335,0.90730574228542,0.999950297526443
PRMT2,2.18291012538127e-09,0.253602403500883,0.0135507388036869,0.907329480193908,0.999950297526443
TRA2A,2.17992676874605e-09,0.252646621419766,0.0135137248554508,0.907455561988011,0.999950297526443
SLC44A2,2.1788132989956e-09,0.25228957509577,0.0134999232166527,0.907502619736788,0.999950297526443
PWP1,2.17791120222556e-09,0.252000179112004,0.0134887467509594,0.907540744623647,0.999950297526443
DOK2,2.17778190700236e-09,0.251958691278147,0.0134871452359376,0.907546208983642,0.999950297526443
SAT2,2.17198679492729e-09,0.250096737112506,0.0134154617251991,0.907791130321309,0.999950297526443
TTC19,2.1688408922387e-09,0.249083964644689,0.0133766279962915,0.90792409064528,0.999950297526443
SOD1,2.16553082356672e-09,0.248016814766586,0.0133358285357243,0.908063992164352,0.999950297526443
RNGTT,2.16499659928157e-09,0.247844436437585,0.0133292495993975,0.908086571657858,0.999950297526443
IQGAP1,2.16432308653008e-09,0.247627055532469,0.0133209576481075,0.908115038415659,0.999950297526443
PSMC6,2.16298496139243e-09,0.247194973233253,0.0133044909772325,0.908171596097613,0.999950297526443
SVIP,2.16263222882681e-09,0.247081032616801,0.0133001520246583,0.908186504897589,0.999950297526443
TSPYL2,2.16175901506735e-09,0.246798887847582,0.0132894136930012,0.908223412797846,0.999950297526443
PHF1,2.15998137114756e-09,0.246224173026577,0.013267566547062,0.908298548626032,0.999950297526443
DGKA,2.1598864082863e-09,0.246193458596967,0.0132663999644221,0.908302562452532,0.999950297526443
SLC2A1,2.1597112491737e-09,0.246136802386368,0.0132642483358799,0.908309965966515,0.999950297526443
FTSJ1,2.15701604808688e-09,0.245264466546048,0.013231162885554,0.908423886015846,0.999950297526443
IPO7,2.1559654068052e-09,0.244924129174462,0.0132182767316112,0.908468294755004,0.999950297526443
NIFK,2.1535797352481e-09,0.24415073863482,0.0131890396950721,0.908569133912524,0.999950297526443
SH3GLB2,2.15207033868909e-09,0.243660994438092,0.0131705583596047,0.908632934854682,0.999950297526443
JAGN1,2.14969295870316e-09,0.242888950758145,0.0131414755489647,0.908733425932269,0.999950297526443
ARCN1,2.14717190876923e-09,0.242069353087799,0.0131106703224225,0.908839991487266,0.999950297526443
THEM4,2.14611452075065e-09,0.241725318836227,0.0130977606413841,0.908884688091985,0.999950297526443
SF3A2,2.14548465902562e-09,0.241520308042544,0.0130900736634331,0.908911312968582,0.999950297526443
PARP15,2.14547707296257e-09,0.241517838536966,0.0130899810951193,0.908911633639576,0.999950297526443
CH17-189H20.1,2.14203979559823e-09,0.240398030031149,0.0130480716719568,0.909056932553988,0.999950297526443
NDUFA11,2.14114668356039e-09,0.240106785881286,0.0130371932928572,0.909094686249138,0.999950297526443
C20orf24,2.13829672006347e-09,0.239176629708456,0.0130025101976481,0.909215161479854,0.999950297526443
MED17,2.13801042636065e-09,0.239083124759884,0.0129990286531527,0.909227263960801,0.999950297526443
ADAM17,2.13543792458209e-09,0.238242392103878,0.0129677660306448,0.909336012158659,0.999950297526443
DPH5,2.13494804427796e-09,0.23808218135454,0.0129618169703341,0.909356721219468,0.999950297526443
PARP14,2.1342762328091e-09,0.237862414216416,0.0129536607744499,0.909385121286799,0.999950297526443
PAICS,2.13160508564321e-09,0.236987953173975,0.0129212568322986,0.909498042146643,0.999950297526443
TTC37,2.13138797536876e-09,0.236916830851847,0.0129186248299918,0.90950722041053,0.999950297526443
TACC3,2.12993163863084e-09,0.236439574845355,0.0129009767616138,0.909568786868859,0.999950297526443
GOLT1B,2.12785915076485e-09,0.235759858496805,0.0128758828954058,0.909656401977379,0.999950297526443
GABPB1-AS1,2.12689498581711e-09,0.235443423072893,0.0128642170270498,0.909697162743303,0.999950297526443
ABRACL,2.12659610789925e-09,0.235345304411148,0.012860601841268,0.909709798070294,0.999950297526443
TXNDC9,2.12586774024546e-09,0.235106132954338,0.0128517937350224,0.909740590549462,0.999950297526443
SDHAF1,2.12387145265727e-09,0.234450214885502,0.0128276682169483,0.909824986321047,0.999950297526443
ABHD5,2.11782870446489e-09,0.232461134814621,0.0127547785902711,0.910080457913575,0.999950297526443
UBE2D3,2.11481561395252e-09,0.231467280739754,0.0127185112909704,0.910207846977044,0.999950297526443
SNHG25,2.11357755903989e-09,0.231058519124377,0.0127036243133935,0.910260190798735,0.999950297526443
CD55,2.11083829405854e-09,0.230153292240566,0.0126707170344369,0.910376005783779,0.999950297526443
DTWD1,2.11023557023129e-09,0.229953962389868,0.0126634821337161,0.910401488952412,0.999950297526443
RNF166,2.10848524154338e-09,0.229374791710528,0.0126424834699397,0.910475493386883,0.999950297526443
NUTM2B-AS1,2.10829523324231e-09,0.229311891557575,0.012640204991987,0.91048352704295,0.999950297526443
MRPS31,2.10780058346849e-09,0.229148117623799,0.0126342743794602,0.910504441151912,0.999950297526443
STAT6,2.10677745332361e-09,0.228809251404548,0.0126220119578603,0.910547699945895,0.999950297526443
TOB1,2.106518914529e-09,0.228723596906397,0.0126189142604542,0.910558631223263,0.999950297526443
LCK,2.10388389014323e-09,0.227850030025487,0.0125873642470191,0.910670043640205,0.999950297526443
SNRPE,2.10376318748512e-09,0.227809989310163,0.0125859199803014,0.910675147154938,0.999950297526443
OLA1,2.10337767929841e-09,0.227682089805077,0.0125813077400419,0.9106914471248,0.999950297526443
SIVA1,2.10287054707207e-09,0.227513804916875,0.012575241670691,0.910712889632011,0.999950297526443
TGIF1,2.10061071594255e-09,0.226763435982702,0.0125482284500299,0.910808440345529,0.999950297526443
TTC3,2.09945011190814e-09,0.226377759645847,0.0125343662896382,0.910857513780836,0.999950297526443
MRPL55,2.09527805006782e-09,0.224989660298232,0.0124845987899544,0.911033922494232,0.999950297526443
DPH3,2.09133949812546e-09,0.223676810818942,0.0124377076133458,0.91120046165323,0.999950297526443
PHKB,2.089172953936e-09,0.222953615698995,0.0124119510250373,0.911292074257238,0.999950297526443
MRPL42,2.08640544890163e-09,0.222028769005611,0.0123790888484002,0.911409100284111,0.999950297526443
ZNF101,2.0858639563525e-09,0.221847674631392,0.0123726641004885,0.911431997927693,0.999950297526443
CHCHD5,2.08224526843779e-09,0.220636294415398,0.0123297715881803,0.911585020251081,0.999950297526443
MVB12A,2.07890408497167e-09,0.219516011185249,0.012290234480909,0.911726310742231,0.999950297526443
UBAC2,2.07871929222727e-09,0.219454000505364,0.0122880496324258,0.9117341252577,0.999950297526443
TOMM40,2.0774504449663e-09,0.219028071682736,0.0122730529952037,0.911787782500447,0.999950297526443
PPP1R11,2.07620825130157e-09,0.218610847495988,0.0122583802498163,0.911840313000723,0.999950297526443
IRF9,2.0754303899734e-09,0.218349459543605,0.0122491966491734,0.9118732077816,0.999950297526443
LLNLR-245B6.1,2.07518892913596e-09,0.218268301294344,0.0122463466097387,0.911883418888573,0.999950297526443
DENND5B,2.07425371791864e-09,0.217953878419525,0.0122353111422156,0.911922968055367,0.999950297526443
TXNL4A,2.07245105450196e-09,0.217347428647574,0.0122140537970095,0.911999201541913,0.999950297526443
CDC26,2.07069983193401e-09,0.216757798421726,0.0121934207504275,0.912073260403345,0.999950297526443
AK2,2.06973491473769e-09,0.216432709332175,0.0121820594706608,0.912114066890078,0.999950297526443
PRKD3,2.0681864625328e-09,0.21591071733662,0.0121638385086415,0.912179551640399,0.999950297526443
EIF4E2,2.06744045169079e-09,0.215659098655241,0.0121550649101511,0.912211100992222,0.999950297526443
MESDC2,2.06522215330774e-09,0.214910382338516,0.0121289949014222,0.912304915293448,0.999950297526443
ABI1,2.063277716423e-09,0.214253462762694,0.0121061664007186,0.912387148693131,0.999950297526443
IGHG2,2.06017676563497e-09,0.213204586773858,0.0120698044358926,0.912518294888389,0.999950297526443
CHI3L2,2.0579848124273e-09,0.212462256600146,0.0120441344325788,0.912610998965541,0.999950297526443
SUN2,2.05748415352845e-09,0.212292596005592,0.0120382750408401,0.912632173453581,0.999950297526443
TKT,2.05661606595699e-09,0.211998329009273,0.012028118877691,0.912668887838448,0.999950297526443
TIMMDC1,2.05534569505263e-09,0.211567479330095,0.0120132639388124,0.91272261649381,0.999950297526443
MRPL22,2.05414969210498e-09,0.211161617562521,0.0119992870017107,0.912773200219512,0.999950297526443
MAGOH,2.05176008543496e-09,0.210350026932864,0.0119713855315508,0.912874267256359,0.999950297526443
HEXDC,2.05153388893626e-09,0.210273155907069,0.0119687461038268,0.912883834179934,0.999950297526443
IDH3B,2.05137186861777e-09,0.210218089618336,0.011966855710017,0.912890686795995,0.999950297526443
COMMD1,2.05013790392608e-09,0.209798561339381,0.0119524631600048,0.912942877291416,0.999950297526443
SIKE1,2.04676484048421e-09,0.208650532951462,0.0119131650713955,0.9130855428123,0.999950297526443
DENND2D,2.03906756680638e-09,0.206023921429448,0.0118237298182714,0.913411113597533,0.999950297526443
MLF2,2.03762966924261e-09,0.205532197311134,0.0118070601226372,0.913471933813914,0.999950297526443
NCBP2-AS2,2.03573979608492e-09,0.204885401205295,0.0117851685115727,0.913551872472556,0.999950297526443
EGLN1,2.03350612401313e-09,0.204120197083266,0.0117593206502873,0.913646354411549,0.999950297526443
RABEP2,2.03306321350052e-09,0.20396837018451,0.0117541986991189,0.913665089197426,0.999950297526443
SETX,2.03305283169851e-09,0.203964810987365,0.0117540786542022,0.91366552834052,0.999950297526443
CRLF3,2.03278052712399e-09,0.203871450462266,0.0117509302116347,0.913677046646375,0.999950297526443
CLK1,2.03236170171773e-09,0.203727831300001,0.0117460884876585,0.913694762723215,0.999950297526443
PHF14,2.03084207653847e-09,0.203206498401898,0.0117285296263674,0.913759042365332,0.999950297526443
PPCS,2.03033182224467e-09,0.203031362951331,0.01172263672031,0.913780626079609,0.999950297526443
USE1,2.02916551127972e-09,0.202630889004126,0.0117091726031342,0.91382996117538,0.999950297526443
GMPR2,2.02894319110879e-09,0.202554526229661,0.0117066069744217,0.913839365383353,0.999950297526443
ERICH1,2.02763928631294e-09,0.202106497483951,0.0116915652559294,0.913894521178741,0.999950297526443
TAF9,2.02660761949352e-09,0.201751814742269,0.0116796709002722,0.913938161471619,0.999950297526443
CLPP,2.02550507542706e-09,0.201372572651821,0.0116669660738767,0.913984800212893,0.999950297526443
NT5DC1,2.02508320236525e-09,0.201227408440317,0.0116621065786492,0.914002645953097,0.999950297526443
NGDN,2.02295581374401e-09,0.200494942146175,0.0116376169169856,0.914092637722382,0.999950297526443
FNTA,2.02262485138803e-09,0.200380924212917,0.01163380932216,0.91410663803166,0.999950297526443
OARD1,2.0223399784537e-09,0.200282769907496,0.011630532467326,0.914118688695964,0.999950297526443
PSMF1,2.02219200981556e-09,0.200231781370768,0.0116288305862281,0.91412494805721,0.999950297526443
SNHG15,2.022078543581e-09,0.20019267959146,0.0116275256235003,0.914129747903273,0.999950297526443
WIPI2,2.01916191737348e-09,0.199186851294638,0.0115940069571997,0.914253128032872,0.999950297526443
ABI3,2.01898681968983e-09,0.199126422609631,0.0115919962261904,0.914260535141364,0.999950297526443
C1orf132,2.01820224388393e-09,0.198855592493481,0.0115829887056077,0.914293724924358,0.999950297526443
ECHS1,2.01356971745264e-09,0.197254409118066,0.0115298751800792,0.91448969698265,0.999950297526443
ARHGAP5,2.01112114854598e-09,0.196406655289875,0.0115018507930697,0.914593282105689,0.999950297526443
OCIAD2,2.01097208273447e-09,0.196355013039746,0.0115001458046036,0.91459958828524,0.999950297526443
PDLIM5,2.00965682784575e-09,0.195899197450875,0.0114851076280483,0.91465522993855,0.999950297526443
TLN1,2.00562090967277e-09,0.194498713539174,0.0114390237300354,0.914825971438144,0.999950297526443
LACTB,2.00372348794558e-09,0.193839361532578,0.0114173901449512,0.914906244154494,0.999950297526443
PAK2,2.00317702573359e-09,0.193649355101079,0.0114111634160364,0.914929363058957,0.999950297526443
STK10,2.0014239581541e-09,0.193039471895626,0.011391199342019,0.915003529701035,0.999950297526443
SBNO1,2.00046941629859e-09,0.192707175571255,0.0113803362926535,0.915043913603255,0.999950297526443
LSM3,1.99994097292047e-09,0.192523147591009,0.0113743246345942,0.915066270606893,0.999950297526443
SELPLG,1.99990683911473e-09,0.192511259041645,0.011373936377461,0.915067714717789,0.999950297526443
MAPKAPK2,1.99886839436639e-09,0.192149483169011,0.0113621276893716,0.915111648698082,0.999950297526443
ZNF721,1.99826115070744e-09,0.19193784638298,0.0113552252519861,0.915137339767136,0.999950297526443
FOXN3,1.99762565208054e-09,0.191716295902625,0.0113480038909748,0.915164226333204,0.999950297526443
C14orf1,1.99756636316861e-09,0.191695622869359,0.011347330290475,0.915166734723193,0.999950297526443
TBCC,1.99624268382957e-09,0.191233924682001,0.0113322967472705,0.915222737050347,0.999950297526443
TTC14,1.99595310351474e-09,0.191132880062899,0.0113290091990512,0.915234988692662,0.999950297526443
THUMPD1,1.99567401783027e-09,0.191035484038628,0.0113258412456227,0.915246796344372,0.999950297526443
SPPL2A,1.99376655026291e-09,0.190369460197689,0.011304201087714,0.915327498629162,0.999950297526443
TMEM87A,1.99157490096932e-09,0.189603452447447,0.0112793624450528,0.915420225322779,0.999950297526443
RAB8A,1.98351620705337e-09,0.186779852335383,0.0111882656681887,0.915761191239757,0.999950297526443
ADIPOR1,1.98313845799004e-09,0.186647226246526,0.0111840045944258,0.915777174304217,0.999950297526443
SLC25A45,1.98240136115379e-09,0.186388364694371,0.0111756923534387,0.915808361948143,0.999950297526443
LINC01215,1.9815667249134e-09,0.186095136409489,0.011166283891098,0.915843676783199,0.999950297526443
EIF2A,1.9764574774022e-09,0.184297537897173,0.011108776104694,0.916059861084777,0.999950297526443
GMIP,1.97625889423048e-09,0.18422757970177,0.0111065439239422,0.916068263732152,0.999950297526443
KRAS,1.97394494538532e-09,0.183411907621174,0.0110805504381149,0.916166174513044,0.999950297526443
ALKBH5,1.97297005741155e-09,0.183067982030995,0.0110696082607435,0.916207425608242,0.999950297526443
FH,1.97164726517427e-09,0.182601059641302,0.0110547698366748,0.916263398172964,0.999950297526443
UBALD2,1.96985673329406e-09,0.18196855313774,0.0110347003948983,0.91633916331082,0.999950297526443
SH3BGRL3,1.96811094385801e-09,0.181351319205216,0.011015150011809,0.916413035934303,0.999950297526443
WSB1,1.96793570269633e-09,0.18128933259619,0.0110131885149201,0.91642045125811,0.999950297526443
UBA2,1.96565621340777e-09,0.180482543565227,0.0109876898100676,0.916516908432264,0.999950297526443
HNRNPH2,1.96455331001478e-09,0.180091865296064,0.0109753631778059,0.916563578513621,0.999950297526443
SRP68,1.96441156940641e-09,0.180041641632562,0.0109737795114056,0.916569576381402,0.999950297526443
GNAI2,1.96360424723117e-09,0.179755512609921,0.010964761487691,0.916603738958763,0.999950297526443
CAPNS1,1.96358276225049e-09,0.179747896413241,0.0109645215448408,0.916604648117506,0.999950297526443
TSTA3,1.9633607162854e-09,0.179669178789204,0.010962041903892,0.916614044224049,0.999950297526443
BSDC1,1.96251513967017e-09,0.179369334585785,0.0109526017127124,0.916649825786851,0.999950297526443
RNF115,1.96215255830591e-09,0.17924072398887,0.0109485550255367,0.916665168892803,0.999950297526443
AP2M1,1.96208560240983e-09,0.179216971680291,0.0109478078279736,0.916668002222754,0.999950297526443
TIMM9,1.96172042465387e-09,0.179087412758727,0.0109437330578903,0.916683455235574,0.999950297526443
NUP210,1.96139438405927e-09,0.178971719437982,0.0109400956336407,0.916697252130703,0.999950297526443
MYH9,1.9610494079292e-09,0.178849286824691,0.0109362476161413,0.91671185033864,0.999950297526443
GPATCH8,1.9598458068495e-09,0.17842196445937,0.0109228274136688,0.916762782832688,0.999950297526443
ARL16,1.95945611568352e-09,0.178283555754328,0.0109184841064999,0.916779273372173,0.999950297526443
ANXA7,1.9589467574145e-09,0.178102604311227,0.0109128083505816,0.916800827911817,0.999950297526443
IFNGR1,1.9572738202646e-09,0.17750796847853,0.0108941772704411,0.916871622108081,0.999950297526443
HPRT1,1.95701709664991e-09,0.177416674286647,0.0108913196128973,0.916882486018653,0.999950297526443
CYB5R3,1.9537617186564e-09,0.176258020022867,0.0108551156642064,0.917020246936743,0.999950297526443
SNRPG,1.9522192203291e-09,0.175708365350347,0.0108379821643666,0.917085523171713,0.999950297526443
G6PC3,1.95110348741979e-09,0.175310524045638,0.0108255974508571,0.917132739677368,0.999950297526443
DCTN1,1.94939450119765e-09,0.17470071951795,0.0108066413119177,0.917205062532798,0.999950297526443
TMEM214,1.94938623479999e-09,0.174697768632691,0.0108065496610948,0.91720541236144,0.999950297526443
VCP,1.94877203227502e-09,0.174478480900605,0.0107997409904177,0.91723140506283,0.999950297526443
TIAL1,1.94769842953999e-09,0.174095014532708,0.0107878448450917,0.91727683953219,0.999950297526443
SMC4,1.94759670433738e-09,0.174058670069387,0.0107867180104356,0.917281144519032,0.999950297526443
CARD8,1.94730870449254e-09,0.173955763345657,0.01078352808573,0.917293332618428,0.999950297526443
CHCHD7,1.94467563053772e-09,0.17301424658797,0.0107543856797291,0.917404764715041,0.999950297526443
ARL14EP,1.94414760712472e-09,0.172825291942112,0.010748546354741,0.917427110942857,0.999950297526443
PPP2R4,1.94386348518073e-09,0.17272359768507,0.0107454049525938,0.917439135159561,0.999950297526443
CHD7,1.93995370112842e-09,0.171322735391019,0.0107022229465843,0.917604601559875,0.999950297526443
CCL18,1.93646553718755e-09,0.170070643861854,0.0106637709502735,0.917752227541829,0.999950297526443
BDP1,1.9355529975382e-09,0.169742725770406,0.0106537229315788,0.91779084848888,0.999950297526443
NEK6,1.93467562574044e-09,0.169427304865983,0.0106440666136916,0.917827981227923,0.999950297526443
SLC25A37,1.92892744282815e-09,0.167357385201269,0.0105809106530932,0.918071264250746,0.999950297526443
HIST1H4C,1.92780495928107e-09,0.166952486674247,0.0105685997261512,0.918118772540704,0.999950297526443
PCED1B,1.92671493123507e-09,0.166559078281834,0.0105566516157489,0.918164907455263,0.999950297526443
HSCB,1.92618248578534e-09,0.166366832442447,0.0105508177849422,0.91818744305388,0.999950297526443
CREBL2,1.92548389703626e-09,0.166114521013948,0.0105431660218812,0.918217010718947,0.999950297526443
PPP4C,1.92493247315519e-09,0.165915299374251,0.0105371281411609,0.918240349732705,0.999950297526443
ORMDL1,1.92348099129532e-09,0.165390636972485,0.0105212432369073,0.918301784033864,0.999950297526443
TGIF2,1.92163391305417e-09,0.164722428662413,0.0105010462828205,0.918379962747423,0.999950297526443
YBEY,1.92085301042721e-09,0.164439739559387,0.0104925133064009,0.918413015164955,0.999950297526443
C12orf10,1.92073383662526e-09,0.16439658856129,0.0104912113911516,0.918418059317464,0.999950297526443
SIAH2,1.91965892860158e-09,0.164007264501543,0.0104794721990089,0.918463556042373,0.999950297526443
AHSA1,1.91927985744326e-09,0.163869917598294,0.0104753338873656,0.918479600731114,0.999950297526443
GRINA,1.9185610086321e-09,0.163609389127285,0.0104674884748253,0.918510027050101,0.999950297526443
FAM213A,1.91786877825104e-09,0.163358419063416,0.0104599363497538,0.918539326818196,0.999950297526443
ARFIP2,1.91786600354948e-09,0.163357412912265,0.0104599060836782,0.91853944426214,0.999950297526443
ZNF397,1.91684731718482e-09,0.162987926286528,0.0104487973473512,0.918582562008433,0.999950297526443
MYC,1.91682753619835e-09,0.162980749676994,0.010448581694857,0.918583399276899,0.999950297526443
CHPT1,1.91665871200701e-09,0.16291949678419,0.0104467412625372,0.918590545090617,0.999950297526443
MCFD2,1.91547124168351e-09,0.162488511403156,0.0104338006672031,0.918640807277679,0.999950297526443
CBFB,1.9147661166794e-09,0.162232468784137,0.0104261202808617,0.918670653335183,0.999950297526443
MVP,1.91171649511136e-09,0.161124054995251,0.0103929356525152,0.918799736987337,0.999950297526443
KARS,1.91060688057541e-09,0.160720333025758,0.0103808744439559,0.918846705017139,0.999950297526443
WNK1,1.90952495700563e-09,0.160326468897897,0.0103691209714233,0.918892501209748,0.999950297526443
YTHDF3,1.90865518818244e-09,0.160009682027911,0.0103596770684872,0.91892931740707,0.999950297526443
MINOS1,1.90855878158017e-09,0.159974560303067,0.0103586305556863,0.91893339818544,0.999950297526443
CD3E,1.90820057396332e-09,0.159844047344462,0.010354742604008,0.918948560712316,0.999950297526443
SNRPN,1.90812726618295e-09,0.159817334746809,0.0103539470182336,0.918951663752115,0.999950297526443
UBE2F,1.90702063807435e-09,0.159413970919255,0.0103419408523403,0.918998506284215,0.999950297526443
ILF3-AS1,1.90603986153454e-09,0.159056291492451,0.0103313059127218,0.919040021872183,0.999950297526443
AARS,1.90588102469196e-09,0.158998348621743,0.0103295840981162,0.919046745345893,0.999950297526443
ATPAF2,1.90498785651674e-09,0.158672438894781,0.0103199046964955,0.919084552757349,0.999950297526443
MRPS12,1.90438619426723e-09,0.158452814414164,0.0103133869472852,0.919110020955796,0.999950297526443
ZNF106,1.89496260043192e-09,0.155004186797059,0.0102115707229156,0.919508929917282,0.999950297526443
ITGB1BP1,1.89421601375907e-09,0.154730263513761,0.010203525898418,0.91954053445087,0.999950297526443
ACTR10,1.89327089211281e-09,0.15438334858513,0.0101933463124703,0.919580543556301,0.999950297526443
PIGT,1.89291949317127e-09,0.154254322132696,0.0101895628087897,0.919595419108491,0.999950297526443
PCIF1,1.89196570032245e-09,0.153903992866894,0.0101792968849967,0.919635795568011,0.999950297526443
SELT,1.88805269320432e-09,0.152464960127795,0.0101372343140088,0.919801445206867,0.999950297526443
ELOVL1,1.88615463079417e-09,0.151765902212149,0.0101168626030843,0.919881797286477,0.999950297526443
MARS,1.88599393215305e-09,0.151706685704606,0.0101151387817291,0.91988860029846,0.999950297526443
TSC22D4,1.88489754461491e-09,0.151302543751251,0.0101033817040392,0.91993501489567,0.999950297526443
B4GALT1,1.8846484324608e-09,0.151210686415362,0.0101007113107656,0.919945560876532,0.999950297526443
COPS6,1.88299806569587e-09,0.150601836859561,0.010083028883482,0.920015428302109,0.999950297526443
SH3YL1,1.88255263326291e-09,0.150437420967637,0.0100782590677838,0.920034285560198,0.999950297526443
PVT1,1.88184921183116e-09,0.15017770118137,0.0100707289314833,0.920064064802325,0.999950297526443
ABLIM1,1.88138192897883e-09,0.150005117699126,0.010065728217663,0.92008384721464,0.999950297526443
STARD10,1.88104798155927e-09,0.149881754270183,0.0100621551785217,0.920097984903777,0.999950297526443
CLIC1,1.8802475875026e-09,0.149585995129892,0.0100535940191665,0.920131869749191,0.999950297526443
PAPD4,1.87986164343422e-09,0.149443338987596,0.0100494671937617,0.920148208821761,0.999950297526443
SRSF4,1.87804583562229e-09,0.148771785331891,0.0100300624806158,0.920225082111449,0.999950297526443
IFNGR2,1.87745258652944e-09,0.148552244251188,0.0100237267612829,0.920250197821666,0.999950297526443
SLTM,1.87532574189641e-09,0.147764623366558,0.0100010291611292,0.920340240270778,0.999950297526443
EIF2B2,1.87527718608518e-09,0.14774663197013,0.0100005112758503,0.920342295949629,0.999950297526443
JAK3,1.87494590840112e-09,0.147623871610399,0.0099969783009764,0.920356321072503,0.999950297526443
ANAPC15,1.87452811744358e-09,0.147469022589993,0.00999252357854352,0.920374008896035,0.999950297526443
PPP3CC,1.87024827036816e-09,0.14588083571062,0.00994694661325574,0.920555205079555,0.999950297526443
MRPS7,1.86923712697313e-09,0.145505105060266,0.00993619395472032,0.920598014530528,0.999950297526443
LYPLA1,1.8690772350902e-09,0.145445672952826,0.00993449417164908,0.920604784000679,0.999950297526443
WDR13,1.86656926971485e-09,0.144512817050564,0.00990785145088131,0.920710966483232,0.999950297526443
TM7SF3,1.86358756193407e-09,0.143402179075247,0.00987622259853093,0.92083720815707,0.999950297526443
DCAF11,1.86293249923564e-09,0.143157949788357,0.00986928071062075,0.920864942936884,0.999950297526443
TANK,1.85801721162086e-09,0.141322726159785,0.00981726985487747,0.921073054969525,0.999950297526443
TAF10,1.85592001373985e-09,0.140538272395165,0.00979512028829165,0.92116185144248,0.999950297526443
ZNF75A,1.8549987127223e-09,0.140193391496821,0.00978539787100246,0.921200860128028,0.999950297526443
CDKN1B,1.85410499440374e-09,0.139858678455333,0.00977597114466056,0.92123870111929,0.999950297526443
DR1,1.85356242281611e-09,0.139655400246691,0.00977025044587074,0.921261674268689,0.999950297526443
CISD1,1.85227811098625e-09,0.139173995714126,0.00975671575086863,0.921316053875468,0.999950297526443
FLI1,1.85225073599241e-09,0.139163731124199,0.00975642736214528,0.921317212976015,0.999950297526443
RAD21,1.85102707824139e-09,0.13870475651361,0.00974354078665096,0.921369024751714,0.999950297526443
EMC2,1.8496173660303e-09,0.138175633872996,0.00972870539262907,0.921428714807232,0.999950297526443
CCDC115,1.84956911914549e-09,0.138157517979213,0.00972819785672976,0.921430757685385,0.999950297526443
HNRNPAB,1.84955048513421e-09,0.138150521099691,0.00972800183871283,0.921431546690134,0.999950297526443
RHOQ,1.84886540217396e-09,0.137893232409063,0.00972079657011359,0.921460554653111,0.999950297526443
SRPK2,1.84832029980284e-09,0.137688449086047,0.00971506543563028,0.921483635595794,0.999950297526443
GOLGA7,1.84614625183091e-09,0.1368711273406,0.00969222459280407,0.921575690662458,0.999950297526443
ZNF292,1.84505112810561e-09,0.136459070689057,0.00968072925547188,0.921622061558653,0.999950297526443
UBE2Q2,1.84198420624408e-09,0.135303842263125,0.00964857257025247,0.921751925850954,0.999950297526443
DARS,1.84169308017614e-09,0.135194086627964,0.00964552289262071,0.921764253264292,0.999950297526443
MRPL41,1.83965187724325e-09,0.134424076289203,0.00962415390429926,0.921850686286498,0.999950297526443
JUND,1.8395633627844e-09,0.134390667071326,0.0096232277983426,0.921854434377734,0.999950297526443
LENG1,1.83826863651077e-09,0.133901804075753,0.00960968647489625,0.921909258977185,0.999950297526443
COX11,1.83786920659197e-09,0.133750920395589,0.00960551082918551,0.921926172731652,0.999950297526443
GYG1,1.8361990970998e-09,0.133119698716255,0.00958806131124129,0.921996893459588,0.999950297526443
MRPS14,1.83532134243937e-09,0.132787727903876,0.00957889677785278,0.922034062197217,0.999950297526443
C1D,1.83456282475245e-09,0.13250073001851,0.00957098071320495,0.922066181952943,0.999950297526443
EXOSC8,1.83419977618871e-09,0.132363324112387,0.0095671930130065,0.922081555444561,0.999950297526443
ACSL3,1.8336201415078e-09,0.132143890879091,0.00956114721503581,0.922106100455079,0.999950297526443
TMEM203,1.83168637393973e-09,0.131411338423733,0.00954099114611991,0.922187987646813,0.999950297526443
STAT3,1.82627631914216e-09,0.129357935028536,0.00948471398268309,0.922417085843433,0.999950297526443
CLASRP,1.82610004951841e-09,0.129290932947653,0.00948288316851277,0.922424550396159,0.999950297526443
ACOT13,1.82549356609719e-09,0.129060354190176,0.00947658531382086,0.922450233418447,0.999950297526443
NUDT5,1.82495600813775e-09,0.128855918571004,0.00947100494486756,0.92247299769125,0.999950297526443
HAGH,1.82468739139316e-09,0.128753740753694,0.00946821706036726,0.922484372981185,0.999950297526443
SNRNP25,1.82384048713241e-09,0.128431496206446,0.00945943000727757,0.922520237496658,0.999950297526443
DCP1A,1.82294672327086e-09,0.128091265573118,0.00945016118666618,0.922558086583055,0.999950297526443
HCG18,1.82221355145522e-09,0.127812047963413,0.00944256118559096,0.92258913505303,0.999950297526443
NDUFB1,1.81863882804211e-09,0.126449117691824,0.00940554967772319,0.922740519664898,0.999950297526443
PSMD11,1.81845461900732e-09,0.126378814744032,0.00940364440719374,0.922748320739622,0.999950297526443
C3orf38,1.81750808337538e-09,0.126017463555205,0.00939385745086296,0.9227884057267,0.999950297526443
TRMT112,1.81718711018189e-09,0.125894887133662,0.00939053982029868,0.922801998715731,0.999950297526443
DGCR6L,1.81599087706701e-09,0.125437874258868,0.00937818052359256,0.9228526585455,0.999950297526443
FAM215B,1.8145000406888e-09,0.124867904647522,0.00936278882324858,0.922915795103239,0.999950297526443
PTEN,1.81350524843237e-09,0.124487329668589,0.00935252541578459,0.922957924583356,0.999950297526443
PLEK,1.81053818009913e-09,0.123351032474698,0.00932194719547495,0.923083581294187,0.999950297526443
ZNF672,1.8101740275276e-09,0.123211449685648,0.00931819773611305,0.923099003455674,0.999950297526443
SYNRG,1.80656893501173e-09,0.121828127695794,0.00928111896578519,0.923251683653405,0.999950297526443
DDAH2,1.80581477224024e-09,0.121538409565525,0.00927337166837482,0.9232836237522,0.999950297526443
SMARCA2,1.803404359304e-09,0.120611647531674,0.00924863188094693,0.923385709741611,0.999950297526443
C2orf69,1.80324016994167e-09,0.120548476224727,0.00924694789051336,0.923392663547722,0.999950297526443
RP11-693J15.5,1.80291391116237e-09,0.120422932829837,0.0092436021076733,0.923406481392642,0.999950297526443
PPP1R15B,1.80161297544766e-09,0.119922119282121,0.00923026703553615,0.923461579382545,0.999950297526443
TIFA,1.80123021719617e-09,0.119774704862061,0.00922634545456928,0.923477790253699,0.999950297526443
XPA,1.8009855429293e-09,0.119680455924649,0.00922383906092173,0.923488152902639,0.999950297526443
ITGB2-AS1,1.8008445529869e-09,0.119626140768782,0.00922239494312805,0.923494124232353,0.999950297526443
MAPRE2,1.80042131240498e-09,0.1194630664205,0.0092180604955895,0.923512049714633,0.999950297526443
MZT1,1.79951666705049e-09,0.119114383410552,0.00920879935153585,0.923550364233807,0.999950297526443
CCDC90B,1.79940573765378e-09,0.119071615607038,0.00920766405216393,0.923555062447889,0.999950297526443
C1orf162,1.79921285686558e-09,0.118997246162765,0.00920569019348629,0.923563231571371,0.999950297526443
ITGB7,1.79912945463964e-09,0.118965086218949,0.0092048367566564,0.923566763927135,0.999950297526443
DHPS,1.79584515360549e-09,0.117697516397757,0.00917126067226406,0.923705865964825,0.999950297526443
TMEM242,1.79465645825304e-09,0.117238191979779,0.00915912351569931,0.923756212091234,0.999950297526443
LST1,1.79354626514016e-09,0.116808937269214,0.00914779516295212,0.923803233601479,0.999950297526443
CUL3,1.79337530766865e-09,0.116742814078002,0.00914605134465415,0.92381047441812,0.999950297526443
MRPS18C,1.79312675915043e-09,0.116646669286639,0.00914351637054956,0.92382100157529,0.999950297526443
MEF2A,1.79214726559594e-09,0.116267651799122,0.00913352982699066,0.92386248770021,0.999950297526443
SLC30A7,1.79199921982571e-09,0.116210347782105,0.00913202088335239,0.923868758147768,0.999950297526443
DDHD1,1.79196749854566e-09,0.116198068846502,0.00913169758318043,0.923870101696549,0.999950297526443
NIN,1.79180250338484e-09,0.116134197781725,0.00913001606100033,0.923877090038696,0.999950297526443
CAMK2G,1.79105230979405e-09,0.115843719942443,0.00912237253367146,0.923908864435505,0.999950297526443
MYL6B,1.78965195140520e-09,0.11530118251192,0.00910811321043347,0.923968176841433,0.999950297526443
WBP2,1.78893273474708e-09,0.115022379408591,0.00910079403258256,0.923998639543573,0.999950297526443
HELZ,1.78599125566895e-09,0.11388099668164,0.00907089040747015,0.924123228197098,0.999950297526443
TRIM44,1.78563549316841e-09,0.113742827523361,0.00906727699533044,0.924138296923087,0.999950297526443
TIPIN,1.78354814790024e-09,0.112931621532675,0.00904609072794906,0.924226709358025,0.999950297526443
RRP7A,1.78139475214853e-09,0.112093788674456,0.00902426002634237,0.924317920434693,0.999950297526443
STAG3,1.77874122524181e-09,0.111060026206253,0.00899739536655068,0.9244303168637,0.999950297526443
HMBOX1,1.77821967230448e-09,0.110856664890538,0.00899211980432382,0.924452408653488,0.999950297526443
ARL5A,1.77653925991057e-09,0.110201056417192,0.00897513278058638,0.924523587476089,0.999950297526443
CYB5R4,1.7756070157355e-09,0.109837086486591,0.00896571579765093,0.924563075688022,0.999950297526443
CHMP2B,1.7755574859131e-09,0.109817743743079,0.00896521561476851,0.924565173688766,0.999950297526443
ADH5,1.77473319989442e-09,0.109495761400761,0.00895689351131903,0.924600089147996,0.999950297526443
PSMD6,1.7740393965646e-09,0.109224636643288,0.0089498917739889,0.924629477678348,0.999950297526443
RAB8B,1.7739467666269e-09,0.10918843095937,0.00894895717662251,0.924633401359627,0.999950297526443
TAF3,1.77319178090055e-09,0.108893266577327,0.0089413415059332,0.924665381621802,0.999950297526443
SNRPC,1.76973811424628e-09,0.107541499919253,0.00890654511192499,0.924811676223955,0.999950297526443
UPF3B,1.76956958956824e-09,0.107475474369048,0.00890484892742208,0.924818814861829,0.999950297526443
FBXO18,1.76853634556124e-09,0.107070531917024,0.00889445295806972,0.924862582796513,0.999950297526443
ELP6,1.76589685303109e-09,0.106035044532637,0.00886792331062833,0.924974392013409,0.999950297526443
RBM26,1.76247144896717e-09,0.104689017658788,0.0088335535122913,0.925119494745483,0.999950297526443
FDFT1,1.76155233353103e-09,0.10432741918366,0.00882434265286874,0.92515842960137,0.999950297526443
FAM162A,1.76131154373215e-09,0.104232657638036,0.00882193038678952,0.925168629781881,0.999950297526443
GALM,1.76108538835491e-09,0.104143644041561,0.00881966503071111,0.925178210039764,0.999950297526443
PCF11,1.75922940091747e-09,0.103412721213436,0.0088010849414556,0.92525683267157,0.999950297526443
BOD1L1,1.75908372472336e-09,0.103355319790493,0.00879962742207357,0.925263003781841,0.999950297526443
NUP160,1.75830493570609e-09,0.10304837258444,0.00879183752999551,0.925295994786612,0.999950297526443
ERAP2,1.7579316227432e-09,0.102901190891493,0.00878810466383318,0.925311809089259,0.999950297526443
RMND5B,1.75764578945934e-09,0.102788478453395,0.00878524706850131,0.92532391759326,0.999950297526443
EPB41,1.75715742135553e-09,0.102595859796028,0.00878036572275826,0.925344605941729,0.999950297526443
POLR3K,1.75678096090793e-09,0.102447343804053,0.00877660384430346,0.925360553669872,0.999950297526443
EMC10,1.7553308297645e-09,0.10187497179282,0.00876212056605755,0.925421984831876,0.999950297526443
LMO4,1.75020555780792e-09,0.0998483570999868,0.00871102741851805,0.925639107660293,0.999950297526443
LETMD1,1.74946926684634e-09,0.0995567469770396,0.00870369970594186,0.925670299743636,0.999950297526443
NDUFB5,1.74866370153424e-09,0.0992375652758436,0.00869568609351761,0.925704426682627,0.999950297526443
TUBA4A,1.74769925302989e-09,0.0988552446594452,0.00868609679546557,0.925745284723086,0.999950297526443
H2AFX,1.74757346088211e-09,0.0988053639654411,0.00868484646197954,0.92575061381486,0.999950297526443
SAMD9L,1.74665886439088e-09,0.0984425927110538,0.00867575837297926,0.925789360122333,0.999950297526443
LYRM1,1.74621550701144e-09,0.0982666709109297,0.00867135456706342,0.925808142743356,0.999950297526443
CYTH1,1.74611075870354e-09,0.0982251010764054,0.00867031428025855,0.925812580360815,0.999950297526443
PICALM,1.74595547185328e-09,0.0981634703808607,0.0086687721948902,0.925819159026348,0.999950297526443
MMP24-AS1,1.7457247599088e-09,0.0980718950177194,0.00866648134935429,0.925828933055309,0.999950297526443
TSPAN33,1.74353372190172e-09,0.097201636276825,0.00864474060959368,0.925921756154121,0.999950297526443
MOB4,1.74282181290085e-09,0.0969186465708261,0.00863768251586576,0.925951916322508,0.999950297526443
PPP1R12A,1.74267595314012e-09,0.0968606523863508,0.00863623677129856,0.925958095713822,0.999950297526443
GPR65,1.7419954940989e-09,0.0965900385501902,0.00862949374133972,0.925986923618629,0.999950297526443
ZFAND1,1.74062058951586e-09,0.0960429380984595,0.00861587711799345,0.926045172268133,0.999950297526443
RB1,1.73888545207214e-09,0.0953519005345445,0.00859870820735426,0.926118682962581,0.999950297526443
CLK4,1.73882171719274e-09,0.0953265047899989,0.00859807788683896,0.926121383161408,0.999950297526443
DPM1,1.73571939167707e-09,0.0940892710206772,0.00856742466821661,0.926252817649578,0.999950297526443
RAPGEF1,1.73491005043056e-09,0.0937661489880969,0.0085594367946147,0.926287106888198,0.999950297526443
DDRGK1,1.73430243178552e-09,0.0935234675346748,0.00855344229059576,0.926312849865747,0.999950297526443
XPO6,1.73305485619639e-09,0.0930249323137676,0.00854114082866172,0.926365706139255,0.999950297526443
SP140L,1.73281143910694e-09,0.0929276218121749,0.00853874169671732,0.92637601907552,0.999950297526443
EMP3,1.73252193568726e-09,0.0928118703229282,0.00853588877416015,0.926388284583429,0.999950297526443
RP11-160E2.6,1.73146556390324e-09,0.0923893457401939,0.00852548276096735,0.926433040460367,0.999950297526443
REPIN1,1.73121106622774e-09,0.0922875154164432,0.00852297672661853,0.926443822936369,0.999950297526443
TIMM10B,1.73018454016881e-09,0.0918766326939932,0.00851287228124843,0.92648731460077,0.999950297526443
CHMP7,1.72984549421019e-09,0.0917408728553351,0.00850953625311752,0.926501679284905,0.999950297526443
CYB5R1,1.72863041180091e-09,0.0912541226058532,0.00849758587211872,0.926553160039276,0.999950297526443
CTSS,1.72790385265051e-09,0.090962912779027,0.00849044414739204,0.926583943129701,0.999950297526443
REST,1.72612383792289e-09,0.090248972733277,0.0084729601523752,0.926659359827242,0.999950297526443
LCP2,1.7254723342167e-09,0.0899874862711526,0.00846656533519925,0.926686963279326,0.999950297526443
TMEM55B,1.72460229036911e-09,0.0896381387479415,0.00845802920771165,0.926723826159887,0.999950297526443
PCM1,1.72403216161204e-09,0.0894091237632582,0.00845243792601495,0.926747982025778,0.999950297526443
PSMG3,1.72328116408662e-09,0.0891073444014456,0.00844507567657605,0.926779801249123,0.999950297526443
MAD1L1,1.72260566198213e-09,0.0888357938768648,0.0084384562711809,0.92680842188599,0.999950297526443
BRWD1,1.7206537465385e-09,0.0880505516522741,0.00841934357278506,0.926891123956292,0.999950297526443
SHC1,1.72027973378623e-09,0.0878999910597278,0.00841568380145593,0.926906970854324,0.999950297526443
STK40,1.71935703148722e-09,0.0875284182006591,0.00840665842244815,0.926946065819752,0.999950297526443
MRPL9,1.71888095395855e-09,0.0873366264223527,0.00840200358113278,0.926966237329237,0.999950297526443
ADPGK,1.71817450091224e-09,0.0870519317627298,0.00839509862212052,0.926996169986525,0.999950297526443
MIR155HG,1.71735228338188e-09,0.0867204431576857,0.0083870657411023,0.927031007754712,0.999950297526443
GNB5,1.71666039027044e-09,0.0864413783708972,0.0083803090795714,0.927060323720448,0.999950297526443
ZNF92,1.71393116867221e-09,0.085339531288148,0.00835368349953282,0.927175963598052,0.999950297526443
ATXN7,1.71344561013271e-09,0.0851433237374731,0.00834895095499385,0.927196537365388,0.999950297526443
C1GALT1C1,1.71217100337476e-09,0.0846280180206207,0.0083365342536161,0.927250544396853,0.999950297526443
ATIC,1.7107296349482e-09,0.0840448481008793,0.00832250416027369,0.927311617778247,0.999950297526443
MEF2D,1.70835324829731e-09,0.083082342015471,0.00829939852059747,0.92741231050409,0.999950297526443
GPATCH2,1.70783132216503e-09,0.0828707741757127,0.00829432812747978,0.927434425817293,0.999950297526443
SLC25A19,1.70583021396726e-09,0.0820590286801168,0.00827490217628526,0.927519218286707,0.999950297526443
XAF1,1.70473736677823e-09,0.0816153306069679,0.00826430287193963,0.927565525581568,0.999950297526443
U2AF1,1.70405884307496e-09,0.0813397109693789,0.00825772542542092,0.927594276840147,0.999950297526443
PPP1R7,1.70230937750059e-09,0.0806285822137895,0.00824077860385298,0.927668407828802,0.999950297526443
ESD,1.70206542809007e-09,0.0805293649761379,0.00823841688386967,0.927678744870314,0.999950297526443
ENSA,1.70116564998932e-09,0.080163295797649,0.00822970888987469,0.927716871911903,0.999950297526443
C11orf57,1.70051185243226e-09,0.0798971854314942,0.00822338436806265,0.927744575920599,0.999950297526443
MYO9B,1.69976257315331e-09,0.0795920907923677,0.00821613919180959,0.927776325978175,0.999950297526443
TPD52,1.6983254923649e-09,0.0790065720935032,0.00820225223524958,0.927837221348065,0.999950297526443
CCNC,1.69439576014737e-09,0.0774030201180031,0.00816433799129635,0.928003743368752,0.999950297526443
YIPF4,1.6934729342361e-09,0.0770259365085186,0.00815544725736597,0.928042848484469,0.999950297526443
VEZF1,1.6932182414026e-09,0.0769218295348748,0.00815299433623412,0.928053641225384,0.999950297526443
YY1,1.69272698959327e-09,0.0767209853369754,0.0081482641814169,0.928074458312973,0.999950297526443
SNX29,1.69106686776029e-09,0.0760418432421051,0.008132289392718,0.928144807327176,0.999950297526443
MLLT10,1.689744965667e-09,0.0755006052175749,0.00811958038762893,0.92820082440624,0.999950297526443
VPS41,1.68742603658546e-09,0.074550160921006,0.0080973097945794,0.928299092478013,0.999950297526443
RUBCN,1.68711537106536e-09,0.0744227350486206,0.0080943285398877,0.928312257474976,0.999950297526443
ZNF394,1.68654294324904e-09,0.0741878828469055,0.00808883676043398,0.928336515160297,0.999950297526443
DNAJC2,1.68577674408805e-09,0.073873411281472,0.00808148888689104,0.928368984368242,0.999950297526443
SDHD,1.68552406809326e-09,0.0737696751784159,0.00807906644843174,0.928379692040442,0.999950297526443
ZFX,1.6830013947407e-09,0.0727331708830313,0.00805490115251204,0.928486596295189,0.999950297526443
NUP37,1.68001536631794e-09,0.0715043521595968,0.00802634404394844,0.928613137985808,0.999950297526443
KLHL6,1.67999183851329e-09,0.0714946615920375,0.00802611923537093,0.928614135052537,0.999950297526443
HNRNPR,1.67870801559579e-09,0.0709656861179756,0.00801385705830969,0.928668541365964,0.999950297526443
PLEKHB2,1.67723125162884e-09,0.0703567313641902,0.00799976363673053,0.928731124617553,0.999950297526443
STX18,1.67650485129331e-09,0.0700570054371257,0.0079928358232638,0.928761908639145,0.999950297526443
NAGK,1.67630501682663e-09,0.069974528207857,0.00799093049159792,0.928770377415686,0.999950297526443
LINC-PINT,1.67610150506708e-09,0.0698905235363222,0.0079889903320313,0.92877900204036,0.999950297526443
DNAJC30,1.67587398928369e-09,0.0697965989746408,0.00798682161131189,0.928788643941443,0.999950297526443
DOCK10,1.67576256586708e-09,0.0697505959524802,0.00798575961097819,0.92879336596298,0.999950297526443
PPP2CA,1.67476063266226e-09,0.0693367988219415,0.00797621314426836,0.928835827079894,0.999950297526443
MAP1LC3B,1.67368944706597e-09,0.0688941370612541,0.0079660131526138,0.928881223281119,0.999950297526443
IRF7,1.67201104167019e-09,0.0681999965867998,0.00795004424566362,0.928952353557564,0.999950297526443
DYNC1I2,1.67186499972722e-09,0.0681395661200388,0.00794865551176913,0.928958542794606,0.999950297526443
PSMD10,1.66905382741503e-09,0.0669753448233258,0.00792194730965484,0.929077680719644,0.999950297526443
MICAL3,1.66863124549747e-09,0.0668001733198185,0.0079179363570573,0.929095589945325,0.999950297526443
C16orf54,1.66722555148679e-09,0.0662171683314126,0.0079046014664691,0.929155164194509,0.999950297526443
BRD2,1.66582215257103e-09,0.0656346433357664,0.00789129955877949,0.929214641572111,0.999950297526443
MRPL18,1.66515959639131e-09,0.0653594644216783,0.00788502351122506,0.92924272146907,0.999950297526443
ZNF207,1.66394736592036e-09,0.0648557169769541,0.00787354715001618,0.929294097426061,0.999950297526443
UBE2A,1.66341733838946e-09,0.0646353508851313,0.00786853192876144,0.929316560797958,0.999950297526443
IRAK1,1.66328413659544e-09,0.0645799598229232,0.00786727179929129,0.929322206101184,0.999950297526443
EIF2AK4,1.66123788866035e-09,0.0637285047937032,0.00784792635393471,0.929408929779904,0.999950297526443
PEX2,1.66023934479856e-09,0.0633126388410581,0.007838494660203,0.929451250174473,0.999950297526443
TRMT6,1.65839704699359e-09,0.0625447408044081,0.00782110821606822,0.929529331163983,0.999950297526443
VPS37A,1.65820746235647e-09,0.062465672451971,0.00781932013134803,0.929537366253083,0.999950297526443
CNPPD1,1.65752835179593e-09,0.0621823705590807,0.00781291671607151,0.929566148780614,0.999950297526443
P2RY8,1.65501634935953e-09,0.061133477074859,0.00778925353824935,0.929672614983699,0.999950297526443
TSTD1,1.65202986484901e-09,0.0598844677794733,0.00776116741520942,0.929799192798899,0.999950297526443
NUB1,1.65107753929558e-09,0.059485728864445,0.00775222202279772,0.929839556110089,0.999950297526443
PHF5A,1.65104189943896e-09,0.0594708021543572,0.00775188735032732,0.929841066671216,0.999950297526443
MEA1,1.65015752340558e-09,0.0591003078481653,0.00774358502038492,0.929878550181774,0.999950297526443
NDUFS2,1.6483835494575e-09,0.0583565554194716,0.00772694474928908,0.929953738996691,0.999950297526443
EHD1,1.6483738966931e-09,0.0583525063167822,0.0077268542531678,0.929954148124994,0.999950297526443
FCGR2B,1.64731004277396e-09,0.0579061053184841,0.0077168837100283,0.929999239233149,0.999950297526443
AKIRIN1,1.64696297087386e-09,0.0577604113767624,0.00771363231074644,0.930013949813267,0.999950297526443
FKBP5,1.64692691773983e-09,0.0577452752884982,0.00771329460117971,0.930015477920245,0.999950297526443
CDK12,1.64363651241987e-09,0.0563625296971799,0.00768250451326142,0.930154942369251,0.999950297526443
NDUFAF2,1.64297742722185e-09,0.0560852385240178,0.00767634450187998,0.930182878077449,0.999950297526443
TCEAL8,1.64287714385606e-09,0.056043037798168,0.00767540743949888,0.930187128653585,0.999950297526443
SLC9A3R1,1.64233869851921e-09,0.0558164096443538,0.00767037710584461,0.93020995104587,0.999950297526443
PARVG,1.6417264132921e-09,0.0555586158938597,0.00766465893925436,0.930235903264669,0.999950297526443
HSPB11,1.64002941426971e-09,0.05484363555192,0.00764882171301753,0.930307832367867,0.999950297526443
EHD4,1.63930697200261e-09,0.0545390398717249,0.00764208449846436,0.930338454022293,0.999950297526443
GMDS,1.63908136283021e-09,0.0544438922066848,0.00763998116364359,0.930348016781416,0.999950297526443
MDH1,1.63886374337620e-09,0.0543521021612827,0.00763795259057132,0.930357240894721,0.999950297526443
NDE1,1.63869685277647e-09,0.0542817011735911,0.00763639707677077,0.930364314798972,0.999950297526443
CWC15,1.63580719602352e-09,0.0530616360120948,0.00760948897550061,0.930486798034813,0.999950297526443
CD2AP,1.63415967116513e-09,0.0523650929895941,0.00759416869941418,0.93055663204042,0.999950297526443
REV3L,1.6339030307892e-09,0.0522565293816103,0.00759178359922604,0.930567510361726,0.999950297526443
SPAG7,1.63365189090346e-09,0.0521502767010889,0.00758944998076477,0.930578155544048,0.999950297526443
VAV1,1.63196030074128e-09,0.0514341863004586,0.00757374089094151,0.930649858080959,0.999950297526443
SEC31A,1.62954919997528e-09,0.0504122747833834,0.00755137813765951,0.930752059956537,0.999950297526443
BBIP1,1.62871957464364e-09,0.0500603132589108,0.00754369107937198,0.930787226426139,0.999950297526443
FIBP,1.62839400028954e-09,0.0499221439733993,0.00754067547507334,0.930801027030849,0.999950297526443
RRAS2,1.62806008707279e-09,0.0497804081824587,0.00753758325900706,0.930815181128954,0.999950297526443
IREB2,1.62804361698049e-09,0.0497734164161023,0.0075374307535007,0.930815879272902,0.999950297526443
RSU1,1.62736482395332e-09,0.0494852008265667,0.00753114678323874,0.930844652396792,0.999950297526443
AZIN1,1.62581512738657e-09,0.0488267658738004,0.00751681018808438,0.9309103422896,0.999950297526443
FMNL3,1.62501335939604e-09,0.0484858737379021,0.0075093982115806,0.930944328516856,0.999950297526443
KCNN4,1.624068064703e-09,0.0480837496646232,0.00750066409311093,0.930984398874274,0.999950297526443
PFKL,1.62334899540091e-09,0.0477777100405327,0.00749402360383034,0.931014879818365,0.999950297526443
PPP2R5C,1.62315618835067e-09,0.0476956281891993,0.0074922435617281,0.931023052818204,0.999950297526443
EIF2AK1,1.61964987459968e-09,0.0462012811832134,0.00745990929513435,0.931171685070885,0.999950297526443
DPP8,1.61795614819186e-09,0.045478321157288,0.00744431525952286,0.931243482806383,0.999950297526443
COMMD8,1.61786994861131e-09,0.045441507761272,0.00744352206156166,0.931247136855824,0.999950297526443
SVBP,1.61753933210875e-09,0.0453002933313464,0.00744048016096697,0.931261151891597,0.999950297526443
NHSL2,1.61740157302758e-09,0.0452414448486545,0.00743921286558461,0.931266991589602,0.999950297526443
CERS4,1.6166910811231e-09,0.0449378574549057,0.00743267850862843,0.931297109867213,0.999950297526443
COQ7,1.61398146362489e-09,0.0437788807266354,0.00740778465150346,0.931411973460811,0.999950297526443
STK25,1.61379232856116e-09,0.0436979126724234,0.00740604858481229,0.931419991152498,0.999950297526443
C12orf75,1.61346357731449e-09,0.0435571536966895,0.00740303146833873,0.931433927379963,0.999950297526443
SUPT5H,1.61324298122467e-09,0.0434626872414949,0.00740100729106114,0.931443278770083,0.999950297526443
TERF1,1.61244507988617e-09,0.0431208960232545,0.00739368810438664,0.931477103051057,0.999950297526443
COQ4,1.61188825634102e-09,0.0428822771519397,0.00738858248086156,0.931500707742058,0.999950297526443
RBM5,1.61184141786786e-09,0.0428622015699131,0.00738815309018532,0.931502693306831,0.999950297526443
KIF5B,1.61123562222162e-09,0.0426024990558556,0.00738260059618814,0.931528374081891,0.999950297526443
NOP58,1.61018150727951e-09,0.0421503795980087,0.00737294395273142,0.931573060094112,0.999950297526443
PABPN1,1.60978741618556e-09,0.041981277229067,0.00736933534592362,0.931589766448547,0.999950297526443
RTCA,1.60973591456798e-09,0.0419591752198098,0.00736886382202439,0.931591949713199,0.999950297526443
SCNM1,1.60728383057409e-09,0.0409060711104734,0.00734643118483441,0.93169589943789,0.999950297526443
LIPA,1.60687586728382e-09,0.0407307119104017,0.00734270229287407,0.931713194093831,0.999950297526443
COMMD4,1.60539797553323e-09,0.0400950951858204,0.00732920189867265,0.93177584615116,0.999950297526443
LACTB2,1.60466243590504e-09,0.039778541981567,0.00732248744711313,0.931807027936841,0.999950297526443
FADS3,1.60445939043884e-09,0.0396911329922893,0.00732063446697421,0.931815635676693,0.999950297526443
RBM4,1.60420659771244e-09,0.0395822934459637,0.00731832782416385,0.931826352371475,0.999950297526443
FAM50A,1.60303155856563e-09,0.0390761653457744,0.00730761078521591,0.931876166213343,0.999950297526443
IGHM,1.60024940448651e-09,0.0378763755624712,0.00728226723371826,0.931994112099102,0.999950297526443
METAP2,1.59892478790795e-09,0.0373044361297174,0.00727021633774702,0.932050268060113,0.999950297526443
ST14,1.59867678200035e-09,0.0371973021410946,0.00726796117630253,0.932060782091198,0.999950297526443
HPS4,1.59858925417583e-09,0.0371594879145,0.00726716535387866,0.932064492772845,0.999950297526443
ATP13A1,1.5976494274257e-09,0.0367533335130985,0.00725862298603437,0.93210433617161,0.999950297526443
TXLNG,1.59420911917102e-09,0.0352646109223624,0.00722739584264462,0.932250187454147,0.999950297526443
MPLKIP,1.59277318081582e-09,0.0346423237988258,0.00721438196524606,0.93231106448933,0.999950297526443
TMEM14B,1.59188492775797e-09,0.0342571147351762,0.0072063376183596,0.932348722441094,0.999950297526443
RSBN1,1.59179039640699e-09,0.034216107113233,0.00720548177181936,0.932352730155949,0.999950297526443
CCDC91,1.59138018228057e-09,0.0340381294195968,0.00720176845685712,0.932370121456396,0.999950297526443
VMA21,1.58988304211715e-09,0.0333881975140062,0.00718822425774298,0.932433593982237,0.999950297526443
ADA,1.58969750503968e-09,0.0333076119757009,0.00718654664465289,0.932441460013782,0.999950297526443
RHOA,1.58949962863589e-09,0.0332216570459454,0.00718475767600061,0.932449849190784,0.999950297526443
LGALS9,1.58941123275369e-09,0.0331832557009813,0.00718395857504846,0.932453596829044,0.999950297526443
XPC,1.5884526097612e-09,0.032766674299124,0.00717529545384712,0.932494238775413,0.999950297526443
PDCD6,1.58680466219386e-09,0.0320499728861131,0.00716041508924752,0.932564105857067,0.999950297526443
POLR2C,1.58296740104448e-09,0.0303783484360469,0.00712582587841249,0.932726794015251,0.999950297526443
USP6NL,1.58124162933734e-09,0.0296252800901071,0.0071102970112875,0.932799962383681,0.999950297526443
TSN,1.58055467531439e-09,0.029325296593965,0.00710412036371265,0.932829087659959,0.999950297526443
VHL,1.57946040886875e-09,0.0288471861770773,0.00709428696833451,0.932875482235223,0.999950297526443
SLC30A9,1.57680472159939e-09,0.0276855284149651,0.00707045051301983,0.93298807868801,0.999950297526443
LRCH3,1.57538023100629e-09,0.0270616482182299,0.00705768134679069,0.93304847512749,0.999950297526443
RABGGTB,1.57471878936905e-09,0.0267717739446203,0.00705175609242347,0.933076519473095,0.999950297526443
NCK2,1.57373914893485e-09,0.0263422349915665,0.00704298495609289,0.933118055225158,0.999950297526443
NACA2,1.57249116407797e-09,0.02579466345056,0.00703181912406897,0.933170968769919,0.999950297526443
HERPUD2,1.5724330353717e-09,0.025769148445547,0.00703129925724513,0.933173433387072,0.999950297526443
PRELID3B,1.57090219309688e-09,0.0250968739836058,0.00701761527789104,0.933238340276831,0.999950297526443
IL13RA1,1.57014814425946e-09,0.024765499237472,0.00701087984312171,0.933270311705498,0.999950297526443
SEC23B,1.56849123003154e-09,0.0240368126369407,0.00699609105082751,0.933340564714984,0.999950297526443
SSSCA1,1.56781304693999e-09,0.0237383440594093,0.00699004242929008,0.933369319764903,0.999950297526443
GTF2I,1.56701176053602e-09,0.0233855375778077,0.00698289923747739,0.93340329452308,0.999950297526443
COMMD2,1.56678291554577e-09,0.0232847452466532,0.00698085983373734,0.933412997634243,0.999950297526443
RNF13,1.56629747884739e-09,0.0230708929484376,0.00697653474116074,0.933433580360292,0.999950297526443
YLPM1,1.56557339258933e-09,0.0227517884410777,0.00697008584451897,0.933464282013626,0.999950297526443
MCTS1,1.56514566657858e-09,0.0225632230597855,0.00696627780872536,0.933482417876902,0.999950297526443
ETFB,1.56317948720191e-09,0.0216957838201986,0.00694878633964782,0.933565785615507,0.999950297526443
C14orf119,1.5627824822537e-09,0.0215205057801644,0.00694525718350693,0.933582619063688,0.999950297526443
LINC01588,1.56272396979196e-09,0.0214946688542809,0.00694473711562533,0.933585100059187,0.999950297526443
DDX56,1.5608276116428e-09,0.0206568034400138,0.00692789253092868,0.933665508169214,0.999950297526443
TRUB2,1.56047757808259e-09,0.0205020415228859,0.0069247855600464,0.933680350132162,0.999950297526443
COPS2,1.5593567204748e-09,0.0200062469196766,0.00691484128253109,0.933727876378957,0.999950297526443
F8A1,1.55470803068411e-09,0.0179463024381559,0.00687367425890941,0.933924991160425,0.999950297526443
TTC17,1.55467779474641e-09,0.0179328847939661,0.00687340690328819,0.933926273244674,0.999950297526443
SYNGR1,1.55459962170217e-09,0.0178981931867914,0.00687271569687228,0.933929587990647,0.999950297526443
CABIN1,1.55354795999857e-09,0.0174313238976135,0.00686342027821737,0.933974181368517,0.999950297526443
ESYT2,1.55260916594858e-09,0.0170143035930109,0.00685512778714267,0.934013989019345,0.999950297526443
NEIL1,1.55108768646425e-09,0.0163379340717866,0.00684169900401964,0.934078504610356,0.999950297526443
EXOSC6,1.55095240296231e-09,0.0162777632695781,0.00684050561096371,0.934084241084013,0.999950297526443
PDPK1,1.55049742935178e-09,0.0160753650551973,0.00683649285978085,0.934103533514289,0.999950297526443
AMFR,1.55045651817688e-09,0.0160571626314325,0.00683613209134632,0.934105268289304,0.999950297526443
LNPEP,1.54754405378837e-09,0.0147601443561247,0.00681047346626851,0.934228767634962,0.999950297526443
ACBD6,1.54686228573152e-09,0.0144561909732741,0.00680447410168714,0.934257677370465,0.999950297526443
SETD3,1.54535607153326e-09,0.013784216774401,0.00679122921782029,0.934321547279242,0.999950297526443
RUNDC1,1.54518458829061e-09,0.0137076722298302,0.00678972209928063,0.934328818927235,0.999950297526443
VAMP3,1.54168329002726e-09,0.0121430171429542,0.00675898673156212,0.93447729065775,0.999950297526443
POU2F1,1.54147711165543e-09,0.0120507739117023,0.00675717901436846,0.934486033674288,0.999950297526443
NSMCE4A,1.54127162627794e-09,0.0119588289132941,0.00675537761372035,0.934494747312187,0.999950297526443
STIP1,1.54102441328223e-09,0.0118481971488242,0.00675321072350188,0.934505230426324,0.999950297526443
MRPL34,1.53975481390928e-09,0.0112797620283849,0.00674208781050933,0.934559068208278,0.999950297526443
SF3A1,1.53907721645871e-09,0.0109761981541208,0.00673615515647678,0.934587802075127,0.999950297526443
CWF19L2,1.53899914828071e-09,0.01094121532638,0.00673547180411889,0.934591112601665,0.999950297526443
CCDC66,1.53863172195413e-09,0.0107765464166121,0.00673225608532479,0.934606693544139,0.999950297526443
C5orf24,1.53857451186355e-09,0.0107509032520597,0.00673175545113865,0.934609119575955,0.999950297526443
G3BP1,1.53857190087448e-09,0.0107497329117598,0.0067317326033339,0.934609230296692,0.999950297526443
PDHB,1.53799160715001e-09,0.0104895767413539,0.00672665562836876,0.934633838071357,0.999950297526443
TMEM183A,1.53787367596598e-09,0.0104366945143775,0.00672562408561491,0.934638839036061,0.999950297526443
FAM159A,1.53683973798476e-09,0.00997289310755759,0.00671658362839883,0.934682684100571,0.999950297526443
RP11-660L16.2,1.53660322119074e-09,0.00986675478999152,0.00671451644787616,0.934692713834533,0.999950297526443
EIF4A1,1.53601027257521e-09,0.0096005964714275,0.00670933541609483,0.934717858466098,0.999950297526443
ICE2,1.53572726707057e-09,0.00947352824100392,0.00670686329209045,0.934729859645581,0.999950297526443
ZBTB7A,1.53545559286835e-09,0.00935152652313103,0.00670449057838298,0.934741380321884,0.999950297526443
KRR1,1.53526730202616e-09,0.00926695788889759,0.00670284635398409,0.934749365032999,0.999950297526443
RASGRP3,1.53414117492029e-09,0.00876096266800791,0.00669301681014952,0.934797120013058,0.999950297526443
NAP1L4,1.53283714743689e-09,0.00817458604067461,0.00668164345202512,0.934852419398221,0.999950297526443
CSNK1E,1.53237484414016e-09,0.00796658881167608,0.00667761369584652,0.934872024189401,0.999950297526443
LYRM7,1.53213951673117e-09,0.00786068827417824,0.00667556288579434,0.934882003680695,0.999950297526443
CCDC88C,1.52890559809776e-09,0.00640379375340493,0.00664741212849052,0.935019144979881,0.999950297526443
NMRK1,1.52875664060801e-09,0.00633661635698586,0.00664611690975399,0.935025461890205,0.999950297526443
USP36,1.52820827107732e-09,0.0060892563804065,0.00664134980129151,0.93504871689004,0.999950297526443
CCNL1,1.52690042150064e-09,0.0054989633085809,0.00662998725343173,0.935104179789855,0.999950297526443
LILRB1,1.52570714648889e-09,0.00495995855976585,0.00661962861232905,0.935154784120045,0.999950297526443
SNX27,1.52382504519821e-09,0.00410898479334233,0.00660330683388835,0.935234600683329,0.999950297526443
C7orf50,1.52275474494785e-09,0.00362460787990612,0.00659403406475209,0.935279990500903,0.999950297526443
DYNC1LI2,1.52261536908393e-09,0.00356150760098046,0.00659282703238153,0.935285901236333,0.999950297526443
HADHB,1.52102631704908e-09,0.00284169566882458,0.00657907322601301,0.935353290962455,0.999950297526443
CCNH,1.52090491447666e-09,0.0027866727505526,0.00657802303440278,0.935358439514044,0.999950297526443
METTL21A,1.51956106241573e-09,0.0021773203813272,0.00656640365659564,0.935415431004788,0.999950297526443
USP8,1.51951070008962e-09,0.00215447415828879,0.00656596840737752,0.935417566829686,0.999950297526443
MFNG,1.51827335346371e-09,0.00159293882470335,0.0065552793467619,0.935470041830067,0.999950297526443
ACAA2,1.51656815605326e-09,0.000818360627962148,0.00654056293456981,0.935542358512588,0.999950297526443
ETS1,1.51635504778692e-09,0.000721498275205695,0.00653872490297129,0.935551396379122,0.999950297526443
MX1,1.51508080685485e-09,0.000142054608629618,0.00652774012715192,0.935605436781201,0.999950297526443
BRD7,1.51411096372967e-09,-0.000299282587111578,0.00651938564523404,0.935646567908375,0.999950297526443
RANGRF,1.51355391999607e-09,-0.000552894096527301,0.00651458954379213,0.935670192256865,0.999950297526443
CIITA,1.51104272730344e-09,-0.00169730867616315,0.00649299028893786,0.93577669319976,0.999950297526443
SRSF6,1.50791133281516e-09,-0.00312693090852332,0.00646610680495916,0.935909498821989,0.999950297526443
PILRB,1.50781077004372e-09,-0.00317288964580806,0.00646524438297989,0.935913763820887,0.999950297526443
ADAM10,1.50773490249058e-09,-0.00320756423893657,0.00646459378418941,0.935916981464438,0.999950297526443
SMARCC1,1.50603234055249e-09,-0.00398614688043701,0.00645000215139545,0.935989189649513,0.999950297526443
GPANK1,1.50538325603851e-09,-0.00428319658489052,0.00644444357976481,0.936016718428199,0.999950297526443
ISG20L2,1.50422499249006e-09,-0.00481357530262359,0.00643453049953898,0.936065842546149,0.999950297526443
RAD1,1.50367709799326e-09,-0.00506459773174079,0.00642984396418799,0.93608907985872,0.999950297526443
LPP,1.50329968848806e-09,-0.00523756222487494,0.00642661670257148,0.936105086590018,0.999950297526443
MAZ,1.50239356436684e-09,-0.00565300402607599,0.006418871663527,0.936143517326181,0.999950297526443
C15orf40,1.50086570193627e-09,-0.0063540479403548,0.00640582293063697,0.936208317701587,0.999950297526443
USP16,1.50014417299899e-09,-0.00668535273510306,0.00639966531691526,0.936238919652095,0.999950297526443
SDF2,1.49993951840567e-09,-0.00677935199025017,0.00639791930931387,0.936247599611812,0.999950297526443
ATXN2L,1.49735702986026e-09,-0.00796656794037779,0.00637590731555933,0.936357130648248,0.999950297526443
FAM195B,1.49733853337845e-09,-0.00797507820451965,0.0063757497965135,0.936357915143518,0.999950297526443
EFCAB14,1.49579071890853e-09,-0.008687588943262,0.00636257525114847,0.936423563151102,0.999950297526443
DCP2,1.49485134419293e-09,-0.0091203604468102,0.00635458621167022,0.936463405396998,0.999950297526443
KIDINS220,1.49435724900354e-09,-0.00934809592895907,0.00635038612636584,0.936484361807353,0.999950297526443
MRPS9,1.49417678824747e-09,-0.00943129091091581,0.00634885245523539,0.936492015828601,0.999950297526443
TOLLIP,1.49402939806809e-09,-0.00949924705682295,0.00634759997647048,0.936498267206324,0.999950297526443
PDRG1,1.49354511797297e-09,-0.00972257606483667,0.00634348557535765,0.936518807393421,0.999950297526443
FCRL2,1.49312368905229e-09,-0.0099169775256502,0.00633990623773348,0.936536681854121,0.999950297526443
CCDC97,1.49249718114074e-09,-0.0102060777056645,0.00633458696227266,0.936563254581828,0.999950297526443
COPS7A,1.49242335421409e-09,-0.0102401526060285,0.00633396029238496,0.936566385884241,0.999950297526443
HAUS1,1.49217483283119e-09,-0.0103548698451733,0.00633185098003277,0.936576926701442,0.999950297526443
RELB,1.49164427671987e-09,-0.0105998355665239,0.00632734908799333,0.93659942981229,0.999950297526443
TMEM165,1.4912075870937e-09,-0.0108015246156148,0.00632364487607892,0.936617951689645,0.999950297526443
RNF11,1.49042376302106e-09,-0.0111636834017318,0.0063169988229779,0.936651197111653,0.999950297526443
PTPN18,1.49012935170135e-09,-0.0112997608102642,0.00631450340882991,0.936663684417513,0.999950297526443
PRCC,1.48980590438792e-09,-0.0114492885218294,0.00631176245550476,0.936677403288187,0.999950297526443
PRDM4,1.48852942673942e-09,-0.0120397012884527,0.00630095115169968,0.936731544690472,0.999950297526443
GTF3C5,1.48824178238372e-09,-0.0121728134748335,0.00629851618752104,0.936743745076716,0.999950297526443
UBA7,1.48687058119894e-09,-0.0128076999030075,0.00628691517712315,0.936801904545002,0.999950297526443
NOP56,1.48558859216122e-09,-0.013401789444669,0.00627607861628987,0.936856280387032,0.999950297526443
ARL6IP4,1.48511935891648e-09,-0.0136193612181178,0.00627211455832855,0.93687618309013,0.999950297526443
PMPCA,1.4850554216464e-09,-0.0136490124575029,0.00627157451654985,0.936878895016342,0.999950297526443
UTP11L,1.48430368460206e-09,-0.0139977265254993,0.00626522676472903,0.936910780314283,0.999950297526443
RBMX2,1.4841218576346e-09,-0.0140820975207569,0.00626369188016364,0.93691849261009,0.999950297526443
MTRNR2L12,1.48391561130561e-09,-0.0141778115777334,0.00626195108821267,0.936927240674381,0.999950297526443
SPSB2,1.48334303721801e-09,-0.0144435968005269,0.00625711962855557,0.936951526794691,0.999950297526443
PTBP1,1.48276301137151e-09,-0.0147129417273498,0.00625222719107567,0.936976129046244,0.999950297526443
CCDC94,1.48246603346742e-09,-0.0148508877335309,0.0062497229643459,0.936988725620442,0.999950297526443
BRMS1,1.48188054157944e-09,-0.0151229261451158,0.0062447873510744,0.937013559810547,0.999950297526443
DDB2,1.48095206778649e-09,-0.0155545370695849,0.00623696444656101,0.937052942026944,0.999950297526443
MIF4GD,1.47999706575655e-09,-0.0159987515776209,0.00622892314211648,0.937093449627754,0.999950297526443
ASCC2,1.47951197683301e-09,-0.0162244939216248,0.00622484058477939,0.937114025341114,0.999950297526443
NABP2,1.47940810492384e-09,-0.0162728413001332,0.00622396656227933,0.937118431216354,0.999950297526443
NTMT1,1.47918742752322e-09,-0.0163755668567507,0.00622210989227867,0.937127791569572,0.999950297526443
SNRPD3,1.47852408613097e-09,-0.0166844417411892,0.00621653053499135,0.93715592821275,0.999950297526443
CDK13,1.47816071982808e-09,-0.0168536942793611,0.00621347532586173,0.937171340985412,0.999950297526443
PRKRIR,1.47454190861092e-09,-0.0185414893943087,0.00618308909018281,0.937324840032065,0.999950297526443
SLC25A26,1.4740002756522e-09,-0.0187944470062823,0.00617854754444211,0.937347814667528,0.999950297526443
TES,1.47375524923327e-09,-0.0189089105148248,0.00617649356714798,0.937358208056344,0.999950297526443
UBR5,1.47341652443403e-09,-0.0190671751485515,0.00617365470890602,0.937372575906398,0.999950297526443
FCRL1,1.47261219756392e-09,-0.0194431263983015,0.00616691624637994,0.937406693501454,0.999950297526443
SF3B4,1.47097375681389e-09,-0.0202095630761564,0.00615320115434361,0.937476192539687,0.999950297526443
NGLY1,1.47091829516356e-09,-0.020235521526644,0.00615273716203141,0.937478545108748,0.999950297526443
TRIM28,1.46994971620382e-09,-0.0206890102270479,0.00614463684852628,0.937519630322767,0.999950297526443
IL10RA,1.46949840265243e-09,-0.0209004134276819,0.0061408642947702,0.937538774212582,0.999950297526443
RYBP,1.46944877733685e-09,-0.0209236626090547,0.00614044954483588,0.937540879229294,0.999950297526443
IRF2,1.468454818533e-09,-0.0213894858550413,0.00613214535652341,0.937583041267555,0.999950297526443
CDCA7L,1.46774610170072e-09,-0.0217218144457998,0.00612622769962513,0.937613103934459,0.999950297526443
PIAS1,1.46714339397449e-09,-0.0220045551605782,0.00612119744723444,0.937638669929761,0.999950297526443
EPS15,1.46588313062039e-09,-0.0225961279562498,0.00611068585362941,0.937692128697232,0.999950297526443
MBD2,1.46549333986063e-09,-0.0227791964042313,0.00610743651928673,0.937708663182028,0.999950297526443
LAMTOR5,1.46384511482401e-09,-0.0235538170415446,0.00609370630475372,0.93777857932762,0.999950297526443
UBL7,1.4638292886e-09,-0.023561258999499,0.00609357454239889,0.937779250663386,0.999950297526443
SNAP29,1.46336182967737e-09,-0.0237811069039501,0.00608968332230417,0.937799079916965,0.999950297526443
WBSCR16,1.46264881617079e-09,-0.0241165703093978,0.00608375045107641,0.937829325484369,0.999950297526443
UTP23,1.45856515152923e-09,-0.0260409162731287,0.00604982663485548,0.938002553598866,0.999950297526443
WAC,1.45831186548936e-09,-0.0261604429313194,0.00604772566105904,0.938013298031123,0.999950297526443
COQ9,1.4563469881971e-09,-0.027088355034218,0.00603143966118302,0.938096648807322,0.999950297526443
FUNDC2,1.45456785406961e-09,-0.0279295895446801,0.00601671214683851,0.938172120879201,0.999950297526443
SNX22,1.4544382474138e-09,-0.0279909106079759,0.00601563997795136,0.93817761890283,0.999950297526443
TAZ,1.45404402422684e-09,-0.0281774625502309,0.00601237936049769,0.938194342200962,0.999950297526443
INIP,1.45051339310452e-09,-0.0298503791952967,0.00598321693953986,0.938344115927053,0.999950297526443
MAP1LC3A,1.44960753256407e-09,-0.030280233933128,0.00597574611197517,0.938382544000092,0.999950297526443
IFT27,1.44941314954652e-09,-0.0303725074785089,0.00597414360142691,0.938390790061604,0.999950297526443
RASSF2,1.44696804273196e-09,-0.0315342165161907,0.00595400428070195,0.938494516256787,0.999950297526443
PRPS1,1.44541708950708e-09,-0.0322720782105033,0.0059412473532982,0.938560311255548,0.999950297526443
AHNAK,1.44526491296445e-09,-0.0323445168041855,0.00593999640518929,0.938566766956681,0.999950297526443
VPS25,1.44436765779191e-09,-0.0327717745818103,0.00593262330970885,0.938604830797689,0.999950297526443
LINC01184,1.44436123219688e-09,-0.0327748352624485,0.00593257052460272,0.93860510338824,0.999950297526443
STAG1,1.44425886229278e-09,-0.0328235985184538,0.00593172960594587,0.938609446188345,0.999950297526443
STAT1,1.4420156177213e-09,-0.0338929894249022,0.00591331741295622,0.93870461097089,0.999950297526443
CHRAC1,1.43869251653079e-09,-0.0354801103118128,0.00588609453172375,0.938845587935505,0.999950297526443
NUDT16,1.43846072605249e-09,-0.0355909455141542,0.0058841980448158,0.938855421327263,0.999950297526443
POLD2,1.43680502754855e-09,-0.0363831505319345,0.00587066016945148,0.938925662326696,0.999950297526443
PTPN2,1.43576044679672e-09,-0.0368834048636645,0.00586212714050706,0.938969977641739,0.999950297526443
HSPA4,1.43425574151192e-09,-0.0376046306196609,0.00584984632926773,0.939033813621503,0.999950297526443
TAF15,1.4338909643265e-09,-0.0377795829108679,0.0058468711009887,0.939049289075776,0.999950297526443
RP11-792A8.4,1.43221865395707e-09,-0.0385821950452287,0.00583324094133948,0.939120236139183,0.999950297526443
SETD2,1.43023161807786e-09,-0.0395370299965199,0.0058170662901717,0.939204535928005,0.999950297526443
ADD1,1.42979782501705e-09,-0.0397456512767278,0.00581353816188585,0.939222939643758,0.999950297526443
MKNK1,1.42950806666119e-09,-0.0398850368025303,0.00581118209371994,0.939235232690246,0.999950297526443
UHMK1,1.4292814029449e-09,-0.0399940901936681,0.00580933939029861,0.93924484894624,0.999950297526443
EMC6,1.42917297606864e-09,-0.0400462628666138,0.00580845801784129,0.939249448982478,0.999950297526443
PI4KB,1.42712292157258e-09,-0.0410334220895718,0.00579180626847264,0.939336423417624,0.999950297526443
ASF1A,1.42678111083045e-09,-0.0411981462990156,0.00578903220537065,0.939350924954354,0.999950297526443
EMC4,1.42559808540668e-09,-0.0417685588858508,0.00577943615317251,0.939401115710756,0.999950297526443
SLC39A3,1.42505969648346e-09,-0.0420283015695948,0.00577507167361638,0.939423957351398,0.999950297526443
KLF12,1.42447156916126e-09,-0.0423121481664897,0.00577030587106365,0.939448909245892,0.999950297526443
GIGYF2,1.42446428607109e-09,-0.042315663894915,0.00577024686595407,0.939449218238707,0.999950297526443
SNAPC5,1.42435848910827e-09,-0.0423667366653535,0.00576938976910905,0.939453706787942,0.999950297526443
SIGLEC10,1.42410100776092e-09,-0.0424910492991683,0.00576730409195032,0.939464630717367,0.999950297526443
CNOT2,1.42226593380541e-09,-0.0433776542324488,0.0057524503552345,0.939542486078516,0.999950297526443
PRPF6,1.42085990123889e-09,-0.044057715298909,0.00574108239030447,0.939602139200666,0.999950297526443
COPG1,1.42029189027426e-09,-0.0443326309051411,0.00573649313287479,0.939626238046896,0.999950297526443
ANXA11,1.42015649671558e-09,-0.0443981765918168,0.00573539948838518,0.939631982360633,0.999950297526443
MLX,1.41973997313982e-09,-0.0445998584755786,0.00573203566365262,0.939649654137544,0.999950297526443
PELI1,1.41698210253741e-09,-0.0459366649995389,0.00570978812667,0.939766662607194,0.999950297526443
PRPF40A,1.41585037172829e-09,-0.0464859666852303,0.00570067105655717,0.939814679047147,0.999950297526443
DMXL1,1.415062551317e-09,-0.0468685959594038,0.00569432878252145,0.939848104378827,0.999950297526443
ZNF480,1.41300710760395e-09,-0.0478678511750181,0.00567779824581198,0.939935312427509,0.999950297526443
PSD4,1.41276669883467e-09,-0.0479848173695368,0.00567586637107277,0.939945512500744,0.999950297526443
TRABD,1.41045254630528e-09,-0.0491117033475608,0.00565728713513406,0.940043697963844,0.999950297526443
VBP1,1.40962929450511e-09,-0.0495130181036081,0.00565068498091801,0.940078627324374,0.999950297526443
CRIPT,1.40945022442034e-09,-0.0496003401652972,0.00564924941999163,0.940086225019414,0.999950297526443
SNRNP27,1.40920936671056e-09,-0.0497178092894612,0.00564731881046282,0.940096444286185,0.999950297526443
SIDT1,1.40910581809304e-09,-0.0497683170988174,0.00564648891167733,0.940100837716968,0.999950297526443
DENND4A,1.40906411778893e-09,-0.0497886582244059,0.00564615471843547,0.940102607006191,0.999950297526443
AK6,1.40794811073539e-09,-0.0503332541371063,0.00563721452459528,0.940149957831891,0.999950297526443
NUP62,1.40775025316972e-09,-0.0504298492102867,0.0056356302514763,0.940158352710511,0.999950297526443
SH3BP1,1.4077403981566e-09,-0.0504346608194206,0.00563555134683317,0.940158770848038,0.999950297526443
KIAA0922,1.40593508623213e-09,-0.0513166329663328,0.0056211063476765,0.940235368554914,0.999950297526443
EMG1,1.40522977096584e-09,-0.0516615056530118,0.00561546788301905,0.940265294576291,0.999950297526443
ZSCAN16-AS1,1.40448569399904e-09,-0.052025511895721,0.00560952261461,0.940296865320273,0.999950297526443
GLOD4,1.40250231132574e-09,-0.0529966998465081,0.00559369052150276,0.940381019527903,0.999950297526443
TOMM5,1.40235127574495e-09,-0.0530707104196292,0.00559248581645651,0.940387427940118,0.999950297526443
C16orf74,1.4010549405735e-09,-0.0537062571191053,0.00558215119437893,0.940442431364291,0.999950297526443
PRPF4B,1.40012516819341e-09,-0.0541624396657635,0.0055747447641145,0.940481881726007,0.999950297526443
MED13L,1.39922729205382e-09,-0.0546032493459248,0.00556759708121644,0.940519978864753,0.999950297526443
TTC39C,1.39887839582174e-09,-0.0547746123509068,0.0055648208754173,0.94053478266736,0.999950297526443
RBM33,1.39787624296171e-09,-0.0552670560040748,0.00555685048489654,0.940577304516606,0.999950297526443
TRIP11,1.39447304919185e-09,-0.0569418755458966,0.00552982660613774,0.94072170500139,0.999950297526443
SCRN2,1.39437669476858e-09,-0.0569893518284296,0.00552906243956546,0.940725793432138,0.999950297526443
GNB1,1.39411200143453e-09,-0.0571197892315599,0.00552696348442838,0.940737024687577,0.999950297526443
BCL7B,1.3941114030892e-09,-0.057120084115282,0.00552695874014367,0.940737050076101,0.999950297526443
VPS4A,1.39322848153567e-09,-0.0575553487905949,0.00551996026682042,0.940774513581234,0.999950297526443
RBM6,1.39300430399179e-09,-0.0576659065849739,0.00551818403040946,0.940784025745655,0.999950297526443
FUCA1,1.39297246591704e-09,-0.0576816095782899,0.0055179317894833,0.940785376680053,0.999950297526443
TCEAL3,1.39290958984491e-09,-0.0577126219695594,0.0055174336632741,0.940788044600941,0.999950297526443
SRSF8,1.39091101998135e-09,-0.0586990797614512,0.00550161201070007,0.940872847099923,0.999950297526443
PHACTR1,1.39072285180966e-09,-0.0587920263740369,0.0055001235499236,0.940880831409363,0.999950297526443
HVCN1,1.38883829315512e-09,-0.0597235814622099,0.00548522729299114,0.940960796904952,0.999950297526443
MARCH6,1.38835497999075e-09,-0.0599626836213124,0.00548141025930564,0.940981304920132,0.999950297526443
MAGED2,1.38806281133359e-09,-0.0601072626050261,0.00547910346055956,0.940993702282485,0.999950297526443
DNASE2,1.38755190289212e-09,-0.0603601548333725,0.00547507078277326,0.941015381292064,0.999950297526443
ATP5S,1.38515942164664e-09,-0.0615455912910125,0.00545620631913281,0.941116900305245,0.999950297526443
RAB5C,1.38495835905339e-09,-0.0616453043129003,0.00545462244459181,0.941125431941768,0.999950297526443
CFL2,1.38370038697063e-09,-0.062269487018179,0.00544471796420485,0.941178811296032,0.999950297526443
CDV3,1.3835820688676e-09,-0.0623282223767011,0.00544378686500952,0.941183831885225,0.999950297526443
SMC3,1.38285383622396e-09,-0.0626898373463661,0.00543805782284304,0.941214733014766,0.999950297526443
VAPA,1.38199240441385e-09,-0.0631178309707818,0.0054312847904512,0.941251286304965,0.999950297526443
GALNT2,1.38185115126967e-09,-0.0631880356470382,0.00543017458630801,0.941257280136729,0.999950297526443
SERP1,1.38182581808038e-09,-0.0632006273064073,0.00542997548761408,0.941258355106955,0.999950297526443
PET100,1.38182149698213e-09,-0.0632027750959436,0.00542994152758731,0.941258538465323,0.999950297526443
GIMAP2,1.38078257282626e-09,-0.0637193569891647,0.00542177958087833,0.941302623514216,0.999950297526443
ZNF791,1.38038997497319e-09,-0.0639146648742644,0.00541869687045632,0.941319282809412,0.999950297526443
DOK1,1.37676512206192e-09,-0.0657204695591314,0.00539027564177857,0.941473099163776,0.999950297526443
CSNK1G3,1.37505619688546e-09,-0.0665733972784614,0.00537690246632899,0.941545616143874,0.999950297526443
HIF1A,1.37500708872735e-09,-0.0665979223204284,0.00537651841648143,0.941547700019528,0.999950297526443
METTL10,1.37373154828869e-09,-0.0672352336759553,0.00536654787046531,0.941601826964012,0.999950297526443
CARS,1.37339865579691e-09,-0.067401653834497,0.00536394726478169,0.941615953141041,0.999950297526443
TMEM115,1.37263723932656e-09,-0.0677824483274262,0.00535800133549119,0.941648263652995,0.999950297526443
NUP88,1.37182798431779e-09,-0.0681873903202347,0.0053516854479051,0.941682604286286,0.999950297526443
CRYZL1,1.3714169926323e-09,-0.0683931338752316,0.00534847926058544,0.941700044707661,0.999950297526443
C2orf68,1.37134142034806e-09,-0.0684309720219163,0.00534788981819058,0.9417032516186,0.999950297526443
TUFM,1.37123882356203e-09,-0.0684823442264306,0.00534708964432482,0.941707605316164,0.999950297526443
ITFG1,1.37073387740316e-09,-0.0687352344734697,0.00534315233565634,0.941729032746303,0.999950297526443
RARS2,1.37050958970295e-09,-0.0688475923660424,0.0053414039214324,0.941738550426108,0.999950297526443
MOB2,1.36755864829483e-09,-0.0703275288184215,0.00531842677365553,0.941863774810177,0.999950297526443
CD320,1.36738110405042e-09,-0.0704166675681753,0.0053170459264504,0.941871309017374,0.999950297526443
ZNF131,1.36550105435418e-09,-0.0713612584721164,0.00530243487405423,0.941951090486155,0.999950297526443
CD69,1.36482751383741e-09,-0.0716999689630026,0.00529720525682785,0.94197967287859,0.999950297526443
RINL,1.36463065739822e-09,-0.0717989946223965,0.0052956772780168,0.941988026700465,0.999950297526443
FUBP1,1.36414753727978e-09,-0.0720420791605596,0.0052919282850768,0.942008528466905,0.999950297526443
EBAG9,1.36293995228623e-09,-0.0726500445678476,0.00528256327946347,0.942059773914414,0.999950297526443
PDCD6IP,1.36157554871988e-09,-0.0733375849564707,0.00527199210129556,0.942117674451603,0.999950297526443
DEGS1,1.36140366034612e-09,-0.0734242487067011,0.00527066108892589,0.942124968817459,0.999950297526443
TAF12,1.35997086328538e-09,-0.0741470550702392,0.00525957280698487,0.942185772106146,0.999950297526443
SCAF4,1.35751580028258e-09,-0.0753872709180359,0.00524060044830685,0.942289957849246,0.999950297526443
CD6,1.3571272173879e-09,-0.0755837677732548,0.0052376006802964,0.942306448269215,0.999950297526443
CWC22,1.35658741772669e-09,-0.0758568210765556,0.00523343497974331,0.942329355965824,0.999950297526443
MRPL40,1.35440546490545e-09,-0.0769616104509868,0.00521661346901908,0.942421952866383,0.999950297526443
RTFDC1,1.35384375805481e-09,-0.0772462968989053,0.00521228743817776,0.942445790498349,0.999950297526443
STAU2,1.35304296220823e-09,-0.0776523558830432,0.00520612314683023,0.942479774642772,0.999950297526443
EXOC7,1.35299763012367e-09,-0.0776753493045125,0.00520577430282777,0.942481698447226,0.999950297526443
IFITM1,1.352906211677e-09,-0.0777217209877471,0.00520507084598191,0.942485578067211,0.999950297526443
TMEM263,1.35290528892139e-09,-0.0777221890676291,0.00520506374570153,0.94248561722716,0.999950297526443
ITGB2,1.35079600375648e-09,-0.0787929551410547,0.00518884619477699,0.942575131541089,0.999950297526443
TSPAN3,1.34966588388159e-09,-0.0793673156997734,0.00518016751171606,0.942623092118685,0.999950297526443
ACP5,1.34960020625607e-09,-0.0794007092468595,0.00517966336794524,0.942625879384138,0.999950297526443
SAMM50,1.34904140554181e-09,-0.0796848926637249,0.00517537498629785,0.942649594123824,0.999950297526443
ETF1,1.3489146322567e-09,-0.0797493801821121,0.00517440234237718,0.942654974216105,0.999950297526443
NOL7,1.34825209859171e-09,-0.0800864952154588,0.00516932066594799,0.942683091320189,0.999950297526443
DPP9,1.34700486032192e-09,-0.0807215563503554,0.00515976104069965,0.942736022753677,0.999950297526443
METTL23,1.34649470216862e-09,-0.0809814785695775,0.00515585341457256,0.942757673382847,0.999950297526443
AFF3,1.34615126911831e-09,-0.0811565088046665,0.00515322367581652,0.94277224838027,0.999950297526443
RP11-511P7.5,1.34529364155904e-09,-0.0815937852860959,0.00514665957131043,0.942808645425302,0.999950297526443
YEATS4,1.34257305952916e-09,-0.0829826985757996,0.00512586448076922,0.942924105595665,0.999950297526443
EDF1,1.33799835817786e-09,-0.0853242934579279,0.00509099211643386,0.943118256385516,0.999950297526443
ORMDL3,1.33732069958271e-09,-0.0856718127935025,0.0050858365332571,0.943147016572763,0.999950297526443
SRP9,1.33590343682469e-09,-0.0863991665658246,0.00507506253223736,0.943207166189298,0.999950297526443
CDC16,1.33424966208524e-09,-0.0872488397457648,0.00506250501506362,0.943277353948123,0.999950297526443
KDM4B,1.33414592050624e-09,-0.0873021736566349,0.00506171779830611,0.943281756853211,0.999950297526443
RAB6A,1.33398150720751e-09,-0.0873867072841271,0.00506047031491045,0.943288734735413,0.999950297526443
ZMAT5,1.33291863907848e-09,-0.0879334263006002,0.00505240952869304,0.943333844139084,0.999950297526443
EIF2AK2,1.33230894682074e-09,-0.0882472296342854,0.00504778852576947,0.943359720294941,0.999950297526443
ARRDC2,1.33219491854189e-09,-0.0883059343370951,0.00504692451294803,0.943364559814426,0.999950297526443
TRIM4,1.33169755948516e-09,-0.0885620441577184,0.00504315679845518,0.943385668452193,0.999950297526443
HES1,1.33166670711129e-09,-0.0885779342942557,0.0050429231244418,0.943386977872876,0.999950297526443
GFER,1.33148567503118e-09,-0.0886711797816048,0.00504155210749825,0.943394661146976,0.999950297526443
PPP2R1A,1.33112503190522e-09,-0.088856975167592,0.00503882139111289,0.943409967400036,0.999950297526443
ARMCX6,1.33049387332411e-09,-0.0891822507094902,0.00503404416687287,0.943436754798443,0.999950297526443
DDA1,1.32973418665404e-09,-0.089573961734462,0.00502829712131847,0.943468997223165,0.999950297526443
BAZ1B,1.32973163350312e-09,-0.0895752785577213,0.00502827781221256,0.943469105583491,0.999950297526443
MRPS27,1.32900282478726e-09,-0.0899512713106154,0.00502276745459064,0.943500037581435,0.999950297526443
LINC00936,1.32758439353577e-09,-0.0906836096565665,0.00501205167842084,0.943560238687153,0.999950297526443
EBPL,1.32690742063262e-09,-0.0910333972426976,0.00500694140732597,0.94358897090699,0.999950297526443
BORCS7,1.32634805695904e-09,-0.0913225464378057,0.00500272090064779,0.943612711587678,0.999950297526443
BHLHE40,1.32607406443539e-09,-0.0914642228908587,0.00500065422359521,0.943624340478766,0.999950297526443
ZNF830,1.32604465336178e-09,-0.0914794324851897,0.00500043240645472,0.943625588755044,0.999950297526443
TMEM50B,1.32570078184347e-09,-0.0916572857190967,0.00499783930624927,0.94364018349465,0.999950297526443
TMED7,1.32568194660778e-09,-0.0916670287429149,0.00499769729107684,0.943640982908192,0.999950297526443
KIAA0430,1.32558812986264e-09,-0.0917155599191969,0.00499698995534869,0.943644964721515,0.999950297526443
ISCA2,1.32538207125919e-09,-0.0918221651376676,0.00499543654261257,0.943653710360207,0.999950297526443
DEF6,1.32462904804994e-09,-0.0922118802585842,0.00498976178492746,0.943685670592422,0.999950297526443
MAT2B,1.324186874863e-09,-0.0924408192455088,0.00498643108547494,0.943704437596381,0.999950297526443
PJA2,1.31991894853097e-09,-0.0946543632704865,0.00495433980762832,0.943885581325515,0.999950297526443
AK3,1.31982033081943e-09,-0.0947055923212039,0.00495359950853307,0.943889766994429,0.999950297526443
SC5D,1.31972437140289e-09,-0.0947554439993329,0.00495287921770681,0.943893839837808,0.999950297526443
SMARCA5,1.31830078483721e-09,-0.0954954183734951,0.00494219964007437,0.943954261856351,0.999950297526443
SERGEF,1.31800330949533e-09,-0.0956501419090648,0.00493996947125298,0.943966887796395,0.999950297526443
HSPD1,1.31589453370271e-09,-0.0967479271669132,0.00492417443606839,0.944056392346802,0.999950297526443
IKBIP,1.31457977623303e-09,-0.09743321963091,0.00491433951281939,0.944112196065039,0.999950297526443
AFF4,1.31248592988165e-09,-0.098525959730738,0.00489869698240144,0.94420106808807,0.999950297526443
CTA-29F11.1,1.31233006071066e-09,-0.0986073720504315,0.00489753352536053,0.944207683887139,0.999950297526443
ZDHHC12,1.3120666682266e-09,-0.0987449662161488,0.00489556779416695,0.94421886347514,0.999950297526443
DUSP22,1.31176340454836e-09,-0.0989034216930485,0.00489330498793042,0.944231735393543,0.999950297526443
ATP6V0E1,1.31151165186427e-09,-0.0990349894123957,0.00489142692905554,0.944242420957277,0.999950297526443
EHMT2,1.3105034344431e-09,-0.0995621344961129,0.00488390930424667,0.944285214530099,0.999950297526443
EXOSC3,1.3099016095606e-09,-0.0998769837744976,0.0048794246410776,0.944310758935172,0.999950297526443
RABGAP1L,1.30986055148432e-09,-0.09989846869054,0.00487911876062384,0.944312501643754,0.999950297526443
PKN1,1.30891426581265e-09,-0.100393821724757,0.00487207164035037,0.944352666779166,0.999950297526443
RABEP1,1.30891387147168e-09,-0.10039402822259,0.00487206870470023,0.944352683517015,0.999950297526443
FGD2,1.30864230388355e-09,-0.100536249618893,0.00487004724443278,0.944364210240943,0.999950297526443
USF2,1.30859559342977e-09,-0.100560714994613,0.00486969958937657,0.944366192873803,0.999950297526443
C16orf87,1.30762735625759e-09,-0.101068034564536,0.004862496019615,0.944407289936742,0.999950297526443
RNF41,1.30562336295179e-09,-0.102119200033792,0.00484760348533175,0.944492350391342,0.999950297526443
MRPL50,1.3051739288715e-09,-0.10235515718988,0.00484426668347423,0.944511426922816,0.999950297526443
ELP2,1.30428495991258e-09,-0.102822104613417,0.00483766995939793,0.944549159901209,0.999950297526443
TMEM126B,1.30424869470581e-09,-0.102841160084312,0.00483740094354981,0.944550699208738,0.999950297526443
RNF19A,1.30284519377286e-09,-0.103579018312977,0.00482699549896458,0.944610272157924,0.999950297526443
PPP1R8,1.30228402761572e-09,-0.10387425247245,0.00482283819283623,0.944634091482782,0.999950297526443
CEP63,1.3000172468067e-09,-0.105068071541261,0.00480606335366524,0.944730308031831,0.999950297526443
DENND1B,1.29852047464958e-09,-0.105857457254398,0.00479500282247148,0.944793840973866,0.999950297526443
SETBP1,1.29802178634521e-09,-0.106120655898855,0.0047913205506721,0.944815008692509,0.999950297526443
CNR2,1.29774181882745e-09,-0.106268460315083,0.00478925391439201,0.944826892432534,0.999950297526443
CAST,1.29649903840677e-09,-0.106924937060223,0.00478008546354802,0.944879644698342,0.999950297526443
SMIM20,1.29557531418139e-09,-0.107413270316523,0.00477327649933035,0.944918854151348,0.999950297526443
PDCD7,1.29541498813508e-09,-0.10749806190887,0.00477209519680106,0.944925659547333,0.999950297526443
PRRC2A,1.29462264252221e-09,-0.10791725779942,0.00476625924098634,0.944959292479954,0.999950297526443
TAP2,1.29447749887302e-09,-0.107994073788951,0.00476519058444172,0.944965453446735,0.999950297526443
TARS,1.29411192251126e-09,-0.108187588558761,0.00476249946767598,0.944980971217922,0.999950297526443
CYBB,1.29340435189834e-09,-0.108562284542617,0.00475729298843875,0.945011005819989,0.999950297526443
TOX4,1.29163367239754e-09,-0.1095008176318,0.00474427637047222,0.945086167076745,0.999950297526443
TYSND1,1.29095135404647e-09,-0.109862804862047,0.00473926527191958,0.945115130045962,0.999950297526443
DHX30,1.28962332821288e-09,-0.11056788435021,0.00472951954542983,0.945171502138535,0.999950297526443
ECHDC1,1.28945283308453e-09,-0.110658454725047,0.00472826909233745,0.945178739342309,0.999950297526443
PRNP,1.28894241968538e-09,-0.110929665272171,0.00472452658359822,0.945200405476855,0.999950297526443
FAM46A,1.28773155512317e-09,-0.111573477308924,0.00471565407756069,0.945251804670746,0.999950297526443
DCLRE1C,1.28733411872684e-09,-0.111784919660013,0.00471274371423261,0.945268675236787,0.999950297526443
FAM63B,1.2864088844981e-09,-0.11227740203381,0.00470597185169996,0.945307950107152,0.999950297526443
RAB29,1.28463465412082e-09,-0.113222740806554,0.0046929997392327,0.945383264022153,0.999950297526443
RCC2,1.28406053257569e-09,-0.113528911071658,0.00468880593957033,0.9454076348859,0.999950297526443
CTD-2336O2.1,1.28252231763229e-09,-0.114349867158354,0.0046775789433202,0.945472930765595,0.999950297526443
MYLIP,1.28174011264894e-09,-0.114767698794632,0.004671875011688,0.945506134823892,0.999950297526443
CCM2,1.27983812746457e-09,-0.115784709386801,0.0046580200280095,0.945586873168874,0.999950297526443
MFSD10,1.2790830957112e-09,-0.116188835640247,0.00465252571501423,0.94561892405419,0.999950297526443
RGS14,1.27900315942408e-09,-0.116231634495151,0.00465194421407574,0.945622317332222,0.999950297526443
ZNF33A,1.27881610524357e-09,-0.116331795622141,0.00465058362012334,0.945630257745426,0.999950297526443
EIF2B5,1.27814129401823e-09,-0.116693251161795,0.00464567683483739,0.945658903394219,0.999950297526443
LYRM2,1.27788375849619e-09,-0.116831245758063,0.00464380488800468,0.945669835762176,0.999950297526443
SECISBP2L,1.27666512598006e-09,-0.117484585500343,0.00463495213712132,0.945721566780447,0.999950297526443
FLOT2,1.27660696315697e-09,-0.117515783059951,0.00463452982471558,0.945724035801255,0.999950297526443
FAM126A,1.27484167571138e-09,-0.118463304636974,0.00462172146469319,0.945798972773424,0.999950297526443
COIL,1.2732142750451e-09,-0.119337933982961,0.00460992926804192,0.945868056836053,0.999950297526443
MRPL19,1.2726169208859e-09,-0.11965924552424,0.00460560460017612,0.94589341495422,0.999950297526443
CTNNBIP1,1.27148766617676e-09,-0.120267058263685,0.00459743467395217,0.945941352787025,0.999950297526443
SLC20A1,1.26627987036146e-09,-0.123076851148274,0.00455985118887578,0.946162430724708,0.999950297526443
ZDHHC24,1.26535928300061e-09,-0.123574697012281,0.00455322356162223,0.946201511328218,0.999950297526443
ARHGAP17,1.26328814877069e-09,-0.12469602382155,0.00453833036956935,0.94628943520665,0.999950297526443
RNF145,1.2629681945764e-09,-0.12486940698083,0.00453603180616372,0.946303017974081,0.999950297526443
ZCCHC9,1.26138812765269e-09,-0.125726265202444,0.00452468908117363,0.946370095559361,0.999950297526443
APOBEC3G,1.25761865222714e-09,-0.127774599941559,0.00449768673403334,0.946530120258381,0.999950297526443
ST3GAL1,1.25755813989802e-09,-0.127807530512517,0.00449725391769176,0.946532689192395,0.999950297526443
EPSTI1,1.25691585774803e-09,-0.128157151909916,0.00449266125801345,0.946559956074358,0.999950297526443
VEGFB,1.2557645475507e-09,-0.128784289208556,0.00448443464879712,0.946608832942363,0.999950297526443
LMBRD1,1.25526331305872e-09,-0.129057492582693,0.00448085546711765,0.946630112042003,0.999950297526443
NCOA4,1.25519339343843e-09,-0.129095611381145,0.00448035630334221,0.946633080369417,0.999950297526443
CCDC69,1.25505286381604e-09,-0.129172231539348,0.00447935313118248,0.946639046335561,0.999950297526443
GAPVD1,1.25345338166397e-09,-0.130044890003241,0.00446794312582193,0.946706950068757,0.999950297526443
SNX20,1.2521646167806e-09,-0.130748804446682,0.00445876022661826,0.946761663025193,0.999950297526443
EWSR1,1.25109144104524e-09,-0.131335497600919,0.0044511206835436,0.946807223596363,0.999950297526443
AKR7A2,1.25063038485928e-09,-0.131587700537615,0.00444784060582334,0.946826797315579,0.999950297526443
ANKRD49,1.24971156810411e-09,-0.132090570507349,0.00444130750173506,0.946865804937316,0.999950297526443
ARL4A,1.24922266003313e-09,-0.132358295717065,0.00443783315389921,0.946886561185719,0.999950297526443
MICU2,1.24892167474161e-09,-0.132523164870046,0.00443569492564724,0.946899339322577,0.999950297526443
ZNF224,1.24563216804576e-09,-0.134327536658991,0.00441235954333576,0.947038994102185,0.999950297526443
VOPP1,1.24519967295569e-09,-0.134565111259929,0.0044092960506079,0.947057355641024,0.999950297526443
TIPRL,1.24384362078142e-09,-0.135310521500088,0.0043996976225628,0.947114926892271,0.999950297526443
RAP1GDS1,1.24358439306838e-09,-0.135453105748301,0.00439786394397776,0.947125932447018,0.999950297526443
CLK3,1.24221860491712e-09,-0.136204809157862,0.00438820918777491,0.947183917371832,0.999950297526443
ILF3,1.24079756883373e-09,-0.136987764365639,0.00437817514570113,0.947244248160297,0.999950297526443
FEZ2,1.24071711384594e-09,-0.137032118841004,0.00437760739054642,0.947247663925574,0.999950297526443
WDR18,1.23899957827754e-09,-0.137979649101128,0.00436549585889227,0.947320583170476,0.999950297526443
DHRS4L2,1.23844234006561e-09,-0.138287337840654,0.00436156999141761,0.947344241226402,0.999950297526443
APOBEC3C,1.23783899596833e-09,-0.138620634943592,0.00435732128897815,0.947369856802043,0.999950297526443
BAZ2A,1.23759936031867e-09,-0.138753056940974,0.00435563436773904,0.947380030787743,0.999950297526443
TMUB2,1.23605508406106e-09,-0.139607011830714,0.00434477122993083,0.947445594880101,0.999950297526443
NELFCD,1.23449205401767e-09,-0.140472382924666,0.00433378998106686,0.947511955549228,0.999950297526443
GIT2,1.23261650210602e-09,-0.141512173911301,0.00432063141358534,0.94759158526046,0.999950297526443
TUBGCP2,1.23148387611617e-09,-0.142140830021946,0.00431269478271657,0.947639673055602,0.999950297526443
ZSCAN18,1.2290271753953e-09,-0.143506318290728,0.0042955050613641,0.947743977622401,0.999950297526443
FAM120AOS,1.22873141657958e-09,-0.14367088458559,0.00429343792948323,0.947756534765955,0.999950297526443
VDAC3,1.22820918622332e-09,-0.143961557373765,0.00428978914649992,0.947778707328781,0.999950297526443
RING1,1.22810147830843e-09,-0.14402152225856,0.00428903679260137,0.9477832803359,0.999950297526443
NMI,1.22750333355229e-09,-0.144354623125458,0.00428485987374081,0.94780867608887,0.999950297526443
ZBTB43,1.22745614907312e-09,-0.144380906336716,0.00428453046527384,0.947810679427885,0.999950297526443
INSIG1,1.22660030765467e-09,-0.144857805190458,0.00427855778711084,0.947847016444557,0.999950297526443
OSBPL10,1.22646614934253e-09,-0.144932590985983,0.0042776219114276,0.947852712501254,0.999950297526443
NDUFA9,1.22642975912201e-09,-0.144952877866235,0.00427736807434384,0.947854257547682,0.999950297526443
EED,1.22612755212207e-09,-0.14512137509924,0.00427526034448574,0.947867088580713,0.999950297526443
CDC25B,1.22563287449374e-09,-0.145397271663798,0.00427181135743084,0.94788809151515,0.999950297526443
RNF114,1.22550098698381e-09,-0.145470847374417,0.00427089204747833,0.947893691177618,0.999950297526443
ETV6,1.22474696946909e-09,-0.145891635296159,0.00426563813621852,0.947925705203027,0.999950297526443
HSPA9,1.22453299665408e-09,-0.146011090616606,0.00426414778614292,0.947934790061869,0.999950297526443
TSPAN14,1.22312601101985e-09,-0.146797073672704,0.00425435442339423,0.947994528033456,0.999950297526443
TP53RK,1.22281362933671e-09,-0.146971697140664,0.00425218160935053,0.948007791213602,0.999950297526443
HEBP1,1.22270464188055e-09,-0.147032631961681,0.00425142366260699,0.948012418633844,0.999950297526443
RIT1,1.22263296499794e-09,-0.147072709311631,0.00425092522684011,0.948015461912156,0.999950297526443
NFE2L1,1.22190025986674e-09,-0.147482523113753,0.00424583172531207,0.948046571367135,0.999950297526443
ZC3HAV1,1.22117309813108e-09,-0.14788947019092,0.00424077977827662,0.948077445536963,0.999950297526443
GDI1,1.22080822922022e-09,-0.148093752402229,0.00423824598918233,0.948092937339582,0.999950297526443
PSMD13,1.21951991817352e-09,-0.148815519994262,0.00422930552179364,0.948147637307468,0.999950297526443
NEK8,1.21884272610411e-09,-0.149195206450147,0.00422460981011182,0.948176390077083,0.999950297526443
DAXX,1.21849344232527e-09,-0.149391121391492,0.00422218886404978,0.948191220277175,0.999950297526443
PACSIN2,1.21673211234707e-09,-0.150379883617026,0.00420999135404751,0.948266004659012,0.999950297526443
CCDC112,1.21670300271646e-09,-0.150396236526549,0.00420978991311251,0.948267240629843,0.999950297526443
METTL9,1.2162612588667e-09,-0.150644441054617,0.0042067336023927,0.948285996723492,0.999950297526443
ALG13,1.21509834053299e-09,-0.151298269885303,0.00419869297981975,0.948335373450984,0.999950297526443
ARPC5,1.21444772155096e-09,-0.151664330740579,0.00419419784076841,0.948362998380369,0.999950297526443
SKAP1,1.21404169368151e-09,-0.151892871746558,0.00419139380646295,0.948380238135123,0.999950297526443
ALOX5,1.21358168278739e-09,-0.152151887047591,0.00418821809752612,0.948399770013232,0.999950297526443
LUZP1,1.21261098476038e-09,-0.152698761648603,0.0041815207829838,0.948440985563964,0.999950297526443
CREBRF,1.21225851371101e-09,-0.152897442010541,0.00417909024123248,0.948455951414476,0.999950297526443
HOOK2,1.21122285250127e-09,-0.15348154368284,0.00417195269953254,0.948499925488242,0.999950297526443
TMEM63A,1.21109945709293e-09,-0.153551169381715,0.00417110269313973,0.948505164855684,0.999950297526443
DFFA,1.21067079277113e-09,-0.153793095709882,0.00416815052192371,0.948523365954543,0.999950297526443
MTA1,1.20968972691462e-09,-0.15434709248413,0.00416139794585682,0.948565022138788,0.999950297526443
PGRMC2,1.20964759491857e-09,-0.15437089362293,0.00416110807822429,0.948566811071986,0.999950297526443
RFK,1.20858543565602e-09,-0.154971190526645,0.00415380377063937,0.948611910657858,0.999950297526443
LAMTOR4,1.20845040880201e-09,-0.155047539546015,0.00415287567121427,0.94861764394847,0.999950297526443
CERS5,1.20809117748606e-09,-0.155250701763859,0.00415040702004859,0.948632897057162,0.999950297526443
NRROS,1.20663815877684e-09,-0.156073045578952,0.00414042930887561,0.948694593018207,0.999950297526443
MTMR14,1.20418130885235e-09,-0.1574656826245,0.0041235857219617,0.948798912895713,0.999950297526443
UBE2E1,1.20350903623609e-09,-0.157847228890903,0.00411898276073969,0.948827458299406,0.999950297526443
DOCK11,1.20322448964829e-09,-0.158008784193556,0.00411703528232273,0.948839540467149,0.999950297526443
EBP,1.20277852869523e-09,-0.15826205871175,0.00411398398683902,0.948858476493819,0.999950297526443
GLG1,1.20232014559004e-09,-0.158522482303257,0.00411084887697337,0.948877940009784,0.999950297526443
IQSEC1,1.20091314090202e-09,-0.15932244817358,0.00410123313638282,0.948937683366827,0.999950297526443
C1orf131,1.20060872196989e-09,-0.159495647079881,0.00409915416042814,0.948950609451773,0.999950297526443
PPP4R3B,1.20021469454923e-09,-0.159719891402004,0.00409646400156353,0.948967340467639,0.999950297526443
PPM1B,1.19951091134873e-09,-0.160120596613517,0.00409166123205254,0.948997224250683,0.999950297526443
ZSWIM7,1.19762024357719e-09,-0.161198186008871,0.00407877285357248,0.949077505444355,0.999950297526443
SGSM3,1.19666850864984e-09,-0.161741248369247,0.0040722927224097,0.94911791803672,0.999950297526443
RNF138,1.19653594821793e-09,-0.161816920650048,0.00407139055948182,0.949123546831493,0.999950297526443
UBE2H,1.19552835251869e-09,-0.162392371616366,0.00406453645976813,0.949166331547282,0.999950297526443
CTD-3184A7.4,1.19526215982597e-09,-0.162544475622343,0.00406272666671594,0.949177634695337,0.999950297526443
ZYX,1.19429586854613e-09,-0.163096893885027,0.0040561604244049,0.949218665709985,0.999950297526443
NBPF14,1.19427593291916e-09,-0.16310829539325,0.00405602501168451,0.949219512225306,0.999950297526443
FAM13B,1.19424551283071e-09,-0.163125693487778,0.00405581838762924,0.94922080393653,0.999950297526443
NMT1,1.19414125497843e-09,-0.163185324687261,0.00405511027116187,0.94922523098049,0.999950297526443
ZDHHC21,1.19331843159721e-09,-0.163656121600671,0.00404952384665069,0.949260170133114,0.999950297526443
MRFAP1L1,1.19306051738127e-09,-0.163803757307236,0.00404777357300556,0.949271121840233,0.999950297526443
ZCCHC6,1.19256386399072e-09,-0.16408813901346,0.00404440421830394,0.949292211059433,0.999950297526443
PGGT1B,1.19175680945692e-09,-0.164550498222665,0.00403893205802347,0.949326480809556,0.999950297526443
ATG3,1.19094478228018e-09,-0.165016010332391,0.00403342991997307,0.949360961806346,0.999950297526443
MMD,1.18811895049354e-09,-0.166638362893974,0.00401431186764357,0.949480955446284,0.999950297526443
MDM2,1.18770541594867e-09,-0.166876090586131,0.00401151792561895,0.94949851551028,0.999950297526443
C19orf48,1.18752969682297e-09,-0.166977129958493,0.00401033101804288,0.94950597714124,0.999950297526443
CHD2,1.18664463950404e-09,-0.167486261075934,0.00400435550405387,0.949543559748671,0.999950297526443
GZMA,1.18656456576599e-09,-0.167532341683106,0.00400381510150258,0.949546959963211,0.999950297526443
ATL3,1.18589767218972e-09,-0.167916239948597,0.00399931577918065,0.949575278662286,0.999950297526443
UBE4B,1.18352276944372e-09,-0.169285044862292,0.00398331359649855,0.949676126088889,0.999950297526443
REXO4,1.18336537627147e-09,-0.169375853719341,0.00398225420889518,0.949682809631655,0.999950297526443
RP11-347P5.1,1.18303543191571e-09,-0.16956625464448,0.00398003386486154,0.94969682039838,0.999950297526443
MORC3,1.18290795207043e-09,-0.169639833095323,0.00397917616144676,0.949702233710405,0.999950297526443
ARID4A,1.18194495045759e-09,-0.170195902177589,0.00397269992926977,0.949743126745367,0.999950297526443
ZC3H8,1.18193743446673e-09,-0.170200243873892,0.00397264940461308,0.949743445905973,0.999950297526443
ZMYND8,1.18190753147045e-09,-0.170217517937659,0.00397244839123596,0.949744715713134,0.999950297526443
RNF44,1.18094851058533e-09,-0.17077173860064,0.00396600437551157,0.949785439846582,0.999950297526443
ECI1,1.18079517694815e-09,-0.170860390651081,0.00396497455517405,0.949791951061578,0.999950297526443
DEDD2,1.18037255301451e-09,-0.171104794102194,0.00396213681786211,0.949809897534418,0.999950297526443
CSNK1A1,1.17987667964858e-09,-0.171391665055522,0.00395880853743567,0.949830954533096,0.999950297526443
KIAA1143,1.17965701323706e-09,-0.171518782782307,0.00395733459303325,0.949840282561597,0.999950297526443
VPS4B,1.17960217976955e-09,-0.171550517656199,0.00395696670756797,0.94984261103949,0.999950297526443
PRKX,1.17956648224894e-09,-0.171571178361879,0.00395672721705891,0.94984412691846,0.999950297526443
OSTF1,1.17913928009844e-09,-0.171818477449217,0.00395386172993204,0.949862267877477,0.999950297526443
SAMSN1,1.17894469058092e-09,-0.171931150140394,0.00395255685174639,0.949870531047825,0.999950297526443
LAIR1,1.17891120754914e-09,-0.17195053954214,0.00395233234298293,0.949871952892663,0.999950297526443
VDAC2,1.17791995023653e-09,-0.172524798356344,0.00394568870225755,0.94991404634834,0.999950297526443
GNG2,1.17787029085234e-09,-0.172553579438963,0.00394535602032811,0.949916155123434,0.999950297526443
NDUFA3,1.17759448643607e-09,-0.172713448614717,0.00394350858564018,0.949927867105173,0.999950297526443
PDCL3,1.17732834416719e-09,-0.172867751308381,0.00394172628157133,0.949939168795929,0.999950297526443
SPSB3,1.17434845458603e-09,-0.174597712262715,0.00392179803584187,0.950065710038463,0.999950297526443
GGA1,1.17205275550006e-09,-0.175933351785887,0.00390647980892261,0.950163197937411,0.999950297526443
PQBP1,1.1717696019393e-09,-0.176098265060077,0.00390459252177005,0.950175222233012,0.999950297526443
RCHY1,1.17173720470651e-09,-0.176117136183306,0.00390437661542814,0.950176598002779,0.999950297526443
PIH1D1,1.17035433477936e-09,-0.176923114927514,0.00389516625849387,0.95023532262087,0.999950297526443
PTPN22,1.16867120950254e-09,-0.177905328615648,0.00388397077973291,0.950306798174279,0.999950297526443
RELA,1.16775179520658e-09,-0.178442441836704,0.0038778620067006,0.950345842166298,0.999950297526443
FIP1L1,1.16712639649994e-09,-0.178808026422718,0.00387370947964252,0.950372400514212,0.999950297526443
SECISBP2,1.16690071233695e-09,-0.178939999177936,0.00387221152644752,0.950381984491476,0.999950297526443
ACBD3,1.16632554627752e-09,-0.17927644863212,0.00386839523644778,0.950406409713378,0.999950297526443
ZNF800,1.16392282502457e-09,-0.180683673980042,0.00385247326405813,0.950508445096866,0.999950297526443
CD27,1.16318348691468e-09,-0.181117251662827,0.00384758054160459,0.950539842430179,0.999950297526443
MRPL43,1.1621936556117e-09,-0.181698143892826,0.0038410349960949,0.950581877531305,0.999950297526443
PPTC7,1.16167454671692e-09,-0.182002978323478,0.00383760446604873,0.950603922549724,0.999950297526443
RFC1,1.1596200277842e-09,-0.183210732999861,0.00382404221848973,0.950691172259025,0.999950297526443
ZDHHC4,1.15939105715786e-09,-0.183345461482796,0.00382253222922318,0.950700896041817,0.999950297526443
DHX38,1.15896702295359e-09,-0.183595034826358,0.00381973664443409,0.950718903683246,0.999950297526443
IL7R,1.15886400265637e-09,-0.183655682631629,0.00381905760368988,0.950723278693953,0.999950297526443
SUMO3,1.15885712621722e-09,-0.183659730959733,0.00381901228096131,0.950723570718934,0.999950297526443
RECQL,1.15857093258586e-09,-0.183828240656195,0.00381712621234027,0.950735724644583,0.999950297526443
CD3G,1.15588884507662e-09,-0.1854093922366,0.00379947340242464,0.950849626730047,0.999950297526443
GTF2F2,1.15536071055439e-09,-0.185721155408278,0.00379600217825705,0.950872055506463,0.999950297526443
ZBP1,1.1547656360417e-09,-0.186072598234935,0.00379209288413677,0.950897327131893,0.999950297526443
MPHOSPH10,1.1547028534417e-09,-0.186109686934745,0.0037916805563512,0.950899993386339,0.999950297526443
CHMP1B,1.15308821576555e-09,-0.187064198094681,0.00378108404679826,0.950968564084793,0.999950297526443
PSMB4,1.15166913929349e-09,-0.187904163232376,0.00377178320467156,0.951028829957634,0.999950297526443
PITPNA-AS1,1.15138024950315e-09,-0.188075281871286,0.00376989118037699,0.951041098672126,0.999950297526443
AATF,1.15136557758304e-09,-0.188083973619656,0.00376979510231793,0.951041721766796,0.999950297526443
TNIP2,1.15128135059371e-09,-0.188133872340405,0.00376924357136342,0.951045298762592,0.999950297526443
LINC00667,1.1508822523331e-09,-0.188370358469981,0.00376663076465804,0.951062247889483,0.999950297526443
DENR,1.15087729055539e-09,-0.188373299073477,0.00376659828671475,0.951062458609157,0.999950297526443
IVD,1.15068213771051e-09,-0.188488966314429,0.00376532100015186,0.951070746476903,0.999950297526443
NDUFA10,1.15061218224297e-09,-0.188530433568438,0.003764863190344,0.951073717388831,0.999950297526443
WASH1,1.15025407474458e-09,-0.188742745669839,0.00376252006213087,0.951088925729518,0.999950297526443
UBE2S,1.14941602557892e-09,-0.189239850625857,0.00375703948492395,0.951124516612737,0.999950297526443
MRPL3,1.14913027425444e-09,-0.189409429223164,0.00375517167459916,0.951136652130697,0.999950297526443
EIF1AY,1.14727184657339e-09,-0.190513300515261,0.0037430354146992,0.951215577614309,0.999950297526443
TOR1AIP2,1.14583981132561e-09,-0.191365076702021,0.00373369706413486,0.951276394982875,0.999950297526443
TMEM18,1.14582393785062e-09,-0.191374524000106,0.00373359361802334,0.951277069117998,0.999950297526443
C8orf33,1.14550148043999e-09,-0.191566465840379,0.00373149250023982,0.951290763660998,0.999950297526443
PLRG1,1.14505070689475e-09,-0.191834874622392,0.00372855627156892,0.951309907725516,0.999950297526443
LYPLA2,1.14322817754593e-09,-0.192921119514859,0.0037166965430641,0.951387309669114,0.999950297526443
CENPC,1.14235121270876e-09,-0.193444392690693,0.0037109966100096,0.951424554106823,0.999950297526443
NDUFS3,1.13964565139529e-09,-0.195061203478722,0.00369343906917622,0.951539459165263,0.999950297526443
SPG7,1.13960327555996e-09,-0.195086556123872,0.00369316440545811,0.951541258872964,0.999950297526443
FARS2,1.13842542524535e-09,-0.19579160441684,0.00368553412401531,0.951591282440789,0.999950297526443
ATG4B,1.13834672410117e-09,-0.195838739066077,0.00368502456806193,0.951594624902887,0.999950297526443
EID1,1.13663665425015e-09,-0.196863686326481,0.00367396130238679,0.951667252312094,0.999950297526443
ACAA1,1.13561384116964e-09,-0.19747742862727,0.00366735218076714,0.951710691819702,0.999950297526443
SFSWAP,1.13539368509814e-09,-0.197609603535751,0.00366593037423887,0.951720042003742,0.999950297526443
CCL5,1.1351353127821e-09,-0.197764753746374,0.00366426211209647,0.951731015267189,0.999950297526443
UROD,1.1349582480541e-09,-0.197871099113427,0.00366311905723016,0.951738535342494,0.999950297526443
TAOK1,1.1344400360842e-09,-0.198182429806737,0.00365977472491014,0.951760544228472,0.999950297526443
DYRK4,1.13409682668702e-09,-0.198388698004771,0.00365756062979027,0.951775120632384,0.999950297526443
CACUL1,1.13342364205789e-09,-0.19879345515146,0.00365321976088083,0.951803711420467,0.999950297526443
CALCOCO2,1.13314225764129e-09,-0.198962708112916,0.00365140608508981,0.951815662101238,0.999950297526443
PCGF5,1.13209105882013e-09,-0.199595362933578,0.00364463451981607,0.95186030767421,0.999950297526443
PTBP3,1.13186885271099e-09,-0.199729168087531,0.00364320392716159,0.951869745032015,0.999950297526443
THG1L,1.1308633442658e-09,-0.200334968005794,0.00363673383983133,0.95191245025626,0.999950297526443
YDJC,1.13067346497059e-09,-0.200449424868885,0.00363551267992949,0.951920514687255,0.999950297526443
HEXIM1,1.13042445390132e-09,-0.20059955365263,0.00363391154000453,0.951931090532293,0.999950297526443
TATDN3,1.13023572916498e-09,-0.200713356997343,0.00363269827582423,0.951939105938903,0.999950297526443
TRIM69,1.1300847565628e-09,-0.200804408500691,0.00363172785652431,0.951945517962455,0.999950297526443
RAB30-AS1,1.12579309398475e-09,-0.203397614292898,0.00360419619555981,0.952127792344228,0.999950297526443
EIF2D,1.12561336703041e-09,-0.20350642033948,0.0036030455054341,0.952135425715598,0.999950297526443
RAB21,1.12479124842908e-09,-0.204004341121986,0.00359778428681899,0.952170342830162,0.999950297526443
TULP4,1.12472102760493e-09,-0.204046886988532,0.00359733508081403,0.952173325261234,0.999950297526443
LRRC41,1.12381967000095e-09,-0.204593234637348,0.00359157154305337,0.952211607937827,0.999950297526443
SNW1,1.1237026941808e-09,-0.204664169098856,0.00359082390502382,0.952216576171035,0.999950297526443
TCIRG1,1.12346816719684e-09,-0.20480640831172,0.00358932518614904,0.952226537079219,0.999950297526443
BPGM,1.1231800194107e-09,-0.204981207331238,0.00358748423773053,0.952238775398193,0.999950297526443
GPATCH4,1.12257540240712e-09,-0.205348126259354,0.00358362293300116,0.95226445495102,0.999950297526443
RBM17,1.12148003304046e-09,-0.206013348467015,0.00357663280005271,0.952310978075019,0.999950297526443
RTCB,1.12120142249634e-09,-0.206182649472558,0.00357485592698869,0.952322811399642,0.999950297526443
FYTTD1,1.12120054197342e-09,-0.206183184596915,0.00357485031204516,0.952322848797789,0.999950297526443
SULF2,1.12111463861076e-09,-0.206235392997449,0.00357430254224476,0.952326497342295,0.999950297526443
ANKHD1,1.1200502336389e-09,-0.206882612391429,0.00356751875897153,0.952371705538009,0.999950297526443
NDUFA5,1.11953825161534e-09,-0.207194137656332,0.00356425803375601,0.952393450872024,0.999950297526443
JAZF1,1.11925587235287e-09,-0.207366015368092,0.00356246024681495,0.952405444338326,0.999950297526443
STRAP,1.11660333571512e-09,-0.208982592311218,0.00354559482889703,0.952518105788696,0.999950297526443
CPNE3,1.11657036944857e-09,-0.209002706691463,0.00354538547380191,0.952519505974163,0.999950297526443
MPV17,1.11629744545677e-09,-0.209169253316155,0.00354365248406051,0.952531097956891,0.999950297526443
GTF2B,1.11341483429211e-09,-0.210930707035906,0.003525374590097,0.952653532579973,0.999950297526443
WDR74,1.11326159489918e-09,-0.211024468541824,0.00352440426157307,0.952660041226644,0.999950297526443
ABCE1,1.11230107829781e-09,-0.211612456009358,0.00351832520804113,0.952700838009243,0.999950297526443
TBC1D9,1.11175193334367e-09,-0.211948838714531,0.0035148520591978,0.952724162333647,0.999950297526443
IER2,1.1105510946318e-09,-0.212684978391165,0.00350726315235937,0.952775166770506,0.999950297526443
KDM5A,1.11003050266432e-09,-0.213004350302083,0.00350397573031798,0.952797278459663,0.999950297526443
TGS1,1.10963698342885e-09,-0.213245861476963,0.00350149176716191,0.952813992869625,0.999950297526443
SPOCK2,1.10959598939834e-09,-0.213271025128965,0.00350123305623027,0.952815734058974,0.999950297526443
ZNF22,1.10954879575425e-09,-0.213299995440486,0.00350093523173496,0.952817738572335,0.999950297526443
DLG1,1.10918125194809e-09,-0.213525656617994,0.00349861620990502,0.952833349720119,0.999950297526443
MPG,1.10782054012007e-09,-0.214361720566997,0.00349003747065741,0.952891145092983,0.999950297526443
TRMT1,1.10771444457189e-09,-0.214426950501996,0.00348936902356772,0.952895651444594,0.999950297526443
NCOR2,1.10696802853934e-09,-0.214886033854834,0.00348466809457363,0.95292735510855,0.999950297526443
SSRP1,1.10637807307881e-09,-0.215249096838543,0.00348095479644499,0.952952413237258,0.999950297526443
HOOK3,1.10595114714606e-09,-0.215511946402921,0.00347826887346512,0.952970546779197,0.999950297526443
UNC13D,1.10559581010965e-09,-0.215730794587407,0.00347603412882425,0.952985639624313,0.999950297526443
RFTN1,1.10403317223216e-09,-0.216694009856749,0.00346621509020207,0.953052012448208,0.999950297526443
MOB3B,1.10260114157513e-09,-0.21757787071671,0.00345722893435582,0.95311283803475,0.999950297526443
SNX8,1.10166177462467e-09,-0.218158255531413,0.00345134063427922,0.953152737849685,0.999950297526443
WIPF2,1.09885325787604e-09,-0.219896332171912,0.00343376574404185,0.953272030907594,0.999950297526443
TMEM134,1.09727797615659e-09,-0.220873081438442,0.00342392772213387,0.953338942191316,0.999950297526443
MBP,1.09706657134142e-09,-0.221004265082326,0.00342260852117495,0.953347921795942,0.999950297526443
EMC3,1.09612121196223e-09,-0.221591189351052,0.00341671243233237,0.953388076835752,0.999950297526443
CNOT1,1.09503458408143e-09,-0.22226642168398,0.00340994154845713,0.95343423253585,0.999950297526443
SIPA1L1,1.094928208527e-09,-0.22233255826107,0.00340927907293461,0.953438750961521,0.999950297526443
BCL2L12,1.09255294888443e-09,-0.223810933952959,0.00339450342024959,0.953539643273078,0.999950297526443
HEBP2,1.09255204562927e-09,-0.223811496732204,0.00339449780752117,0.953539681640184,0.999950297526443
DOCK2,1.09193782858008e-09,-0.224194292492994,0.00339068220465206,0.953565771447337,0.999950297526443
UBAC1,1.09034377901956e-09,-0.225188712079878,0.00338078975438029,0.953633481368815,0.999950297526443
HMGN2,1.09020692863218e-09,-0.225274148944622,0.00337994115348618,0.953639294333537,0.999950297526443
ZBTB44,1.08993840021266e-09,-0.225441823515392,0.00337827633471529,0.953650700565118,0.999950297526443
RPF1,1.08953890389463e-09,-0.225691350640082,0.00337580030190478,0.953667669913258,0.999950297526443
URM1,1.08717795752313e-09,-0.227167807400059,0.00336118595785774,0.953767955924262,0.999950297526443
PAIP2,1.0870307485776e-09,-0.227259969066084,0.00336027577909947,0.953774208948637,0.999950297526443
CMTM3,1.08675561943309e-09,-0.227432248674026,0.00335857501248506,0.953785895672998,0.999950297526443
RBM7,1.08648796492152e-09,-0.227599888103603,0.00335692086496595,0.953797264905181,0.999950297526443
DCPS,1.08623701413969e-09,-0.227757101614059,0.00335537031925557,0.953807924617114,0.999950297526443
ORAI3,1.08417741760065e-09,-0.229048701799312,0.00334265825482643,0.953895411031579,0.999950297526443
GOLGA2,1.0830775585892e-09,-0.229739405001537,0.0033358796816344,0.953942130468274,0.999950297526443
BABAM1,1.08226505416229e-09,-0.2302500851487,0.00333087653050172,0.953976643856394,0.999950297526443
NPM3,1.0819720170652e-09,-0.230434357076796,0.00332907301990376,0.953989091444296,0.999950297526443
KIAA0040,1.08178647916377e-09,-0.230551054591609,0.00332793137066933,0.953996972702541,0.999950297526443
MRPS28,1.08126916712719e-09,-0.230876529328602,0.00332474928740759,0.954018947049181,0.999950297526443
NUDT9,1.08083206313118e-09,-0.231151656734537,0.00332206176518394,0.954037514351198,0.999950297526443
DNMT1,1.07913623379911e-09,-0.232220080747279,0.0033116452900105,0.954109550019682,0.999950297526443
TOPORS-AS1,1.07890048810508e-09,-0.232368735551924,0.00331019853877156,0.954119564086955,0.999950297526443
RASGEF1B,1.07806030357837e-09,-0.232898787239101,0.00330504496860614,0.95415525372401,0.999950297526443
GTPBP4,1.07796913537662e-09,-0.232956326905545,0.0033044859975266,0.954159126402659,0.999950297526443
RNASE6,1.07763870075773e-09,-0.233164915807313,0.0033024604307819,0.954173162743135,0.999950297526443
UTP3,1.07432018741954e-09,-0.235263166337054,0.00328215235379238,0.954314128733438,0.999950297526443
TBC1D22A,1.07404844485548e-09,-0.235435261515749,0.00328049216401585,0.954325672056013,0.999950297526443
POLK,1.07345041231682e-09,-0.235814144437161,0.00327684001054441,0.954351075848374,0.999950297526443
DHX15,1.07334845438605e-09,-0.235878760042321,0.00327621756174481,0.954355406918513,0.999950297526443
FAM122B,1.07318569252075e-09,-0.235981922238865,0.00327522403005623,0.954362320881303,0.999950297526443
CD99,1.07304866313308e-09,-0.236068786272164,0.00327438769149174,0.954368141756598,0.999950297526443
OSGEP,1.07286752329553e-09,-0.236183628652582,0.00327328229522624,0.954375836404697,0.999950297526443
ZNF622,1.07276432954552e-09,-0.23624906167252,0.00327265264427165,0.954380219978998,0.999950297526443
KLHL24,1.07180118320398e-09,-0.236860064970872,0.00326677879415347,0.954421133604247,0.999950297526443
EIF1AX,1.07143840518122e-09,-0.237090341990213,0.0032645677217937,0.954436544132667,0.999950297526443
PYCR2,1.07091771057438e-09,-0.237420989275615,0.00326139548201625,0.9544586628646,0.999950297526443
PRPF31,1.07028902369419e-09,-0.237820419092175,0.00325756737331412,0.954485369077276,0.999950297526443
COX17,1.06925114968308e-09,-0.238480315908955,0.00325125262063112,0.95452945740683,0.999950297526443
SATB1,1.06883318816026e-09,-0.238746236545041,0.00324871134133365,0.954547212226736,0.999950297526443
FRMD8,1.06781020920904e-09,-0.239397511101824,0.00324249564188857,0.954590668013506,0.999950297526443
LPGAT1,1.06691164300472e-09,-0.239970074225503,0.00323704079406063,0.954628838901825,0.999950297526443
ICOSLG,1.06504982607372e-09,-0.241157895002505,0.00322575303865098,0.954707928793376,0.999950297526443
ESYT1,1.06359991593697e-09,-0.242084307598444,0.00321697623149586,0.954769521213525,0.999950297526443
TMEM192,1.06357369221625e-09,-0.242101074291871,0.00321681760033202,0.954770635203966,0.999950297526443
LSM10,1.06311905617201e-09,-0.242391818742371,0.00321406806137133,0.954789948274784,0.999950297526443
ISCA1,1.06277934365594e-09,-0.24260914649479,0.00321201432205866,0.954804379378173,0.999950297526443
RMDN1,1.06203161926048e-09,-0.24308773135817,0.0032074962504266,0.954836143017358,0.999950297526443
OCIAD1,1.06145974860452e-09,-0.243453978926373,0.00320404290854431,0.954860436365931,0.999950297526443
C12orf65,1.05981305401906e-09,-0.244509645511125,0.00319410944174058,0.954930389001275,0.999950297526443
SNHG12,1.05935723517987e-09,-0.244802141690602,0.00319136250036598,0.954949752537406,0.999950297526443
WDFY2,1.05909161769316e-09,-0.24497264265295,0.00318976233115614,0.954961036185532,0.999950297526443
OPN3,1.05899992957958e-09,-0.245031507182381,0.00318921006423908,0.954964931173699,0.999950297526443
AKT2,1.05884869354777e-09,-0.245128612682768,0.00318829922558673,0.954971355809857,0.999950297526443
SYNCRIP,1.05688625028046e-09,-0.246389867809959,0.00317649195182186,0.955054722345737,0.999950297526443
COMMD10,1.05680275576935e-09,-0.24644357937798,0.00317599008292867,0.955058269286271,0.999950297526443
PHF11,1.05642468194478e-09,-0.246686843330907,0.0031737180526493,0.95507433029777,0.999950297526443
UBALD1,1.05630164220627e-09,-0.246766028823732,0.00317297882209936,0.955079557171503,0.999950297526443
LINC00116,1.05537947871725e-09,-0.247359794248921,0.00316744114633292,0.955118731829554,0.999950297526443
TRIM13,1.05426960220841e-09,-0.248075087067992,0.00316078265032602,0.95516588091516,0.999950297526443
DNAJB14,1.05410657501996e-09,-0.24818021578331,0.00315980518940623,0.955172806548305,0.999950297526443
DNAJC9,1.05369642649485e-09,-0.248444770840128,0.00315734673342715,0.955190230271836,0.999950297526443
MRPS26,1.05311447044009e-09,-0.248820315676234,0.00315386009421208,0.955214952673249,0.999950297526443
THAP11,1.05303851821495e-09,-0.248869343495543,0.00315340518819653,0.955218179245483,0.999950297526443
ZNF326,1.05275171481686e-09,-0.249054508253671,0.0031516877122512,0.955230363120045,0.999950297526443
MMAB,1.05230013877382e-09,-0.249346151183391,0.00314898447007046,0.95524954682561,0.999950297526443
UBA1,1.05163334590096e-09,-0.249777008556173,0.00314499500912247,0.955277873349451,0.999950297526443
NSUN5,1.05114299131517e-09,-0.250094025628444,0.00314206280239482,0.955298704503269,0.999950297526443
AL592183.1,1.05088593896846e-09,-0.250260268295145,0.00314052623531136,0.955309624566242,0.999950297526443
FBXO34,1.05001610437683e-09,-0.250823104008647,0.0031353294623733,0.955346576823745,0.999950297526443
RPL36AL,1.04977566961373e-09,-0.250978758999927,0.0031338937588917,0.955356790974912,0.999950297526443
RPP25L,1.04872660444914e-09,-0.251658314493386,0.0031276333431662,0.955401357453803,0.999950297526443
MRPL44,1.04694193779629e-09,-0.252815876229633,0.00311699752346463,0.955477174140317,0.999950297526443
IARS,1.04590742516115e-09,-0.253487746111916,0.0031108405818812,0.955521122767512,0.999950297526443
GRPEL1,1.04573445701508e-09,-0.253600143593209,0.0031098117492661,0.955528470890642,0.999950297526443
DPM3,1.04526551558939e-09,-0.253904959260619,0.00310702329266221,0.955548392724248,0.999950297526443
TMEM131,1.04495418455607e-09,-0.254107399583133,0.00310517272225425,0.955561618879788,0.999950297526443
DUT,1.0444846093066e-09,-0.254412846621868,0.0031023825814837,0.955581567686133,0.999950297526443
NUTF2,1.04320797843276e-09,-0.25524393154018,0.00309480338517483,0.955635802503946,0.999950297526443
PAN3,1.04319898337745e-09,-0.255249790778935,0.00309475001555306,0.955636184639556,0.999950297526443
CRBN,1.04172366248231e-09,-0.256211450085168,0.003086002842806,0.955698860617658,0.999950297526443
ESF1,1.04137403436163e-09,-0.256439540417609,0.00308393171328955,0.955713713890437,0.999950297526443
TAF11,1.04014474044533e-09,-0.25724209222779,0.00307665513295676,0.955765938180932,0.999950297526443
AP1B1,1.0400959454253e-09,-0.257273967169496,0.00307636647711555,0.95576801115151,0.999950297526443
RNF167,1.03989932582732e-09,-0.257402421867664,0.00307520347524062,0.955776364192234,0.999950297526443
CCT6A,1.03975241889472e-09,-0.25749841374465,0.00307433466652484,0.955782605280237,0.999950297526443
POLDIP2,1.03925985232759e-09,-0.25782036165634,0.00307142251983699,0.955803531142239,0.999950297526443
TFAM,1.03883011774234e-09,-0.25810136168446,0.00306888297481226,0.95582178771807,0.999950297526443
NUBP2,1.03853167702045e-09,-0.25829657550058,0.00306711993757386,0.955834466501015,0.999950297526443
PEA15,1.03836217481169e-09,-0.258407473049452,0.0030661188295875,0.955841667539751,0.999950297526443
CNOT8,1.03763930960165e-09,-0.258880606295621,0.00306185130288957,0.955872377388746,0.999950297526443
DDIT4,1.03739015094301e-09,-0.259043760311561,0.00306038105178383,0.955882962537473,0.999950297526443
MTMR4,1.03658604975556e-09,-0.259570558917799,0.0030556385693013,0.95591712367772,0.999950297526443
PIGX,1.03620386886047e-09,-0.259821078627737,0.00305338580619819,0.955933360139239,0.999950297526443
PRR4,1.03594637000031e-09,-0.259989919343253,0.00305186844905101,0.955944299655915,0.999950297526443
MRPL49,1.03469701887844e-09,-0.260809686178739,0.00304451178227827,0.955997376891861,0.999950297526443
RAB9A,1.03425461836537e-09,-0.261100197378964,0.0030419088838307,0.95601617181225,0.999950297526443
LUC7L2,1.03388777164124e-09,-0.261341185337033,0.00303975135630562,0.956031756927946,0.999950297526443
ISY1,1.03368615178661e-09,-0.261473667936124,0.0030385658998476,0.956040322552717,0.999950297526443
INO80C,1.03224205997204e-09,-0.262423294992116,0.00303008188741849,0.956101673546887,0.999950297526443
SIGIRR,1.03161837191577e-09,-0.262833824146845,0.00302642139918072,0.956128170476013,0.999950297526443
FAM111A,1.03141312139879e-09,-0.262968978070118,0.00302521724698776,0.956136890404125,0.999950297526443
JOSD1,1.0312232942441e-09,-0.263093999006758,0.00302410379298066,0.956144955085891,0.999950297526443
IDH3G,1.03099999021618e-09,-0.263241096290438,0.00302279423869406,0.956154442016336,0.999950297526443
RRP1B,1.03082779472465e-09,-0.263354547727615,0.00302178460129875,0.956161757637166,0.999950297526443
CCDC25,1.0289641568957e-09,-0.264583577957254,0.00301086828432373,0.956240933394099,0.999950297526443
ZNF451,1.028815329152e-09,-0.264681819055683,0.00300999737288522,0.956247256287845,0.999950297526443
CDIPT,1.02829949700306e-09,-0.265022425364715,0.00300697979697836,0.956269171254494,0.999950297526443
MGAT5,1.02696574335496e-09,-0.265903871440689,0.00299918446238006,0.956325835512041,0.999950297526443
HPS3,1.02611329420266e-09,-0.26646781183633,0.00299420748788159,0.956362051759776,0.999950297526443
CPNE1,1.02583096648123e-09,-0.266654685973171,0.00299256004507657,0.956374046454833,0.999950297526443
MRPS35,1.02534492228928e-09,-0.266976516998543,0.0029897249350094,0.956394696068589,0.999950297526443
NIPA2,1.02532595121433e-09,-0.266989081549021,0.00298961430341625,0.956395502056328,0.999950297526443
GLB1,1.02426577174558e-09,-0.26769159452478,0.0029834350214697,0.956440543942347,0.999950297526443
TUBB,1.02365510158818e-09,-0.26809656405381,0.0029798786171165,0.95646648842003,0.999950297526443
SCFD1,1.02325805526636e-09,-0.268359992362893,0.00297756744729438,0.956483357059214,0.999950297526443
PRKACB,1.02234617287834e-09,-0.26896537136706,0.00297226285873807,0.956522098746081,0.999950297526443
EXOSC1,1.02177125468789e-09,-0.269347314161109,0.00296892088406455,0.956546524427446,0.999950297526443
NUP107,1.02074504247529e-09,-0.270029585046489,0.00296296022924482,0.956590123658143,0.999950297526443
TMEM223,1.01998946169926e-09,-0.270532350177658,0.00295857533957113,0.956622225035771,0.999950297526443
A1BG,1.01959713007898e-09,-0.270793549840848,0.0029562997877844,0.956638893546759,0.999950297526443
CCS,1.01883809914582e-09,-0.271299158721753,0.00295189983865707,0.95667114161424,0.999950297526443
ATP8A1,1.01850156795513e-09,-0.271523446247347,0.00294995008372957,0.956685439447568,0.999950297526443
MIIP,1.01808329650321e-09,-0.271802310490515,0.00294752764947394,0.956703210109568,0.999950297526443
MARCH7,1.01766413389644e-09,-0.272081879457873,0.00294510105227843,0.956721018654722,0.999950297526443
PREX1,1.01754586439347e-09,-0.272160781728631,0.00294441655257757,0.956726043457479,0.999950297526443
MED15,1.01636399009743e-09,-0.272949741817336,0.00293758067539214,0.956776256709745,0.999950297526443
ZNF652,1.01578104365868e-09,-0.273339212727143,0.00293421188013316,0.956801023904831,0.999950297526443
FYN,1.01570675594324e-09,-0.273388860354821,0.0029337827169235,0.956804180112615,0.999950297526443
NIPBL,1.01306805148244e-09,-0.275154616716444,0.00291855916972419,0.956916289256275,0.999950297526443
NUP50,1.0123724491424e-09,-0.275620833633858,0.0029145526084623,0.956945843061416,0.999950297526443
COX19,1.01223081797069e-09,-0.275715797536346,0.00291373717215427,0.956951860501058,0.999950297526443
C19orf24,1.01214566080617e-09,-0.275772901689753,0.00291324693780428,0.956955478548262,0.999950297526443
PUF60,1.01207253329533e-09,-0.27582194276263,0.00291282598890477,0.956958585495845,0.999950297526443
MACF1,1.01192332479773e-09,-0.275922016154475,0.00291196718414985,0.956964924876522,0.999950297526443
GID8,1.01184911214877e-09,-0.27597179549223,0.00291154008286903,0.956968077930079,0.999950297526443
GAK,1.01151336016329e-09,-0.276197050478409,0.00290960818775624,0.956982342945966,0.999950297526443
FGFR1OP2,1.01081844019668e-09,-0.27666349875071,0.00290561170020414,0.957011867891417,0.999950297526443
RPS6KA5,1.00998122983659e-09,-0.277225865880643,0.00290080054774142,0.95704743838274,0.999950297526443
SLC50A1,1.00945780001081e-09,-0.27757768964894,0.00289779460658391,0.957069677348414,0.999950297526443
ZCCHC17,1.00791570341366e-09,-0.278615232130148,0.00288894774658305,0.957135196608572,0.999950297526443
GOLGA8B,1.00757386488823e-09,-0.278845432259182,0.00288698848318815,0.957149720386016,0.999950297526443
PSME3,1.00673429367237e-09,-0.279411133424782,0.00288217926239779,0.957185391514971,0.999950297526443
CCNY,1.00626758288593e-09,-0.279725798374773,0.0028795075895209,0.957205220841498,0.999950297526443
ACTR1B,1.00562664315602e-09,-0.28015816053156,0.00287584056680103,0.957232452745491,0.999950297526443
FLYWCH2,1.0055541530018e-09,-0.28020707728925,0.00287542597433994,0.957235532671484,0.999950297526443
MRPL4,1.00362852136044e-09,-0.281507747659164,0.00286442366373064,0.957317348194472,0.999950297526443
ATP5SL,1.00297673745876e-09,-0.281948539782095,0.00286070440116256,0.957345041049047,0.999950297526443
WHAMM,1.00295636173964e-09,-0.281962324030572,0.00286058817051607,0.95734590676906,0.999950297526443
ARMC10,1.00192086697578e-09,-0.282663194973184,0.00285468443417482,0.95738990275683,0.999950297526443
SPRTN,1.00186956044451e-09,-0.282697939731377,0.00285439207534503,0.957392082666471,0.999950297526443
RBM18,1.00143886500863e-09,-0.282989673982921,0.00285193844377698,0.95741038204774,0.999950297526443
CAPN2,1.00118127901799e-09,-0.283164209150541,0.00285047150468156,0.957421326368203,0.999950297526443
APOL3,1.00086421806464e-09,-0.283379102693958,0.00284866637682875,0.957434797673493,0.999950297526443
TMEM251,1.00000986554163e-09,-0.283958481025478,0.00284380512489608,0.95747109751655,0.999950297526443
MANBAL,9.98879040297262e-10,-0.284726081720909,0.0028373771315858,0.957519144304787,0.999950297526443
ATF1,9.98454596606358e-10,-0.285014408574398,0.00283496632726094,0.957537178215238,0.999950297526443
YARS,9.97914342613007e-10,-0.285381576580067,0.0028318992123072,0.957560132745341,0.999950297526443
RBM22,9.9758599518831e-10,-0.285604821848172,0.00283003593848057,0.957574083720673,0.999950297526443
IKBKG,9.95911149638874e-10,-0.286744659766244,0.00282054122978091,0.957645245525365,0.999950297526443
BRIX1,9.94562228122315e-10,-0.287664027279294,0.00281290578538252,0.957702559527008,0.999950297526443
TSSC4,9.94488150066401e-10,-0.287714550468981,0.00281248677322629,0.957705707018032,0.999950297526443
CUL1,9.94390204836592e-10,-0.287781357259374,0.00281193280765499,0.957709868598717,0.999950297526443
CD70,9.94053746681533e-10,-0.288010897926416,0.00281003025941796,0.957724164329322,0.999950297526443
AKAP17A,9.93957719758557e-10,-0.288076423746497,0.00280948738026922,0.957728244408345,0.999950297526443
PAPSS1,9.93861215034352e-10,-0.288142281738953,0.00280894185275378,0.957732344789737,0.999950297526443
FBXO9,9.93793257571053e-10,-0.288188661834526,0.0028085577306374,0.957735232229549,0.999950297526443
GOLGB1,9.93418757672248e-10,-0.288444307949683,0.00280644138219674,0.95775114433899,0.999950297526443
SLC25A1,9.92198464635566e-10,-0.289277964339159,0.00279955087917368,0.957802993431982,0.999950297526443
TMA16,9.92157691062477e-10,-0.289305836271764,0.00279932079345786,0.957804725865489,0.999950297526443
HK1,9.91997909217623e-10,-0.289415070305105,0.00279841923390007,0.957811514858438,0.999950297526443
RPIA,9.91421839253108e-10,-0.289809038123737,0.0027951699988539,0.957835991600392,0.999950297526443
DTNBP1,9.90577504370422e-10,-0.290386867414485,0.00279041106682587,0.957871866771286,0.999950297526443
AKAP8L,9.90087141325673e-10,-0.290722669946043,0.00278764909053589,0.957892701977157,0.999950297526443
NFKBIB,9.89006067915375e-10,-0.291463558764183,0.00278156476142294,0.957938636182694,0.999950297526443
PHYH,9.88135994822442e-10,-0.292060409394772,0.00277667277911903,0.957975605204009,0.999950297526443
ASNSD1,9.86822979527365e-10,-0.292962066240569,0.00276929850755045,0.958031394814895,0.999950297526443
EPM2AIP1,9.85116231081167e-10,-0.294135829022783,0.00275972757397028,0.958103914331958,0.999950297526443
STT3B,9.84404367823772e-10,-0.294625968894621,0.00275574055439083,0.958134161410669,0.999950297526443
PDS5A,9.84339389661549e-10,-0.294670725349364,0.00275537676679929,0.958136922336597,0.999950297526443
RGS1,9.83984433418879e-10,-0.294915266638774,0.0027533899280066,0.958152004457054,0.999950297526443
PITHD1,9.82606962750512e-10,-0.295865056806506,0.00274568643383894,0.95821053344285,0.999950297526443
RNF139,9.82591512653022e-10,-0.295875717181407,0.00274560009048665,0.958211189921654,0.999950297526443
TAF8,9.82294165357532e-10,-0.296080914533191,0.00274393862033596,0.958223824293857,0.999950297526443
CEP170,9.8153411946167e-10,-0.296605688736885,0.00273969404161483,0.958256118910507,0.999950297526443
NAE1,9.81038184504038e-10,-0.296948318153511,0.00273692619734509,0.958277191397713,0.999950297526443
DGKD,9.80984047753657e-10,-0.29698573000572,0.00273662414141189,0.958279491693019,0.999950297526443
SURF1,9.80347803039966e-10,-0.297425563458107,0.00273307546392342,0.95830652604819,0.999950297526443
CARD16,9.79754065187289e-10,-0.297836259844337,0.00272976594671553,0.958331754308894,0.999950297526443
GPS2,9.7965271368183e-10,-0.29790638995319,0.00272920120993493,0.958336060796457,0.999950297526443
NAT9,9.79116533623279e-10,-0.29827751556795,0.00272621455397373,0.958358843435886,0.999950297526443
RP11-386I14.4,9.78803076062051e-10,-0.298494570805344,0.00272446927494614,0.958372162467296,0.999950297526443
NOL8,9.78170834081501e-10,-0.298932573415417,0.00272095075814889,0.958399026907403,0.999950297526443
TPMT,9.77840693388036e-10,-0.299161395489546,0.00271911438162314,0.958413054854031,0.999950297526443
PFDN4,9.77820697505933e-10,-0.299175257116693,0.0027190031763214,0.958413904495742,0.999950297526443
OTUD1,9.77475333821715e-10,-0.299414714578551,0.00271708282605131,0.958428579294229,0.999950297526443
CDK11A,9.77398741941324e-10,-0.299467830485359,0.00271665703867368,0.958431833750679,0.999950297526443
FAM175A,9.75212462689093e-10,-0.300985689902579,0.00270451720675139,0.95852473097343,0.999950297526443
YTHDF2,9.74420305559085e-10,-0.3015364656984,0.00270012527670042,0.95855839067237,0.999950297526443
FAM58A,9.73384321570803e-10,-0.302257421258106,0.00269438689147223,0.958602410976105,0.999950297526443
DDT,9.71510116913738e-10,-0.303563583759366,0.00268402105601861,0.958682048684225,0.999950297526443
RP11-138A9.2,9.70911804879645e-10,-0.303981067217224,0.00268071612368254,0.958707471928036,0.999950297526443
VPS37B,9.70738446532828e-10,-0.304102077501751,0.00267975891413089,0.958714838211785,0.999950297526443
ABCD4,9.69590227356214e-10,-0.304904100499319,0.00267342326145497,0.958763628038406,0.999950297526443
FAM117A,9.68608134847461e-10,-0.305590810454866,0.00266801021338198,0.958805358977009,0.999950297526443
PIK3R1,9.66870025640701e-10,-0.306807794336564,0.00265844363578113,0.958879214748855,0.999950297526443
CLN8,9.66194120597838e-10,-0.307281615824176,0.00265472808487453,0.958907935415065,0.999950297526443
SCAMP3,9.65469223017611e-10,-0.307790136446371,0.00265074610232943,0.958938737939359,0.999950297526443
FAM43A,9.65297788120698e-10,-0.307910452903035,0.00264980481900692,0.958946022601662,0.999950297526443
TATDN1,9.64193770001305e-10,-0.308685767781578,0.00264374708293882,0.958992934947952,0.999950297526443
EIF4G2,9.62580082047441e-10,-0.309820544401964,0.00263490526507543,0.959061504628805,0.999950297526443
TOB2,9.62147182632633e-10,-0.310125278969825,0.00263253581555618,0.959079899670935,0.999950297526443
RAB37,9.61030463995215e-10,-0.310911989596772,0.00262642844275997,0.95912735210265,0.999950297526443
RAP1A,9.60393258018563e-10,-0.31136128527739,0.00262294671947232,0.959154428793737,0.999950297526443
TRAPPC6A,9.60024559913151e-10,-0.311621386305949,0.00262093319043872,0.959170095844556,0.999950297526443
C19orf25,9.59337840440327e-10,-0.312106094320999,0.00261718494855811,0.959199276586795,0.999950297526443
UQCC3,9.59305959338067e-10,-0.312128605103497,0.00261701100075573,0.959200631310487,0.999950297526443
NSRP1,9.5822105622614e-10,-0.31289506865444,0.00261109506144987,0.95924673216908,0.999950297526443
CTNNBL1,9.57621157790243e-10,-0.313319244059335,0.00260782671014413,0.959272223750913,0.999950297526443
ZNF720,9.55993240808687e-10,-0.314471598765459,0.00259896784792763,0.959341399301816,0.999950297526443
ADAM8,9.55714862441012e-10,-0.314668843627188,0.00259745446674922,0.959353228545619,0.999950297526443
DMAP1,9.55507106700124e-10,-0.314816084877792,0.00259632530690326,0.959362056799605,0.999950297526443
UBTF,9.55200612838417e-10,-0.315033360334892,0.00259465995007211,0.959375080784094,0.999950297526443
THOC2,9.54905299044552e-10,-0.315242773619833,0.00259305584635494,0.959387629699079,0.999950297526443
SYNJ2BP,9.54829940990301e-10,-0.315296221594178,0.00259264659125316,0.959390831927732,0.999950297526443
MED6,9.54514721618467e-10,-0.315519836077124,0.00259093504557482,0.959404226714124,0.999950297526443
NLRP1,9.54039674258672e-10,-0.315856965683016,0.00258835674993289,0.959424413178863,0.999950297526443
STXBP3,9.52757405961814e-10,-0.316767767291002,0.00258140371123496,0.959478901483903,0.999950297526443
UBE2E2,9.52350023541616e-10,-0.317057379905936,0.00257919665693559,0.959496212703761,0.999950297526443
MALT1,9.51892610476369e-10,-0.317382701913551,0.00257671967914165,0.959515649937718,0.999950297526443
SRFBP1,9.51808515760166e-10,-0.317442528248646,0.00257626441993253,0.959519223447081,0.999950297526443
ZNRD1,9.51525506210328e-10,-0.317643903155928,0.00257473260124057,0.959531249622141,0.999950297526443
NUDT16L1,9.51460742167047e-10,-0.317689993988842,0.00257438212315512,0.959534001699196,0.999950297526443
PYM1,9.51379655980315e-10,-0.317747705108476,0.00257394334954039,0.959537447368533,0.999950297526443
SORL1,9.50220669009107e-10,-0.318573103423529,0.002567675925772,0.959586697342242,0.999950297526443
LINC00969,9.49656915546566e-10,-0.318974943140402,0.00256463009265362,0.959610653528581,0.999950297526443
SUPT4H1,9.49143615268925e-10,-0.319341019800528,0.00256185841891401,0.959632465784825,0.999950297526443
PLEKHA3,9.48599804264524e-10,-0.319729063990203,0.00255892363081521,0.959655574601272,0.999950297526443
MNDA,9.4842958738968e-10,-0.319850568672356,0.00255800536601714,0.959662807839059,0.999950297526443
KIAA0141,9.47624937623508e-10,-0.320425230116454,0.00255366677237874,0.959697000869267,0.999950297526443
CD72,9.46775066664913e-10,-0.321032697377485,0.00254908834912709,0.959733115622994,0.999950297526443
TMEM170A,9.45477032998571e-10,-0.321961513682462,0.00254210351308919,0.959788274940115,0.999950297526443
WDR46,9.44072958416926e-10,-0.322967590321866,0.00253455885041207,0.959847940631725,0.999950297526443
TMUB1,9.43961992583528e-10,-0.323047163224066,0.00253396306402994,0.959852656098234,0.999950297526443
KANSL1,9.43930996306813e-10,-0.323069392067223,0.00253379665451051,0.959853973277839,0.999950297526443
WDR11,9.42181676631635e-10,-0.324325048382491,0.00252441394917619,0.959928310390077,0.999950297526443
DNAJB6,9.42092420506489e-10,-0.324389176273911,0.00252393567892256,0.959932103326863,0.999950297526443
DDB1,9.40252947911894e-10,-0.325712086072783,0.00251408913335383,0.960010271870173,0.999950297526443
SLC25A38,9.39358765727084e-10,-0.326356062519485,0.00250930960085128,0.960048270356578,0.999950297526443
GSPT1,9.38745103710462e-10,-0.326798353898997,0.0025060321203709,0.96007434812368,0.999950297526443
ACSL5,9.38655926294086e-10,-0.32686265086436,0.00250555601486793,0.960078137750566,0.999950297526443
RNF6,9.38348762183632e-10,-0.327084161340448,0.00250391645570912,0.960091190808554,0.999950297526443
CUTC,9.37729937109139e-10,-0.327530637081688,0.00250061496394037,0.96011748805255,0.999950297526443
ATP6V0E2,9.36563476265745e-10,-0.328372997424642,0.00249439770426113,0.960167057437631,0.999950297526443
STARD3NL,9.36417702893259e-10,-0.328478338680867,0.00249362127324083,0.960173252166848,0.999950297526443
SCO1,9.35067648406545e-10,-0.329454688480083,0.00248643623651937,0.960230623677707,0.999950297526443
MPEG1,9.34430535496537e-10,-0.329915915062251,0.00248304909988189,0.96025769830854,0.999950297526443
RHNO1,9.33241191261556e-10,-0.330777729749522,0.00247673226711202,0.960308240580901,0.999950297526443
ATP6V1A,9.31771964161235e-10,-0.331843811212673,0.00246894003118131,0.960370676952158,0.999950297526443
GTF2IRD2,9.31632627619104e-10,-0.331944998718252,0.00246820167918506,0.960376598219619,0.999950297526443
AP2A2,9.31219956226976e-10,-0.332244769988924,0.00246601555859311,0.96039413518039,0.999950297526443
CKS2,9.30414418013942e-10,-0.332830294532786,0.00246175102244397,0.960428367538371,0.999950297526443
EXOC6,9.30149534303956e-10,-0.333022938081784,0.00246034952885177,0.960439624120219,0.999950297526443
SLC39A6,9.29951142119822e-10,-0.333167258512144,0.00245930010175714,0.960448055062338,0.999950297526443
FOXO3,9.29947828667672e-10,-0.333169669134963,0.00245928257662421,0.960448195871971,0.999950297526443
PYROXD1,9.29921216668241e-10,-0.333189030357984,0.00245914182573888,0.960449326784948,0.999950297526443
RUVBL2,9.29430245585579e-10,-0.333546325806672,0.00245654580195606,0.960470191280685,0.999950297526443
SAV1,9.29295643450935e-10,-0.333644311820775,0.00245583432873431,0.960475911389436,0.999950297526443
ZC3H18,9.28850790858621e-10,-0.333968247315701,0.00245348368222102,0.960494816046194,0.999950297526443
MSL3,9.28691246085978e-10,-0.334084461970418,0.00245264090557255,0.960501596138351,0.999950297526443
KMT2C,9.28142799115015e-10,-0.334484104991004,0.00244974490264823,0.960524903229024,0.999950297526443
AMD1,9.27780981345665e-10,-0.334747879199858,0.00244783530754721,0.960540279245548,0.999950297526443
C15orf57,9.26745940215146e-10,-0.335502996880078,0.0024423766982087,0.960584265031194,0.999950297526443
FARSA,9.25970598242528e-10,-0.336069181850286,0.0024382916843276,0.96061721454998,0.999950297526443
SCPEP1,9.25354585079373e-10,-0.336519343904651,0.00243504855726163,0.960643393159153,0.999950297526443
ACAT2,9.25294810897274e-10,-0.336563040243112,0.00243473397874836,0.96064593337491,0.999950297526443
WDR82,9.23947998381987e-10,-0.337548312537688,0.00242765138477502,0.960703168799653,0.999950297526443
KATNBL1,9.23437616413934e-10,-0.337922047880598,0.00242497009258463,0.960724858529801,0.999950297526443
NUDT4,9.2332122804523e-10,-0.338007302944236,0.0024243588536188,0.960729804696683,0.999950297526443
ANXA2R,9.2073416550944e-10,-0.339905012834792,0.00241079221823795,0.960839747713786,0.999950297526443
MARCKSL1,9.20178426227058e-10,-0.340313338191174,0.00240788287120625,0.96086336519661,0.999950297526443
SPG11,9.18835987314281e-10,-0.341300664795065,0.00240086232456452,0.960920415521625,0.999950297526443
LEPROTL1,9.18096816885462e-10,-0.341844896695034,0.00239700106392838,0.960951828517414,0.999950297526443
GALNT1,9.17678416030873e-10,-0.342153141175018,0.00239481680895756,0.960969609591487,0.999950297526443
FBXO44,9.17445557080581e-10,-0.342324751696768,0.00239360160379046,0.960979505569749,0.999950297526443
TNK2,9.17019855377667e-10,-0.342638590269723,0.00239138082051167,0.960997596944,0.999950297526443
HDDC3,9.16931872276974e-10,-0.342703471218233,0.00239092196238583,0.961001336032328,0.999950297526443
SUDS3,9.14070796530211e-10,-0.344816570747952,0.00237602459264773,0.961122925927852,0.999950297526443
ANKZF1,9.13584027540602e-10,-0.345176716041945,0.00237349466358777,0.961143612709182,0.999950297526443
ANKH,9.13228635896384e-10,-0.345439775910745,0.00237164840516491,0.961158716212961,0.999950297526443
FRA10AC1,9.12502307371667e-10,-0.345977708623866,0.00236787736515655,0.961189583908368,0.999950297526443
TMEM123,9.12498237589448e-10,-0.345980723942222,0.00236785624362375,0.961189756867178,0.999950297526443
RB1CC1,9.1226613417237e-10,-0.346152711728097,0.00236665181909775,0.961199620869931,0.999950297526443
GAMT,9.11141458924577e-10,-0.346986688595453,0.00236082002530089,0.9612474177503,0.999950297526443
TYW3,9.10635461440906e-10,-0.347362222338447,0.0023581986161184,0.961268921871019,0.999950297526443
CBWD3,9.09591605578642e-10,-0.348137570471643,0.0023527953374535,0.961313284240867,0.999950297526443
DHRS1,9.08889910733124e-10,-0.348659251808586,0.0023491666593766,0.961343105327922,0.999950297526443
ARL2,9.08258704193091e-10,-0.349128859099287,0.0023459048903763,0.96136993080302,0.999950297526443
EIF3J,9.08055912433476e-10,-0.349279799471086,0.00234485744195878,0.96137854920415,0.999950297526443
GCLM,9.07406526838645e-10,-0.349763363330878,0.00234150484627085,0.961406147326044,0.999950297526443
HSD17B12,9.07333565531407e-10,-0.349817714643116,0.00234112831738076,0.961409248098441,0.999950297526443
MAP3K8,9.07288623666154e-10,-0.349851195430593,0.00234089640252245,0.961411158076781,0.999950297526443
CHD6,9.06843793563892e-10,-0.350182670997288,0.00233860155192755,0.961430062863935,0.999950297526443
RDH14,9.06807184900893e-10,-0.350209957765238,0.00233841274025206,0.961431618692573,0.999950297526443
ZNF431,9.06517475233488e-10,-0.350425934213403,0.00233691881173045,0.961443931045706,0.999950297526443
HSPA1A,9.05912270965936e-10,-0.350877323900187,0.00233379953125688,0.961469651613891,0.999950297526443
TMEM138,9.05791097151285e-10,-0.350967735860037,0.00233317524016888,0.961474801383061,0.999950297526443
EPS15L1,9.05725762763969e-10,-0.351016488926424,0.00233283867011935,0.961477578031591,0.999950297526443
HTATSF1,9.0527704378373e-10,-0.351351418217671,0.00233052775056832,0.961496648168664,0.999950297526443
AFTPH,9.05100504508231e-10,-0.351483233051688,0.00232961888058931,0.961504150928833,0.999950297526443
SYMPK,9.02182633376343e-10,-0.353665481066021,0.00231462259966627,0.961628158316653,0.999950297526443
TRIM8,9.0199447495036e-10,-0.353806435885407,0.00231365722898944,0.961636154943957,0.999950297526443
UNC50,9.01241838664469e-10,-0.354370540094088,0.00230979774662613,0.961668141601493,0.999950297526443
RPS6KA1,9.00886767101348e-10,-0.354636825137659,0.00230797807536587,0.9616832319829,0.999950297526443
VPS26A,9.00383634437322e-10,-0.355014321177046,0.00230540084826556,0.961704614917871,0.999950297526443
ECH1,9.00194112327007e-10,-0.35515657057643,0.0023044304209211,0.961712669538142,0.999950297526443
GLUD1,9.00140494520443e-10,-0.355196819661981,0.00230415591384949,0.961714948275991,0.999950297526443
JAML,9.00060088001276e-10,-0.355257182456594,0.00230374428725777,0.961718365525254,0.999950297526443
IPO9,9.00027932714804e-10,-0.355281323530321,0.00230357968439344,0.961719732114008,0.999950297526443
TRPV2,8.99332426023835e-10,-0.355803688982486,0.00230002082586517,0.961749290939672,0.999950297526443
MAP3K11,8.9774627769419e-10,-0.356996432618166,0.00229191490873848,0.96181670196434,0.999950297526443
SDHAF3,8.97672785708651e-10,-0.357051745869415,0.00229153967915048,0.961819825367403,0.999950297526443
ZNF644,8.97192676127585e-10,-0.357413204355295,0.00228908912932638,0.961840229997712,0.999950297526443
BLOC1S1,8.968304060367e-10,-0.357686068610348,0.00228724091739329,0.961855626472833,0.999950297526443
RRAGC,8.96602613641189e-10,-0.357857697667325,0.00228607915946031,0.961865307654574,0.999950297526443
TP53INP1,8.96592716937144e-10,-0.357865155240922,0.0022860286922329,0.961865728264838,0.999950297526443
ARIH2,8.95567286024678e-10,-0.3586382890995,0.0022808026315346,0.961909309171528,0.999950297526443
ZNF280D,8.95484386701521e-10,-0.358700829070198,0.0022803804002935,0.961912832405247,0.999950297526443
DCTN6,8.94688904214767e-10,-0.359301231272811,0.00227633075524061,0.961946640568542,0.999950297526443
GPBP1L1,8.94646700620236e-10,-0.359333099404757,0.00227611600556862,0.961948434231583,0.999950297526443
EIF2B1,8.94129103621376e-10,-0.359724056994418,0.00227348307792181,0.961970432245697,0.999950297526443
POLR2E,8.93577796430726e-10,-0.360140716484859,0.00227068034808515,0.961993862984028,0.999950297526443
DUS2,8.92948432802363e-10,-0.360616670803806,0.00226748290883989,0.962020611186957,0.999950297526443
DCAF6,8.92902584353432e-10,-0.360651356162397,0.0022672500669386,0.962022559765827,0.999950297526443
KTN1,8.92825459798914e-10,-0.360709706446951,0.0022668584159284,0.962025837593196,0.999950297526443
ARIH1,8.92702423281183e-10,-0.360802802479213,0.00226623368654783,0.962031066700452,0.999950297526443
MLLT6,8.91736244355528e-10,-0.361534294631541,0.00226133081574194,0.962072129795435,0.999950297526443
PNKD,8.91580004161657e-10,-0.361652655380801,0.00226053847424929,0.962078770092469,0.999950297526443
SH2B3,8.90322214169461e-10,-0.362606229669251,0.00225416489681043,0.962132226977752,0.999950297526443
PSMG2,8.8912663111591e-10,-0.363513844831181,0.00224811488083072,0.96218304018587,0.999950297526443
ZNF146,8.88877795453124e-10,-0.36370289358135,0.0022468567183667,0.962193615914072,0.999950297526443
SNX10,8.88634816130176e-10,-0.363887542208033,0.00224562850654892,0.962203942749249,0.999950297526443
RGS10,8.8863061419133e-10,-0.36389073583796,0.00224560726954317,0.962204121335406,0.999950297526443
SPEN,8.88371031467541e-10,-0.364088056544196,0.00224429550804815,0.96221515383686,0.999950297526443
HMGB2,8.88192410395967e-10,-0.364223866810176,0.00224339309643657,0.962222745398787,0.999950297526443
CD3D,8.87382038544967e-10,-0.364840343867604,0.00223930129550156,0.962257187000321,0.999950297526443
HMG20B,8.86877806075812e-10,-0.365224203806506,0.00223675716552596,0.962278617412262,0.999950297526443
CENPT,8.86813926675853e-10,-0.365272848625372,0.00223643496204115,0.962281332356102,0.999950297526443
OGG1,8.86601599403102e-10,-0.365434562248916,0.0022353641640413,0.962290356498824,0.999950297526443
C9orf142,8.86550012750721e-10,-0.365473857525305,0.0022351040436008,0.962292548989041,0.999950297526443
ANP32A,8.86382501640322e-10,-0.365601471502916,0.00223425949025703,0.962299668399885,0.999950297526443
NPRL3,8.86099502755921e-10,-0.365817119548074,0.0022328330360915,0.962311696178016,0.999950297526443
KDM2B,8.85871729454928e-10,-0.365990733260298,0.00223168527698771,0.962321376811554,0.999950297526443
FAM118A,8.85184959291584e-10,-0.366514464308548,0.00222822639977656,0.962350565385915,0.999950297526443
EIF6,8.84958998805395e-10,-0.366686867278747,0.0022270889496822,0.962360168994784,0.999950297526443
TMEM216,8.84657166868173e-10,-0.366917224600106,0.00222557002747541,0.962372997245614,0.999950297526443
NIPSNAP1,8.82775469012359e-10,-0.368355038508279,0.00221611236036864,0.962452972077178,0.999950297526443
HEXA,8.82468063737365e-10,-0.368590208401785,0.00221456921369102,0.962466037273913,0.999950297526443
RNF135,8.82467961864009e-10,-0.368590286349574,0.00221456870238507,0.962466041603689,0.999950297526443
TMEM199,8.82447394726108e-10,-0.368606023349342,0.00221446547640727,0.962466915739026,0.999950297526443
ELK3,8.81523972357537e-10,-0.369312946197885,0.00220983332031814,0.962506162671822,0.999950297526443
GUCD1,8.81437644369581e-10,-0.369379070701586,0.00220940052182569,0.962509831754515,0.999950297526443
LENG8,8.8138146299178e-10,-0.369422107203546,0.00220911888373049,0.962512219556695,0.999950297526443
MPPE1,8.81266525568605e-10,-0.369510160697045,0.00220854275662339,0.962517104589763,0.999950297526443
CDK9,8.80770697808329e-10,-0.369890140724015,0.00220605826703859,0.962538178116488,0.999950297526443
NOL11,8.79249450208785e-10,-0.3710572417364,0.00219844433828054,0.962602833901141,0.999950297526443
MCM3,8.79016480001452e-10,-0.371236147952949,0.00219727947163346,0.962612735579613,0.999950297526443
ARRDC3,8.7877559826039e-10,-0.371421177690287,0.00219607537137962,0.962622973519431,0.999950297526443
ZNF511,8.78310549500136e-10,-0.371778536062363,0.00219375165665828,0.962642739008499,0.999950297526443
VCPKMT,8.76068640883221e-10,-0.373503848319472,0.00218256674297218,0.962738024866126,0.999950297526443
LINC00869,8.76061812853852e-10,-0.373509109470873,0.0021825327215016,0.962738315072629,0.999950297526443
CALM1,8.75619829374089e-10,-0.373849751704836,0.0021803310502135,0.962757100368434,0.999950297526443
SLC12A6,8.75064753371869e-10,-0.374277790150036,0.00217756760014193,0.962780692381071,0.999950297526443
CNOT6L,8.74776068341772e-10,-0.374500508489295,0.00217613107222184,0.96279296217476,0.999950297526443
UGP2,8.72753702784419e-10,-0.376062733849153,0.00216608085364953,0.962878917720932,0.999950297526443
ATXN1,8.72120002900118e-10,-0.376552967302302,0.0021629364456721,0.962905851624695,0.999950297526443
C11orf73,8.71999546230073e-10,-0.376646191951634,0.00216233900007269,0.96291097135325,0.999950297526443
CCNK,8.71809543047415e-10,-0.376793265697586,0.00216139678276804,0.9629190469965,0.999950297526443
MLST8,8.7166194234568e-10,-0.376907538687193,0.00216066497917988,0.96292532042357,0.999950297526443
UBE2M,8.70364528761228e-10,-0.377912802581071,0.00215423774010953,0.962980464091428,0.999950297526443
NFX1,8.70350870021498e-10,-0.377923393331607,0.00215417012719389,0.962981044626609,0.999950297526443
MED8,8.69507093411191e-10,-0.378577953328585,0.00214999535731625,0.96301690756391,0.999950297526443
GTF2H5,8.69318011401672e-10,-0.378724717565251,0.00214906038796541,0.963024944104424,0.999950297526443
DCTPP1,8.69276628870419e-10,-0.378756842514981,0.00214885578748381,0.963026702983994,0.999950297526443
MRRF,8.67953621194043e-10,-0.379784659599844,0.00214231980302919,0.963082934805144,0.999950297526443
ELMOD3,8.6742897830528e-10,-0.38019266109794,0.00213973069427813,0.96310523376297,0.999950297526443
RBBP6,8.67150135481784e-10,-0.380409606727313,0.00213835524415087,0.963117085463731,0.999950297526443
SMIM12,8.64970952439734e-10,-0.382107372579666,0.00212762120380737,0.963209707906762,0.999950297526443
CDC42EP3,8.63903682882269e-10,-0.382940366432197,0.00212237398846063,0.963255070552645,0.999950297526443
BTF3L4,8.63399950445408e-10,-0.383333868799529,0.00211989964566117,0.963276480964006,0.999950297526443
NOC2L,8.62471583151014e-10,-0.384059663530669,0.00211534326960175,0.96331593992903,0.999950297526443
TCL1A,8.62325307419385e-10,-0.384174089983421,0.00211462580330779,0.963322157184444,0.999950297526443
ELAVL1,8.62204261454432e-10,-0.384268794180699,0.00211403217824905,0.963327302083869,0.999950297526443
SNX9,8.61954661234053e-10,-0.384464117311711,0.00211280836958935,0.963337911017544,0.999950297526443
SEMA4D,8.61279904191666e-10,-0.384992416805683,0.00210950175873721,0.963366590723064,0.999950297526443
AIDA,8.61054286438446e-10,-0.385169152536819,0.00210839670866694,0.963376180334512,0.999950297526443
SCAPER,8.60397285760086e-10,-0.385684062235217,0.002105180443175,0.963404105388918,0.999950297526443
ATXN1L,8.60220239125996e-10,-0.385822883300256,0.00210431415321708,0.963411630559131,0.999950297526443
VRK3,8.59703126716118e-10,-0.38622850506289,0.00210178494071235,0.963433609865471,0.999950297526443
CBX5,8.59664224690338e-10,-0.386259029212407,0.0021015947312331,0.963435263355325,0.999950297526443
SFT2D2,8.59344119254228e-10,-0.386510247731056,0.00210002991876542,0.963448869107532,0.999950297526443
WASF2,8.58866242968759e-10,-0.38688545225526,0.0020976949392408,0.963469180767163,0.999950297526443
AAED1,8.57686605802323e-10,-0.387812504691439,0.00209193660473632,0.963519320181544,0.999950297526443
MIEN1,8.56941345430569e-10,-0.388398821826973,0.00208830273636904,0.963550996876205,0.999950297526443
ITPR1,8.55545167191691e-10,-0.389498555650695,0.00208150351332875,0.963610340467803,0.999950297526443
DDX46,8.55499642707828e-10,-0.389534443176749,0.00208128200111498,0.963612275457938,0.999950297526443
MYD88,8.55425730382075e-10,-0.389592713110135,0.00208092238495557,0.963615417056256,0.999950297526443
POLR1E,8.55190867209164e-10,-0.389777903302706,0.00207977987795784,0.963625399775899,0.999950297526443
SGF29,8.5517315965582e-10,-0.38979186773563,0.00207969375114507,0.963626152425166,0.999950297526443
RRP15,8.54734930777802e-10,-0.390137550025079,0.00207756284155667,0.96364477909934,0.999950297526443
CKAP2,8.53728247367153e-10,-0.390932284889672,0.0020726719301249,0.963687567691667,0.999950297526443
GOT2,8.53221313804301e-10,-0.391332829282839,0.00207021120560085,0.963709114697597,0.999950297526443
MSMO1,8.52256951371361e-10,-0.392095435217484,0.0020655340939597,0.963750104605679,0.999950297526443
TRAF4,8.52059424786567e-10,-0.392251739228785,0.00206457675212962,0.963758500420034,0.999950297526443
CASP1,8.51923322319262e-10,-0.392359458239377,0.00206391724050485,0.963764285421135,0.999950297526443
ZC3H12A,8.51603645427321e-10,-0.392612533309807,0.00206236859676719,0.963777873214432,0.999950297526443
LCOR,8.51078133314292e-10,-0.393028758334632,0.0020598240673103,0.963800210009658,0.999950297526443
MANBA,8.50080108246913e-10,-0.393819912150738,0.00205499595430408,0.963842630958864,0.999950297526443
NUTM2A-AS1,8.49485427067774e-10,-0.394291752378987,0.00205212177820877,0.963867907867723,0.999950297526443
ZCCHC10,8.49320215659782e-10,-0.394422893116407,0.00205132364571775,0.963874930180993,0.999950297526443
TSNAX,8.47262661727247e-10,-0.396058187716326,0.00204139665602769,0.963962386775037,0.999950297526443
JADE2,8.46822506602456e-10,-0.396408508454325,0.0020392761853736,0.963981095681453,0.999950297526443
NARS,8.45517857551973e-10,-0.397447912404556,0.00203299744277865,0.964036550240261,0.999950297526443
GM2A,8.44752001467755e-10,-0.398058782994152,0.00202931619985297,0.964069103298867,0.999950297526443
CCZ1,8.44545784472485e-10,-0.39822335911036,0.00202832554600471,0.964077868655585,0.999950297526443
MARK2,8.43861692957108e-10,-0.398769590704829,0.00202504094414587,0.964106946339319,0.999950297526443
ASCC1,8.42168592804384e-10,-0.400123326762321,0.00201692312664,0.964178912691821,0.999950297526443
PSPC1,8.41747923263197e-10,-0.400460083565138,0.00201490869335921,0.964196793576839,0.999950297526443
HBP1,8.41257404908753e-10,-0.40085296065102,0.0020125610505675,0.96421764346256,0.999950297526443
AREG,8.41022495814525e-10,-0.40104118741299,0.00201143724973381,0.964227628475304,0.999950297526443
BIRC6,8.40854783701058e-10,-0.401175601866213,0.00201063511005633,0.964234757226117,0.999950297526443
PIK3AP1,8.39581618706493e-10,-0.402196833757159,0.00200455098638113,0.964288874316593,0.999950297526443
AHSA2,8.37409701466205e-10,-0.403942416608193,0.00199419323813455,0.964381194106663,0.999950297526443
NUP54,8.36641018815183e-10,-0.404561255048539,0.00199053386281379,0.964413867943523,0.999950297526443
PROSC,8.36142735715533e-10,-0.404962696900065,0.00198816354149293,0.96443504813437,0.999950297526443
CCAR1,8.36111247973139e-10,-0.404988072734472,0.00198801380245915,0.964436386563897,0.999950297526443
TRIM56,8.36006639390675e-10,-0.405072382935993,0.00198751637990488,0.96444083309539,0.999950297526443
LTA4H,8.3491755015979e-10,-0.405950747245095,0.00198234136656782,0.964487126394835,0.999950297526443
NUMB,8.34629693673894e-10,-0.40618309131722,0.00198097468922147,0.964499362167544,0.999950297526443
ZBTB24,8.34026407719723e-10,-0.406670285234579,0.00197811195309692,0.964525005771148,0.999950297526443
TMEM245,8.33989749715038e-10,-0.406699899959222,0.00197793806880986,0.964526563977581,0.999950297526443
DCAF5,8.33678323554089e-10,-0.406951540821285,0.0019764611522159,0.964539801644273,0.999950297526443
UIMC1,8.33224751302858e-10,-0.407318201418859,0.00197431110454852,0.964559081475193,0.999950297526443
METTL17,8.30074095076074e-10,-0.409870453503116,0.00195940848655967,0.964693005846175,0.999950297526443
IFT43,8.29919766782074e-10,-0.409995709509609,0.00195867996350317,0.964699565876509,0.999950297526443
TRAPPC2,8.29830158347571e-10,-0.410068447833885,0.00195825701955871,0.964703374861902,0.999950297526443
FCHSD2,8.29474037368234e-10,-0.41035759848587,0.00195657661119728,0.964718512503013,0.999950297526443
CNDP2,8.28359907558701e-10,-0.411262982466704,0.00195132408671234,0.964765870921703,0.999950297526443
DUS1L,8.26837332997287e-10,-0.412502180212291,0.00194415738074797,0.964830591340135,0.999950297526443
PTRH1,8.26059452702959e-10,-0.413136131330924,0.0019405010138505,0.964863656961758,0.999950297526443
CPSF6,8.25913765728125e-10,-0.413254926067416,0.00193981660598635,0.964869849734152,0.999950297526443
SMC1A,8.25491895815049e-10,-0.413599037095496,0.00193783542757855,0.964887782333105,0.999950297526443
ABTB1,8.24561561170099e-10,-0.414358491121696,0.00193346998307185,0.964927328515559,0.999950297526443
RAB28,8.23958687756913e-10,-0.414851071119842,0.00193064372587469,0.964952955191922,0.999950297526443
NCBP3,8.23850811206327e-10,-0.414939248630575,0.00193013822103633,0.964957540764434,0.999950297526443
ZNF350,8.22019625420222e-10,-0.416437743522973,0.00192156746138228,0.965035380241309,0.999950297526443
EHBP1L1,8.21825459083227e-10,-0.416596821860893,0.00192065979533885,0.965043633823232,0.999950297526443
HMGXB4,8.20932277565781e-10,-0.417329061623564,0.0019164872168735,0.965081601044038,0.999950297526443
HDAC10,8.20512257427631e-10,-0.41767366359751,0.00191452662323453,0.965099455222014,0.999950297526443
NUDCD3,8.20219074775686e-10,-0.417914303405865,0.00191315868337607,0.965111917813988,0.999950297526443
MTSS1,8.19094592569613e-10,-0.418838029014042,0.00190791657602207,0.965159717320496,0.999950297526443
RRS1,8.18876752661488e-10,-0.419017118465733,0.00190690188221784,0.965168977277064,0.999950297526443
ZNF655,8.18748939127644e-10,-0.419122217221116,0.00190630665504486,0.965174410387365,0.999950297526443
PAWR,8.18202463387784e-10,-0.419571752401367,0.0019037627673384,0.965197640050233,0.999950297526443
UBE2E3,8.17161006358732e-10,-0.420429263312955,0.00189891940554719,0.965241910524834,0.999950297526443
HNRNPL,8.17057098069319e-10,-0.42051487659393,0.00189843651191749,0.965246327486152,0.999950297526443
RBM25,8.15312182401072e-10,-0.421954133917783,0.00189033652870049,0.96532050098661,0.999950297526443
ATG2A,8.1531217413174e-10,-0.421954140745586,0.00189033649035489,0.965320501338126,0.999950297526443
C1orf174,8.13939172431489e-10,-0.423088717189189,0.00188397512371358,0.965378865597361,0.999950297526443
MED21,8.13329935614241e-10,-0.42359274830476,0.00188115585297356,0.965404763407341,0.999950297526443
ZDHHC6,8.12913974665861e-10,-0.423937087961631,0.00187923218769376,0.965422445349844,0.999950297526443
GNPAT,8.11862612046501e-10,-0.424808180275559,0.00187437441211197,0.965467137441681,0.999950297526443
PTPN4,8.11089179972038e-10,-0.425449690039437,0.00187080481614966,0.965500015127731,0.999950297526443
SKI,8.1104137724793e-10,-0.42548935848299,0.00187058430542566,0.965502047167126,0.999950297526443
MICAL1,8.10955471308602e-10,-0.425560652017027,0.0018701880598186,0.965505698931395,0.999950297526443
AC004951.6,8.10640428622498e-10,-0.425822168846988,0.00186873526827663,0.965519091045669,0.999950297526443
SPPL2B,8.10168336543581e-10,-0.426214235406633,0.00186655931405792,0.965539159173206,0.999950297526443
IQCB1,8.1012464085873e-10,-0.426250535237059,0.00186635797716431,0.965541016630971,0.999950297526443
LAMTOR1,8.09978092992667e-10,-0.426372292422627,0.00186568280688397,0.965547246228522,0.999950297526443
SCAND1,8.09352867255447e-10,-0.426891990407161,0.00186280366060682,0.965573823948738,0.999950297526443
RAB4B,8.089687758532e-10,-0.427211445072864,0.00186103603334272,0.965590151308725,0.999950297526443
RAP2C,8.08652626577427e-10,-0.42747450073062,0.00185958171212891,0.965603590524398,0.999950297526443
PRRC2B,8.08235946682315e-10,-0.427821355214107,0.00185766580743479,0.965621303219396,0.999950297526443
PRPSAP1,8.08120765452931e-10,-0.427917265219106,0.0018571363754388,0.965626199474907,0.999950297526443
BIN2,8.06122678644068e-10,-0.429583143755007,0.00184796415154263,0.965711136641653,0.999950297526443
HSPH1,8.05086543453359e-10,-0.43044857239396,0.00184321670999153,0.965755182122194,0.999950297526443
PRKAR2A,8.04118737887919e-10,-0.431257897247825,0.00183878786145539,0.965796323046054,0.999950297526443
ING4,8.0375325824877e-10,-0.431563772395808,0.00183711674805328,0.965811859423887,0.999950297526443
ANXA4,8.03691202768787e-10,-0.43161572080334,0.00183683308199162,0.965814497376187,0.999950297526443
VGLL4,8.03224386602026e-10,-0.432006629628825,0.00183469988866872,0.965834341546683,0.999950297526443
PDXDC1,8.02658144940502e-10,-0.432481090147162,0.00183211401766023,0.96585841228401,0.999950297526443
NDUFA7,8.00880708288199e-10,-0.433972519552149,0.00182400879626534,0.965933970703782,0.999950297526443
MOAP1,8.00106647996491e-10,-0.43462302135097,0.00182048464975734,0.965966875922868,0.999950297526443
RNF213,7.9975241456294e-10,-0.434920912614176,0.00181887303016678,0.965981934367059,0.999950297526443
PEPD,7.99367728725463e-10,-0.435244556507139,0.00181712367273214,0.965998287355042,0.999950297526443
PPP1CC,7.98322411335399e-10,-0.436124760236714,0.00181237434659236,0.966042723850564,0.999950297526443
HDDC2,7.9759469825748e-10,-0.436738181830569,0.001809071702505,0.966073659032859,0.999950297526443
ATXN10,7.97087294855686e-10,-0.437166213290855,0.00180677069132765,0.966095228850959,0.999950297526443
PDCD10,7.96296913354756e-10,-0.437833479657726,0.00180318932670687,0.966128828172954,0.999950297526443
IRF4,7.9600969006171e-10,-0.438076120962408,0.00180188874507322,0.966141038124317,0.999950297526443
MRPS18B,7.95342935682592e-10,-0.438639708449927,0.00179887140983132,0.966169382090583,0.999950297526443
C5orf56,7.93693069672007e-10,-0.440036246862608,0.00179141596300817,0.96623951866632,0.999950297526443
MRPL2,7.93408055965015e-10,-0.440277781169137,0.00179012960572457,0.966251634758774,0.999950297526443
KPNA4,7.92407423299033e-10,-0.441126426769613,0.0017856170914092,0.966294172276005,0.999950297526443
RAD50,7.91843521237926e-10,-0.441605131483917,0.00178307659304169,0.96631814414575,0.999950297526443
AKAP13,7.91350813824595e-10,-0.442023666541271,0.0017808583221139,0.966339089506303,0.999950297526443
CEBPZ,7.90907142240843e-10,-0.442400762190373,0.00177886200207808,0.966357950336948,0.999950297526443
TM2D2,7.90828893249002e-10,-0.442467290498205,0.00177851003339499,0.966361276765558,0.999950297526443
RRP1,7.9027096478292e-10,-0.442941832138186,0.00177600144688056,0.966384994777708,0.999950297526443
TWF2,7.90131810921599e-10,-0.443060238567225,0.00177537605201825,0.966390910330973,0.999950297526443
GTPBP6,7.90126466982399e-10,-0.44306478614074,0.00177535203711475,0.966391137506574,0.999950297526443
ZNF148,7.88958525119637e-10,-0.444059389262758,0.00177010736919786,0.966440787817807,0.999950297526443
SCAMP2,7.8883228697354e-10,-0.444166976725493,0.00176954095869976,0.966446154328373,0.999950297526443
TMEM230,7.88621523704268e-10,-0.444346638311011,0.00176859549939226,0.96645511409033,0.999950297526443
PTPRA,7.88454784633744e-10,-0.444488804940406,0.00176784770647521,0.966462202341611,0.999950297526443
ADGRE5,7.86575598561407e-10,-0.446093056962858,0.00175943084878231,0.966542088678815,0.999950297526443
ARL6IP6,7.85865127838765e-10,-0.446700542997367,0.00175625388888259,0.9665722916848,0.999950297526443
MRPL10,7.85485408177252e-10,-0.447025437921055,0.00175455710149811,0.966588434065924,0.999950297526443
CHTF8,7.84853810654121e-10,-0.44756617884452,0.00175173660763633,0.966615284135812,0.999950297526443
PPP2R2A,7.84540194500083e-10,-0.447834836221089,0.00175033695045275,0.966628616399207,0.999950297526443
PRKCD,7.83654853211398e-10,-0.448593816318203,0.00174638872394541,0.966666253551776,0.999950297526443
CBWD1,7.82639112920396e-10,-0.44946560078646,0.00174186446745428,0.966709434248045,0.999950297526443
IPO5,7.82431516278037e-10,-0.449643909736813,0.00174094052370894,0.966718259515534,0.999950297526443
TRAK1,7.81643438081758e-10,-0.45032122058182,0.0017374352806561,0.966751762025534,0.999950297526443
C1orf123,7.81583508100808e-10,-0.450372754052536,0.00173716886641529,0.966754309750733,0.999950297526443
ALDOC,7.79505756692162e-10,-0.452161755820621,0.00172794500888961,0.96684263869896,0.999950297526443
KIAA2013,7.79041871574064e-10,-0.452561800165294,0.00172588901517706,0.966862359344999,0.999950297526443
FAM120A,7.77862881728509e-10,-0.453579567334157,0.00172066910087962,0.966912480555659,0.999950297526443
ARL4C,7.77210522026862e-10,-0.454143357052436,0.00171778421071777,0.966940213724354,0.999950297526443
NFKB1,7.77160209097979e-10,-0.454186857970192,0.0017175618154852,0.96694235263334,0.999950297526443
PNPLA8,7.77035617403531e-10,-0.454294592501158,0.00171701115223452,0.966947649290725,0.999950297526443
PRMT9,7.76913002990654e-10,-0.454400633500339,0.0017164693142569,0.966952861891098,0.999950297526443
RASGRP1,7.76662167444802e-10,-0.454617614539308,0.0017153611283689,0.966963525449879,0.999950297526443
MAP2K3,7.76270821780125e-10,-0.454956276144195,0.00171363288656319,0.966980162407947,0.999950297526443
ECHDC2,7.7591445843317e-10,-0.455264807751854,0.0017120598897121,0.966995312203866,0.999950297526443
DUSP10,7.7568550096174e-10,-0.455463106064746,0.00171104964672765,0.967005045699849,0.999950297526443
TBC1D1,7.754130246008e-10,-0.455699169142864,0.00170984777123686,0.967016629287905,0.999950297526443
ZDHHC3,7.75385745873402e-10,-0.455722806781076,0.00170972746979922,0.967017788968856,0.999950297526443
MTRNR2L8,7.7442643133092e-10,-0.456554583809211,0.00170549950502295,0.967058571663522,0.999950297526443
TNRC6A,7.73236236253067e-10,-0.457587925392493,0.00170026126107252,0.967109169747028,0.999950297526443
RPUSD1,7.73175962301982e-10,-0.457640296652683,0.00169999619985306,0.967111732142607,0.999950297526443
FAM98C,7.7272845211365e-10,-0.458029255366705,0.0016980288716042,0.967130756924413,0.999950297526443
PITPNA,7.72502062250465e-10,-0.458226107309592,0.00169703405845679,0.96714038133309,0.999950297526443
R3HDM2,7.71567775939317e-10,-0.459039081361798,0.00169293165670653,0.967180100270208,0.999950297526443
CYTH2,7.71491313999504e-10,-0.459105657028709,0.00169259613615079,0.967183350869421,0.999950297526443
CHST11,7.71432286825257e-10,-0.459157056528371,0.00169233714335801,0.967185860271029,0.999950297526443
TGOLN2,7.71043277432189e-10,-0.459495891576748,0.00169063078735693,0.967202398099385,0.999950297526443
CAB39,7.70377099575562e-10,-0.460076528086449,0.00168771065489449,0.967230719132212,0.999950297526443
YBX1,7.70160262127492e-10,-0.460265626465596,0.00168676071137045,0.967239937490891,0.999950297526443
UCKL1,7.6973796457511e-10,-0.460634048377684,0.00168491143488837,0.967257890538512,0.999950297526443
ALDH9A1,7.69424919455691e-10,-0.460907281513748,0.00168354123861252,0.967271198970986,0.999950297526443
BCL10,7.68791746616557e-10,-0.461460256688784,0.00168077154931488,0.967298116965145,0.999950297526443
ANP32E,7.68438688613358e-10,-0.46176878665075,0.00167922815712417,0.967313126490076,0.999950297526443
TRAP1,7.68202663014328e-10,-0.461975120517063,0.00167819676719128,0.967323160632798,0.999950297526443
GNLY,7.67870837382244e-10,-0.462265306048142,0.0016767472839756,0.967337267525567,0.999950297526443
DRAP1,7.67031016276587e-10,-0.463000279114559,0.00167308156929502,0.967372970859756,0.999950297526443
PUM3,7.66942886687756e-10,-0.463077450978905,0.00167269712716169,0.967376717518808,0.999950297526443
ZRSR2,7.66695620309934e-10,-0.463294018673182,0.00167161872851343,0.967387229574564,0.999950297526443
ZKSCAN1,7.66227851620427e-10,-0.463703896655783,0.00166957960803501,0.96740711587864,0.999950297526443
SLC2A11,7.65503869385684e-10,-0.464338754205288,0.00166642604236394,0.967437894658581,0.999950297526443
ZC3H6,7.65059367713582e-10,-0.464728822436239,0.00166449133207977,0.967456791857842,0.999950297526443
VPS36,7.64026185423669e-10,-0.465636324709645,0.0016599987088148,0.967500715838801,0.999950297526443
TMED8,7.63938864577211e-10,-0.465713077628112,0.00165961928671696,0.967504428140014,0.999950297526443
DNAJC10,7.63856803723135e-10,-0.465785214832664,0.00165926275959732,0.967507916822001,0.999950297526443
CYP20A1,7.63460771770559e-10,-0.466133459332831,0.00165754267090887,0.967524753476606,0.999950297526443
MX2,7.62350906094086e-10,-0.467110329039272,0.00165272693548698,0.967571937688559,0.999950297526443
KPNA6,7.61565137656739e-10,-0.467802765809705,0.00164932170208348,0.967605343479435,0.999950297526443
TUG1,7.60439800413737e-10,-0.468795636115604,0.00164445101738048,0.967653185638272,0.999950297526443
SAFB,7.5947675991972e-10,-0.469646437114457,0.00164028850479954,0.967694128067409,0.999950297526443
CTBP1,7.58035625434464e-10,-0.470921552167367,0.00163406939795003,0.967755396207284,0.999950297526443
PSMD3,7.57622496763337e-10,-0.471287518286198,0.00163228875087478,0.967772959922592,0.999950297526443
PSMA1,7.57603585846891e-10,-0.471304274936791,0.00163220726519802,0.967773763899974,0.999950297526443
TBXAS1,7.57532978219794e-10,-0.471366842744389,0.00163190304036678,0.967776765707993,0.999950297526443
PPP3CB,7.57202692223504e-10,-0.47165959486006,0.00163048032416668,0.967790807471198,0.999950297526443
CD2BP2,7.56518363772696e-10,-0.472266546977506,0.00162753453465475,0.967819901010326,0.999950297526443
HGS,7.55767759352247e-10,-0.472932888958992,0.00162430651367797,0.967851812255221,0.999950297526443
VAMP7,7.55562580778089e-10,-0.473115145094197,0.00162342468814021,0.967860535239359,0.999950297526443
HAGHL,7.52525992429529e-10,-0.475818068263769,0.00161040189823853,0.967989633534547,0.999950297526443
NFATC2IP,7.51780176756569e-10,-0.476483537361604,0.00160721139635279,0.968021341461642,0.999950297526443
SUGP2,7.51170674545125e-10,-0.477027849763454,0.00160460637475731,0.968047254137369,0.999950297526443
CCDC43,7.50604725469504e-10,-0.477533647828262,0.00160218939170915,0.968071315203943,0.999950297526443
KLHL36,7.50571310785198e-10,-0.47756352255353,0.00160204674549534,0.9680727358149,0.999950297526443
MAPKAPK5,7.50355141508291e-10,-0.477756821726078,0.00160112407922403,0.968081926161346,0.999950297526443
TRMT13,7.50249433976704e-10,-0.477851365200171,0.00160067298895205,0.968086420274408,0.999950297526443
RBM12,7.49189394096391e-10,-0.478800160604552,0.00159615294955049,0.96813148749831,0.999950297526443
C8orf82,7.49026012451988e-10,-0.478946511227041,0.0015954568541165,0.968138433620702,0.999950297526443
LRBA,7.48997213426949e-10,-0.478972311404178,0.00159533417021016,0.968139658003003,0.999950297526443
ABCF1,7.47944501464002e-10,-0.479916059858051,0.00159085285273054,0.968184413802104,0.999950297526443
CLEC2B,7.47298892567413e-10,-0.480495475753182,0.00158810766112465,0.968211861760604,0.999950297526443
MIOS,7.47261598099725e-10,-0.480528961202787,0.00158794915385924,0.968213447330056,0.999950297526443
SMC2,7.47154197232471e-10,-0.48062540181515,0.00158749272772763,0.968218013464686,0.999950297526443
G6PD,7.44668408274776e-10,-0.482861250347178,0.00157694709355381,0.96832369676659,0.999950297526443
ST3GAL5,7.44451039391928e-10,-0.483057104510989,0.0015760266054666,0.968332938229755,0.999950297526443
PHC3,7.44298315164025e-10,-0.483194745319647,0.00157538002766851,0.96833943132049,0.999950297526443
DCAF10,7.43414056279005e-10,-0.483992207062072,0.00157163901076716,0.968377025745109,0.999950297526443
ARMC1,7.42841024091737e-10,-0.484509478914334,0.00156921706935789,0.968401388348553,0.999950297526443
DCTD,7.42726328020612e-10,-0.484613060298791,0.00156873252655021,0.968406264683582,0.999950297526443
ZFAND2B,7.41824970944404e-10,-0.485427606882687,0.00156492727522951,0.968444586168843,0.999950297526443
UBIAD1,7.3952386520559e-10,-0.487511416811095,0.00155523367333825,0.968542418747809,0.999950297526443
PPWD1,7.39458782165288e-10,-0.487570444650112,0.00155495994347876,0.96854518579038,0.999950297526443
RAB4A,7.39043833292442e-10,-0.487946905024836,0.00155321529494488,0.968562827587224,0.999950297526443
MAPKAPK5-AS1,7.38371788134721e-10,-0.488557046314043,0.00155039176494527,0.968591400017372,0.999950297526443
PSMG4,7.37956842706398e-10,-0.488934036818638,0.00154864969619712,0.968609041708054,0.999950297526443
CTDNEP1,7.37413788994276e-10,-0.489427725768588,0.00154637126885101,0.968632130033865,0.999950297526443
B3GAT3,7.37199608816721e-10,-0.489622532678062,0.00154547311918411,0.968641236068016,0.999950297526443
ABCB7,7.36990759305139e-10,-0.489812543533157,0.00154459757453785,0.968650115468762,0.999950297526443
DHX9,7.35478055861415e-10,-0.491190346279447,0.00153826338339198,0.968714429357749,0.999950297526443
TBL1XR1,7.35410418987497e-10,-0.491252015044959,0.00153798046932919,0.968717305002419,0.999950297526443
SREK1,7.35218713055045e-10,-0.491426834978113,0.00153717873592133,0.968725455560839,0.999950297526443
IRS2,7.35111574225453e-10,-0.491524555819476,0.0015367307616574,0.968730010670592,0.999950297526443
YIPF6,7.35044596819739e-10,-0.491585652567774,0.0015364507455227,0.968732858279536,0.999950297526443
CIZ1,7.34302110667074e-10,-0.492263306959224,0.00153334830184413,0.968764425820491,0.999950297526443
TPGS1,7.34275719463501e-10,-0.492287405887556,0.00153323808513798,0.968765547869792,0.999950297526443
LRP10,7.34069786695036e-10,-0.49247548046288,0.00153237819101669,0.968774303316444,0.999950297526443
BTN3A2,7.34053956050364e-10,-0.492489940397566,0.00153231209846388,0.968774976372985,0.999950297526443
SAMD9,7.33553439946517e-10,-0.492947273629922,0.00153022319095789,0.968796256354088,0.999950297526443
BTLA,7.3288346534572e-10,-0.49355991509289,0.00152742927727938,0.96882474108043,0.999950297526443
RAB30,7.32810883811337e-10,-0.493626317797006,0.00152712675259122,0.968827826968675,0.999950297526443
ERGIC1,7.32720859222103e-10,-0.493708687427958,0.00152675156571253,0.968831654469306,0.999950297526443
CNOT4,7.30374804791513e-10,-0.495858692230416,0.00151699039134855,0.968931399968375,0.999950297526443
NUDT14,7.29765111109047e-10,-0.496418524020815,0.00151445877767962,0.968957321953246,0.999950297526443
NPRL2,7.29762226940606e-10,-0.496421173385637,0.00151444680685363,0.968957444577804,0.999950297526443
ASAP1,7.29254249360119e-10,-0.496887953086533,0.00151233916892736,0.968979041984642,0.999950297526443
POGZ,7.28721862362456e-10,-0.497377498360618,0.00151013182954381,0.969001677217828,0.999950297526443
ISOC1,7.28692502104201e-10,-0.497404505977967,0.00151001014534681,0.969002925514052,0.999950297526443
TMEM167B,7.27130234219407e-10,-0.498843101022483,0.00150354236494074,0.969069347828814,0.999950297526443
EIF1AD,7.26734569389657e-10,-0.499207915947982,0.00150190651774303,0.969086170185176,0.999950297526443
SEC22C,7.25877887316738e-10,-0.499998457840622,0.00149836767954454,0.969122593512906,0.999950297526443
SNRK,7.24301709297721e-10,-0.501455294541285,0.0014918676052491,0.96918960762989,0.999950297526443
ING1,7.24300003655612e-10,-0.501456872690875,0.00149186057892518,0.96918968014853,0.999950297526443
JMJD6,7.23989761894958e-10,-0.501743984129359,0.00149058282571245,0.969202870675158,0.999950297526443
HDAC2,7.23874067708461e-10,-0.501851082941463,0.00149010647094189,0.969207789638722,0.999950297526443
EIF4G3,7.23365131822433e-10,-0.502322403605861,0.00148801190201936,0.969229428052587,0.999950297526443
ZC3H13,7.2288617550002e-10,-0.502766251932929,0.00148604206208094,0.969249791846815,0.999950297526443
KCTD20,7.223708670589e-10,-0.503244103753701,0.00148392417103438,0.969271701247092,0.999950297526443
MED4,7.22115427050395e-10,-0.503481097972558,0.00148287488568543,0.969282561814041,0.999950297526443
ACOT9,7.2148221395031e-10,-0.504068933514284,0.0014802754006703,0.969309484219738,0.999950297526443
USP12,7.21342437432545e-10,-0.504198760179973,0.00147970189325963,0.96931542712127,0.999950297526443
GLYR1,7.20080595039129e-10,-0.505371876144078,0.00147452954409238,0.96936907716198,0.999950297526443
SNX4,7.18981368106441e-10,-0.506395423752743,0.00147003114359649,0.969415813357064,0.999950297526443
CCND2,7.18749691990715e-10,-0.506611341543639,0.0014690839250742,0.969425663620514,0.999950297526443
MIS12,7.17858350503583e-10,-0.50744267984201,0.00146544248071877,0.969463561176412,0.999950297526443
CYB561D2,7.17217665082428e-10,-0.508040849313524,0.00146282784607465,0.969490801521313,0.999950297526443
SLBP,7.16392433382227e-10,-0.508812076436065,0.00145946351894674,0.969525888365803,0.999950297526443
CORO7,7.13953639427201e-10,-0.51109627641189,0.00144954361421641,0.969629580296824,0.999950297526443
IAH1,7.1393064425009e-10,-0.511117849634862,0.0014494502412759,0.969630558001513,0.999950297526443
FAM134C,7.13770729429582e-10,-0.511267894283083,0.00144880098320684,0.969637357231546,0.999950297526443
ZNF428,7.13586901408196e-10,-0.511440416133001,0.00144805481665462,0.969645173201547,0.999950297526443
CDC5L,7.13537543692096e-10,-0.511486745429341,0.00144785450410245,0.969647271785412,0.999950297526443
SART1,7.13407750001422e-10,-0.511608590139451,0.00144732781762433,0.969652790334812,0.999950297526443
GNA13,7.11634628765355e-10,-0.513275258679478,0.00144014230966879,0.969728179792926,0.999950297526443
PCYT1A,7.10902763076504e-10,-0.513964350417595,0.001437181664631,0.969759297291545,0.999950297526443
CTCF,7.10698095412819e-10,-0.51415717836967,0.00143635425957083,0.969767999368811,0.999950297526443
HELZ2,7.09807111317274e-10,-0.514997243328671,0.00143275507560697,0.969805882348878,0.999950297526443
CDS2,7.08903621247749e-10,-0.515850136027884,0.00142910998354802,0.969844297129179,0.999950297526443
PHKG2,7.08619442779965e-10,-0.516118616075937,0.00142796443746234,0.969856379903353,0.999950297526443
THAP4,7.08406628512971e-10,-0.516319742015495,0.00142710686694128,0.969865428400366,0.999950297526443
PSME4,7.08114380500744e-10,-0.516596033720564,0.00142592962466575,0.969877854290078,0.999950297526443
NFKBIE,7.07379601929212e-10,-0.517291179363531,0.00142297191341511,0.969909095860765,0.999950297526443
C17orf89,7.05523599526724e-10,-0.519050169523957,0.00141551460324944,0.969988010221521,0.999950297526443
RBFA,7.04368404582768e-10,-0.520147231918628,0.00141088298890363,0.970037127477993,0.999950297526443
ZNF296,7.0383450624042e-10,-0.520654847981471,0.0014087449526078,0.970059828119407,0.999950297526443
ADAM19,7.03640938902615e-10,-0.520838978051605,0.00140797019800071,0.970068058348977,0.999950297526443
PLA2G12A,7.03570381928873e-10,-0.520906107177268,0.00140768784622134,0.970071058339841,0.999950297526443
TTPAL,7.0237713280363e-10,-0.522042366964848,0.00140291704308017,0.970121793806636,0.999950297526443
CCDC137,7.00754187389897e-10,-0.523590784840022,0.00139644124206751,0.970190799618536,0.999950297526443
USP7,7.00018118864544e-10,-0.524294189660867,0.00139350915367971,0.970222096497171,0.999950297526443
MAPKAP1,6.98020312516846e-10,-0.526206933830955,0.00138556653409567,0.970307041404722,0.999950297526443
DPF2,6.97746734710058e-10,-0.526469273155561,0.00138448064601052,0.970318673710307,0.999950297526443
NRBP1,6.97377054585335e-10,-0.52682392418139,0.00138301398377463,0.970334392218232,0.999950297526443
BMP2K,6.95678127701533e-10,-0.528456111172179,0.00137628368611099,0.970406629400167,0.999950297526443
LONP2,6.95630018026466e-10,-0.528502386734626,0.0013760933386821,0.970408674993414,0.999950297526443
TMBIM1,6.95440779818509e-10,-0.528684440383163,0.00137534473954193,0.970416721285364,0.999950297526443
EDEM1,6.94635344266575e-10,-0.529459830448634,0.00137216083056886,0.970450967942209,0.999950297526443
C5orf45,6.94336213143818e-10,-0.529748023229662,0.00137097929658614,0.97046368683954,0.999950297526443
PTGES2,6.93774136817626e-10,-0.530289869291246,0.00136876053545224,0.970487586048344,0.999950297526443
ALG8,6.93495341945683e-10,-0.530558786467495,0.00136766067679851,0.970499440278944,0.999950297526443
SDHAF2,6.9319171606647e-10,-0.530851773217124,0.00136646336155651,0.970512350320045,0.999950297526443
ERO1B,6.92286742876935e-10,-0.531725768802961,0.00136289780972162,0.97055082943459,0.999950297526443
SLC43A2,6.92251183650694e-10,-0.53176013325894,0.0013627578031495,0.970552341400716,0.999950297526443
TSC2,6.91930500018716e-10,-0.532070118830096,0.00136149550729711,0.970565976763736,0.999950297526443
GABARAP,6.91452889626083e-10,-0.532532052346194,0.00135961659032852,0.970586284617181,0.999950297526443
OTUD6B-AS1,6.90876265821586e-10,-0.533090158453818,0.00135734988378296,0.970610802517192,0.999950297526443
ASB8,6.90369316831475e-10,-0.533581197555269,0.00135535863085302,0.970632357884459,0.999950297526443
CDK5RAP1,6.89751208866759e-10,-0.534180376562345,0.0013529327323964,0.970658639737591,0.999950297526443
TMEM219,6.89723037872176e-10,-0.534207697152863,0.0013528222210066,0.970659837564596,0.999950297526443
POLDIP3,6.89456543399663e-10,-0.534466200018487,0.00135177701887242,0.970671168877977,0.999950297526443
NCOA1,6.8928772457665e-10,-0.534630006056153,0.00135111511358326,0.970678347037383,0.999950297526443
COPB2,6.89232586533083e-10,-0.53468351523107,0.00135089896331191,0.970680691501975,0.999950297526443
TRNAU1AP,6.87529581948724e-10,-0.536338241233103,0.00134423141756381,0.970753103226491,0.999950297526443
LUC7L,6.87317403954313e-10,-0.536544680339319,0.0013434018610662,0.970762125047927,0.999950297526443
VPS72,6.87053870761042e-10,-0.536801170987902,0.00134237187664132,0.970773330500803,0.999950297526443
SLAIN2,6.86693347903831e-10,-0.537152212729539,0.0013409634608237,0.970788659971446,0.999950297526443
ORAI1,6.86136450029812e-10,-0.537694813770201,0.00133878934077651,0.970812339350123,0.999950297526443
KIAA2026,6.85984892346862e-10,-0.537842553958778,0.00133819796743913,0.970818783609321,0.999950297526443
DYNC1H1,6.85967077221591e-10,-0.537859922412012,0.00133812846195839,0.97081954111169,0.999950297526443
SRPK1,6.85515997375813e-10,-0.538299837147327,0.00133636918125522,0.970838721117599,0.999950297526443
URI1,6.83890064400434e-10,-0.539887839247129,0.00133003739641854,0.970907856255127,0.999950297526443
SDHB,6.83404038121423e-10,-0.540363232285993,0.00132814760898879,0.970928522274696,0.999950297526443
BTN3A1,6.831326880366e-10,-0.540628787293657,0.00132709311882469,0.97094006019051,0.999950297526443
SLC12A9,6.82941893107025e-10,-0.540815568282389,0.00132635192378725,0.970948172872047,0.999950297526443
TNKS2,6.82760403086358e-10,-0.540993286708746,0.00132564706835172,0.970955889907691,0.999950297526443
CWC27,6.82118616879031e-10,-0.541622100468149,0.0013231560564588,0.970983178961805,0.999950297526443
NDUFB9,6.81929146007705e-10,-0.541807850372098,0.00132242109715251,0.970991235359669,0.999950297526443
NBN,6.81907183611433e-10,-0.541829384665611,0.00132233591801432,0.970992169212126,0.999950297526443
NKG7,6.81323956200158e-10,-0.542401487740505,0.00132007492776839,0.971016968358071,0.999950297526443
RAB5B,6.80611128556391e-10,-0.54310135919038,0.0013173141451957,0.971047278214267,0.999950297526443
NKAP,6.80131932494394e-10,-0.543572241937446,0.00131545984248907,0.97106765393989,0.999950297526443
FBXO21,6.79319113925075e-10,-0.54437168962178,0.00131231753664162,0.971102215552877,0.999950297526443
TSEN54,6.79235201434247e-10,-0.544454274144477,0.00131199335017386,0.971105783573657,0.999950297526443
CBX6,6.78463473357295e-10,-0.545214249658082,0.00130901374336122,0.971138598045763,0.999950297526443
HPCAL1,6.78127089511068e-10,-0.545545771013209,0.00130771604072452,0.971152901361233,0.999950297526443
DBF4,6.76408229736235e-10,-0.547242257670189,0.00130109506424057,0.971225988825363,0.999950297526443
C3orf17,6.76083830817818e-10,-0.547562899262537,0.00129984737800093,0.971239782586369,0.999950297526443
TOPORS,6.75310776527619e-10,-0.548327596679807,0.00129687650942732,0.971272653649638,0.999950297526443
HADH,6.74839260292009e-10,-0.548794429283886,0.001295066128576,0.971292703028749,0.999950297526443
ANAPC13,6.74634820853815e-10,-0.548996935522133,0.00129428157882312,0.971301396019893,0.999950297526443
CMC1,6.74138256832352e-10,-0.549489049915897,0.00129237697171143,0.971322510485779,0.999950297526443
KNOP1,6.7230358119653e-10,-0.55131031457337,0.00128535210392088,0.971400523150724,0.999950297526443
SLC25A36,6.71457448960971e-10,-0.552151873322848,0.00128211876264373,0.971436501826488,0.999950297526443
COPS3,6.69015873154181e-10,-0.554585983377204,0.00127281154967594,0.971540321225076,0.999950297526443
TLE4,6.68866214785826e-10,-0.554735461943249,0.00127224215931765,0.971546684934978,0.999950297526443
COPS7B,6.68817135533169e-10,-0.554784489236844,0.00127205546008797,0.971548771862616,0.999950297526443
CD47,6.68762870754582e-10,-0.554838700595428,0.00127184905088006,0.971551079287265,0.999950297526443
PATL2,6.6864861816981e-10,-0.554952854541318,0.00127141451829706,0.971555937489573,0.999950297526443
AC245100.1,6.68576518668608e-10,-0.555024901453036,0.00127114034316871,0.971559003276013,0.999950297526443
PARP10,6.66994303206486e-10,-0.556607847398078,0.00126513104421192,0.971626281721095,0.999950297526443
IST1,6.66631455537527e-10,-0.556971371731972,0.0012637549455388,0.971641710638719,0.999950297526443
CHERP,6.66082508233206e-10,-0.55752170472313,0.00126167448794289,0.97166505285856,0.999950297526443
ARHGAP1,6.6504853898105e-10,-0.558559469861634,0.00125776049804382,0.971709019143805,0.999950297526443
AP1G2,6.6494151973543e-10,-0.558666970615379,0.00125735573435656,0.971713569805006,0.999950297526443
DNAJC4,6.6450781597402e-10,-0.5591027961907,0.00125571606513884,0.971732011720542,0.999950297526443
MCCC2,6.63967882738825e-10,-0.559645753478175,0.00125367627757859,0.971754970738113,0.999950297526443
SENP5,6.6393491736334e-10,-0.559678917241882,0.00125355179299325,0.971756372491136,0.999950297526443
EXOSC5,6.63617686877867e-10,-0.559998137834352,0.00125235417608649,0.971769861763814,0.999950297526443
ACP1,6.63353764134319e-10,-0.560263828149881,0.00125135824414785,0.971781084291184,0.999950297526443
AARSD1,6.6314302509261e-10,-0.560476051600865,0.00125056328929027,0.971790045344297,0.999950297526443
STK16,6.63036081208763e-10,-0.560583773595409,0.00125015996962594,0.971794592817335,0.999950297526443
SRPRA,6.62305977663195e-10,-0.561319636148677,0.00124740825304215,0.971825638340355,0.999950297526443
TOP2B,6.61635311826065e-10,-0.561996280106559,0.00124488322518032,0.971854156485867,0.999950297526443
TCEB3,6.6158835237648e-10,-0.562043682852203,0.00124470652071655,0.971856153303428,0.999950297526443
TM7SF2,6.61334479145377e-10,-0.562300008702097,0.00124375143426226,0.971866948546429,0.999950297526443
MRPL21,6.60697930785917e-10,-0.562943123070109,0.00124135831265064,0.971894015992434,0.999950297526443
USB1,6.59522127167989e-10,-0.564132624015075,0.00123694390554393,0.971944013851416,0.999950297526443
FAM200B,6.59446740383399e-10,-0.564208958579174,0.00123666114355466,0.971947219473675,0.999950297526443
TTF1,6.5845163534632e-10,-0.565217361792297,0.00123293171655363,0.971989533707857,0.999950297526443
BCL2A1,6.58190860110528e-10,-0.565481864349582,0.00123195532170749,0.972000622504481,0.999950297526443
ORC4,6.5791564379008e-10,-0.565761123761889,0.00123092527603236,0.972012325376981,0.999950297526443
OAS1,6.57505791615387e-10,-0.566177205261633,0.00122939213035842,0.972029753307165,0.999950297526443
MRPS25,6.55355021127143e-10,-0.568364763504381,0.00122136234350085,0.972121209617215,0.999950297526443
IFI30,6.54893035599916e-10,-0.568835551986204,0.00121964097774825,0.972140854481604,0.999950297526443
RAB3GAP2,6.5484201685931e-10,-0.568887562456387,0.00121945095550179,0.972143023936403,0.999950297526443
THYN1,6.54791990030423e-10,-0.568938565518738,0.00121926464206294,0.972145151212634,0.999950297526443
NAPRT,6.5444321780679e-10,-0.569294247950742,0.00121796611552559,0.972159981957525,0.999950297526443
TTC9C,6.54404318062595e-10,-0.569333929716057,0.00121782132935938,0.972161636081196,0.999950297526443
RP11-1094M14.11,6.53713193034638e-10,-0.570039327321529,0.00121525037336359,0.972191024630344,0.999950297526443
ZNF638,6.53331468200697e-10,-0.570429242845712,0.00121383153766879,0.972207256643046,0.999950297526443
MTX2,6.53307399450256e-10,-0.570453835384743,0.00121374210413732,0.972208280114341,0.999950297526443
MRPL23,6.53220363368363e-10,-0.570542772836821,0.00121341872705504,0.972211981134918,0.999950297526443
CCDC106,6.52966517521473e-10,-0.57080222926361,0.00121247582486738,0.972222775382312,0.999950297526443
SHPRH,6.52730775277139e-10,-0.571043268867031,0.00121160049614168,0.972232799817593,0.999950297526443
CDC73,6.52683352077399e-10,-0.57109176782992,0.00121142444841344,0.972234816388373,0.999950297526443
MAP2K7,6.52327440436709e-10,-0.571455861309189,0.00121010361648256,0.972249950780135,0.999950297526443
ZFP91,6.51999807701621e-10,-0.57179119475796,0.00120888836791494,0.972263882679921,0.999950297526443
VPS13C,6.51010432212029e-10,-0.572804809352248,0.00120522230225249,0.972305953863656,0.999950297526443
ITGB3BP,6.50528007745715e-10,-0.573299590486998,0.00120343672934502,0.972326468012462,0.999950297526443
NAA50,6.50189429395219e-10,-0.573647051911299,0.00120218435716802,0.972340865399877,0.999950297526443
FBXL15,6.4911506298149e-10,-0.574750759390598,0.00119821468514354,0.972386550806691,0.999950297526443
TCF3,6.48933584946651e-10,-0.574937367080017,0.00119754479081587,0.972394267827027,0.999950297526443
ECI2,6.48439792543207e-10,-0.575445371253713,0.00119572299101731,0.97241526545573,0.999950297526443
PKHD1L1,6.46945827544178e-10,-0.576984603102628,0.00119021959509114,0.972478793731153,0.999950297526443
TAF6,6.46603595368653e-10,-0.577337686174223,0.00118896068380195,0.972493346586584,0.999950297526443
SLC35E1,6.45982730612192e-10,-0.577978695359531,0.00118667851466175,0.972519747853585,0.999950297526443
FYB,6.45161122382577e-10,-0.57882787295889,0.00118366182471398,0.972554685457549,0.999950297526443
RNF4,6.44992307817691e-10,-0.579002480985043,0.00118304246559159,0.972561864039213,0.999950297526443
CFAP97,6.44827039180166e-10,-0.579173463984743,0.00118243627303801,0.972568891837882,0.999950297526443
RBM14,6.44438808629688e-10,-0.579575283958482,0.00118101288454783,0.972585400762813,0.999950297526443
RHOT2,6.4386621042415e-10,-0.580168350296191,0.00117891510452708,0.97260974966864,0.999950297526443
SNAPIN,6.43763202876756e-10,-0.580275093800649,0.0011785379223187,0.972614129917475,0.999950297526443
MTIF3,6.43547039095722e-10,-0.580499151003617,0.00117774659270911,0.972623321976218,0.999950297526443
ZNF688,6.42790545806502e-10,-0.581283838773593,0.00117497932418982,0.972655490810919,0.999950297526443
PPIL4,6.42421314419316e-10,-0.581667154070735,0.0011736298499458,0.972671191883028,0.999950297526443
EP300,6.42410622734919e-10,-0.581678256734194,0.0011735907853156,0.9726716465328,0.999950297526443
SDAD1,6.42156492001229e-10,-0.581942208370777,0.00117266244918473,0.972682453109552,0.999950297526443
RASSF1,6.41635251094121e-10,-0.582483907235172,0.00117075951252189,0.972704618212428,0.999950297526443
RP11-544A12.8,6.4133523091099e-10,-0.582795894762709,0.00116966490507173,0.972717376196532,0.999950297526443
CSRNP1,6.40614180975756e-10,-0.583546280831861,0.00116703628697724,0.972748037974281,0.999950297526443
PLEKHA1,6.40319792021046e-10,-0.58385288068951,0.00116596392966091,0.972760556520654,0.999950297526443
PPP1R9B,6.39791982604483e-10,-0.58440292266403,0.00116404253628154,0.972783001016269,0.999950297526443
CMAS,6.39408591133557e-10,-0.58480273723545,0.00116264786340083,0.972799304316384,0.999950297526443
DNPEP,6.39097249937062e-10,-0.585127584872179,0.00116151590473116,0.972812543766282,0.999950297526443
KIAA0355,6.39069821826072e-10,-0.585156210150985,0.00116141620940772,0.972813710117594,0.999950297526443
ANKRD13D,6.38670136223718e-10,-0.585573475164641,0.00115996392309559,0.972830706330268,0.999950297526443
ATG16L2,6.38297381654885e-10,-0.585962851073547,0.00115861031142833,0.972846557339997,0.999950297526443
ARMC8,6.36002396790452e-10,-0.588365000694764,0.0011502937711205,0.972944149478213,0.999950297526443
ACSF3,6.35857388199587e-10,-0.588517060430032,0.00114976929679718,0.972950315849906,0.999950297526443
GGPS1,6.34645642170279e-10,-0.58978903410769,0.00114539126840187,0.973001844421627,0.999950297526443
IRF2BP2,6.34586511595645e-10,-0.589851163427802,0.00114517784382521,0.973004358906905,0.999950297526443
ZNF83,6.34509649904218e-10,-0.589931931404604,0.0011449004506758,0.97300762739561,0.999950297526443
IFNAR1,6.34366545671836e-10,-0.590082333595799,0.00114438407831071,0.973013712802415,0.999950297526443
FBXO3,6.3359045444019e-10,-0.59089857245014,0.00114158568621186,0.973046715563392,0.999950297526443
CREM,6.32886615279993e-10,-0.59163965366829,0.00113905077926852,0.973076645893222,0.999950297526443
LARP7,6.32821094531228e-10,-0.591708681631247,0.00113881494683043,0.973079432124921,0.999950297526443
BCL7A,6.32818996022651e-10,-0.591710892583041,0.00113880739395651,0.973079521362783,0.999950297526443
FLAD1,6.31715895687716e-10,-0.59287407711829,0.0011348406232534,0.973126430111849,0.999950297526443
SLU7,6.31595754866995e-10,-0.593000879795385,0.00113440901239782,0.973131539041317,0.999950297526443
NELFE,6.31412721967153e-10,-0.593194106550707,0.0011337516169548,0.973139322427718,0.999950297526443
NFATC3,6.30694466425745e-10,-0.593952885650301,0.0011311737144466,0.97316986592531,0.999950297526443
CAND1,6.28875966982283e-10,-0.595877706583646,0.0011246600273284,0.973247196981532,0.999950297526443
CDC42SE1,6.27194945786992e-10,-0.597661779694329,0.00111865550296357,0.973318682046784,0.999950297526443
TMEM248,6.2663512790238e-10,-0.598256937300617,0.0011166594286099,0.973342488229681,0.999950297526443
MUS81,6.26564415310115e-10,-0.598332150159374,0.00111640742413669,0.973345495275181,0.999950297526443
C11orf1,6.26140160187864e-10,-0.598783577112379,0.00111489606727656,0.973363536687293,0.999950297526443
PIGC,6.25902578571186e-10,-0.599036503413819,0.00111405015904599,0.973373639830798,0.999950297526443
PRKRIP1,6.24068550269159e-10,-0.600992100126165,0.00110753091440372,0.973451631914185,0.999950297526443
FOPNL,6.24058262972971e-10,-0.601003084899285,0.00110749440109234,0.97345206938234,0.999950297526443
STAG2,6.23528901815992e-10,-0.601568571884198,0.00110561632046723,0.973474580521807,0.999950297526443
SIRT7,6.23390872450691e-10,-0.601716096861784,0.0011051268784307,0.973480450238712,0.999950297526443
NDUFV1,6.23054209191075e-10,-0.602076052410428,0.00110393354959322,0.973494766894108,0.999950297526443
LGALS8,6.22251732319104e-10,-0.602934804295576,0.00110109170811851,0.973528892377368,0.999950297526443
CHMP3,6.2193578061755e-10,-0.603273204960854,0.0010999738213897,0.973542328297519,0.999950297526443
MIB2,6.21536419771002e-10,-0.603701177848146,0.00109856163237712,0.973559311221849,0.999950297526443
TMEM5,6.20514156650032e-10,-0.604797886947576,0.00109495091714803,0.973602783282727,0.999950297526443
RNF216,6.20366546596057e-10,-0.604956390238775,0.00109443003768637,0.973609060453201,0.999950297526443
RPP38,6.20207173086307e-10,-0.605127565835046,0.00109386778702216,0.973615837870684,0.999950297526443
DECR1,6.19938818271749e-10,-0.605415888759505,0.00109292138977437,0.973627249762791,0.999950297526443
CTSH,6.19490550647907e-10,-0.605897779575878,0.00109134141403169,0.973646312528621,0.999950297526443
SMC5,6.18597804978457e-10,-0.606858487432842,0.00108819822388275,0.973684276951736,0.999950297526443
HTATIP2,6.16967498393554e-10,-0.608616351446464,0.00108246991734425,0.973753606648216,0.999950297526443
ANKLE2,6.16410800110391e-10,-0.609217630119107,0.00108051734358677,0.973777280598533,0.999950297526443
STARD7,6.16231182711487e-10,-0.609411742742029,0.00107988772633147,0.973784918948158,0.999950297526443
API5,6.15376640999242e-10,-0.610335992520732,0.00107689479350873,0.973821258937044,0.999950297526443
CMSS1,6.15350834235824e-10,-0.610363923637091,0.00107680447293242,0.973822356388702,0.999950297526443
SMAD3,6.15042867778684e-10,-0.610697328165951,0.00107572691958633,0.973835452893368,0.999950297526443
SNX17,6.14807143239695e-10,-0.610952632106533,0.00107490250017691,0.973845477261026,0.999950297526443
RAB7A,6.11587407473558e-10,-0.614449259444493,0.00106367348399858,0.973982399418381,0.999950297526443
SNX6,6.10514087298222e-10,-0.615618819644305,0.00105994332081179,0.974028043494137,0.999950297526443
JADE1,6.09845660121607e-10,-0.61634818169449,0.00105762361325771,0.974056469109837,0.999950297526443
SMIM4,6.09599035324595e-10,-0.616617483424311,0.00105676836910589,0.974066957114381,0.999950297526443
C2orf74,6.09093156680822e-10,-0.617170205293937,0.00105501516839643,0.974088470202436,0.999950297526443
ANKRD39,6.08558002426698e-10,-0.617755394507935,0.00105316209281986,0.974111228290989,0.999950297526443
PAFAH1B1,6.0807983673611e-10,-0.618278685851273,0.00105150772911191,0.974131562889074,0.999950297526443
ZBED6,6.08011858479358e-10,-0.618353111515825,0.00105127264265565,0.974134453751404,0.999950297526443
CHD4,6.06316972069048e-10,-0.620211342139845,0.00104541978223543,0.974206531073949,0.999950297526443
TADA3,6.06076163374787e-10,-0.620475764027274,0.00104458953603828,0.974216771804425,0.999950297526443
HSPA1B,6.05561225976284e-10,-0.621041534389557,0.00104281527153219,0.97423867026021,0.999950297526443
PIGBOS1,6.05558948252083e-10,-0.621044037991299,0.00104280742677261,0.974238767123761,0.999950297526443
NT5E,6.05326899198116e-10,-0.621299146388796,0.0010420083761965,0.974248635350951,0.999950297526443
MGME1,6.05204967621908e-10,-0.621433232341962,0.00104158863298792,0.97425382067208,0.999950297526443
CORO1B,6.05160620935351e-10,-0.621482006037176,0.00104143599275935,0.97425570658097,0.999950297526443
CCDC28A,6.05130888967837e-10,-0.621514707991179,0.0010413336623056,0.974256970977249,0.999950297526443
NARFL,6.050637274311e-10,-0.621588584119399,0.00104110252656549,0.974259827122042,0.999950297526443
OAS2,6.0502520709514e-10,-0.62163095915264,0.00104096997080083,0.974261465257087,0.999950297526443
HSPA6,6.04722209942091e-10,-0.621964367497216,0.00103992759453344,0.974274350669124,0.999950297526443
MESDC1,6.04293447628467e-10,-0.6224364384889,0.0010384534509225,0.974292584446232,0.999950297526443
OMA1,6.03900113955365e-10,-0.622869785699154,0.00103710203538348,0.974309311577705,0.999950297526443
KAT8,6.01932785770805e-10,-0.625041332128813,0.00103035589761215,0.974392975464349,0.999950297526443
POP5,6.0140659064172e-10,-0.625623306146744,0.00102855526042424,0.974415352830772,0.999950297526443
CHMP6,6.01363257983532e-10,-0.625671254075672,0.00102840704645872,0.974417195628604,0.999950297526443
THAP7,6.00972129309973e-10,-0.626104191496927,0.00102706972273743,0.974433829072506,0.999950297526443
DNAJC21,6.00337181190648e-10,-0.626807588345537,0.00102490059889686,0.97446083139654,0.999950297526443
TRAF7,5.99009938080878e-10,-0.628280225411277,0.00102037384755253,0.974517274919146,0.999950297526443
GMEB1,5.9896475370866e-10,-0.628330414772919,0.00102021991617373,0.974519196472251,0.999950297526443
SNRNP70,5.98015631201126e-10,-0.629385512457982,0.00101698918688036,0.974559559782727,0.999950297526443
BIN3,5.97268127380278e-10,-0.630217614073942,0.00101444835635272,0.974591348905939,0.999950297526443
PFDN1,5.97035092135874e-10,-0.630477227630786,0.00101365689907762,0.974601259212832,0.999950297526443
WAC-AS1,5.96855704336232e-10,-0.630677141512613,0.0010130478549352,0.974608888053586,0.999950297526443
CSNK2A1,5.96532394350316e-10,-0.631037591587023,0.00101195063905507,0.974622637491696,0.999950297526443
BORCS8,5.96304724670761e-10,-0.631291527497133,0.00101117835404577,0.974632319628864,0.999950297526443
EMC8,5.94692406049198e-10,-0.63309253270104,0.00100571759707782,0.974700887013061,0.999950297526443
NUBP1,5.93802082334416e-10,-0.63408906334783,0.00100270849876643,0.974738750061117,0.999950297526443
ACYP2,5.9315769823694e-10,-0.634811213186276,0.00100053343456305,0.974766154001126,0.999950297526443
LPAR5,5.93006698357611e-10,-0.634980545215174,0.0010000240887412,0.974772575628269,0.999950297526443
MEPCE,5.92855735651337e-10,-0.63514987702542,0.000999514997942342,0.974778995676175,0.999950297526443
APEH,5.92200970379634e-10,-0.635884794384975,0.000997308436462568,0.974806841144566,0.999950297526443
NMD3,5.92063858886421e-10,-0.636038789146695,0.000996846678965169,0.974812672144562,0.999950297526443
UBAP2L,5.91755648357054e-10,-0.636385076549269,0.000995809092669568,0.974825779552462,0.999950297526443
EP400,5.91743430753957e-10,-0.636398807111486,0.000995767973418089,0.974826299136108,0.999950297526443
MGRN1,5.90964126435214e-10,-0.637275180034133,0.000993146920928139,0.974859440992613,0.999950297526443
E2F4,5.89735082728471e-10,-0.638659572755838,0.000989020268768897,0.97491170922456,0.999950297526443
PER1,5.89296222841015e-10,-0.639154576314479,0.000987548829007256,0.974930372891572,0.999950297526443
FAM91A1,5.88755877290986e-10,-0.639764536005772,0.0009857386257562,0.974953352521242,0.999950297526443
BORCS6,5.88733225481818e-10,-0.639790117866295,0.000985662776547512,0.974954315850044,0.999950297526443
NSL1,5.88033941540366e-10,-0.640580321565079,0.000983322671457702,0.974984054788936,0.999950297526443
MRPL37,5.87544780931315e-10,-0.641133619550885,0.000981687382675974,0.975004857686092,0.999950297526443
TMEM38B,5.87237141524389e-10,-0.641481822804219,0.000980659625580187,0.975017940904744,0.999950297526443
RPP30,5.87035640087903e-10,-0.641709988368607,0.000979986744364614,0.975026510315599,0.999950297526443
NAA10,5.86621991694867e-10,-0.642178609878214,0.000978606156561998,0.975044101876785,0.999950297526443
RNF113A,5.86270860980826e-10,-0.642576654730152,0.000977434990650993,0.975059034707385,0.999950297526443
PGM2L1,5.8603050039301e-10,-0.642849261841069,0.000976633693146439,0.975069256728892,0.999950297526443
CASC3,5.858864434642e-10,-0.643012696849072,0.000976153603601165,0.975075383163802,0.999950297526443
DCTN2,5.85497176467628e-10,-0.643454520236752,0.000974856908128581,0.975091937868919,0.999950297526443
LRPPRC,5.85387146867036e-10,-0.643579456568949,0.00097449054244201,0.975096617197928,0.999950297526443
ZMAT3,5.84942054634959e-10,-0.644085080202154,0.000973009220963958,0.975115546049292,0.999950297526443
TSEN34,5.83797101432016e-10,-0.645387446608804,0.000969203853556221,0.975164238603521,0.999950297526443
DNAJB2,5.83720967399259e-10,-0.645474134985068,0.000968951078795092,0.975167476433914,0.999950297526443
PDE4DIP,5.83561137936673e-10,-0.645656156748966,0.000968420531712917,0.975174273667348,0.999950297526443
GPX7,5.83488545797255e-10,-0.645738844135637,0.00096817961318283,0.975177360869196,0.999950297526443
CARS2,5.82310501045231e-10,-0.647082102442975,0.000964274112228228,0.975227460862611,0.999950297526443
TMEM129,5.81909499255363e-10,-0.647539938701045,0.000962946495761601,0.975244514725187,0.999950297526443
R3HCC1,5.81736478487899e-10,-0.647737575644738,0.000962373949780934,0.975251872981103,0.999950297526443
ZNF439,5.80850074601864e-10,-0.64875097856901,0.000959443406024631,0.975289570145712,0.999950297526443
FBXL3,5.79661409913616e-10,-0.650112286165066,0.000955520570790597,0.975340122005767,0.999950297526443
LTV1,5.79384580254939e-10,-0.65042970835813,0.000954608130299583,0.975351895108152,0.999950297526443
MAN1B1,5.7881344570472e-10,-0.651085051693726,0.000952727027555175,0.975376184522313,0.999950297526443
ACIN1,5.78805208220221e-10,-0.651094508273043,0.00095269990994644,0.975376534849164,0.999950297526443
PLEKHA2,5.78755673571434e-10,-0.651151376461948,0.0009525368511646,0.975378641477506,0.999950297526443
ZNF276,5.78428765072457e-10,-0.651526800792931,0.000951461079601934,0.975392544370521,0.999950297526443
HDAC3,5.78014329806225e-10,-0.652003035064843,0.00095009815373139,0.97541016964701,0.999950297526443
IGSF8,5.77999883305573e-10,-0.652019641696441,0.000950050662098863,0.975410784034054,0.999950297526443
TTC1,5.76225285569497e-10,-0.654062631427583,0.000944225852592202,0.9754862550069,0.999950297526443
LSM8,5.7601763153053e-10,-0.654302086710381,0.000943545434749899,0.975495086235236,0.999950297526443
ZNF493,5.75853940036471e-10,-0.654490905327846,0.000943009241384344,0.975502047801731,0.999950297526443
ZNF91,5.74746264451716e-10,-0.655769970805207,0.000939384906714158,0.975549155718402,0.999950297526443
DNAAF2,5.74281407583125e-10,-0.656307461200639,0.000937865965368591,0.975568925466045,0.999950297526443
NAA15,5.73476357689151e-10,-0.657239290320851,0.000935238334831851,0.975603163208499,0.999950297526443
TNRC6C,5.7318181033144e-10,-0.657580537437639,0.000934277872441102,0.975615689942176,0.999950297526443
PPP4R3A,5.73171857819648e-10,-0.657592070841715,0.000934245427828771,0.975616113210259,0.999950297526443
LASP1,5.72673153701221e-10,-0.658170237712273,0.000932620402642136,0.975637322491725,0.999950297526443
NIP7,5.7259327776874e-10,-0.658262885950915,0.000932360258688617,0.975640719519883,0.999950297526443
DDX19B,5.72419585124632e-10,-0.658464395282736,0.000931794692998259,0.975648106462437,0.999950297526443
RALGAPA1,5.72143815656744e-10,-0.658784449789865,0.000930897104458116,0.975659834615767,0.999950297526443
RNF170,5.71341957285083e-10,-0.659715920110107,0.000928289632198362,0.975693936745512,0.999950297526443
CGRRF1,5.71223139137794e-10,-0.659854050923953,0.000927903572032789,0.975698989950729,0.999950297526443
FBXO6,5.70791253227499e-10,-0.660356368367668,0.000926500978356017,0.975717357592043,0.999950297526443
MRPS10,5.70520513732464e-10,-0.660671446267555,0.000925622265110474,0.975728871856925,0.999950297526443
NABP1,5.69746887200979e-10,-0.661572561230432,0.000923113677186005,0.975761773404397,0.999950297526443
MSL1,5.69009194660428e-10,-0.662432917486931,0.00092072478051693,0.975793146754289,0.999950297526443
GALNT11,5.68796120076997e-10,-0.662681621892159,0.000920035349418223,0.975802208617106,0.999950297526443
RNF168,5.68345974134105e-10,-0.663207334964552,0.00091857969145655,0.975821352913454,0.999950297526443
POLR2M,5.68004462487317e-10,-0.663606444307724,0.000917476098129254,0.975835877101573,0.999950297526443
CDC123,5.67936187091653e-10,-0.663686262387034,0.000917255546063374,0.975838780794691,0.999950297526443
TPP2,5.67355557942066e-10,-0.664365426358463,0.000915380993690548,0.975863474459708,0.999950297526443
RNASEH2A,5.66611887034104e-10,-0.665236278114135,0.00091298286412967,0.975895102186138,0.999950297526443
CHTOP,5.65905350823967e-10,-0.666064663604654,0.000910707397300189,0.975925150638803,0.999950297526443
DRG1,5.6552909710206e-10,-0.666506212139007,0.000909496795081856,0.975941152440045,0.999950297526443
TCTA,5.65342473225304e-10,-0.666725327451683,0.000908896628573382,0.975949089423418,0.999950297526443
UTP6,5.65265480807311e-10,-0.666815744614755,0.000908649085226157,0.975952363857973,0.999950297526443
MRPL1,5.65132604113996e-10,-0.666971818157015,0.000908221944001438,0.975958015013255,0.999950297526443
DUSP12,5.65005098750836e-10,-0.667121615865997,0.000907812163697888,0.975963437730658,0.999950297526443
ILF2,5.64426304662303e-10,-0.667802012281576,0.000905953181592433,0.975988053468216,0.999950297526443
BRD3,5.64154415089127e-10,-0.668121861460502,0.000905080579112152,0.97599961676349,0.999950297526443
SURF2,5.64044423413848e-10,-0.668251297103374,0.000904727691243621,0.976004294642799,0.999950297526443
LTBP3,5.63661715445298e-10,-0.668701848225212,0.000903500379999544,0.976020570987258,0.999950297526443
PURA,5.636012514157e-10,-0.668773057711686,0.000903306553304635,0.976023142487733,0.999950297526443
BATF,5.61970694369071e-10,-0.670696168172575,0.000898087394383584,0.976092489236933,0.999950297526443
PRAF2,5.61502867039447e-10,-0.671248923752983,0.000896592743686359,0.976112385725067,0.999950297526443
TMX1,5.60467829694088e-10,-0.672473435310547,0.00089329035036195,0.976156405455547,0.999950297526443
CMIP,5.59862973865043e-10,-0.673190023649446,0.000891363316212781,0.976182129769263,0.999950297526443
OGT,5.59753217446772e-10,-0.673320134740872,0.000891013861936002,0.976186797675245,0.999950297526443
HACD4,5.59735266728743e-10,-0.673341416811155,0.000890956715030417,0.976187561113719,0.999950297526443
NSMCE2,5.59057980109288e-10,-0.674144876561733,0.000888801882141713,0.97621636591969,0.999950297526443
PHTF2,5.58160598115112e-10,-0.675210877137083,0.000885950819472226,0.976254531366685,0.999950297526443
MARCH9,5.57530923271525e-10,-0.675959852974539,0.000883953020712653,0.976281311323439,0.999950297526443
KIF2A,5.57350462108333e-10,-0.67617465513507,0.000883380878909766,0.97628898630887,0.999950297526443
GLRX2,5.56736514597916e-10,-0.676905935588075,0.000881435780388862,0.976315097418209,0.999950297526443
PTP4A1,5.56579482054841e-10,-0.677093103570846,0.00088093861672867,0.976321775996321,0.999950297526443
TRIM26,5.5496993302455e-10,-0.679014468375763,0.00087585088446806,0.976390230048767,0.999950297526443
HSPBP1,5.54856292576596e-10,-0.679150326756487,0.000875492227573683,0.976395063178809,0.999950297526443
BZW1,5.53901521921217e-10,-0.680292823676552,0.000872481808064155,0.976435669624031,0.999950297526443
OTUB1,5.53863914367818e-10,-0.680337864367684,0.000872363336491163,0.976437269076468,0.999950297526443
SOCS1,5.52988116396936e-10,-0.681387596769132,0.000869606666590436,0.976474516865253,0.999950297526443
UNC45A,5.51635347824256e-10,-0.683012173766496,0.00086535725270261,0.97653205036957,0.999950297526443
OPA3,5.50586307246889e-10,-0.684274635918906,0.000862069096124473,0.976576666348628,0.999950297526443
ATP5F1,5.50554788586728e-10,-0.684312602672956,0.000861970399572088,0.976578006846891,0.999950297526443
SHISA5,5.50233564808693e-10,-0.684699661762771,0.000860964851644785,0.976591668596256,0.999950297526443
ZFAND2A,5.50183325517136e-10,-0.684760217330935,0.000860807637355094,0.976593805289913,0.999950297526443
ZBED5-AS1,5.49729034637663e-10,-0.685308035216073,0.000859386672411252,0.976613126438631,0.999950297526443
IWS1,5.49450245417782e-10,-0.685644435757873,0.000858515235857239,0.976624983447672,0.999950297526443
RASA2,5.48359872027066e-10,-0.68696171180416,0.000855111203051089,0.976671357482434,0.999950297526443
RNH1,5.47763840331645e-10,-0.687682840985891,0.000853253312220189,0.976696706992201,0.999950297526443
SLC35A4,5.46602768176532e-10,-0.689089773530432,0.000849639934963416,0.976746088007384,0.999950297526443
EIF4EBP2,5.45461101007881e-10,-0.690475998032516,0.000846094424149707,0.976794643805092,0.999950297526443
FAM104A,5.45385554843669e-10,-0.690567825422302,0.000845860072839245,0.97679785683235,0.999950297526443
NUFIP2,5.45303759979324e-10,-0.690667261989054,0.000845606374071116,0.976801335621293,0.999950297526443
SCO2,5.44294129341669e-10,-0.691895835049401,0.000842477990203141,0.976844275907308,0.999950297526443
VARS,5.43942022554449e-10,-0.692324813233097,0.00084138833572139,0.976859251267136,0.999950297526443
ZNFX1,5.43841286766178e-10,-0.692447590643291,0.0008410767213753,0.976863535635572,0.999950297526443
ANKRD37,5.43599987281832e-10,-0.692741776955032,0.000840330524424543,0.976873798285872,0.999950297526443
MR1,5.43297117789261e-10,-0.693111205724568,0.000839394396445977,0.976886679560794,0.999950297526443
AKIRIN2,5.43189660567284e-10,-0.693242325601119,0.000839062386328754,0.976891249801413,0.999950297526443
SKIV2L2,5.42228746639289e-10,-0.694415948374101,0.000836096374121382,0.976932118264292,0.999950297526443
HDAC9,5.4183073771756e-10,-0.694902647013233,0.000834869394967656,0.97694904593015,0.999950297526443
TIMM10,5.40960026423627e-10,-0.695968582198242,0.000832188313665509,0.976986078075512,0.999950297526443
MCMBP,5.40955795334231e-10,-0.695973765976908,0.000832175295885238,0.976986258027724,0.999950297526443
DCAF7,5.40560818455538e-10,-0.696457849299005,0.000830960520083475,0.977003056771036,0.999950297526443
ADRBK2,5.40369281443158e-10,-0.696692719416738,0.00083037175562831,0.9770112030265,0.999950297526443
PAF1,5.40093952407307e-10,-0.697030478903265,0.000829525788923365,0.977022913042436,0.999950297526443
GADD45GIP1,5.39146415384858e-10,-0.698194135753505,0.000826617713724448,0.977063212766053,0.999950297526443
SZRD1,5.38995423816557e-10,-0.698379748071259,0.00082615477889206,0.97706963459808,0.999950297526443
DCAF13,5.38981596245473e-10,-0.698396748656277,0.000826112390526991,0.977070222699462,0.999950297526443
CD46,5.38500226342358e-10,-0.698988840239107,0.000824637430845397,0.977090695883885,0.999950297526443
ELP5,5.37425839744589e-10,-0.70031218894935,0.000821350169183214,0.97713639076636,0.999950297526443
MAEA,5.37272711901606e-10,-0.700501007498108,0.000820882184012056,0.977142903473583,0.999950297526443
ZNF580,5.37206687418912e-10,-0.7005824367972,0.000820680442921604,0.97714571157294,0.999950297526443
SUZ12,5.36817747145499e-10,-0.701062320009153,0.000819492519786204,0.977162253668636,0.999950297526443
ETNK1,5.36425236701382e-10,-0.701546947380688,0.000818294564691991,0.977178947617925,0.999950297526443
PGP,5.36300245281306e-10,-0.701701344218495,0.000817913270611573,0.977184263658003,0.999950297526443
YAF2,5.36258089499474e-10,-0.70175342535425,0.000817784691821767,0.977186056595904,0.999950297526443
TP53,5.35842679376482e-10,-0.702266852302405,0.000816518195460242,0.977203724511936,0.999950297526443
C6orf226,5.3563787567477e-10,-0.702520120771168,0.00081589415412207,0.97721243507558,0.999950297526443
YIF1B,5.35454505432847e-10,-0.702746962818194,0.000815335623419304,0.977220234049044,0.999950297526443
TNFSF12,5.35352934253755e-10,-0.702872645762429,0.000815026328249791,0.977224554003547,0.999950297526443
CTDSP2,5.35273658801172e-10,-0.702970756184632,0.000814784966736515,0.977227925692235,0.999950297526443
CBWD5,5.34753356789517e-10,-0.703615023324055,0.000813201745847906,0.977250054827419,0.999950297526443
FERMT3,5.34647325420379e-10,-0.703746391275505,0.000812879293094579,0.977254564484439,0.999950297526443
LPIN2,5.34383536279019e-10,-0.704073322559024,0.000812077359475287,0.977265783795263,0.999950297526443
UROS,5.34234266414481e-10,-0.704258391334742,0.000811623746146468,0.977272132447539,0.999950297526443
SPTY2D1,5.33515926473563e-10,-0.705149704693775,0.000809442569010166,0.977302684451583,0.999950297526443
GALT,5.33023462908807e-10,-0.705761418790077,0.000807948941626041,0.977323629636148,0.999950297526443
PARVB,5.31726683338793e-10,-0.707374819231392,0.000804022445875977,0.977378783613402,0.999950297526443
GPM6B,5.31001920739029e-10,-0.70827818907893,0.000801832116601382,0.977409608899351,0.999950297526443
PTOV1,5.3066654988748e-10,-0.708696608700943,0.000800819592203126,0.977423872757169,0.999950297526443
NUP98,5.30411513463033e-10,-0.709014970777648,0.000800050035171864,0.977434719868361,0.999950297526443
USP3,5.30156307511481e-10,-0.709333691910571,0.000799280336906941,0.977445574193992,0.999950297526443
PPM1G,5.29918112511764e-10,-0.709631301626614,0.000798562277693874,0.977455705019846,0.999950297526443
RBL2,5.29855734499547e-10,-0.709709260303966,0.000798374287155161,0.977458358060098,0.999950297526443
SIN3A,5.29573610388818e-10,-0.710061963156608,0.000797524317414619,0.977470357269265,0.999950297526443
TMEM43,5.29427073701492e-10,-0.710245230128259,0.000797083017469347,0.977476589721093,0.999950297526443
SENP6,5.29126456835628e-10,-0.710621351164579,0.000796178082374629,0.977489375466423,0.999950297526443
CSNK2B,5.290793957993e-10,-0.710680250852843,0.000796036462922756,0.977491377052665,0.999950297526443
MAML2,5.29022602964562e-10,-0.710751337177275,0.000795865574616747,0.977493792549101,0.999950297526443
BACE2,5.28803646531271e-10,-0.711025468787894,0.000795206911548179,0.977503105142784,0.999950297526443
LITAF,5.28647338560426e-10,-0.711221231855678,0.000794736873910621,0.977509753191489,0.999950297526443
RPAP3,5.28228952506467e-10,-0.711745500598247,0.000793479418428143,0.977527547882638,0.999950297526443
EIF3B,5.27290467951409e-10,-0.712922945752308,0.000790662432863767,0.977567463313998,0.999950297526443
SNAPC2,5.26372408456582e-10,-0.714076717357733,0.000787911602756847,0.977606510085264,0.999950297526443
AHCY,5.25976495270776e-10,-0.714574878919108,0.000786726786559938,0.977623349023157,0.999950297526443
CPSF7,5.25450403606691e-10,-0.715237397209864,0.00078515377553178,0.977645724713795,0.999950297526443
PARP12,5.24941782464826e-10,-0.715878521446044,0.000783634497863015,0.977667357366236,0.999950297526443
SUMF2,5.24785820651803e-10,-0.716075233259417,0.000783168926610793,0.977673990730623,0.999950297526443
PUM1,5.24180183415902e-10,-0.716839646132597,0.000781362313134319,0.9776997496948,0.999950297526443
PARP8,5.23132564194784e-10,-0.718163920397835,0.000778242194471748,0.977744307092579,0.999950297526443
SF3A3,5.22894435840749e-10,-0.718465289458052,0.000777533848761341,0.977754435190396,0.999950297526443
SRSF2,5.22649557439782e-10,-0.718775338924549,0.000776805760455861,0.977764850385591,0.999950297526443
ZNF395,5.22158925406096e-10,-0.719396966721882,0.000775348007758665,0.97778571801284,0.999950297526443
RPUSD3,5.22108739522557e-10,-0.719460583603542,0.000775198973995231,0.977787852526405,0.999950297526443
STX8,5.22091924461439e-10,-0.719481900111388,0.000775149042602644,0.977788567707155,0.999950297526443
SLA,5.19709258972244e-10,-0.72250910984562,0.000768090107577369,0.977889907780258,0.999950297526443
ARHGEF2,5.192046616826e-10,-0.723151920552994,0.000766599320077919,0.977911369473344,0.999950297526443
NUDT3,5.18916795993195e-10,-0.723518904327847,0.000765749495404712,0.97792361307595,0.999950297526443
RCN2,5.18906689217804e-10,-0.72353179244556,0.000765719667182355,0.977924042940895,0.999950297526443
GRAMD1A,5.18407850256388e-10,-0.724168210077942,0.000764248160986575,0.977945259743969,0.999950297526443
FAM126B,5.18164685992313e-10,-0.724478652104418,0.000763531373009626,0.977955602101978,0.999950297526443
SHARPIN,5.18009196689682e-10,-0.724677235061166,0.000763073205360533,0.977962215436026,0.999950297526443
PPIE,5.17680538628353e-10,-0.725097169029182,0.000762105227945097,0.977976194058897,0.999950297526443
ADRM1,5.17565596663396e-10,-0.725244093555305,0.000761766841078773,0.977981082820482,0.999950297526443
TARDBP,5.17555622289977e-10,-0.72525684477464,0.000761737480264354,0.977981507054904,0.999950297526443
RDH11,5.17528475487649e-10,-0.725291550390542,0.000761657573125519,0.977982661674631,0.999950297526443
WDR43,5.16499837897326e-10,-0.726607896059065,0.000758632846807401,0.978026412174656,0.999950297526443
NECAP1,5.16451150834944e-10,-0.726670263293832,0.000758489830832607,0.978028482957437,0.999950297526443
XRRA1,5.16043411625591e-10,-0.727192791881961,0.000757292645153584,0.978045825133688,0.999950297526443
PHF6,5.15391948944352e-10,-0.728028483327468,0.000755381811761416,0.978073533505016,0.999950297526443
CDC37,5.15192555450333e-10,-0.728284466916185,0.00075479744452913,0.978082014224752,0.999950297526443
SERINC1,5.15116626613244e-10,-0.728381970259533,0.000754574977537446,0.978085243674742,0.999950297526443
DCUN1D1,5.15021609633494e-10,-0.728504004949771,0.000754296629609609,0.978089284993356,0.999950297526443
RAB31,5.1478479178121e-10,-0.728808255325833,0.000753603105938642,0.978099357473345,0.999950297526443
UBE2G2,5.14748207310997e-10,-0.728855269020035,0.000753495996361397,0.97810091350645,0.999950297526443
SRRT,5.13607371040551e-10,-0.730322941515868,0.000750159751699422,0.978149436295544,0.999950297526443
CASC4,5.1322253262392e-10,-0.730818739068999,0.000749036005617685,0.978165804511234,0.999950297526443
STAT2,5.12851303535537e-10,-0.731297342363243,0.000747952797574753,0.978181593894203,0.999950297526443
DNM2,5.11879485720168e-10,-0.732551828415955,0.000745120845463699,0.978222927989955,0.999950297526443
HIBCH,5.11702049377455e-10,-0.732781122180379,0.000744604362163675,0.978230474853988,0.999950297526443
C6orf89,5.11633598063159e-10,-0.732869599473206,0.000744405161327308,0.978233386280399,0.999950297526443
RGL2,5.09527793737546e-10,-0.735597052051803,0.00073829005991814,0.978322952186852,0.999950297526443
VTI1A,5.09236822884252e-10,-0.735974771918268,0.000737447085094929,0.978335328034511,0.999950297526443
ZPR1,5.08783181013359e-10,-0.73656407532393,0.000736133794880582,0.978354622770217,0.999950297526443
GSDMD,5.08576629310152e-10,-0.736832563766085,0.000735536216851909,0.978363408031637,0.999950297526443
RAD17,5.07521738121702e-10,-0.738205413325665,0.000732488078454922,0.978408275748364,0.999950297526443
SLC39A1,5.06560556353006e-10,-0.739458700305339,0.000729716226771258,0.978449157779175,0.999950297526443
TXNL1,5.06556850470125e-10,-0.739463536839587,0.000729705549931353,0.978449315401935,0.999950297526443
CSTF2T,5.06299920281946e-10,-0.739798938503265,0.000728965511227084,0.97846024344644,0.999950297526443
OGFR,5.0624349002568e-10,-0.739872625586138,0.000728803024856673,0.978462643602277,0.999950297526443
DAZAP1,5.05836803211093e-10,-0.740403914288309,0.000727632538585446,0.978479941274165,0.999950297526443
PDE12,5.05747450704553e-10,-0.740520697930837,0.00072737549896927,0.978483741719216,0.999950297526443
SUN1,5.05528505969614e-10,-0.740806942418198,0.000726745854415257,0.978493054134179,0.999950297526443
DPH7,5.05413169418195e-10,-0.740957779354491,0.000726414277470375,0.978497959765208,0.999950297526443
DNM1L,5.0494943804607e-10,-0.741564580812513,0.000725081876298253,0.978517683746259,0.999950297526443
SUPT16H,5.04502856995397e-10,-0.742149447656362,0.000723799907797151,0.978536678281603,0.999950297526443
NUDC,5.03111441477674e-10,-0.743974919584412,0.000719812942755872,0.978595859758323,0.999950297526443
GIMAP4,5.02082859270939e-10,-0.745327495926594,0.000716872719635639,0.978639608817145,0.999950297526443
PIM3,5.0172341770784e-10,-0.745800786911034,0.000715846667414719,0.978654897090239,0.999950297526443
TMF1,5.01555910788281e-10,-0.74602146135683,0.000715368757676943,0.978662021732342,0.999950297526443
PSMB7,5.01497333310817e-10,-0.746098648347472,0.000715201669424824,0.978664513233175,0.999950297526443
DYM,5.01197313238214e-10,-0.746494117989415,0.000714346188615715,0.978677274118146,0.999950297526443
C12orf45,5.01090411030673e-10,-0.746635085516469,0.000714041490093237,0.978681821037815,0.999950297526443
DLGAP4,5.00263827403848e-10,-0.747726044883565,0.000711687710451203,0.978716978514313,0.999950297526443
EFTUD2,5.00220730978105e-10,-0.747782972884539,0.00071156509564772,0.978718811556324,0.999950297526443
COA5,5.00140428557147e-10,-0.74788906053993,0.000711336653242902,0.978722227099992,0.999950297526443
TSFM,4.99767535359907e-10,-0.748381905136694,0.000710276336177197,0.978738087560909,0.999950297526443
ACOT8,4.98743476388687e-10,-0.74973720284348,0.000707368505669121,0.978781644438658,0.999950297526443
SLC4A7,4.98664279112756e-10,-0.749842128499479,0.000707143872311734,0.978785012983697,0.999950297526443
WDR54,4.97437093175312e-10,-0.751470035447546,0.000703667668976977,0.97883720966443,0.999950297526443
MYCBP,4.96670187696361e-10,-0.752489326240125,0.000701499633629867,0.978869828989418,0.999950297526443
FRYL,4.96537722810641e-10,-0.752665538079074,0.000701125495300637,0.978875463214261,0.999950297526443
NDUFS1,4.96338757140622e-10,-0.75293029779085,0.000700563717420308,0.978883925967068,0.999950297526443
CENPM,4.9604652706162e-10,-0.753319347778051,0.000699739016470825,0.978896355607709,0.999950297526443
HERC4,4.96021511326162e-10,-0.753352661820084,0.000699668442265411,0.978897419620944,0.999950297526443
RP11-352M15.2,4.95596102668421e-10,-0.753919436090569,0.000698468827451417,0.978915513855537,0.999950297526443
XPO1,4.94753276972511e-10,-0.755043720792091,0.000696095173169015,0.97895136244303,0.999950297526443
PSMG1,4.94560402050468e-10,-0.755301264733459,0.000695552546616984,0.978959566154178,0.999950297526443
POLE3,4.94449802265752e-10,-0.755448991103204,0.000695241485077084,0.978964270388772,0.999950297526443
RIOK1,4.93658159196666e-10,-0.756507305101176,0.000693017022643469,0.978997942037251,0.999950297526443
RNF34,4.93351721313286e-10,-0.756917407241461,0.00069215691022602,0.979010976038366,0.999950297526443
RPRD2,4.93271468346173e-10,-0.757024849313622,0.000691931743776132,0.97901438951171,0.999950297526443
TWF1,4.9317374501159e-10,-0.757155703290086,0.000691657610023565,0.979018546068799,0.999950297526443
WRAP73,4.92629988147696e-10,-0.757884263090192,0.000690133253779443,0.979041674193451,0.999950297526443
CXCR3,4.92617894607942e-10,-0.757900475571117,0.000690099370127632,0.979042188579609,0.999950297526443
RAP2B,4.91479065999191e-10,-0.759428896247038,0.000686912330066629,0.979090627511133,0.999950297526443
DYNLL2,4.91366429865598e-10,-0.759580250178356,0.000686597515912985,0.979095418380185,0.999950297526443
HDHD2,4.90946368120364e-10,-0.76014499937364,0.000685424093989243,0.979113285307075,0.999950297526443
ING3,4.90626877262813e-10,-0.760574848017503,0.000684532283839267,0.979126874553907,0.999950297526443
DDX52,4.9043007151598e-10,-0.760839767986472,0.000683983219475205,0.979135245506539,0.999950297526443
RQCD1,4.89938467197415e-10,-0.76150196298198,0.000682612664947891,0.979156155457117,0.999950297526443
TFPT,4.89358267507286e-10,-0.762284319490806,0.000680996881844044,0.979180833751114,0.999950297526443
ERBB2IP,4.89181296564317e-10,-0.7625231293586,0.000680504421098663,0.979188361061686,0.999950297526443
DLST,4.88301248824869e-10,-0.76371192763161,0.000678058139174589,0.979225793181385,0.999950297526443
MRTO4,4.88284506139717e-10,-0.763734564189899,0.000678011641979092,0.979226505318417,0.999950297526443
ZNF302,4.87568019832689e-10,-0.764703973176275,0.000676023335402575,0.979256980519206,0.999950297526443
PQLC1,4.87115070301769e-10,-0.765317523044192,0.000674767870693621,0.979276246399041,0.999950297526443
RNF10,4.86460994867645e-10,-0.766204480303695,0.000672956993538121,0.979304067044648,0.999950297526443
RASSF3,4.85996229808857e-10,-0.766835421202399,0.000671671720962752,0.979323835519849,0.999950297526443
CH17-373J23.1,4.8573384759744e-10,-0.767191874044127,0.000670946665386503,0.979334995779744,0.999950297526443
MFAP1,4.85481760817822e-10,-0.767534514789687,0.000670250428566297,0.979345718133828,0.999950297526443
S1PR2,4.85111871567302e-10,-0.768037584639608,0.000669229488115054,0.979361451149359,0.999950297526443
GNPTAB,4.84241930448921e-10,-0.769222208654265,0.000666831409368478,0.979398453600249,0.999950297526443
C12orf49,4.8315250853113e-10,-0.770708596521891,0.000663834380277464,0.979444791604666,0.999950297526443
ZNF277,4.83044499889358e-10,-0.770856137213205,0.000663537613379781,0.979449385700817,0.999950297526443
COQ10B,4.82288560704314e-10,-0.771889645539326,0.000661462435632526,0.979481539233195,0.999950297526443
NCSTN,4.82155311757942e-10,-0.772071982966444,0.000661096982233708,0.979487206920503,0.999950297526443
IL32,4.81711142960008e-10,-0.772680132406077,0.000659879518098953,0.979506099459047,0.999950297526443
METTL16,4.81708615079648e-10,-0.772683595086491,0.000659872592404494,0.979506206981439,0.999950297526443
ATP6V1H,4.81419617080163e-10,-0.773079578667596,0.000659081057239989,0.979518499399616,0.999950297526443
MRPL47,4.80946614394342e-10,-0.773728178202148,0.000657786577535118,0.97953861839648,0.999950297526443
UBE3A,4.80854786739626e-10,-0.773854166949608,0.000657535417716102,0.979542524253817,0.999950297526443
PPIH,4.80628294064804e-10,-0.774165016843579,0.000656916137693122,0.979552158043018,0.999950297526443
FGD3,4.80463114068835e-10,-0.774391807015982,0.000656464683792786,0.979559183920073,0.999950297526443
SUMO1,4.80093836896825e-10,-0.774899091575941,0.000655455972590804,0.979574891009433,0.999950297526443
SETDB2,4.79836173504502e-10,-0.775253272084222,0.000654752603057044,0.979585850646169,0.999950297526443
LINC00685,4.79656827702377e-10,-0.775499906332091,0.000654263247763651,0.979593479069477,0.999950297526443
PPP6R3,4.79150856829022e-10,-0.776196190017317,0.000652883663326231,0.979615000408484,0.999950297526443
U2AF2,4.7901210050616e-10,-0.776387260880845,0.000652505583571388,0.979620902375045,0.999950297526443
SH3GL1,4.78185356135556e-10,-0.777526813060144,0.000650255161151248,0.979656067769578,0.999950297526443
SDR39U1,4.77406495421641e-10,-0.77860209938224,0.000648138635678384,0.979689196479208,0.999950297526443
NUMA1,4.75560604543416e-10,-0.781157269744658,0.000643136272780499,0.979767711277419,0.999950297526443
NDUFAF6,4.74887030356287e-10,-0.78209203983892,0.000641315713212407,0.979796361742178,0.999950297526443
CRTC3,4.74681710713284e-10,-0.782377231165874,0.000640761281359007,0.979805095014326,0.999950297526443
THAP1,4.74615263659186e-10,-0.782469552298406,0.000640581903394479,0.979807921340657,0.999950297526443
PSMA6,4.74517972826262e-10,-0.782604750022149,0.000640319306027832,0.979812059607989,0.999950297526443
USP48,4.73770591104127e-10,-0.783644220057799,0.000638303845722031,0.979843849521117,0.999950297526443
USP33,4.73492420267147e-10,-0.7840315072052,0.000637554515170217,0.979855681537598,0.999950297526443
TMEM101,4.73378176105157e-10,-0.784190628607686,0.000637246894219354,0.979860540922498,0.999950297526443
SNX5,4.72808515589576e-10,-0.784984614172422,0.000635714098717019,0.979884771490895,0.999950297526443
XRN2,4.72310250453932e-10,-0.785679844597427,0.000634374921198523,0.979905965264708,0.999950297526443
PPP2R3C,4.71944772579354e-10,-0.786190245367853,0.000633393531131858,0.979921510923729,0.999950297526443
SMIM10L1,4.71722904356916e-10,-0.786500276472003,0.000632798135770255,0.979930948127273,0.999950297526443
ERCC1,4.71565193139334e-10,-0.786720742066043,0.000632375079435347,0.979937656403132,0.999950297526443
MAN2A1,4.7102456570882e-10,-0.787477027541527,0.000630925933718196,0.979960652101815,0.999950297526443
ACADM,4.70958765752813e-10,-0.787569132308654,0.000630749671153631,0.979963450917582,0.999950297526443
PPP3CA,4.70948454380988e-10,-0.787583566973672,0.000630722051652049,0.979963889514098,0.999950297526443
MED29,4.70291620171484e-10,-0.788503681959106,0.000628963936014236,0.97999182811722,0.999950297526443
FBXO7,4.69121417781996e-10,-0.790146007302852,0.000625837793105949,0.980041603021735,0.999950297526443
MRPL16,4.68538197619589e-10,-0.79096600209367,0.000624282654851855,0.980066410492753,0.999950297526443
DSCR3,4.68241409363745e-10,-0.791383656924178,0.000623492021004145,0.980079034491111,0.999950297526443
TRIM33,4.67714815459848e-10,-0.792125332569892,0.000622090425719621,0.980101433370079,0.999950297526443
PPP2R5A,4.67383584843399e-10,-0.792592262500329,0.000621209622181744,0.980115522402759,0.999950297526443
FPGS,4.66182311762214e-10,-0.794288350707434,0.000618020449853327,0.980166619107245,0.999950297526443
COPS4,4.66070385539e-10,-0.794446594393434,0.000617723723061248,0.980171379944912,0.999950297526443
C21orf2,4.65898076740924e-10,-0.794690279727171,0.000617267055742408,0.980178709186865,0.999950297526443
GLRX5,4.65818134122001e-10,-0.794803366913621,0.000617055242412913,0.980182109587198,0.999950297526443
GFM1,4.6577144481591e-10,-0.794869422451141,0.00061693155277887,0.980184095540967,0.999950297526443
GPS1,4.65388413604898e-10,-0.795411571564803,0.000615917291904542,0.980200387976152,0.999950297526443
PPP6C,4.64567072891179e-10,-0.796575560165786,0.000613745207108204,0.980235324165735,0.999950297526443
ZNF639,4.63859429353506e-10,-0.79758000789787,0.000611876878183223,0.980265424212339,0.999950297526443
DDX54,4.63463063935543e-10,-0.798143263576099,0.000610831633868777,0.980282283867811,0.999950297526443
ANKRD10,4.63426330612354e-10,-0.798195486980718,0.000610734810676715,0.980283846343552,0.999950297526443
TSR3,4.62782195789159e-10,-0.79911189483988,0.000609038221013152,0.980311245048573,0.999950297526443
GNAI3,4.6275637140247e-10,-0.799148660661617,0.000608970251243185,0.980312343506597,0.999950297526443
CCNG2,4.61197697205192e-10,-0.80137138614392,0.000604874844964976,0.98037864285314,0.999950297526443
NOLC1,4.60913761030596e-10,-0.801777067285366,0.000604130292323027,0.980390720300522,0.999950297526443
ENOPH1,4.60616803140537e-10,-0.802201610815987,0.000603352083991237,0.98040335164157,0.999950297526443
GIMAP7,4.60276160571304e-10,-0.802688932165418,0.000602460013162659,0.98041784115139,0.999950297526443
HNRNPUL2,4.60150947438646e-10,-0.802868148577392,0.000602132272335519,0.980423167195849,0.999950297526443
C9orf114,4.5982291577177e-10,-0.803337879831834,0.000601274084165942,0.980437120299033,0.999950297526443
TBPL1,4.59087715981103e-10,-0.804391835251155,0.000599352895948263,0.980468392662967,0.999950297526443
ZNF264,4.58596177579753e-10,-0.805097392680929,0.000598070146532462,0.980489300694064,0.999950297526443
OTULIN,4.57797239222231e-10,-0.806245747654598,0.000595988118864552,0.980523284289305,0.999950297526443
PNPLA2,4.57535832744833e-10,-0.806621899170255,0.000595307683679981,0.980534403467614,0.999950297526443
TDG,4.56601056769566e-10,-0.807968690964609,0.000592877662602823,0.980574165102199,0.999950297526443
ITGA4,4.5641326997863e-10,-0.808239567363321,0.000592390096060081,0.980582152807706,0.999950297526443
SYAP1,4.55743363286169e-10,-0.809206760389662,0.000590652395261706,0.980610647998062,0.999950297526443
MAP2K1,4.55191952706022e-10,-0.810003898657861,0.000589223981920313,0.980634102849401,0.999950297526443
NSFL1C,4.55147824146667e-10,-0.810067732572751,0.000589109742883604,0.980635979906599,0.999950297526443
NIT1,4.55032542636765e-10,-0.810234520477064,0.000588811356924714,0.980640883533942,0.999950297526443
TMEM160,4.54129192990712e-10,-0.811542884889979,0.000586475811646088,0.980679308541966,0.999950297526443
PMF1,4.53753284105083e-10,-0.812088069488651,0.000585505293882074,0.980695298268586,0.999950297526443
C1orf52,4.53034014679993e-10,-0.813132445565268,0.000583650531446927,0.980725893261248,0.999950297526443
PANK2,4.52360412223553e-10,-0.814111960775273,0.000581916197428951,0.980754545780019,0.999950297526443
SUPT20H,4.52031459349924e-10,-0.814590815760244,0.000581070175542216,0.9807685382089,0.999950297526443
NDUFA12,4.51579630637598e-10,-0.815249087180313,0.000579909136988184,0.980787757327511,0.999950297526443
NASP,4.51490784843448e-10,-0.815378601582414,0.000579680971606343,0.980791536499579,0.999950297526443
PSMA2,4.51399186406841e-10,-0.815512154302372,0.000579445784150629,0.980795432759345,0.999950297526443
DNAJB1,4.51214879573252e-10,-0.815780957110609,0.000578972703921432,0.980803272493888,0.999950297526443
KPNA3,4.50260397069033e-10,-0.817174716815482,0.000576525821752687,0.980843872697238,0.999950297526443
TGFBR2,4.49735794414657e-10,-0.817941965815984,0.000575183172981194,0.980866187401307,0.999950297526443
NUDCD2,4.4967798811969e-10,-0.818026562117401,0.000575035321412583,0.980868646273437,0.999950297526443
SF3B3,4.49294755452362e-10,-0.818587666549133,0.000574055605166645,0.980884947619011,0.999950297526443
RP11-596C23.2,4.49281160645378e-10,-0.81860757963903,0.000574020866024976,0.980885525893573,0.999950297526443
CHMP1A,4.4864083087379e-10,-0.819546164428901,0.000572385806506687,0.980912763247753,0.999950297526443
KDSR,4.48484256803745e-10,-0.819775864183939,0.00057198635496092,0.980919423355965,0.999950297526443
SLC2A6,4.47661494996154e-10,-0.820984154329934,0.000569889617582201,0.980954420760643,0.999950297526443
CTSW,4.4755832199247e-10,-0.821135822677941,0.000569626961764163,0.980958809381332,0.999950297526443
KRT10,4.4692828992908e-10,-0.82206272486534,0.000568024352089423,0.98098560876624,0.999950297526443
PRKAG2,4.4635755450281e-10,-0.822903475638394,0.000566574523878631,0.981009885895817,0.999950297526443
KLHDC3,4.45667824905121e-10,-0.823920897928417,0.000564824889364666,0.981039224653217,0.999950297526443
ZNF518A,4.45384504509132e-10,-0.824339263683334,0.000564106975544982,0.981051276149222,0.999950297526443
RPA1,4.45111991926492e-10,-0.824741911671548,0.000563416878705824,0.981062867921306,0.999950297526443
SKP1,4.44558697231238e-10,-0.825560156230459,0.000562017043046379,0.981086403235866,0.999950297526443
SETD5,4.44314597680871e-10,-0.825921456401968,0.000561400024665937,0.981096786423429,0.999950297526443
FAM208A,4.43643748261268e-10,-0.826915388134599,0.000559706042220825,0.981125322155529,0.999950297526443
WAPL,4.43568441442421e-10,-0.827027053100896,0.000559516042454926,0.981128525461901,0.999950297526443
MAPRE1,4.42905794300642e-10,-0.828010413414854,0.000557845568493579,0.981156712322414,0.999950297526443
USP1,4.42847451249066e-10,-0.828097061573382,0.000557698610519411,0.981159194047755,0.999950297526443
GCDH,4.42143320883983e-10,-0.829143667378629,0.000555926531518968,0.98118914549804,0.999950297526443
HARS,4.41880985668754e-10,-0.82953400738986,0.000555267035675289,0.981200304404576,0.999950297526443
TSPAN31,4.41341358556313e-10,-0.830337643501354,0.000553911674400787,0.98122325843894,0.999950297526443
AASDHPPT,4.41222816884209e-10,-0.830514307525997,0.000553614159578539,0.981228300829651,0.999950297526443
DHFR,4.41061077553388e-10,-0.830755423182372,0.000553208356575191,0.981235180714406,0.999950297526443
RAD51C,4.4059776367819e-10,-0.831446587304527,0.000552046728400795,0.981254888643824,0.999950297526443
FTSJ2,4.39599705107103e-10,-0.832937853225219,0.000549548527230868,0.981297342986178,0.999950297526443
CBX1,4.38402978400137e-10,-0.834730262383846,0.000546560516932971,0.981348248129906,0.999950297526443
IER5,4.36847519212148e-10,-0.837067014165086,0.000542688990306836,0.981414412784602,0.999950297526443
C1GALT1,4.36068518785787e-10,-0.838240308862628,0.000540755235386887,0.981447549217495,0.999950297526443
DCAF8,4.35538327248614e-10,-0.839040012720327,0.000539441086148945,0.981470102055673,0.999950297526443
NFYC,4.35530199730556e-10,-0.839052278986845,0.000539420953471811,0.981470447777262,0.999950297526443
PPP6R2,4.35520394389337e-10,-0.839067077761799,0.000539396665158516,0.981470864868699,0.999950297526443
HACD3,4.35430102331441e-10,-0.839203366703432,0.000539173032984359,0.981474705637281,0.999950297526443
ENTPD4,4.34539017211692e-10,-0.840549851363997,0.000536968511721153,0.981512609899181,0.999950297526443
ASMTL,4.34093369763849e-10,-0.841224248864099,0.000535867685653332,0.981531566507433,0.999950297526443
MARCKS,4.33424043254632e-10,-0.8422383918662,0.000534216455958189,0.981560037823088,0.999950297526443
IBTK,4.33365600107123e-10,-0.842327014634446,0.000534072397562376,0.981562523835556,0.999950297526443
COX14,4.33211510416149e-10,-0.842560730261236,0.000533692670052611,0.981569078392583,0.999950297526443
CD84,4.32462813163803e-10,-0.843697456703672,0.000531849556726998,0.981600925958326,0.999950297526443
IKBKB,4.32421102042301e-10,-0.843760841210288,0.000531746967690537,0.981602700238018,0.999950297526443
UBXN2A,4.32120910267834e-10,-0.844217188249509,0.000531008934056627,0.98161546959693,0.999950297526443
EXOSC7,4.31906390526969e-10,-0.844543484816232,0.000530481842581418,0.981624594698496,0.999950297526443
BCL2L11,4.31407449335944e-10,-0.845303005757361,0.000529256918067546,0.981645818344485,0.999950297526443
PPM1A,4.30229020271767e-10,-0.847100247722306,0.000526369439420609,0.98169594566901,0.999950297526443
CUL5,4.29991462681483e-10,-0.847463124264443,0.000525788313892056,0.981706050763246,0.999950297526443
TIMM17B,4.29158261536039e-10,-0.84873739088918,0.000523752631703124,0.981741493038912,0.999950297526443
UBE2Z,4.29027861948269e-10,-0.848937034479651,0.000523434395950215,0.981747039911814,0.999950297526443
ARFRP1,4.28909349282192e-10,-0.849118529666321,0.000523145253713342,0.98175208114551,0.999950297526443
AKAP9,4.28456756391385e-10,-0.849812093280387,0.000522041771589976,0.981771333326748,0.999950297526443
RNASEH1,4.26635723019124e-10,-0.852609827254277,0.000517613622291463,0.981848795685841,0.999950297526443
ECE1,4.2638619085924e-10,-0.852994089112146,0.000517008312112058,0.981859410194272,0.999950297526443
RBM42,4.25303099025267e-10,-0.854664485020326,0.000514385073894353,0.981905482398716,0.999950297526443
NOC3L,4.25214012450411e-10,-0.854802060665152,0.000514169604008879,0.981909271936845,0.999950297526443
KAT5,4.25160902756552e-10,-0.854884090709264,0.000514041171341565,0.981911531101343,0.999950297526443
NR2C2AP,4.25129341576702e-10,-0.854932842882063,0.000513964856028558,0.981912873641574,0.999950297526443
TRPC4AP,4.24623288894727e-10,-0.855715012163594,0.000512741988221536,0.981934399969447,0.999950297526443
CCDC88B,4.24132523798729e-10,-0.856474409475439,0.000511557453780889,0.981955276010815,0.999950297526443
STX5,4.2405946927006e-10,-0.856587524449993,0.000511381242959744,0.981958383586912,0.999950297526443
TBCB,4.2358733844741e-10,-0.857319007000071,0.000510243174079111,0.98197846698171,0.999950297526443
MIA3,4.22750311189758e-10,-0.858617761437725,0.000508228640431867,0.982014072287097,0.999950297526443
CHCHD3,4.22290320993452e-10,-0.859332548461161,0.000507123245597121,0.982033639277345,0.999950297526443
RBM10,4.21644140948714e-10,-0.860337925348154,0.000505572453685806,0.982061126400183,0.999950297526443
MAP3K13,4.21587099210981e-10,-0.860426746476383,0.000505435671134847,0.982063552835239,0.999950297526443
MRPS22,4.21069514964704e-10,-0.861233218730873,0.000504195381978627,0.982085569783568,0.999950297526443
WBP4,4.20903696443e-10,-0.861491790038171,0.000503798352661738,0.982092623358604,0.999950297526443
ST8SIA4,4.20625701641512e-10,-0.861925504844129,0.000503133083748098,0.982104448682413,0.999950297526443
GPR108,4.20417865471011e-10,-0.862249941530865,0.000502635998484342,0.982113289605756,0.999950297526443
EXOC4,4.2040386190889e-10,-0.862271806937063,0.000502602514763586,0.982113885288573,0.999950297526443
DDX39A,4.19720006908767e-10,-0.863340443501636,0.00050096871580905,0.982142975090129,0.999950297526443
POLR2A,4.1914736531935e-10,-0.864236579984149,0.00049960266311295,0.982167334117537,0.999950297526443
BECN1,4.19108609763216e-10,-0.864297271751193,0.00049951027802118,0.98216898270195,0.999950297526443
KDM7A,4.18370498016412e-10,-0.865454197243867,0.000497752405561354,0.982200380524735,0.999950297526443
CXXC1,4.18361913909644e-10,-0.86546766362594,0.000497731980048657,0.982200745675925,0.999950297526443
SMAP1,4.18249413408731e-10,-0.865644174205632,0.000497464328685213,0.98220553122856,0.999950297526443
C20orf196,4.17833874376945e-10,-0.866296541091017,0.000496476338501683,0.982223207456816,0.999950297526443
MPRIP,4.17312146229413e-10,-0.867116501661212,0.000495237262495243,0.982245400777425,0.999950297526443
MIER1,4.16806414538943e-10,-0.867912263596198,0.000494037654871309,0.982266913652367,0.999950297526443
SMARCD1,4.16189661233297e-10,-0.868883974524386,0.000492576670046978,0.982293149195463,0.999950297526443
CCBL2,4.15757893359424e-10,-0.869565060734075,0.000491555172006005,0.982311515812372,0.999950297526443
TEX264,4.14662229563954e-10,-0.871296459093244,0.000488967754934097,0.982358123391515,0.999950297526443
ABCG1,4.14526257725994e-10,-0.871511632455354,0.000488647132803987,0.982363907394629,0.999950297526443
TCP1,4.13996720526313e-10,-0.872350264602676,0.000487399484169616,0.982386432985654,0.999950297526443
VRK1,4.13412169797211e-10,-0.873277221193871,0.00048602406949697,0.982411298772797,0.999950297526443
JPX,4.1329656089602e-10,-0.873460698380449,0.000485752278503534,0.982416216579532,0.999950297526443
GATAD2B,4.13031365208179e-10,-0.873881763969557,0.000485129103317967,0.982427497557191,0.999950297526443
UBE2K,4.13030025210862e-10,-0.873883892216335,0.000485125955515175,0.982427554558428,0.999950297526443
NKIRAS2,4.12050821577287e-10,-0.875440888091384,0.000482828427659976,0.982469208261359,0.999950297526443
PLGRKT,4.11982786292697e-10,-0.87554920071106,0.000482668997532324,0.98247210237161,0.999950297526443
SSBP1,4.11552411227964e-10,-0.876234759583546,0.00048166109037326,0.982490409831591,0.999950297526443
BHLHE41,4.11471897356575e-10,-0.876363089401995,0.000481472649705036,0.982493834762633,0.999950297526443
POP4,4.11381729821693e-10,-0.876506834722524,0.000481261658648012,0.982497670345431,0.999950297526443
PA2G4,4.1115489760212e-10,-0.876868585311316,0.000480731078187909,0.982507319427241,0.999950297526443
USP4,4.11127444281067e-10,-0.876912380717356,0.000480666882313827,0.982508487248024,0.999950297526443
TNPO1,4.11086733649673e-10,-0.876977330266356,0.000480571693905957,0.982510219013854,0.999950297526443
FKBP4,4.10624390897771e-10,-0.877715384171741,0.000479491319011164,0.982529886348584,0.999950297526443
GNL2,4.10367521429759e-10,-0.87812577940495,0.000478891607163574,0.982540813177025,0.999950297526443
HBS1L,4.09815594126711e-10,-0.879008419232711,0.000477604294722167,0.982564291318839,0.999950297526443
COL4A3BP,4.08392546382355e-10,-0.881289436989643,0.000474293177693606,0.98262482565912,0.999950297526443
UBE2W,4.0830556350924e-10,-0.881429110568618,0.000474091161323812,0.982628525784772,0.999950297526443
RIF1,4.07583342215843e-10,-0.882589931027184,0.000472415475560558,0.982659248048738,0.999950297526443
EHMT1,4.07094244421671e-10,-0.883377178230381,0.000471282363829436,0.982680053586078,0.999950297526443
CASP8,4.06886710207817e-10,-0.883711498323264,0.000470801972443638,0.982688881805361,0.999950297526443
PQLC3,4.06559942773309e-10,-0.8842382256811,0.000470046081558525,0.982702782045731,0.999950297526443
RABIF,4.06352461317072e-10,-0.884572883406304,0.000469566442765551,0.982711608026231,0.999950297526443
C14orf159,4.06239076087114e-10,-0.884755837857276,0.000469304431452363,0.982716431281438,0.999950297526443
CETN3,4.05565217592429e-10,-0.885844166934052,0.000467748783524108,0.982745096328655,0.999950297526443
ASH1L,4.05326294819166e-10,-0.88623046185145,0.000467197834313332,0.982755259792108,0.999950297526443
CCNB1IP1,4.05314313397256e-10,-0.886249839411149,0.000467170214039463,0.982755769466258,0.999950297526443
PRPF18,4.05199410670953e-10,-0.88643569963448,0.000466905375020918,0.982760657279578,0.999950297526443
LAS1L,4.04992076250126e-10,-0.886771200514601,0.000466427680404433,0.982769477019236,0.999950297526443
HSPA14,4.04918950915809e-10,-0.886889568636431,0.000466259259327456,0.982772587677431,0.999950297526443
FAM172A,4.04726125124554e-10,-0.887201794753695,0.000465815291944756,0.982780790241224,0.999950297526443
ABHD3,4.03612536334671e-10,-0.889007737006527,0.000463255471727709,0.982828160926913,0.999950297526443
FCER2,4.03575996953766e-10,-0.889067075262822,0.000463171597712891,0.982829715267876,0.999950297526443
COMMD5,4.03292167231329e-10,-0.889528177606967,0.000462520341744716,0.982841789042366,0.999950297526443
UTP18,4.03152668192897e-10,-0.88975491852706,0.000462200424874437,0.982847723164861,0.999950297526443
DNAJC15,4.02788213689505e-10,-0.89034765709653,0.000461365133934815,0.982863226628654,0.999950297526443
PSMD12,4.02603296681263e-10,-0.890648598248208,0.000460941612720384,0.982871092782091,0.999950297526443
BLOC1S6,4.02390719506235e-10,-0.890994718964673,0.000460454980851464,0.982880135568756,0.999950297526443
MT-ND6,4.02313482945621e-10,-0.891120520028826,0.000460278234499388,0.982883421123078,0.999950297526443
MBD1,4.02032986537041e-10,-0.891577581352437,0.000459636638380171,0.982895353119645,0.999950297526443
TMED1,4.01635017466532e-10,-0.892226587853201,0.000458727107889845,0.982912282275526,0.999950297526443
CEBPZOS,4.01547073630312e-10,-0.892370089792904,0.000458526239921995,0.982916023308273,0.999950297526443
TMEM106C,4.01329729923487e-10,-0.89272486908982,0.000458030005091635,0.982925268868865,0.999950297526443
SPTLC2,4.01197574601817e-10,-0.892940682163065,0.000457728402036131,0.982930890611015,0.999950297526443
ATAD1,4.0074177431837e-10,-0.893685540891003,0.00045668894300229,0.982950279860667,0.999950297526443
CLIP1,4.00550975621337e-10,-0.89399758189997,0.000456254174692061,0.982958396233271,0.999950297526443
TBRG1,3.99461422350038e-10,-0.895782231923945,0.000453775403444899,0.983004744698447,0.999950297526443
ETFA,3.99262400234254e-10,-0.896108728880301,0.000453323350565206,0.983013210898863,0.999950297526443
SSBP2,3.99239868264412e-10,-0.896145702575073,0.00045327218631913,0.983014169386294,0.999950297526443
CLN5,3.98155499508532e-10,-0.897927467759551,0.000450813280087512,0.983060297376113,0.999950297526443
TACO1,3.97927741435779e-10,-0.898302298354288,0.000450297667484705,0.983069985989709,0.999950297526443
SFXN1,3.96211328262945e-10,-0.901133724538069,0.000446421436353606,0.983143000667394,0.999950297526443
DGKZ,3.96068696216092e-10,-0.901369543663866,0.000446100079856765,0.983149068113167,0.999950297526443
SYNE1,3.95875129698123e-10,-0.901689705431689,0.000445664150739054,0.983157302269512,0.999950297526443
OSBPL8,3.95683816597084e-10,-0.902006288021849,0.000445233505910281,0.983165440569165,0.999950297526443
OXR1,3.95479052394862e-10,-0.902345292510349,0.000444772813355378,0.983174151069378,0.999950297526443
TM2D1,3.95338802372081e-10,-0.902577585752413,0.000444457406832967,0.983180117190785,0.999950297526443
AC016831.7,3.94789986681008e-10,-0.903487340636598,0.000443224257509013,0.983203463371027,0.999950297526443
COPB1,3.94482394888247e-10,-0.903997758234159,0.000442533870019517,0.983216548085996,0.999950297526443
IFRD1,3.94313278500106e-10,-0.904278552982922,0.000442154518805715,0.983223742167175,0.999950297526443
ATXN3,3.94078862345706e-10,-0.904667960750237,0.000441628960278581,0.983233714052481,0.999950297526443
SH2B2,3.93539307044864e-10,-0.905565107365732,0.000440420470578425,0.983256666335453,0.999950297526443
LSM5,3.92641128182345e-10,-0.907061183570127,0.000438412412241179,0.983294874229916,0.999950297526443
LRIF1,3.92201083326996e-10,-0.907795358301699,0.000437430278652001,0.983313593441268,0.999950297526443
PLK3,3.92009811753415e-10,-0.908114724588403,0.000437003724114692,0.983321730007867,0.999950297526443
SERTAD3,3.91800475309543e-10,-0.908464425652124,0.000436537121611009,0.983330635044123,0.999950297526443
PPID,3.90964507694421e-10,-0.909862722036561,0.000434676268442849,0.983366196583799,0.999950297526443
NFE2L2,3.90444681495074e-10,-0.910733669758146,0.000433521146212755,0.98338830968198,0.999950297526443
SMIM15,3.90399747595219e-10,-0.910809007054452,0.000433421369338915,0.983390221144026,0.999950297526443
TMEM256,3.89697526088848e-10,-0.911987454162821,0.000431863560550079,0.98342009325213,0.999950297526443
CRIP1,3.88908034021432e-10,-0.913314797913145,0.0004301154997461,0.983453677828597,0.999950297526443
SPATC1L,3.87946349208213e-10,-0.914935149090052,0.000427990965961154,0.98349458743333,0.999950297526443
ADK,3.87620571408735e-10,-0.915484931238447,0.00042727245726919,0.983508445872492,0.999950297526443
SMAD2,3.87562140121505e-10,-0.91558358680441,0.000427143649874637,0.983510931513356,0.999950297526443
PRR14,3.87075936168387e-10,-0.916405050367294,0.000426072602725907,0.983531614418588,0.999950297526443
CDKN2AIPNL,3.86828078231523e-10,-0.916824199612609,0.000425527119759876,0.983542158191953,0.999950297526443
CSNK1G2,3.86576358404904e-10,-0.917250144152565,0.000424973495201966,0.983552866251442,0.999950297526443
IMMP1L,3.86392730462812e-10,-0.917561036206966,0.000424569857098079,0.983560677711606,0.999950297526443
MED7,3.86068096105008e-10,-0.918111007663106,0.00042385673776659,0.983574487532884,0.999950297526443
INO80E,3.85960343931453e-10,-0.918293651743904,0.000423620172705961,0.983579071270177,0.999950297526443
YME1L1,3.85472959584358e-10,-0.91912040015224,0.000422550967106434,0.983599804425374,0.999950297526443
UBE2Q1,3.84833149425187e-10,-0.920207235732525,0.000421149426331149,0.983627021736722,0.999950297526443
CWC25,3.84684891613316e-10,-0.920459327021922,0.000420824991363992,0.983633328577445,0.999950297526443
TNPO3,3.84003642685685e-10,-0.921618896493972,0.000419335810323565,0.983662308705864,0.999950297526443
CHORDC1,3.83988811902455e-10,-0.921644162314418,0.000419303420222445,0.983662939603247,0.999950297526443
UBA6,3.82642106240165e-10,-0.923942340699887,0.000416367459238479,0.983720228129179,0.999950297526443
PDE6D,3.82209077394827e-10,-0.92468296591004,0.000415425602100348,0.983738649087055,0.999950297526443
KLC1,3.81680641843006e-10,-0.925587863043266,0.000414277675930597,0.983761128638315,0.999950297526443
COPS5,3.81106292652523e-10,-0.926572750855768,0.000413031812259007,0.983785561361947,0.999950297526443
SPNS1,3.80369603067229e-10,-0.927838110554183,0.000411436550501715,0.983816900042535,0.999950297526443
RWDD4,3.80147185676669e-10,-0.928220604554513,0.00041095552421449,0.983826361654747,0.999950297526443
GSAP,3.80097540633823e-10,-0.928306009150722,0.000410848194352845,0.983828473549917,0.999950297526443
PUS7L,3.79376838557485e-10,-0.929547046324522,0.000409291654787873,0.983859132157097,0.999950297526443
MTMR9,3.79188698101665e-10,-0.929871394406186,0.000408885803841316,0.983867135640573,0.999950297526443
ECSIT,3.79122388557227e-10,-0.929985746820626,0.000408742810862577,0.983869956444922,0.999950297526443
CC2D1A,3.78613419451029e-10,-0.93086411750846,0.000407646078910161,0.983891607969232,0.999950297526443
LBR,3.78194078057179e-10,-0.931588664006086,0.000406743584701393,0.983909446743354,0.999950297526443
GRWD1,3.77689678726685e-10,-0.932461199865321,0.00040565935630413,0.98393090389098,0.999950297526443
TBCA,3.76792436642234e-10,-0.934016069396697,0.000403734271576524,0.983969072598162,0.999950297526443
MYADM,3.76714544606921e-10,-0.93415121984243,0.000403567365712258,0.983972386129586,0.999950297526443
STIM2,3.75675166921579e-10,-0.935957220888015,0.000401343505420763,0.984016601339365,0.999950297526443
NBR1,3.74836638503732e-10,-0.937417736961403,0.000399553861716454,0.984052272441044,0.999950297526443
EIF2S1,3.73698801255358e-10,-0.939404611519089,0.000397131807963339,0.984100676228036,0.999950297526443
MAP2K2,3.72392160308236e-10,-0.941693439851831,0.000394359513828585,0.984156261024813,0.999950297526443
NDEL1,3.72095770006479e-10,-0.942213698291407,0.000393732015008224,0.984168869544944,0.999950297526443
TRAPPC2P1,3.71659601428035e-10,-0.942980037117434,0.000392809495084239,0.984187424276325,0.999950297526443
SNHG9,3.71567976959762e-10,-0.943141129293372,0.000392615841942531,0.984191322007512,0.999950297526443
ADPRHL2,3.71151775690508e-10,-0.943873366803274,0.000391736779677161,0.984209027333753,0.999950297526443
SLMAP,3.70514583990833e-10,-0.944995932293007,0.000390392870393051,0.984236133673942,0.999950297526443
LZIC,3.70494400026273e-10,-0.945031521508102,0.000390350337863556,0.984236992306594,0.999950297526443
C5orf15,3.69874444166694e-10,-0.946125563171958,0.000389045068431837,0.98426336544662,0.999950297526443
TRIAP1,3.67883606573183e-10,-0.949650778456441,0.00038486829368974,0.984348056493269,0.999950297526443
CCDC22,3.6645683911368e-10,-0.952188490452866,0.000381888803855497,0.984408751873942,0.999950297526443
TRIP12,3.66208693234912e-10,-0.952630823787693,0.000381371787727022,0.984419308129366,0.999950297526443
LINC00467,3.66071632311106e-10,-0.952875265858364,0.000381086369118782,0.984425138773895,0.999950297526443
PML,3.65999550358783e-10,-0.953003856147344,0.000380936306985548,0.984428205178783,0.999950297526443
DRG2,3.65991327139679e-10,-0.953018527471841,0.00038091918954634,0.984428554998946,0.999950297526443
INPP5K,3.65753416755688e-10,-0.953443128825597,0.000380424122210324,0.984438675835922,0.999950297526443
CUEDC2,3.64972396631301e-10,-0.954838894409827,0.000378801161757978,0.984471900873885,0.999950297526443
AP1M1,3.6357664954833e-10,-0.957340412838279,0.000375909438111902,0.984531276811491,0.999950297526443
ASPSCR1,3.63294485171428e-10,-0.957847242427513,0.000375326193319856,0.984543280267697,0.999950297526443
C7orf49,3.62330628230029e-10,-0.959581403178821,0.000373337278664863,0.984584283395568,0.999950297526443
TSC22D2,3.62237510557742e-10,-0.959749174466125,0.000373145410638763,0.984588244686649,0.999950297526443
NRBF2,3.62215328896264e-10,-0.959789145564435,0.00037309971282162,0.984589188310139,0.999950297526443
GON4L,3.61890571461126e-10,-0.960374624478051,0.000372430980287085,0.984603003722463,0.999950297526443
DNAJA1,3.61859490213892e-10,-0.960430684842751,0.00037236700999773,0.984604325941074,0.999950297526443
SERINC3,3.61127697653211e-10,-0.961751938496668,0.000370862448808423,0.984635456935117,0.999950297526443
TSG101,3.60307039808176e-10,-0.963236705864902,0.000369178804141808,0.984670368351578,0.999950297526443
NPAT,3.59929827046603e-10,-0.96392026607788,0.000368406207193479,0.984686415282681,0.999950297526443
BTN2A2,3.59677064288145e-10,-0.964378691869341,0.000367888958188998,0.984697168015068,0.999950297526443
PSMD4,3.59605576070616e-10,-0.9645084034345,0.000367742731949642,0.984700209182225,0.999950297526443
UBXN11,3.59496771542949e-10,-0.964705871072734,0.000367520232501568,0.984704837816117,0.999950297526443
SMIM8,3.58806870397173e-10,-0.965959301498704,0.000366110988489736,0.984734186788967,0.999950297526443
UBXN6,3.58493272793313e-10,-0.966529820427626,0.000365471305331449,0.984747527500649,0.999950297526443
RFC2,3.56932600135467e-10,-0.969376265594587,0.000362296129885942,0.984813919920652,0.999950297526443
TOR1AIP1,3.5679002582117e-10,-0.96963689742163,0.000362006754212068,0.984819985165597,0.999950297526443
CCDC57,3.55514105304153e-10,-0.971973803980342,0.000359422231531958,0.984874264059156,0.999950297526443
GMFB,3.55406995634579e-10,-0.972170347135123,0.000359205689928775,0.984878820611343,0.999950297526443
ST6GALNAC6,3.54879331684431e-10,-0.973139427809747,0.000358139874156994,0.984901267969334,0.999950297526443
IFIH1,3.5450840324252e-10,-0.973821486069705,0.000357391592543291,0.984917047647477,0.999950297526443
RBMS1,3.54212860896717e-10,-0.974365416961273,0.00035679594899386,0.984929620327633,0.999950297526443
MTO1,3.54107948243873e-10,-0.974558608446862,0.000356584624842766,0.984934083422392,0.999950297526443
TBC1D15,3.54100847785939e-10,-0.974571685579863,0.000356570324747237,0.984934385483369,0.999950297526443
U2SURP,3.53614502739917e-10,-0.97546800319078,0.000355591523812118,0.98495507512021,0.999950297526443
MRPS30,3.52940572144332e-10,-0.976711996819164,0.000354237418453283,0.984983744863073,0.999950297526443
ARRDC1,3.52859795251013e-10,-0.976861254432003,0.000354075289607935,0.984987181201553,0.999950297526443
PAFAH1B3,3.52592939828116e-10,-0.97735457726367,0.000353539942799615,0.984998533528691,0.999950297526443
TMEM11,3.52583978208933e-10,-0.977371150412153,0.000353521971650949,0.984998914766013,0.999950297526443
AAK1,3.52250345130747e-10,-0.977988442464455,0.000352853246880021,0.98501310789344,0.999950297526443
CDK11B,3.52207643684363e-10,-0.978067489804793,0.000352767702999403,0.985014924461472,0.999950297526443
AIG1,3.52201682322731e-10,-0.978078525990612,0.000352755761418405,0.985015178064573,0.999950297526443
BOD1,3.52054744364136e-10,-0.978350607003733,0.000352461484578167,0.985021428972862,0.999950297526443
PIK3CG,3.51771964323341e-10,-0.978874530644787,0.000351895498485867,0.985033458760795,0.999950297526443
THOC6,3.51380033061095e-10,-0.979601355639882,0.000351111797515632,0.985050131972761,0.999950297526443
FAM214A,3.512029979256e-10,-0.979929917817005,0.00035075808666104,0.985057663255573,0.999950297526443
C6orf62,3.50398775030171e-10,-0.981424495846717,0.000349153517747022,0.985091875859859,0.999950297526443
TBC1D17,3.50388519514769e-10,-0.981443576126671,0.000349133079908004,0.985092312141933,0.999950297526443
MCRS1,3.49937492158288e-10,-0.98228323963042,0.000348234835742317,0.985111499397566,0.999950297526443
MIAT,3.49845958245009e-10,-0.982453772521499,0.000348052682477095,0.985115393363292,0.999950297526443
TBRG4,3.49772406533392e-10,-0.982590834651447,0.000347906348475722,0.985118522344206,0.999950297526443
NRDE2,3.49032769289582e-10,-0.983970677069186,0.000346436521722258,0.985149987441395,0.999950297526443
PPAN,3.47662574946677e-10,-0.986534313994623,0.000343721856107977,0.985208277290431,0.999950297526443
ANAPC10,3.47321622931562e-10,-0.987173746145255,0.000343048011969363,0.985222781844781,0.999950297526443
DDX3Y,3.4690930212669e-10,-0.987947832711795,0.000342234000604787,0.985240322529345,0.999950297526443
TWISTNB,3.46835132010569e-10,-0.98808717279246,0.000342087675199981,0.985243477827132,0.999950297526443
NSMAF,3.46793373341093e-10,-0.988165635550278,0.000342005305999844,0.985245254297924,0.999950297526443
PPM1M,3.46460195322811e-10,-0.988791988568507,0.000341348465809818,0.985259428148165,0.999950297526443
LRRC58,3.46189571954096e-10,-0.989301169517043,0.000340815412981579,0.985270940841172,0.999950297526443
CCNL2,3.46159970598558e-10,-0.989356888034159,0.000340757131810157,0.98527220012403,0.999950297526443
RAD9A,3.45235922279308e-10,-0.99109852935455,0.000338940308303601,0.985311510443884,0.999950297526443
ARID1B,3.44967826501739e-10,-0.991604674133975,0.0003384140989649,0.985322915623374,0.999950297526443
RNF146,3.44198751357505e-10,-0.993058732957692,0.000336906852594822,0.985355633201403,0.999950297526443
CLCN7,3.44066579224942e-10,-0.993308940057548,0.000336648158178777,0.985361255999125,0.999950297526443
ME2,3.43500405940409e-10,-0.99438177596499,0.000335541137709096,0.985385341855046,0.999950297526443
ATG5,3.43480289694472e-10,-0.994419925316611,0.000335501838597433,0.985386197630395,0.999950297526443
UBR2,3.43141427660859e-10,-0.995062881731553,0.000334840183424779,0.985400613333343,0.999950297526443
GBP2,3.4302157078458e-10,-0.995290444258306,0.000334606309656505,0.985405712227112,0.999950297526443
INTS10,3.42139481084543e-10,-0.996967553117709,0.000332887623092457,0.985443237682562,0.999950297526443
ACAP2,3.41929626131996e-10,-0.997367160821805,0.000332479387877916,0.985452165240449,0.999950297526443
TCERG1,3.41732031643578e-10,-0.997743637749961,0.00033209523214943,0.985460571220682,0.999950297526443
KIAA1191,3.41539346500714e-10,-0.998110962617233,0.000331720834837843,0.985468768351191,0.999950297526443
DMTF1,3.41215852657824e-10,-0.998728102861562,0.000331092744231011,0.985482530293985,0.999950297526443
SLC41A3,3.40521331088692e-10,-1.00005496891041,0.000329746282596069,0.985512076361193,0.999950297526443
GART,3.40414685827686e-10,-1.00025894253722,0.000329539773526022,0.985516613224283,0.999950297526443
NME3,3.40222642179695e-10,-1.00062640730536,0.000329168061190353,0.985524783075019,0.999950297526443
FBXW2,3.39858310024193e-10,-1.0013240851524,0.000328463450256751,0.98554028236469,0.999950297526443
EPRS,3.39781670662131e-10,-1.00147093728272,0.000328315327405458,0.985543542730014,0.999950297526443
YIPF5,3.39464171948556e-10,-1.00207965047636,0.00032770204539952,0.985557049653417,0.999950297526443
COA1,3.38986437047537e-10,-1.00299660364,0.000326780330792649,0.985577373298572,0.999950297526443
MRPS5,3.38726307325765e-10,-1.00349641338558,0.00032627899710032,0.98558843965782,0.999950297526443
CDC27,3.38712440510765e-10,-1.00352306726225,0.000326252283155864,0.985589029575711,0.999950297526443
LAMTOR3,3.38590647908621e-10,-1.00375721407222,0.000326017700861928,0.98559421084045,0.999950297526443
MOCS2,3.38588261903802e-10,-1.00376180198603,0.000326013106068367,0.985594312345165,0.999950297526443
MBTPS1,3.38346584143051e-10,-1.00422667168457,0.000325547868451592,0.985604593730569,0.999950297526443
TP53TG1,3.38322123211301e-10,-1.00427374034196,0.000325500798868432,0.985605634340587,0.999950297526443
EMD,3.38264454706348e-10,-1.00438472123564,0.000325389842218944,0.985608087657858,0.999950297526443
RUVBL1,3.37827518648687e-10,-1.00522618028292,0.000324549773275974,0.985626675672795,0.999950297526443
FRG1,3.376134991182e-10,-1.00563872487474,0.000324138687830205,0.985635780436304,0.999950297526443
IRAK4,3.37347066446072e-10,-1.00615265284547,0.000323627292045488,0.985647114948743,0.999950297526443
MRPL45,3.36781583586792e-10,-1.00724472047988,0.000322543231612299,0.985671171589424,0.999950297526443
PIGH,3.36578768593766e-10,-1.00763682917172,0.000322154867705123,0.985679799701006,0.999950297526443
PIN4,3.36395077423238e-10,-1.00799216136925,0.000321803325290423,0.985687614252511,0.999950297526443
NRAS,3.35845361173525e-10,-1.0090566486483,0.000320752442034473,0.985711000174878,0.999950297526443
STAU1,3.35102040366253e-10,-1.01049870628855,0.000319334181465485,0.985742622404405,0.999950297526443
ZNF3,3.34942391487968e-10,-1.01080882978155,0.000319029980395383,0.985749414163222,0.999950297526443
HMGCS1,3.34533807733404e-10,-1.0116031660248,0.000318252109539512,0.985766796077194,0.999950297526443
GGCX,3.33828412813262e-10,-1.01297673809178,0.000316911397576629,0.985796804906905,0.999950297526443
WDR83,3.32849792709691e-10,-1.01488697555264,0.000315056065494588,0.985838437284271,0.999950297526443
PSMD2,3.3222213207831e-10,-1.016114996383,0.000313868972429635,0.985865139192438,0.999950297526443
SESTD1,3.3188016229066e-10,-1.01678500136132,0.000313223148723065,0.985879687261239,0.999950297526443
TBC1D20,3.31878705986294e-10,-1.01678785604837,0.000313220399855913,0.985879749215308,0.999950297526443
MED11,3.31261968893524e-10,-1.01799788515725,0.000312057353567613,0.985905986438748,0.999950297526443
RBM8A,3.3105479500845e-10,-1.01840484357503,0.000311667149294151,0.985914800031586,0.999950297526443
AEN,3.3102225281789e-10,-1.01846878952324,0.000311605879477622,0.985916184441836,0.999950297526443
HAT1,3.3060185415508e-10,-1.01929542403854,0.000310814902377498,0.985934069050459,0.999950297526443
ZC3H15,3.29253929067181e-10,-1.02195269941056,0.000308285569161069,0.985991412555097,0.999950297526443
FAM122A,3.28736135108222e-10,-1.02297625212953,0.000307316694543565,0.986013440593977,0.999950297526443
TMX4,3.2704461427291e-10,-1.02633081954248,0.000304162218171619,0.986085401505291,0.999950297526443
DDX3X,3.26689277716451e-10,-1.0270376320286,0.000303501627930207,0.986100518296207,0.999950297526443
LYAR,3.26533845490123e-10,-1.02734704028452,0.00030321289662047,0.986107130723164,0.999950297526443
THAP9-AS1,3.26466861598988e-10,-1.02748042420205,0.0003030885095363,0.986109980364732,0.999950297526443
LMBR1L,3.25843427900817e-10,-1.02872312174548,0.000301932035822487,0.98613650260941,0.999950297526443
DESI2,3.25709396201264e-10,-1.02899058737163,0.000301683694825904,0.986142204615556,0.999950297526443
PFKP,3.25617236902602e-10,-1.02917455638015,0.000301512996500087,0.986146125277192,0.999950297526443
CYB5B,3.2554618752065e-10,-1.02931641982731,0.000301381431137694,0.986149147876226,0.999950297526443
NFAT5,3.25539699307776e-10,-1.02932937624805,0.000301369418050333,0.98614942389927,0.999950297526443
ZNF770,3.25384019414428e-10,-1.02964033053961,0.000301081244653497,0.986156046869583,0.999950297526443
PEF1,3.24489931194375e-10,-1.03142895414302,0.000299428899520502,0.986194083397521,0.999950297526443
PPP4R2,3.2389543396191e-10,-1.03262087198411,0.000298332738626389,0.986219374667017,0.999950297526443
ABHD17A,3.2248231996054e-10,-1.03546251680192,0.000295735242766168,0.986279491818288,0.999950297526443
WDR55,3.21732334884909e-10,-1.0369755385581,0.000294361281515064,0.986311397956751,0.999950297526443
CECR5,3.20452112541421e-10,-1.03956611842175,0.000292023324890406,0.986365861692895,0.999950297526443
TSSC1,3.19721018267945e-10,-1.04104998591496,0.000290692373826486,0.986396964229358,0.999950297526443
RPA3,3.19486075525726e-10,-1.04152753115557,0.000290265307938911,0.98640695927197,0.999950297526443
CEP350,3.19092010935048e-10,-1.04232926689597,0.000289549704058328,0.986423723754516,0.999950297526443
FAM208B,3.18345698812998e-10,-1.04385027383266,0.000288196854477996,0.986455473734877,0.999950297526443
OSTM1,3.18222239152414e-10,-1.04410221899895,0.000287973362930398,0.986460726019046,0.999950297526443
TXN2,3.17641166173995e-10,-1.04528928366042,0.000286922645891606,0.986485446331439,0.999950297526443
CLN3,3.17423390647311e-10,-1.04573471201592,0.00028652935108514,0.986494711055826,0.999950297526443
NADK,3.17221573362644e-10,-1.04614776262106,0.000286165117104315,0.986503296877666,0.999950297526443
USP10,3.16122619679009e-10,-1.04840138860972,0.000284185822478153,0.986550049196648,0.999950297526443
RNF187,3.16056707806976e-10,-1.04853679363461,0.000284067328794625,0.986552853258846,0.999950297526443
PPP2R5E,3.15580709140509e-10,-1.04951546125817,0.000283212331287765,0.98657310348313,0.999950297526443
TMEM19,3.15520906153786e-10,-1.04963851839923,0.000283105003190641,0.986575647658714,0.999950297526443
STX4,3.15287692746793e-10,-1.05011861816363,0.000282686650677878,0.986585569168766,0.999950297526443
PGM1,3.15026447792429e-10,-1.05065683031155,0.000282218380796799,0.986596683216834,0.999950297526443
DDX1,3.14872452260315e-10,-1.05097429030568,0.000281942532546077,0.986603234593372,0.999950297526443
CLSTN1,3.14749736381022e-10,-1.05122737460899,0.000281722811300805,0.986608455251536,0.999950297526443
TMEM42,3.14408889450427e-10,-1.05193082191603,0.000281112978463141,0.986622955784721,0.999950297526443
TNFRSF1B,3.14288575315577e-10,-1.05217930403074,0.000280897873899208,0.986628074268439,0.999950297526443
FBXO22,3.14274343832346e-10,-1.05220870204923,0.000280872435476133,0.986628679713674,0.999950297526443
OSBPL9,3.13287572767963e-10,-1.05425020722016,0.000279111415630954,0.986670659604016,0.999950297526443
ARL8B,3.12544098063869e-10,-1.0557924529067,0.000277788247605748,0.986702289038379,0.999950297526443
DUSP2,3.12470626024025e-10,-1.05594505306508,0.000277657659503798,0.986705414739755,0.999950297526443
IL6,3.11897333712687e-10,-1.05713695809889,0.000276639752765368,0.986729804168512,0.999950297526443
CFAP36,3.11328399506202e-10,-1.05832188774024,0.000275631432056813,0.986754008203784,0.999950297526443
TMX2,3.11225056506056e-10,-1.05853734561525,0.00027544847507921,0.986758404702249,0.999950297526443
PAXIP1-AS1,3.11019927414802e-10,-1.05896521935262,0.000275085497396388,0.986767131465133,0.999950297526443
GEMIN6,3.10927214280703e-10,-1.05915869648593,0.000274921519238962,0.986771075740609,0.999950297526443
RNF5,3.10634747685686e-10,-1.05976939025813,0.000274404565166094,0.986783518087918,0.999950297526443
QRICH1,3.10303105668637e-10,-1.06046255501907,0.000273818954541703,0.986797627071188,0.999950297526443
ETHE1,3.10264026151401e-10,-1.0605442820234,0.000273749989465073,0.986799289623931,0.999950297526443
TMEM9B,3.08406587240606e-10,-1.06444020963515,0.000270482115560343,0.986878310373235,0.999950297526443
SIDT2,3.07182842950987e-10,-1.06701933338508,0.000268339851035806,0.986930372016236,0.999950297526443
ZNF281,3.06092011939011e-10,-1.06932667892022,0.000266437442008212,0.98697677918857,0.999950297526443
CTR9,3.05661543163454e-10,-1.07023939158657,0.000265688566856941,0.986995092613535,0.999950297526443
METTL7A,3.05650048206308e-10,-1.07026378101617,0.000265668583831064,0.986995581643373,0.999950297526443
ATXN7L3B,3.05232167383942e-10,-1.07115101942293,0.000264942643063973,0.987013359546017,0.999950297526443
RAB1B,3.02977731815911e-10,-1.07595785322319,0.000261043379643806,0.987109270103022,0.999950297526443
GRSF1,3.01857191080701e-10,-1.07835984889955,0.000259116051018193,0.987156941388924,0.999950297526443
DKC1,3.01834568618747e-10,-1.07840843078088,0.000259077213955349,0.987157903819247,0.999950297526443
NFU1,3.01731574347603e-10,-1.0786296559189,0.000258900435554014,0.987162285518072,0.999950297526443
CXorf38,3.01111402183522e-10,-1.07996328382844,0.000257837253252651,0.987188669592205,0.999950297526443
RBBP4,3.01078069786171e-10,-1.08003503713872,0.000257780172331585,0.987190087657607,0.999950297526443
AVL9,3.00822032740485e-10,-1.08058645270782,0.000257341925799465,0.987200980283096,0.999950297526443
SNRNP40,3.0051713789046e-10,-1.08124368037337,0.000256820538021482,0.987213951477177,0.999950297526443
BEX4,2.99590405035638e-10,-1.0832452796607,0.000255239017217833,0.987253377653259,0.999950297526443
SMYD2,2.98001739431402e-10,-1.08669044862851,0.000252539235598559,0.987320964635405,0.999950297526443
SMU1,2.97939636759992e-10,-1.08682548258598,0.000252433989723057,0.987323606686113,0.999950297526443
SEC23A,2.97784402568516e-10,-1.0871631370483,0.000252171009086002,0.987330210856819,0.999950297526443
DYNLT3,2.97217804834526e-10,-1.08839699901436,0.000251212304789489,0.987354315786695,0.999950297526443
ERI3,2.95652855263269e-10,-1.09181673242109,0.000248573838380058,0.987420893944981,0.999950297526443
SEP15,2.95451594956128e-10,-1.0922577902559,0.000248235529323829,0.987429456234013,0.999950297526443
DTX3L,2.94888592139567e-10,-1.09349313619962,0.000247290371835359,0.987453408271336,0.999950297526443
SNX14,2.94846043909345e-10,-1.09358658810534,0.000247219016015688,0.987455218416911,0.999950297526443
DNPH1,2.94799076934528e-10,-1.09368976029981,0.000247140261664038,0.987457216550897,0.999950297526443
NDUFAF4,2.94675534406856e-10,-1.0939612212687,0.000246933165120285,0.987462472468311,0.999950297526443
UNC93B1,2.94594511501642e-10,-1.09413931298764,0.000246797392112098,0.98746591945732,0.999950297526443
RALBP1,2.93662242413727e-10,-1.09619187624751,0.00024523784151337,0.987505581360994,0.999950297526443
ZNF37A,2.93387492496485e-10,-1.09679798508836,0.000244779167928168,0.987517270164569,0.999950297526443
POLR3E,2.93327461724369e-10,-1.09693048795202,0.000244679008381447,0.987519824079812,0.999950297526443
FUT8,2.92881019622554e-10,-1.09791671600228,0.000243934776097744,0.987538817264302,0.999950297526443
ARHGAP27,2.92643529251252e-10,-1.0984419415719,0.000243539334476389,0.987548920925457,0.999950297526443
RP11-83A24.2,2.92426002601794e-10,-1.09892337595594,0.000243177415615525,0.987558175262642,0.999950297526443
MRPL48,2.92335459935805e-10,-1.09912386836496,0.000243026850873257,0.987562027261788,0.999950297526443
BBC3,2.92268414799464e-10,-1.09927236770876,0.000242915390567192,0.987564879594686,0.999950297526443
NDUFAF1,2.92224261379371e-10,-1.09937018172196,0.000242842000939153,0.987566758034576,0.999950297526443
HDAC7,2.91743841894328e-10,-1.10043538513224,0.000242044188132967,0.987587196753008,0.999950297526443
FBXL5,2.91611246131196e-10,-1.10072967836943,0.000241824222972027,0.987592837840103,0.999950297526443
ARAF,2.91610870533402e-10,-1.10073051218289,0.000241823600029069,0.987592853819347,0.999950297526443
SNAPC1,2.91014630395279e-10,-1.10205544789751,0.000240835725104822,0.987618219965944,0.999950297526443
RAF1,2.90967810291441e-10,-1.10215959979654,0.0002407582372715,0.987620211857898,0.999950297526443
ELF2,2.909526533572e-10,-1.10219332003821,0.000240733155034935,0.987620856687227,0.999950297526443
NOP16,2.89272330596138e-10,-1.10594211916876,0.000237960598574523,0.98769234358159,0.999950297526443
TMEM222,2.89243008855389e-10,-1.10600772174028,0.000237912359841585,0.987693591033395,0.999950297526443
UBQLN1,2.89117876078395e-10,-1.10628775767006,0.00023770655231195,0.987698914629961,0.999950297526443
GTF2H1,2.88926158431349e-10,-1.10671703080518,0.000237391404513715,0.987707070986472,0.999950297526443
VPS26B,2.88575925899296e-10,-1.10750194107452,0.000236816227788981,0.987721971138196,0.999950297526443
SLC15A4,2.87207693629183e-10,-1.11057711084905,0.000234575906024075,0.987780180701589,0.999950297526443
LSM12,2.8708520120579e-10,-1.11085310556446,0.000234375858153199,0.987785391976741,0.999950297526443
CDK10,2.8673141485706e-10,-1.11165087845406,0.000233798552972828,0.987800443343312,0.999950297526443
DCUN1D5,2.8668219494526e-10,-1.11176194224674,0.000233718292799886,0.98780253733891,0.999950297526443
STX17,2.86413530439334e-10,-1.11236850209573,0.000233280439399404,0.987813967313996,0.999950297526443
TRBC1,2.86374886549461e-10,-1.11245579285128,0.000233217493661905,0.987815611367244,0.999950297526443
PRKDC,2.8614276973806e-10,-1.1129803484975,0.000232839585088849,0.987825486471463,0.999950297526443
NADSYN1,2.86107313799699e-10,-1.11306051062398,0.000232781886377731,0.987826994897857,0.999950297526443
MRPS2,2.84567225060225e-10,-1.11655174341652,0.000230282545424008,0.987892515995202,0.999950297526443
AKAP10,2.84554783220549e-10,-1.11658002181314,0.000230262409051136,0.987893045317624,0.999950297526443
M6PR,2.83418200929165e-10,-1.1191683296559,0.000228426632460688,0.987941399804276,0.999950297526443
GPAT4,2.83390986684703e-10,-1.11923042623726,0.000228382766825101,0.987942557601163,0.999950297526443
UTRN,2.82630748198716e-10,-1.12096743621836,0.000227159068901869,0.987974901031919,0.999950297526443
TRPT1,2.82485991387547e-10,-1.12129868915329,0.000226926437443697,0.987981059538347,0.999950297526443
PNKP,2.81737438691876e-10,-1.12301424262244,0.00022572537729033,0.988012905834237,0.999950297526443
ADSS,2.81708581620406e-10,-1.12308046578521,0.000225679139631698,0.988014133524857,0.999950297526443
ZFP14,2.81253226406786e-10,-1.12412631059648,0.000224950151412916,0.988033506087782,0.999950297526443
ARHGEF3,2.80951526075587e-10,-1.12482014344919,0.000224467802212523,0.988046341584655,0.999950297526443
ZBTB25,2.80564032838559e-10,-1.12571233001595,0.000223849049401279,0.988062827047503,0.999950297526443
LLPH,2.80534180816478e-10,-1.12578111218513,0.000223801416843413,0.988064097068334,0.999950297526443
ACSS1,2.79960919896547e-10,-1.12710333270163,0.000222887692026615,0.988088485817713,0.999950297526443
OAS3,2.79745584699693e-10,-1.12760067415844,0.000222544950569107,0.988097647017465,0.999950297526443
FO538757.2,2.79037963397467e-10,-1.12923760457024,0.000221420511898863,0.988127752000637,0.999950297526443
VPS13A,2.78420782627246e-10,-1.13066858376081,0.000220442112036108,0.988154009302967,0.999950297526443
MTHFS,2.78149507676207e-10,-1.13129852037959,0.000220012752634267,0.988165550412565,0.999950297526443
C7orf73,2.78066907639425e-10,-1.13149044605778,0.000219882100861766,0.988169064545392,0.999950297526443
FBRS,2.77794185648468e-10,-1.13212452013718,0.00021945100118277,0.988180667221046,0.999950297526443
AGO3,2.76382099416326e-10,-1.13541720454444,0.00021722564045685,0.988240743012433,0.999950297526443
MRPL39,2.76071717183178e-10,-1.13614311897676,0.000216738017554389,0.988253947921951,0.999950297526443
COA6,2.76064747201726e-10,-1.13615942921154,0.000216727073724952,0.988254244453054,0.999950297526443
C18orf21,2.75880595946409e-10,-1.13659049933749,0.000216438031014807,0.988262078990247,0.999950297526443
SENP2,2.755348540897e-10,-1.13740057673892,0.000215895877654661,0.98827678824647,0.999950297526443
RP11-452F19.3,2.74457731545516e-10,-1.13993057111749,0.000214211213969992,0.988322613419221,0.999950297526443
PSTPIP1,2.74250249929149e-10,-1.14041901028941,0.000213887462190927,0.988331440535258,0.999950297526443
TM2D3,2.73806130676947e-10,-1.14146572166419,0.000213195286884499,0.988350335188376,0.999950297526443
RFWD2,2.72775905561924e-10,-1.14390008420388,0.000211593964588104,0.988394165212068,0.999950297526443
FBXW11,2.72554242862217e-10,-1.14442501644168,0.000211250214047348,0.988403595661744,0.999950297526443
DAPK3,2.72450207714392e-10,-1.14467152970323,0.000211088974562893,0.988408021748547,0.999950297526443
SLC25A32,2.72003492817787e-10,-1.1457310593514,0.000210397330501141,0.988427026857605,0.999950297526443
MAP7D1,2.71960592944089e-10,-1.14583289843096,0.000210330968800943,0.988428851996948,0.999950297526443
PHAX,2.71462101784131e-10,-1.14701739016073,0.00020956062162234,0.98845005989198,0.999950297526443
C19orf52,2.7135175997523e-10,-1.14727986210315,0.000209390295094821,0.988454754294287,0.999950297526443
WDR73,2.70860280993601e-10,-1.14845020005454,0.000208632476301954,0.988475663871748,0.999950297526443
PTP4A2,2.70424116599567e-10,-1.149490531885,0.000207961098494146,0.988494220141257,0.999950297526443
DIS3,2.70394051537275e-10,-1.14956230200919,0.000207914859897543,0.988495499235806,0.999950297526443
TMEM80,2.70015254472567e-10,-1.15046720957937,0.000207332728950681,0.988511614863041,0.999950297526443
DUSP11,2.69356497092666e-10,-1.15204382627364,0.000206322301923118,0.988539641195843,0.999950297526443
CTD-3252C9.4,2.69282839299844e-10,-1.15222034338456,0.000206209476224636,0.98854277491162,0.999950297526443
NOM1,2.69133717435738e-10,-1.1525778485061,0.000205981152524549,0.988549119190483,0.999950297526443
SMIM19,2.68142984300351e-10,-1.15495788422022,0.000204467431091491,0.988591269213662,0.999950297526443
TPP1,2.67960870122766e-10,-1.15539629686478,0.00020418978986766,0.988599017132823,0.999950297526443
VAMP4,2.67868729211444e-10,-1.15561822153449,0.000204049388781597,0.988602937203277,0.999950297526443
NSMCE1,2.67575387640558e-10,-1.15632523451884,0.000203602726759199,0.988615417216524,0.999950297526443
GALNT10,2.67407737340154e-10,-1.1567296408293,0.00020334767067801,0.988622549783281,0.999950297526443
SP3,2.67005226156141e-10,-1.15770157552881,0.00020273595980513,0.988639674348555,0.999950297526443
C1orf35,2.66939056922214e-10,-1.15786148777221,0.000202635488206842,0.988642489474227,0.999950297526443
FBXO11,2.66401292086812e-10,-1.15916252867624,0.000201819867760319,0.988665368323663,0.999950297526443
NFYB,2.66027604795641e-10,-1.16006809731564,0.000201254070018554,0.988681266607931,0.999950297526443
GATAD2A,2.65394689863549e-10,-1.16160465582074,0.000200297588956196,0.98870819357488,0.999950297526443
C16orf72,2.63928077790796e-10,-1.16517881318992,0.00019808995485605,0.988770589710698,0.999950297526443
GRHPR,2.63914030567354e-10,-1.16521313878884,0.000198068869264624,0.988771187341773,0.999950297526443
HUWE1,2.61959741541861e-10,-1.17000582634148,0.00019514632183731,0.988854331510198,0.999950297526443
SRSF1,2.61786064611071e-10,-1.17043341340503,0.00019488764713523,0.98886172050705,0.999950297526443
ITFG2,2.61454925197014e-10,-1.17124942476901,0.000194394922929612,0.988875808667961,0.999950297526443
B3GNT2,2.60755754696132e-10,-1.17297562855854,0.000193356629491385,0.988905554538957,0.999950297526443
ZNF524,2.60666911011614e-10,-1.17319529625028,0.000193224892503171,0.988909334351675,0.999950297526443
ADNP,2.5976802218181e-10,-1.17542187548721,0.000191894549324388,0.988947577167602,0.999950297526443
PRKCSH,2.59703065588526e-10,-1.17558306227549,0.000191798592496159,0.988950340717268,0.999950297526443
CXorf21,2.59567926000078e-10,-1.1759185292375,0.000191599035059176,0.988956090171992,0.999950297526443
WDR77,2.59456202588729e-10,-1.17619599538701,0.000191434134169271,0.98896084339613,0.999950297526443
KRIT1,2.59380583524911e-10,-1.17638386127775,0.000191322562656827,0.988964060576664,0.999950297526443
RAB3GAP1,2.58932464272364e-10,-1.17749823862753,0.000190662056290244,0.988983125621138,0.999950297526443
C6orf47,2.58284164340904e-10,-1.17911371065354,0.000189708514528735,0.989010707279241,0.999950297526443
BCL7C,2.58160948738946e-10,-1.17942118763517,0.000189527555132415,0.989015949438626,0.999950297526443
FAM32A,2.57660596317755e-10,-1.18067123874028,0.000188793604672223,0.989037236740711,0.999950297526443
CMB9-22P13.1,2.57653306144515e-10,-1.18068946933497,0.000188782921481751,0.989037546898397,0.999950297526443
MRPS23,2.55630540823911e-10,-1.1857670831018,0.000185830391203836,0.989123604753934,0.999950297526443
KDM2A,2.54138208188067e-10,-1.18953802393667,0.000183667024665508,0.989187095614331,0.999950297526443
BANP,2.5406890912895e-10,-1.18971365123972,0.000183566872730501,0.989190043924426,0.999950297526443
ACTR6,2.53607539793759e-10,-1.19088409350878,0.000182900791790686,0.989209672764219,0.999950297526443
UQCRFS1,2.52933537612949e-10,-1.19259764856724,0.000181929908034484,0.989238348025517,0.999950297526443
CBLB,2.52561219537359e-10,-1.19354609885047,0.000181394700719875,0.989254188214803,0.999950297526443
BCL3,2.52464150717982e-10,-1.19379359488265,0.000181255293840174,0.989258317986717,0.999950297526443
TCEAL1,2.51422898820061e-10,-1.19645424397117,0.000179763254527716,0.989302617841467,0.999950297526443
B3GALT4,2.5107725217931e-10,-1.19733979804179,0.000179269330901581,0.989317323316299,0.999950297526443
TARSL2,2.50714786413656e-10,-1.19826970367523,0.000178752102904988,0.989332744361706,0.999950297526443
IP6K1,2.50696339154047e-10,-1.19831706468229,0.000178725799190056,0.989333529197389,0.999950297526443
ZNF766,2.50035163832658e-10,-1.20001676590192,0.000177784315471684,0.98936165880154,0.999950297526443
PLCG2,2.49459435533941e-10,-1.20150033142576,0.000176966529536126,0.989386153085794,0.999950297526443
LYRM9,2.49369909999831e-10,-1.20173132116306,0.000176839533496186,0.989389961938691,0.999950297526443
EIF3A,2.49002380006851e-10,-1.2026804421676,0.000176318653190892,0.989405598459814,0.999950297526443
BAG6,2.48790912536608e-10,-1.20322715335618,0.000176019300012356,0.989414595320768,0.999950297526443
TMEM69,2.48309917610972e-10,-1.20447234599916,0.000175339351157662,0.989435059203559,0.999950297526443
CFDP1,2.4796008958509e-10,-1.20537943398984,0.000174845650288779,0.989449942607598,0.999950297526443
CECR1,2.47695586205986e-10,-1.20606609675211,0.000174472827396065,0.98946119588413,0.999950297526443
DTD1,2.47332007812993e-10,-1.20701111479621,0.000173961005646023,0.989476664303157,0.999950297526443
BAX,2.46376335151891e-10,-1.20950149980766,0.000172619257845455,0.989517323353069,0.999950297526443
PPA2,2.46158034277257e-10,-1.21007167316322,0.000172313496007347,0.989526610957678,0.999950297526443
PRKAG1,2.45769303544343e-10,-1.21108819237051,0.000171769693633763,0.989543149499356,0.999950297526443
PEBP1,2.4533295237604e-10,-1.21223108169449,0.000171160298003584,0.989561714056909,0.999950297526443
DIS3L2,2.45088179737617e-10,-1.21287304566449,0.000170818929610195,0.989572127909657,0.999950297526443
SLC35E2B,2.45055008874536e-10,-1.2129600901699,0.000170772694594764,0.989573539164278,0.999950297526443
STK24,2.44421831652588e-10,-1.21462380332708,0.000169891344014785,0.989600477700236,0.999950297526443
ACTL6A,2.44118642543091e-10,-1.21542192031649,0.000169470127480447,0.989613376890391,0.999950297526443
TRIM11,2.44073500503373e-10,-1.21554083406416,0.000169407456970633,0.989615297460116,0.999950297526443
UNK,2.43828281785847e-10,-1.21618716224292,0.00016906722330452,0.989625730300442,0.999950297526443
GZMM,2.43822432751685e-10,-1.21620258630037,0.000169059112119905,0.98962597914786,0.999950297526443
ATG101,2.43263736773483e-10,-1.21767752554723,0.00016828523393064,0.989649748897729,0.999950297526443
NXF1,2.43192508052644e-10,-1.21786580121324,0.000168186699005362,0.989652779328076,0.999950297526443
WDR6,2.42870002054845e-10,-1.21871893114979,0.000167740918384612,0.989666500367627,0.999950297526443
ASXL1,2.42367476121308e-10,-1.22005044496126,0.00016704748606494,0.989687880373644,0.999950297526443
RP9,2.42361705099847e-10,-1.22006575152122,0.000167039531011191,0.989688125902256,0.999950297526443
C19orf60,2.4206797296842e-10,-1.2208452847421,0.000166634886678634,0.98970062276275,0.999950297526443
PIGS,2.41378423823174e-10,-1.22267885464785,0.000165686894365926,0.989729959704353,0.999950297526443
ZNF226,2.41243076538631e-10,-1.22303934610598,0.000165501136387566,0.989735718070577,0.999950297526443
IFIT3,2.40865607048311e-10,-1.22404574814543,0.00016498362719082,0.989751777557497,0.999950297526443
AKAP8,2.39958317544162e-10,-1.22647096594066,0.000163743051636063,0.989790378320486,0.999950297526443
CLPX,2.39914357207973e-10,-1.22658869745029,0.000163683061715166,0.989792248619946,0.999950297526443
UMAD1,2.39440476631938e-10,-1.22785913061066,0.000163037084377326,0.989812409947604,0.999950297526443
BOP1,2.39316293448432e-10,-1.22819245503465,0.000162868013432024,0.989817693342808,0.999950297526443
SAR1A,2.39313307733562e-10,-1.22820047114442,0.00016286394956818,0.989817820370573,0.999950297526443
SNX1,2.39290530096676e-10,-1.22826162818737,0.000162832948539451,0.989818789449158,0.999950297526443
DHRSX,2.38948069082591e-10,-1.22918179795611,0.000162367204798247,0.989833359515305,0.999950297526443
TAP1,2.38609593672924e-10,-1.23009250608478,0.000161907536869309,0.989847760016519,0.999950297526443
TMEM60,2.38312206717038e-10,-1.23089368705093,0.000161504207029736,0.989860412404316,0.999950297526443
C20orf27,2.38186502146046e-10,-1.23123263305577,0.000161333871964223,0.989865760531316,0.999950297526443
UBL4A,2.37980053643654e-10,-1.23178966810448,0.000161054320424171,0.989874543926584,0.999950297526443
ABCF2,2.37461654970245e-10,-1.23319045234743,0.000160353426293859,0.989896599313366,0.999950297526443
MFSD11,2.3728777179104e-10,-1.2336609674324,0.000160118672140591,0.989903997213603,0.999950297526443
ITPA,2.37216624412514e-10,-1.23385358262857,0.000160022667902182,0.989907024195595,0.999950297526443
RABL6,2.37039311089105e-10,-1.23433385968876,0.000159783531655615,0.98991456803337,0.999950297526443
POLE4,2.36759080749548e-10,-1.23509360652946,0.00015940595946571,0.989926490502063,0.999950297526443
CREBZF,2.36434011340172e-10,-1.23597600335448,0.00015896853228901,0.989940320662824,0.999950297526443
NUPL2,2.35786631898439e-10,-1.23773678853329,0.000158099181333702,0.989967863594948,0.999950297526443
USP14,2.35763336264314e-10,-1.23780023618022,0.000158067942592865,0.989968854714178,0.999950297526443
OTUD5,2.35411708551499e-10,-1.23875865747469,0.000157596795365403,0.989983814814853,0.999950297526443
NAGPA,2.35274783272188e-10,-1.23913224325511,0.000157413518928242,0.989989640340612,0.999950297526443
GPN1,2.34557094184254e-10,-1.24109380772116,0.000156454626065062,0.990020174639931,0.999950297526443
RHOT1,2.34224850059195e-10,-1.24200384241295,0.000156011712022679,0.990034310071675,0.999950297526443
PNO1,2.34183950918111e-10,-1.24211595320816,0.000155957232850783,0.990036050138829,0.999950297526443
UCHL5,2.34142345815257e-10,-1.24223001847945,0.000155901823073088,0.990037820241403,0.999950297526443
AAMP,2.3326931308317e-10,-1.24462804813101,0.000154741386704679,0.990074963712997,0.999950297526443
FAM177B,2.32900261428963e-10,-1.24564434934904,0.000154252146268374,0.990090665146382,0.999950297526443
MKLN1,2.3239056645415e-10,-1.24705050690132,0.000153577732998726,0.990112350305983,0.999950297526443
ZC3H7A,2.31634348477606e-10,-1.24914225321982,0.000152579850145105,0.990144523890541,0.999950297526443
CPSF4,2.31345852349175e-10,-1.24994198313529,0.00015220001628961,0.990156798073471,0.999950297526443
DOHH,2.31238494935264e-10,-1.2502398297741,0.000152058790426344,0.990161365638089,0.999950297526443
BCL2L13,2.31148740803371e-10,-1.25048894092392,0.000151940771529445,0.990165184264199,0.999950297526443
EEA1,2.30670499716586e-10,-1.25181786218721,0.000151312698461848,0.990185531229878,0.999950297526443
CRYL1,2.3018328124704e-10,-1.25317445781006,0.00015067417308566,0.9902062601486,0.999950297526443
RGS16,2.3002963294088e-10,-1.25360284420803,0.000150473088934693,0.990212797183047,0.999950297526443
BACH1,2.29959480331829e-10,-1.25379852803087,0.000150381322756648,0.990215781856727,0.999950297526443
UBN1,2.29133308077738e-10,-1.25610738485523,0.000149302717978325,0.990250931729806,0.999950297526443
GOSR1,2.26776176436547e-10,-1.26273901569405,0.000146246715315533,0.990351217067816,0.999950297526443
KLHL18,2.26384438869825e-10,-1.26384756429987,0.000145741892885925,0.990367883752241,0.999950297526443
RSPRY1,2.26003485887272e-10,-1.26492736561795,0.000145251805363355,0.990384091604792,0.999950297526443
ZBED1,2.25946580718204e-10,-1.26508881212412,0.000145178668987438,0.990386512666608,0.999950297526443
ARPP19,2.25447334975347e-10,-1.26650690893704,0.000144537811688952,0.990407753355988,0.999950297526443
MYO1C,2.25401531104187e-10,-1.26663716510258,0.000144479086499085,0.990409702107647,0.999950297526443
ARHGDIA,2.25261393431871e-10,-1.26703584409577,0.000144299489947421,0.990415664344699,0.999950297526443
HDAC5,2.25108084194145e-10,-1.26747226837234,0.000144103141018,0.990422186974113,0.999950297526443
DYNC1LI1,2.24805140352599e-10,-1.26833549772204,0.000143715542461864,0.990435075895416,0.999950297526443
SLC5A3,2.24202696180029e-10,-1.27005547465412,0.000142946302226457,0.990460707239286,0.999950297526443
RERE,2.24174041099869e-10,-1.270137395572,0.000142909764967473,0.990461926386876,0.999950297526443
PSEN1,2.2379466262333e-10,-1.27122293680885,0.000142426470720094,0.990478067274039,0.999950297526443
PSMA5,2.2307489192514e-10,-1.27328733932955,0.000141511797017545,0.990508690365232,0.999950297526443
UBE2B,2.22507597236923e-10,-1.27491893973864,0.000140792963869407,0.990532826279778,0.999950297526443
KAT7,2.21988518834495e-10,-1.27641537464971,0.00014013683039753,0.990554910809265,0.999950297526443
ADSL,2.21363730525865e-10,-1.278221027838,0.000139349108217975,0.990581492845316,0.999950297526443
HTRA2,2.20885189387473e-10,-1.27960734176081,0.000138747273381427,0.990601852704864,0.999950297526443
CNIH1,2.20859343047402e-10,-1.27968229975345,0.000138714804935608,0.990602952355228,0.999950297526443
GRIPAP1,2.20593594676778e-10,-1.28045349690419,0.000138381189385595,0.990614258803974,0.999950297526443
ZNF138,2.20476747297795e-10,-1.28079286887667,0.000138234628495141,0.990619230157352,0.999950297526443
TMEM57,2.19925368555651e-10,-1.28239663351485,0.00013754408557243,0.990642688956089,0.999950297526443
ANAPC5,2.19702927889073e-10,-1.28304472949971,0.000137265991911661,0.990652152853937,0.999950297526443
TRPM7,2.1830143254807e-10,-1.28714265665367,0.000135520325097488,0.990711780509539,0.999950297526443
GLRX3,2.18149171171241e-10,-1.28758938712462,0.000135331344980005,0.990718258585534,0.999950297526443
MFSD14A,2.17737696342815e-10,-1.28879814457542,0.000134821300183781,0.990735765097889,0.999950297526443
PHACTR4,2.17607753108252e-10,-1.28918032522852,0.000134660428745078,0.990741293633453,0.999950297526443
PUM2,2.16885483478051e-10,-1.29130862776901,0.000133767999819777,0.990772023162412,0.999950297526443
UBE2J2,2.1656376390334e-10,-1.29225883037988,0.000133371441557694,0.990785710978928,0.999950297526443
MAP4,2.16204977477341e-10,-1.29332011328531,0.000132929888240411,0.990800975837464,0.999950297526443
OCEL1,2.16131440420984e-10,-1.29353784358476,0.000132839477645964,0.990804104531389,0.999950297526443
TFDP1,2.15283046930762e-10,-1.29605495425305,0.000131798639222908,0.990840200133283,0.999950297526443
TRAPPC4,2.1485870551795e-10,-1.29731752093029,0.000131279578363315,0.990858254096275,0.999950297526443
ZFP36,2.14161909784076e-10,-1.29939594871878,0.000130429468788014,0.990887899868098,0.999950297526443
ACYP1,2.12734863832871e-10,-1.30367297468658,0.000128697053156401,0.990948614800644,0.999950297526443
LRRC47,2.12096366163511e-10,-1.30559557204193,0.000127925675571557,0.990975780265879,0.999950297526443
CPTP,2.11982745033604e-10,-1.30593828309452,0.000127788651380038,0.990980614381496,0.999950297526443
USP11,2.10409309958439e-10,-1.31070242853518,0.000125898677372394,0.991047557659872,0.999950297526443
RIOK3,2.10016088133249e-10,-1.31189840249509,0.000125428547527281,0.991064287662933,0.999950297526443
COPS8,2.09940450544938e-10,-1.31212869925639,0.000125338217262336,0.991067505737771,0.999950297526443
ICT1,2.09145557729782e-10,-1.31455377955059,0.00012439088354134,0.9911013252353,0.999950297526443
CMTR2,2.09031462115033e-10,-1.31490259294303,0.000124255202121556,0.99110617954689,0.999950297526443
GPATCH2L,2.08841063851401e-10,-1.31548508701747,0.000124028947184159,0.991114280231421,0.999950297526443
USP22,2.07625162433395e-10,-1.31921704178375,0.000122588924225974,0.991166011994762,0.999950297526443
CIAPIN1,2.07358499647745e-10,-1.32003831788584,0.000122274232971325,0.991177357439353,0.999950297526443
SMARCC2,2.06675860240585e-10,-1.32214536975294,0.000121470486641524,0.991206401048557,0.999950297526443
COL9A3,2.06109789191282e-10,-1.32389770257623,0.000120805999168091,0.991230485143615,0.999950297526443
YY1AP1,2.04911690455126e-10,-1.32762186388891,0.000119405611131832,0.991281459555376,0.999950297526443
XIAP,2.0472345397687e-10,-1.32820888000743,0.000119186334545234,0.991289468283992,0.999950297526443
IMMT,2.04506116925351e-10,-1.32888729252947,0.000118933409379821,0.99129871512969,0.999950297526443
KAT6B,2.02393721698681e-10,-1.33551745362793,0.000116489112470982,0.991388589386155,0.999950297526443
ZNF330,2.02245231921446e-10,-1.33598601834049,0.00011631824652784,0.991394907056667,0.999950297526443
STX16,2.02207416392004e-10,-1.33610539944395,0.000116274752549673,0.991396515962495,0.999950297526443
C18orf32,2.01698071276109e-10,-1.3377154641566,0.000115689715778824,0.991418186648229,0.999950297526443
FAM53C,2.00514535790125e-10,-1.34147183210034,0.000114335997707486,0.991468541578924,0.999950297526443
HDHD3,2.00267211537596e-10,-1.34225949662832,0.00011405411664288,0.991479064288916,0.999950297526443
IL4R,1.99945293187884e-10,-1.34328612710266,0.000113687740108488,0.991492760697373,0.999950297526443
ZFAND3,1.99535180356117e-10,-1.34459632436181,0.000113221842825907,0.991510209451168,0.999950297526443
TTC32,1.99499609735722e-10,-1.34471008472752,0.000113181478893993,0.991511722847063,0.999950297526443
LCMT1,1.99486439675306e-10,-1.34475220957474,0.000113166535930291,0.991512283183527,0.999950297526443
PURB,1.98861118310635e-10,-1.34675540476723,0.000112458171591114,0.991538888257046,0.999950297526443
UFL1,1.98754961731144e-10,-1.34709607520521,0.000112338138187913,0.991543404821402,0.999950297526443
ZC3H14,1.97755972730036e-10,-1.35031056379365,0.000111211700588536,0.991585908070309,0.999950297526443
RIN3,1.97735605425856e-10,-1.35037626287077,0.000111188793913605,0.991586774623241,0.999950297526443
PARP9,1.96215577333488e-10,-1.35529790158937,0.000109485909044496,0.991651446184932,0.999950297526443
VEZT,1.96028097591981e-10,-1.35590747380246,0.000109276786160939,0.991659422756891,0.999950297526443
HIPK2,1.95750820167573e-10,-1.35681004332805,0.000108967865584194,0.991671219890794,0.999950297526443
HBB,1.95686972923237e-10,-1.35701804755735,0.000108896793970639,0.991673936356312,0.999950297526443
HIP1R,1.94735061884986e-10,-1.36012699005346,0.000107839923054118,0.991714436682807,0.999950297526443
STX10,1.9421821379196e-10,-1.36182114565861,0.000107268244875644,0.991736426684176,0.999950297526443
NR4A3,1.9401763202738e-10,-1.36247979297204,0.000107046793520413,0.991744960708412,0.999950297526443
PDS5B,1.93402033476944e-10,-1.36450532249664,0.000106368573643323,0.991771152192678,0.999950297526443
HUS1,1.91929715680349e-10,-1.36937501791184,0.0001047552272631,0.991833794007681,0.999950297526443
CCNT1,1.91520483132398e-10,-1.37073493844068,0.000104308985309316,0.991851205386398,0.999950297526443
RBBP7,1.91174508033045e-10,-1.37188683049445,0.000103932464586043,0.991865925390344,0.999950297526443
MMADHC,1.90926736549558e-10,-1.37271299566545,0.000103663236082752,0.991876467183121,0.999950297526443
CCDC159,1.90697853330697e-10,-1.37347709704989,0.000103414841816592,0.991886205348876,0.999950297526443
MDH2,1.90322239381843e-10,-1.37473295671917,0.00010300785451993,0.991902186387204,0.999950297526443
ILKAP,1.90048901900216e-10,-1.37564835625275,0.000102712190816918,0.991913815927457,0.999950297526443
LMF2,1.89215448106704e-10,-1.37844740855738,0.000101813283712088,0.991949276440515,0.999950297526443
PIGF,1.89111700758313e-10,-1.37879666102606,0.000101701665316235,0.991953690524607,0.999950297526443
AP3B1,1.89055753200617e-10,-1.37898507798402,0.000101641498567218,0.991956070896142,0.999950297526443
CUL4A,1.89015586345473e-10,-1.37912038268255,0.000101598313574611,0.991957779854407,0.999950297526443
IRF3,1.88058661188981e-10,-1.38235205379249,0.000100572198404222,0.99199849366152,0.999950297526443
C22orf39,1.88002607797545e-10,-1.38254184409965,0.000100512253569817,0.992000878537255,0.999950297526443
NEDD9,1.87266752188754e-10,-1.38503842669199,9.9726969161832e-05,0.992032186626063,0.999950297526443
APOPT1,1.87136974514814e-10,-1.38547971010572,9.95887935449188e-05,0.992037708214579,0.999950297526443
CAMK2D,1.86442547397726e-10,-1.38784598633049,9.88510575104009e-05,0.992067253678896,0.999950297526443
ZBTB1,1.86373595821364e-10,-1.3880814029191,9.87779553566789e-05,0.992070187329817,0.999950297526443
IFRD2,1.85990810158392e-10,-1.38938984705637,9.83726194410116e-05,0.992086473536839,0.999950297526443
CSAD,1.84587122491851e-10,-1.39421022379356,9.68933703820451e-05,0.992146195623961,0.999950297526443
SERTAD2,1.84312279355626e-10,-1.39515818402106,9.66050441807736e-05,0.992157889260204,0.999950297526443
PPP1R35,1.84276430617755e-10,-1.39528192997845,9.65674684736655e-05,0.992159414501621,0.999950297526443
TMEM2,1.84149973112627e-10,-1.39571863258063,9.64349773999192e-05,0.992164794836997,0.999950297526443
SLC35E3,1.8399876236539e-10,-1.39624119577243,9.62766714507209e-05,0.992171228338835,0.999950297526443
CSTF3,1.82763633945519e-10,-1.40052516145274,9.49884569606116e-05,0.992223778861738,0.999950297526443
MPHOSPH6,1.82544259201896e-10,-1.40128896047125,9.47605608329857e-05,0.992233112516174,0.999950297526443
SPOP,1.82512699854735e-10,-1.40139891357802,9.4727798116319e-05,0.992234455259896,0.999950297526443
PRPF38A,1.82028984283787e-10,-1.40308647622372,9.42263470873738e-05,0.992255035727853,0.999950297526443
RCE1,1.81530180632429e-10,-1.4048312012503,9.3710648449113e-05,0.992276258148198,0.999950297526443
ZMYM5,1.81384793181867e-10,-1.40534060831656,9.35606029156166e-05,0.992282443897027,0.999950297526443
DNAJB12,1.80913023651074e-10,-1.40699629896599,9.307454628827e-05,0.992302516112857,0.999950297526443
C12orf76,1.8078165837241e-10,-1.40745806900891,9.29394280486867e-05,0.992308105267017,0.999950297526443
EIF2B4,1.80626008800074e-10,-1.40800562022784,9.27794587808833e-05,0.992314727637309,0.999950297526443
TIMM22,1.80008561204444e-10,-1.41018218666522,9.21462328040544e-05,0.992340997978845,0.999950297526443
ZNF267,1.79291643741235e-10,-1.41271842335247,9.14137155009762e-05,0.992371500442821,0.999950297526443
BROX,1.78923707323381e-10,-1.41402386154504,9.103890803553e-05,0.992387154923306,0.999950297526443
TMEM126A,1.77305641715703e-10,-1.41979557807702,8.93997641133545e-05,0.992455998310418,0.999950297526443
LRRFIP2,1.77290042913676e-10,-1.41985146595397,8.93840345757607e-05,0.992456661988581,0.999950297526443
FAM134A,1.77162726000576e-10,-1.42030779792488,8.9255702346915e-05,0.992462078908284,0.999950297526443
ANKRA2,1.76959394841545e-10,-1.42103723638741,8.90509408686493e-05,0.992470729987127,0.999950297526443
AIMP1,1.76031862240982e-10,-1.4243749653952,8.81198664482974e-05,0.99251019349078,0.999950297526443
EXOSC9,1.75884689592509e-10,-1.42490612123338,8.79725816031359e-05,0.992516455211297,0.999950297526443
RARRES3,1.75635676877333e-10,-1.42580579905679,8.77236596043674e-05,0.992527049898546,0.999950297526443
PRPF4,1.75601122219044e-10,-1.42593074126493,8.76891453991749e-05,0.992528520087822,0.999950297526443
RAB14,1.7523858530084e-10,-1.42724302438082,8.73274422896121e-05,0.992543944866088,0.999950297526443
NIT2,1.75163837935325e-10,-1.4275139138298,8.72529597879705e-05,0.992547125126103,0.999950297526443
MAD2L2,1.75100127668367e-10,-1.42774489189236,8.71895003606325e-05,0.992549835793163,0.999950297526443
LINC01420,1.74898407894834e-10,-1.42847674939917,8.69887270581849e-05,0.992558418321657,0.999950297526443
SLC25A24,1.74758036193664e-10,-1.42898650984735,8.6849150539085e-05,0.992564390687214,0.999950297526443
FAM217B,1.74650916163833e-10,-1.42937578175204,8.67427127177458e-05,0.992568948301111,0.999950297526443
VTA1,1.74648140665802e-10,-1.42938587090496,8.67399557632367e-05,0.992569066389659,0.999950297526443
TRADD,1.74290603868514e-10,-1.43068683658303,8.63851740691238e-05,0.992584278436077,0.999950297526443
PARL,1.73280863202793e-10,-1.43437488122802,8.53871403196091e-05,0.992627239684239,0.999950297526443
SUPT6H,1.73132470817172e-10,-1.43491862111342,8.5240957114176e-05,0.992633553309255,0.999950297526443
ATF6,1.7297132298623e-10,-1.43550960755307,8.50823502102621e-05,0.992640409638506,0.999950297526443
REV1,1.72296578942282e-10,-1.43798989954915,8.44198492243901e-05,0.992669117864043,0.999950297526443
SLC7A6OS,1.72287984872004e-10,-1.43802155072078,8.44114277916781e-05,0.99266948351462,0.999950297526443
NFATC2,1.72137892675961e-10,-1.43857457151764,8.4264418376802e-05,0.992675869464291,0.999950297526443
PDHA1,1.72008438821971e-10,-1.43905192219738,8.41377263183897e-05,0.992681377317961,0.999950297526443
CENPH,1.71742410900204e-10,-1.44003396454172,8.38776730804511e-05,0.992692695969061,0.999950297526443
SAMD4B,1.71671691554756e-10,-1.4402952712822,8.38086097334676e-05,0.992695704854962,0.999950297526443
PAFAH1B2,1.71334188764374e-10,-1.44154376622022,8.34794018726635e-05,0.99271006453946,0.999950297526443
ACD,1.71242472467562e-10,-1.44188345321113,8.33900516689583e-05,0.992713966780452,0.999950297526443
RELT,1.70705704895536e-10,-1.44387497996935,8.28680909418711e-05,0.99273680456191,0.999950297526443
FXN,1.69163790573779e-10,-1.44962951145147,8.13778252872674e-05,0.992802408227023,0.999950297526443
NTPCR,1.69162256253133e-10,-1.44963526273272,8.13763490953374e-05,0.992802473507626,0.999950297526443
CS,1.69057604715458e-10,-1.45002765934203,8.12756939491128e-05,0.992806926107272,0.999950297526443
XRN1,1.68944058706966e-10,-1.45045367063771,8.116655444579e-05,0.992811757139428,0.999950297526443
GMCL1,1.68161451372863e-10,-1.45339743474673,8.04163130416163e-05,0.992845054672824,0.999950297526443
UBR4,1.6812239227688e-10,-1.45354469992906,8.03789605606147e-05,0.992846716517471,0.999950297526443
SLC35C2,1.67855770083888e-10,-1.4545508301674,8.01242197009501e-05,0.992858060474246,0.999950297526443
MTRF1L,1.67836691778325e-10,-1.45462288332666,8.01060070714502e-05,0.992858872197704,0.999950297526443
TMEM159,1.67326819909905e-10,-1.45655144441715,7.96200375342694e-05,0.992880565686515,0.999950297526443
PRKRA,1.67247288927422e-10,-1.45685277534891,7.95443681951651e-05,0.992883949487089,0.999950297526443
ZBTB10,1.66766337562525e-10,-1.45867797027145,7.90875360982051e-05,0.992904412502511,0.999950297526443
TBC1D9B,1.66246356378007e-10,-1.46065698755394,7.85951115660647e-05,0.99292653612311,0.999950297526443
FAM104B,1.66097467100415e-10,-1.46122474787466,7.84543959494337e-05,0.992932870910806,0.999950297526443
DIDO1,1.66087094649593e-10,-1.46126431943916,7.84445976187425e-05,0.992933312227181,0.999950297526443
MRFAP1,1.65663888582982e-10,-1.46288090834169,7.8045338019235e-05,0.992951318365717,0.999950297526443
SCAMP4,1.65597224889395e-10,-1.46313591658199,7.79825392556166e-05,0.992954154704643,0.999950297526443
LARS,1.6464095383869e-10,-1.46680484362022,7.70844912504973e-05,0.992994841160966,0.999950297526443
BAK1,1.63104834588206e-10,-1.47274160869247,7.56527869981888e-05,0.99306019845184,0.999950297526443
GNL1,1.62671754158627e-10,-1.47442509048763,7.52515696586514e-05,0.993078624740394,0.999950297526443
SUCLG1,1.62391878378309e-10,-1.47551532603268,7.49928526595516e-05,0.993090532627212,0.999950297526443
RP3-395M20.12,1.61894403883074e-10,-1.47745767077469,7.4534087253971e-05,0.993111698699674,0.999950297526443
CCDC82,1.61117917049043e-10,-1.48050089899384,7.38208328726357e-05,0.993144735933882,0.999950297526443
TCTN3,1.60425373525227e-10,-1.48322706110588,7.31875790971267e-05,0.993174201636705,0.999950297526443
SREBF2,1.60122370444781e-10,-1.48442337910728,7.29113744178388e-05,0.993187093535112,0.999950297526443
TOR3A,1.60020534349032e-10,-1.48482593778515,7.28186622181275e-05,0.993191426364732,0.999950297526443
WDR70,1.59640899805495e-10,-1.48632881025297,7.24735604139755e-05,0.99320757871192,0.999950297526443
KHSRP,1.59225478191478e-10,-1.48797729870755,7.20968660860458e-05,0.993225253698204,0.999950297526443
SMS,1.59090394275224e-10,-1.48851423424077,7.19745867136167e-05,0.993231001128246,0.999950297526443
FAM110A,1.59084129233867e-10,-1.48853914735249,7.19689180510209e-05,0.993231267687649,0.999950297526443
MIDN,1.58923664675468e-10,-1.48917756101506,7.18238044388248e-05,0.993238094991103,0.999950297526443
TMBIM4,1.57954690707768e-10,-1.49304588474818,7.09506401841544e-05,0.993279322045025,0.999950297526443
ARF5,1.57778109373595e-10,-1.49375328841574,7.07920940129704e-05,0.993286835074584,0.999950297526443
CTA-384D8.34,1.57428750862118e-10,-1.4951551026512,7.04789398041823e-05,0.993301699279487,0.999950297526443
PDCL,1.56241268425881e-10,-1.49994239589954,6.94197068863141e-05,0.993352223276276,0.999950297526443
DNAJA2,1.55999535622977e-10,-1.50092121956125,6.92050639959686e-05,0.993362508322076,0.999950297526443
RREB1,1.55057074111488e-10,-1.50475141661896,6.83713937126092e-05,0.993402607399389,0.999950297526443
UBE2V2,1.54271693013268e-10,-1.50796037933538,6.76805305776205e-05,0.993436023161194,0.999950297526443
MTHFD2L,1.5419991545953e-10,-1.50825443617043,6.7617566171059e-05,0.99343907709526,0.999950297526443
ACLY,1.5418714400141e-10,-1.50830677182082,6.7606365916512e-05,0.993439620485076,0.999950297526443
RNF220,1.54048529105228e-10,-1.50887506469217,6.74848637373652e-05,0.993445518161346,0.999950297526443
TFDP2,1.53839216323125e-10,-1.50973413741314,6.73015987855099e-05,0.99345442383567,0.999950297526443
WDR61,1.53769419768509e-10,-1.5100208501618,6.72405434288524e-05,0.993457393484327,0.999950297526443
ADCK3,1.53175890170348e-10,-1.51246404310336,6.67224660300293e-05,0.993482646516362,0.999950297526443
RANBP3,1.52628408568986e-10,-1.51472577296558,6.62463592365104e-05,0.993505940340119,0.999950297526443
TBC1D5,1.52267317689904e-10,-1.51622176944048,6.59332765015893e-05,0.993521303758607,0.999950297526443
NFKBIL1,1.52125744794051e-10,-1.51680923624913,6.58107285294596e-05,0.993527327294533,0.999950297526443
AGO2,1.51839678170139e-10,-1.51799789677943,6.55634521472786e-05,0.993539498640856,0.999950297526443
VRK2,1.51376839025899e-10,-1.51992565031593,6.51643590645457e-05,0.993559191173841,0.999950297526443
JARID2,1.50926555673367e-10,-1.52180655726017,6.47772617321411e-05,0.993578349496178,0.999950297526443
FAM103A1,1.50257226665296e-10,-1.52461245334388,6.42039874043515e-05,0.993606827617549,0.999950297526443
HMOX2,1.49037511609335e-10,-1.52975668451449,6.31658646029615e-05,0.993658723183086,0.999950297526443
MAFG,1.48776906062694e-10,-1.53086105562125,6.29451553010371e-05,0.993669811245344,0.999950297526443
MAPK1,1.48406544039452e-10,-1.53243374878232,6.26321567466867e-05,0.993685569151391,0.999950297526443
RALB,1.48393151970018e-10,-1.53249068712915,6.26208535207773e-05,0.993686138947903,0.999950297526443
NRDC,1.48378009822995e-10,-1.53255507214197,6.26080744163522e-05,0.99368678320551,0.999950297526443
MUM1,1.48084476268867e-10,-1.53380443897878,6.23606065791249e-05,0.993699272269133,0.999950297526443
SLC39A10,1.47801960524686e-10,-1.5350091625976,6.21228902710036e-05,0.993711292556019,0.999950297526443
PPP1R3E,1.46964441555256e-10,-1.53859363157442,6.14208469752771e-05,0.993746926749366,0.999950297526443
ANKRD17,1.4685523810424e-10,-1.53906245511381,6.13296020946342e-05,0.993751573065212,0.999950297526443
CREBBP,1.46837526513566e-10,-1.53913852470651,6.13148095776112e-05,0.993752326646219,0.999950297526443
NT5C3B,1.46820581665931e-10,-1.53921130947308,6.13006591055503e-05,0.993753047604357,0.999950297526443
C7orf26,1.46486974359843e-10,-1.54064593174336,6.10223995623214e-05,0.993767241707783,0.999950297526443
PRR34-AS1,1.45074342824043e-10,-1.54675575495765,5.9851148320588e-05,0.993827345443615,0.999950297526443
PBDC1,1.44731527047461e-10,-1.54824710810135,5.95686217867988e-05,0.993841931353552,0.999950297526443
GBP4,1.43390376001115e-10,-1.55411436072491,5.84697545348752e-05,0.993898993824047,0.999950297526443
PRPS2,1.42853834547952e-10,-1.5564764126901,5.80330062016702e-05,0.993921822268812,0.999950297526443
FAM46C,1.41763744291626e-10,-1.56130178687296,5.71507079042836e-05,0.9939682027922,0.999950297526443
STX12,1.41130224195005e-10,-1.56412254145421,5.6641054009156e-05,0.993995157444539,0.999950297526443
RP11-108M9.4,1.40652436400191e-10,-1.56625796518453,5.62581934931646e-05,0.994015486092112,0.999950297526443
SQLE,1.40334934440841e-10,-1.56768087042533,5.60044911525866e-05,0.994028994989853,0.999950297526443
METTL12,1.40327797879712e-10,-1.56771288895169,5.59987952178778e-05,0.994029298632328,0.999950297526443
MED1,1.40050496922372e-10,-1.56895822758307,5.57776960935566e-05,0.994041097081506,0.999950297526443
MLXIP,1.39628884667984e-10,-1.57085621007657,5.54423718608212e-05,0.994059035611169,0.999950297526443
NIPAL3,1.39005202393821e-10,-1.57367399018914,5.49481875996622e-05,0.994085571712003,0.999950297526443
ATPAF1,1.38879542819991e-10,-1.5742431885969,5.48488870728975e-05,0.994090918209338,0.999950297526443
RBMXL1,1.37802756938873e-10,-1.57914110286433,5.40016557712892e-05,0.994136732738479,0.999950297526443
TMEM41B,1.37346862682166e-10,-1.58122590550479,5.36449383652336e-05,0.994156129897522,0.999950297526443
TMEM259,1.36664337902094e-10,-1.58435956521212,5.31131020329444e-05,0.994185169624294,0.999950297526443
UBLCP1,1.36011801400469e-10,-1.58736964944234,5.26071105459576e-05,0.994212933431829,0.999950297526443
TACC1,1.35737167597781e-10,-1.58864066290311,5.23948774258083e-05,0.994224618420163,0.999950297526443
C4orf27,1.35579279291704e-10,-1.58937249508218,5.22730577751206e-05,0.99423133617723,0.999950297526443
KCNAB2,1.35412793849929e-10,-1.59014506461294,5.21447585262657e-05,0.994238419721608,0.999950297526443
C14orf142,1.34990326494398e-10,-1.5921096173794,5.18198986170697e-05,0.994256394666254,0.999950297526443
PCMTD1,1.34490354364457e-10,-1.59444223787276,5.14367522645911e-05,0.994277667251776,0.999950297526443
FCMR,1.34450509745901e-10,-1.59462849170277,5.1406279087679e-05,0.994279362542559,0.999950297526443
RARA,1.34348791983611e-10,-1.59510421269335,5.13285262591152e-05,0.994283690383952,0.999950297526443
RPS6KB2,1.33386706312975e-10,-1.59962097959931,5.05960206297077e-05,0.994324624778696,0.999950297526443
ZCCHC8,1.33326416439609e-10,-1.59990506892555,5.05502928600562e-05,0.994327189966008,0.999950297526443
IVNS1ABP,1.32956385310945e-10,-1.60165138822632,5.0270089949783e-05,0.994342933890825,0.999950297526443
PITPNB,1.32912661124283e-10,-1.60185804827361,5.02370316296445e-05,0.994344794248801,0.999950297526443
COA4,1.32813655351826e-10,-1.60232623560315,5.01622170315297e-05,0.994349006704136,0.999950297526443
TMEM128,1.32783001144672e-10,-1.60247126402183,5.01390642083537e-05,0.994350310966286,0.999950297526443
RAB22A,1.32246748003913e-10,-1.60501355999494,4.97349019665852e-05,0.994373127238959,0.999950297526443
DDX23,1.32146134524949e-10,-1.60549165808468,4.96592540120874e-05,0.99437740809938,0.999950297526443
UBAP1,1.31853890820334e-10,-1.60688233863603,4.94398521058282e-05,0.994389842363789,0.999950297526443
CEP135,1.31829917627101e-10,-1.60699654982249,4.94218757932083e-05,0.994390862365372,0.999950297526443
TIMM23,1.31398815911023e-10,-1.60905378767941,4.90991718223629e-05,0.994409204705738,0.999950297526443
TLE1,1.31322802491295e-10,-1.60941720054602,4.90423811061937e-05,0.994412438894092,0.999950297526443
CAPRIN1,1.31306705215569e-10,-1.60949418603962,4.9030358817125e-05,0.994413123794505,0.999950297526443
BTBD7,1.30941119733961e-10,-1.61124505369502,4.87577172315582e-05,0.994428678579641,0.999950297526443
MAT2A,1.30916235943268e-10,-1.61136439840044,4.87391873526576e-05,0.994429737325311,0.999950297526443
STAMBP,1.30474682758582e-10,-1.6134857607555,4.84109675499582e-05,0.99444852435695,0.999950297526443
PHF20L1,1.28963979787046e-10,-1.62079626134054,4.72964034669497e-05,0.994512801177405,0.999950297526443
SIGMAR1,1.2857114698372e-10,-1.62271072899805,4.70087063676584e-05,0.994529515285263,0.999950297526443
UXS1,1.28446748022549e-10,-1.62331815958264,4.69177838653642e-05,0.994534808167715,0.999950297526443
COX20,1.28402635542687e-10,-1.6235336933632,4.68855634403856e-05,0.994536685049768,0.999950297526443
CYHR1,1.27917000527376e-10,-1.62591122823683,4.65315798466601e-05,0.994557347677122,0.999950297526443
STARD3,1.27650113609115e-10,-1.62722153259757,4.63376147803076e-05,0.994568703089148,0.999950297526443
SMIM7,1.2759776994343e-10,-1.62747882742842,4.62996205591202e-05,0.994570930189408,0.999950297526443
PIAS2,1.27397691709104e-10,-1.628463246924,4.615453520949e-05,0.994579443049607,0.999950297526443
SYVN1,1.26893110405215e-10,-1.6309524942743,4.57896526800407e-05,0.99460091180487,0.999950297526443
ATXN2,1.26864327239515e-10,-1.631094776977,4.57688821011104e-05,0.994602136461422,0.999950297526443
GINM1,1.26788743668598e-10,-1.63146855419292,4.57143617311478e-05,0.994605352366094,0.999950297526443
COMMD7,1.26539391061652e-10,-1.63270317893321,4.55347277057985e-05,0.994615961738621,0.999950297526443
SERPINB9,1.26187931375518e-10,-1.63444734853983,4.52821360635539e-05,0.994630915531112,0.999950297526443
CCDC14,1.26186373772849e-10,-1.63445508876482,4.52810181889694e-05,0.994630981803488,0.999950297526443
UBA3,1.26044598122355e-10,-1.63516000243318,4.51793251267008e-05,0.994637014028321,0.999950297526443
PEX16,1.25671585324047e-10,-1.63701828519284,4.49123159825267e-05,0.994652884858501,0.999950297526443
C7orf55,1.25593861963845e-10,-1.63740615690376,4.48567798538754e-05,0.994656191807635,0.999950297526443
TRMT2A,1.25439599765385e-10,-1.63817667348543,4.47466557481037e-05,0.994662755307506,0.999950297526443
EEF1E1,1.25179338528345e-10,-1.63947870796915,4.45611682518788e-05,0.994673828822204,0.999950297526443
PTGER4,1.2472804096511e-10,-1.64174264383231,4.42404428687471e-05,0.994693030493914,0.999950297526443
RNPEPL1,1.24674745833411e-10,-1.64201051910169,4.42026438866125e-05,0.9946952980792,0.999950297526443
MED13,1.24401982163398e-10,-1.64338322753718,4.40094421878773e-05,0.994706903546733,0.999950297526443
LARP1,1.24166563586791e-10,-1.64457032316927,4.38430326691822e-05,0.994716920067235,0.999950297526443
KIF20B,1.23815412141302e-10,-1.64634502997966,4.35954011968808e-05,0.994731860757422,0.999950297526443
SPATA20,1.23486475011602e-10,-1.64801186393726,4.33640713915408e-05,0.994745856280999,0.999950297526443
RAB18,1.22870394015279e-10,-1.65114527500463,4.29324591516286e-05,0.99477206912461,0.999950297526443
DCTN5,1.22585689845526e-10,-1.65259840035352,4.2733731229208e-05,0.994784182640685,0.999950297526443
TMEM218,1.22497942669102e-10,-1.65304691501234,4.26725752784227e-05,0.994787916084077,0.999950297526443
MNAT1,1.22000079257027e-10,-1.65559758158243,4.23264153243622e-05,0.994809099045524,0.999950297526443
RGP1,1.21886513538964e-10,-1.65618080674574,4.22476515641821e-05,0.994813931010325,0.999950297526443
COASY,1.21885913975702e-10,-1.65618388723426,4.22472359303807e-05,0.994813956520388,0.999950297526443
PRR7,1.21812704511221e-10,-1.6565601388181,4.2196500475239e-05,0.99481707141785,0.999950297526443
HNRNPH1,1.21371406706616e-10,-1.65883275590722,4.1891318958827e-05,0.994835847644992,0.999950297526443
SREK1IP1,1.21326424980969e-10,-1.65906485123713,4.1860273843884e-05,0.994837761516215,0.999950297526443
C16orf91,1.21305323474255e-10,-1.65917375867022,4.18457141461906e-05,0.99483865933786,0.999950297526443
PPP1R10,1.20750093891982e-10,-1.66204593371734,4.14635247201344e-05,0.994862283110001,0.999950297526443
DNAJA3,1.20380474234295e-10,-1.66396501013352,4.12100710447794e-05,0.994878009599075,0.999950297526443
HECA,1.19990879542459e-10,-1.66599394329949,4.09437613333749e-05,0.994894585983294,0.999950297526443
BACH2,1.19855262401184e-10,-1.66670169809058,4.08512620036048e-05,0.994900356190355,0.999950297526443
GAR1,1.19205186765786e-10,-1.67010502673907,4.04093224386988e-05,0.994928015463278,0.999950297526443
HIPK1,1.18973022210043e-10,-1.67132480156325,4.02520729630511e-05,0.994937893550414,0.999950297526443
KCTD5,1.18847112279403e-10,-1.67198728067884,4.01669199796242e-05,0.994943250739144,0.999950297526443
UBQLN2,1.1873693446279e-10,-1.67256753889358,4.00924806076297e-05,0.994947938561447,0.999950297526443
SPTAN1,1.1812012680967e-10,-1.67582559154861,3.96770223898745e-05,0.994974182365474,0.999950297526443
ZFR,1.17845157088073e-10,-1.67728329233282,3.94925105455065e-05,0.994985881721881,0.999950297526443
NAPG,1.17422567560566e-10,-1.679529962671,3.9209780250677e-05,0.995003861978199,0.999950297526443
NARF,1.17154395188633e-10,-1.68095972158025,3.90308883593789e-05,0.99501527212499,0.999950297526443
RASSF7,1.17102670214905e-10,-1.6812358550193,3.89964308216228e-05,0.995017472909397,0.999950297526443
RALGDS,1.1695735180917e-10,-1.68201226471349,3.88997057344762e-05,0.995023655889663,0.999950297526443
ASXL2,1.1689106204864e-10,-1.68236674705384,3.88556226329647e-05,0.995026476374058,0.999950297526443
IP6K2,1.16386287627665e-10,-1.68507237195441,3.85207642503073e-05,0.99504795342422,0.999950297526443
SERPINB6,1.16232162358237e-10,-1.68590074356294,3.84188090763856e-05,0.995054511118839,0.999950297526443
GOPC,1.15795005758838e-10,-1.68825607535709,3.81303613354789e-05,0.995073111182087,0.999950297526443
RAE1,1.15272367176451e-10,-1.69108322289315,3.77869367699883e-05,0.995095348321448,0.999950297526443
SMPD1,1.15218345528417e-10,-1.6913761489872,3.77515278628149e-05,0.99509764682575,0.999950297526443
LETM1,1.14889949262111e-10,-1.69315968728117,3.75366351203639e-05,0.995111619377593,0.999950297526443
OXLD1,1.14747944364138e-10,-1.69393244302202,3.74439013020482e-05,0.995117661379757,0.999950297526443
PLIN3,1.14521688431179e-10,-1.69516557476959,3.72963857614659e-05,0.995127288082344,0.999950297526443
HSP90AA1,1.14445157351476e-10,-1.69558321211639,3.72465545202036e-05,0.995130544315096,0.999950297526443
FAM192A,1.13523416675578e-10,-1.70063445086234,3.6649003490338e-05,0.995169762403692,0.999950297526443
MYO1F,1.134631848863e-10,-1.70096589941859,3.66101242965316e-05,0.995172325137534,0.999950297526443
CBR4,1.13102765947645e-10,-1.70295278676224,3.63779075639642e-05,0.99518766019374,0.999950297526443
PTAR1,1.12832267048714e-10,-1.7044479754108,3.6204111337743e-05,0.995199169345438,0.999950297526443
HMGCL,1.1277839246831e-10,-1.70474618007355,3.61695464795649e-05,0.995201461594143,0.999950297526443
XAB2,1.12043342606662e-10,-1.70882854884972,3.56996022093555e-05,0.995232736404893,0.999950297526443
RABGGTA,1.10912250318738e-10,-1.71516108619317,3.49824560514968e-05,0.995280861994183,0.999950297526443
FARSB,1.10357376530896e-10,-1.71829035191953,3.46333098864283e-05,0.99530447070889,0.999950297526443
METTL5,1.10316722341978e-10,-1.71852021996393,3.46077976855224e-05,0.995306200459437,0.999950297526443
USP9X,1.10294328775944e-10,-1.71864687309542,3.45937488028655e-05,0.995307153258755,0.999950297526443
TIA1,1.10102610787302e-10,-1.7197322018364,3.44735888672002e-05,0.995315310457775,0.999950297526443
METTL15,1.09980224235916e-10,-1.7204259916251,3.43969919779047e-05,0.995320517749554,0.999950297526443
CDK5RAP3,1.08634752572052e-10,-1.72810260390773,3.35605309131363e-05,0.995377764767768,0.999950297526443
SDHC,1.08177864850323e-10,-1.73073019976363,3.32788319146382e-05,0.995397204394579,0.999950297526443
SLC35B2,1.07671621883279e-10,-1.73365413812487,3.29680889630121e-05,0.995418743988103,0.999950297526443
FBXO33,1.07610147560322e-10,-1.73401009917859,3.29304539325258e-05,0.995421359593909,0.999950297526443
CRK,1.07386360139562e-10,-1.73530757263472,3.27936311747079e-05,0.995430881288081,0.999950297526443
MAPK14,1.07235948570794e-10,-1.73618109038935,3.27018301842985e-05,0.995437280991133,0.999950297526443
TCEA2,1.06810542271538e-10,-1.73865804046886,3.24428877107985e-05,0.995455381156251,0.999950297526443
PCID2,1.06122969492246e-10,-1.74268160407163,3.20265421341519e-05,0.995484635972082,0.999950297526443
NUDT2,1.06117393109121e-10,-1.74271433855948,3.20231764617105e-05,0.995484873235806,0.999950297526443
CHD1L,1.05925636780973e-10,-1.74384099466347,3.1907547940952e-05,0.995493032076569,0.999950297526443
TMEM120B,1.05836276648569e-10,-1.74436669665026,3.18537354718336e-05,0.995496834168155,0.999950297526443
QTRT1,1.05502262868741e-10,-1.74633547400613,3.16529952732499e-05,0.995511045774924,0.999950297526443
COMMD9,1.03957163667965e-10,-1.75552148438778,3.07326568759579e-05,0.995576786620822,0.999950297526443
RNU12,1.01854419974219e-10,-1.76823611044428,2.95019704314481e-05,0.995666254160166,0.999950297526443
CD247,1.01631333470163e-10,-1.76959982825214,2.9372878657195e-05,0.995675746048028,0.999950297526443
SMNDC1,1.01460329244409e-10,-1.77064712047319,2.92741165832659e-05,0.995683021938759,0.999950297526443
RNF141,1.01173846884047e-10,-1.77240545394463,2.91090337763227e-05,0.995695211195948,0.999950297526443
RAB11B,1.01059848155567e-10,-1.77310647269022,2.90434728942889e-05,0.995700061616403,0.999950297526443
BAG5,1.00839932082537e-10,-1.7744609666932,2.89172075749201e-05,0.995709418610857,0.999950297526443
MFF,1.00440710183107e-10,-1.77692710793909,2.868869630195e-05,0.995726404715506,0.999950297526443
MRS2,1.00328202561596e-10,-1.7776238123,2.86244616058073e-05,0.995731191693312,0.999950297526443
DDX41,9.99176680100824e-11,-1.78017244139031,2.83906831171851e-05,0.995748659131581,0.999950297526443
ITGAL,9.96484541310942e-11,-1.78184921573136,2.82378999433602e-05,0.995760113654104,0.999950297526443
TBC1D10A,9.95732073911408e-11,-1.78231866250206,2.81952699259247e-05,0.995763315255458,0.999950297526443
LIX1L,9.92998103999482e-11,-1.78402719952809,2.80406516386676e-05,0.995774947762343,0.999950297526443
ATP1A1,9.79876091547586e-11,-1.79229102484692,2.73044596256533e-05,0.995830779369548,0.999950297526443
RORA,9.76004602685001e-11,-1.79474950842231,2.70891261066905e-05,0.99584725180452,0.999950297526443
THOC3,9.72446946482125e-11,-1.79701698639174,2.68919996789727e-05,0.995862388943894,0.999950297526443
MSRA,9.67734982290413e-11,-1.8000324793882,2.66320222167626e-05,0.9958824374429,0.999950297526443
DDIT3,9.64795320110709e-11,-1.80192092352448,2.64704692265248e-05,0.995894945139923,0.999950297526443
UBE2L6,9.6374318690679e-11,-1.80259816103999,2.64127673011357e-05,0.995899421764535,0.999950297526443
SLC25A11,9.61182620783062e-11,-1.80424932356138,2.62726017612597e-05,0.99591031648191,0.999950297526443
NAA60,9.55751806077549e-11,-1.8077653949176,2.59765528243639e-05,0.995933423558597,0.999950297526443
SPPL3,9.53966784748873e-11,-1.80892526863342,2.58796125936216e-05,0.995941018483303,0.999950297526443
KPNA2,9.53549702204751e-11,-1.80919658201478,2.58569879588166e-05,0.995942793089894,0.999950297526443
SNAP47,9.52932583874725e-11,-1.80959822873138,2.58235305360442e-05,0.995945418810596,0.999950297526443
IFIT1,9.51450312877187e-11,-1.81056397659276,2.57432568608099e-05,0.995951725590943,0.999950297526443
IDH3A,9.42905616028326e-11,-1.81615950340742,2.5282947820536e-05,0.995988081651029,0.999950297526443
TPRKB,9.39838081330891e-11,-1.81818019573337,2.51187104626973e-05,0.996001133429827,0.999950297526443
NCAPH2,9.38481512163635e-11,-1.81907583929553,2.50462497344812e-05,0.996006905374887,0.999950297526443
FAF2,9.36495037330848e-11,-1.82038961321538,2.49403316370623e-05,0.996015357449714,0.999950297526443
CGGBP1,9.32356066721505e-11,-1.82313559410102,2.4720364244191e-05,0.996032967988528,0.999950297526443
RSRC1,9.2581020339916e-11,-1.82750244672264,2.43744704510977e-05,0.996060819405537,0.999950297526443
SAP30BP,9.14395119288052e-11,-1.83518918534534,2.37771097309035e-05,0.996109388452452,0.999950297526443
IRF1,9.10505374439117e-11,-1.83782957852597,2.35752491277825e-05,0.996125938592242,0.999950297526443
SHOC2,9.0635513817302e-11,-1.8406587877286,2.33608190660156e-05,0.996143597076328,0.999950297526443
MICU1,9.05974687275886e-11,-1.84091876372337,2.33412113452404e-05,0.996145215824292,0.999950297526443
BCCIP,9.02706092448131e-11,-1.84315665088249,2.31730933215119e-05,0.996159123089357,0.999950297526443
TESC,8.99567564853743e-11,-1.84531283369318,2.3012237067841e-05,0.996172476943553,0.999950297526443
EFR3A,8.99088555053666e-11,-1.84564255197319,2.29877360683127e-05,0.996174515041717,0.999950297526443
TDP2,8.97664695642611e-11,-1.84662364011709,2.29149837540574e-05,0.996180573300484,0.999950297526443
WDR26,8.9691524780452e-11,-1.84714063697329,2.28767369206387e-05,0.996183762062679,0.999950297526443
GCA,8.96421046893044e-11,-1.84748178246711,2.28515336708554e-05,0.996185864796357,0.999950297526443
KLRB1,8.94054705945766e-11,-1.84911777217294,2.2731047548833e-05,0.996195933140764,0.999950297526443
INTS6,8.92971515968937e-11,-1.84986803486894,2.2676001415048e-05,0.996200541914591,0.999950297526443
ENDOV,8.86380785681754e-11,-1.8544520070403,2.23425083960565e-05,0.996228584260672,0.999950297526443
MRPS18A,8.81399864157463e-11,-1.85793813342648,2.20921112707492e-05,0.996249777169421,0.999950297526443
BRE,8.78999382734782e-11,-1.85962499337313,2.19719399631286e-05,0.996259990779133,0.999950297526443
SPG20,8.76501537189381e-11,-1.86138498402947,2.18472424176284e-05,0.996270618656043,0.999950297526443
CCDC6,8.71935375602518e-11,-1.86461482545024,2.16202075783144e-05,0.996290046841926,0.999950297526443
CCSER2,8.66624484436941e-11,-1.86839197691883,2.1357635637965e-05,0.99631264371929,0.999950297526443
TRAF3,8.65990625272701e-11,-1.8688442695205,2.13264046203988e-05,0.996315340675112,0.999950297526443
AMDHD2,8.42503451469113e-11,-1.88583219291882,2.0185273623291e-05,0.99641527437074,0.999950297526443
NPEPPS,8.37183333959975e-11,-1.88974339776785,1.99311524838651e-05,0.996437910520713,0.999950297526443
PPP1CB,8.19783268414746e-11,-1.90270454635585,1.91112618926072e-05,0.996511944712355,0.999950297526443
PCNXL4,8.1887963570866e-11,-1.90338486152548,1.90691530962982e-05,0.996515789510016,0.999950297526443
GOLGA3,8.10018260676284e-11,-1.91009482806475,1.86586785390079e-05,0.996553493100896,0.999950297526443
MSI2,8.0351138649527e-11,-1.91506704580388,1.83601123516974e-05,0.996581178710026,0.999950297526443
ANKRD36C,7.93096378236127e-11,-1.92310685027868,1.78872343411813e-05,0.996625492753203,0.999950297526443
MED19,7.86694589232937e-11,-1.92809922692642,1.75996321132683e-05,0.996652731253752,0.999950297526443
KLHL5,7.79370033231697e-11,-1.93385937729909,1.72734333980081e-05,0.996683895972424,0.999950297526443
ZNF506,7.77870450278239e-11,-1.93504509362294,1.72070258501499e-05,0.996690276439096,0.999950297526443
MAP3K7,7.76473038156696e-11,-1.93615200466628,1.71452579599046e-05,0.996696222186701,0.999950297526443
POLR2D,7.71307730781525e-11,-1.94026022237841,1.69179069539202e-05,0.996718199680458,0.999950297526443
TP53I13,7.6781360263413e-11,-1.94305430469611,1.67649733404343e-05,0.996733066595679,0.999950297526443
RPS6KA3,7.60352409753493e-11,-1.94906182853882,1.64407307450473e-05,0.996764812693869,0.999950297526443
NOTCH2,7.57876571775404e-11,-1.95106783372061,1.63338373769574e-05,0.996775346961683,0.999950297526443
COQ5,7.56415595020427e-11,-1.95225452461465,1.62709238191724e-05,0.996781563168558,0.999950297526443
AMZ2,7.55263561606566e-11,-1.95319182943816,1.62213997907585e-05,0.996786464874354,0.999950297526443
PBRM1,7.47582433299877e-11,-1.95947664619442,1.58931301185981e-05,0.99681914676904,0.999950297526443
MAP3K2,7.46932146106026e-11,-1.96001156977726,1.58654927544355e-05,0.996821913630707,0.999950297526443
KCMF1,7.4245111498996e-11,-1.96370987358115,1.56757017205157e-05,0.996840979658789,0.999950297526443
ITPR2,7.37461569916818e-11,-1.96785321658178,1.54657167041846e-05,0.996862209329712,0.999950297526443
PKN2,7.33548002053273e-11,-1.97112197731293,1.53020050369598e-05,0.996878860901031,0.999950297526443
FAM179B,7.22113880983382e-11,-1.98076919852846,1.48286853594853e-05,0.996927511165824,0.999950297526443
CNOT3,7.18333493395434e-11,-1.98399114138128,1.46738304465501e-05,0.996943596082616,0.999950297526443
C1orf56,7.14466365967175e-11,-1.98730393185792,1.45162634427819e-05,0.996960050064204,0.999950297526443
CD2,7.05835850135782e-11,-1.99475993922373,1.41676783731963e-05,0.996996771472849,0.999950297526443
CHIC2,6.97802273048477e-11,-2.00177947856252,1.38470105496693e-05,0.997030953012193,0.999950297526443
KIAA0319L,6.94380115927245e-11,-2.00479331434032,1.37115267573271e-05,0.997045513725352,0.999950297526443
ACAT1,6.88820878719066e-11,-2.00971983319893,1.34928554700987e-05,0.997069167363298,0.999950297526443
KIN,6.80760678977288e-11,-2.01693102757712,1.31789311465565e-05,0.997103462189139,0.999950297526443
TMCO3,6.76074335156023e-11,-2.02116159707712,1.29981086529689e-05,0.997123401814731,0.999950297526443
ADRBK1,6.74648308030476e-11,-2.02245453379719,1.29433332942435e-05,0.997129469327002,0.999950297526443
AIM1,6.72269123584387e-11,-2.02461753355833,1.28522035085426e-05,0.997139592368204,0.999950297526443
MRPL35,6.68638253836599e-11,-2.02793271971701,1.27137510368905e-05,0.997155041126802,0.999950297526443
AFG3L2,6.6679172044529e-11,-2.02962535627881,1.26436265738286e-05,0.997162897825631,0.999950297526443
STIM1,6.63124039786923e-11,-2.03300077362835,1.25049168486839e-05,0.997178503210278,0.999950297526443
BZW2,6.62069086084026e-11,-2.0339749881588,1.24651607427875e-05,0.997182991866894,0.999950297526443
IL10RB,6.50844544702969e-11,-2.04443395857986,1.20460816200865e-05,0.997230750472403,0.999950297526443
DTYMK,6.44026933021525e-11,-2.05087160760039,1.17950374217728e-05,0.997259758310696,0.999950297526443
SMARCD2,6.42938013591028e-11,-2.05190590601734,1.17551850907595e-05,0.997264391487609,0.999950297526443
DUSP4,6.4137335729819e-11,-2.05339503207134,1.16980397874325e-05,0.997271048848463,0.999950297526443
VPS53,6.40307294605954e-11,-2.05441163597832,1.16591841679939e-05,0.997275584773853,0.999950297526443
TRIM27,6.40247406135843e-11,-2.05446879428164,1.16570032837389e-05,0.997275839589669,0.999950297526443
LAT,6.31861492194358e-11,-2.06252363536039,1.13536379473685e-05,0.997311520308583,0.999950297526443
TUBA1A,6.28764342278646e-11,-2.06552453852081,1.12426081124367e-05,0.997324698186127,0.999950297526443
BET1L,6.14824345201359e-11,-2.07920981054817,1.07496265136571e-05,0.997384010653156,0.999950297526443
FAM136A,6.10663648222775e-11,-2.08335235077937,1.06046270447166e-05,0.997401713758849,0.999950297526443
ATG4C,6.10276529011623e-11,-2.08373916022158,1.05911860821117e-05,0.997403360889754,0.999950297526443
TIMM44,6.04657400738919e-11,-2.08938052853487,1.03970470453163e-05,0.997427269391462,0.999950297526443
IFI44,6.01244808269193e-11,-2.09283129376739,1.02800195844432e-05,0.997441789433589,0.999950297526443
ATP5EP2,5.96021878628979e-11,-2.09814930358389,1.01021931430682e-05,0.997464012176171,0.999950297526443
ASH2L,5.9379874334801e-11,-2.10042652402635,1.0026972222124e-05,0.997473471267065,0.999950297526443
ARID2,5.84237540857468e-11,-2.11031475526404,9.70666815990257e-06,0.997514152683596,0.999950297526443
CTDSP1,5.83558004800172e-11,-2.11102344683811,9.68410132851944e-06,0.997517044003154,0.999950297526443
IRF2BPL,5.73058310692394e-11,-2.12207571002536,9.33875310644696e-06,0.997561718562217,0.999950297526443
NOL10,5.70581903437249e-11,-2.12471082479432,9.2582147524728e-06,0.997572255289554,0.999950297526443
GPR137,5.68825651396089e-11,-2.12658630749807,9.201308865073e-06,0.997579727868828,0.999950297526443
SLC10A3,5.6541155736339e-11,-2.13024817549289,9.09118774191724e-06,0.997594254308528,0.999950297526443
AP2A1,5.63226059277778e-11,-2.13260346622158,9.02104282344872e-06,0.997603553263765,0.999950297526443
NUDT1,5.62885119605544e-11,-2.13297168621195,9.01012464790895e-06,0.997605003909197,0.999950297526443
C15orf61,5.60524662128245e-11,-2.13552691615005,8.9347152200573e-06,0.997615047289918,0.999950297526443
DICER1,5.56761003612092e-11,-2.1396226208637,8.81513325035181e-06,0.997631061074359,0.999950297526443
KIZ,5.46703239496247e-11,-2.15069982097176,8.49952309126003e-06,0.997673855308581,0.999950297526443
FN3KRP,5.34060582605588e-11,-2.16490538007606,8.11096101261402e-06,0.997727647872143,0.999950297526443
NCK1,5.33465783926466e-11,-2.16558164976761,8.09290425080382e-06,0.997730178649436,0.999950297526443
FADD,5.25381693634121e-11,-2.17484566704583,7.84948449332429e-06,0.99776457521791,0.999950297526443
CCDC186,5.22646975352759e-11,-2.17801059877365,7.76798085044718e-06,0.997776211027116,0.999950297526443
CCDC130,5.14558695041207e-11,-2.18746539380055,7.52941276798935e-06,0.99781062542903,0.999950297526443
ABHD13,5.13918639239354e-11,-2.1882196798227,7.51069285493879e-06,0.997813348769242,0.999950297526443
FLII,5.1218264377124e-11,-2.19027005545488,7.46003694964617e-06,0.997820735166391,0.999950297526443
FGD5-AS1,5.1081911086764e-11,-2.19188521041138,7.42036959267185e-06,0.997826536792008,0.999950297526443
ZNF32,5.08183176866294e-11,-2.19501936406495,7.3439858464056e-06,0.997837752291561,0.999950297526443
AHI1,5.03916146763304e-11,-2.20012620943455,7.22117404410155e-06,0.997855907858647,0.999950297526443
GANAB,5.01658282409462e-11,-2.20284530941619,7.15660812587118e-06,0.997865514730095,0.999950297526443
GMPS,5.00050570234376e-11,-2.20478862966643,7.11081069919306e-06,0.997872355302511,0.999950297526443
ALDH16A1,4.9421867368036e-11,-2.21188873176122,6.94591661280112e-06,0.99789716914259,0.999950297526443
TMEM41A,4.90189516231506e-11,-2.21684130307431,6.83312398352268e-06,0.997914312600914,0.999950297526443
TXNDC12,4.89756042720416e-11,-2.2173764524345,6.82104429388678e-06,0.997916156965499,0.999950297526443
RANBP2,4.84328970230623e-11,-2.22411534105622,6.67071149353446e-06,0.997939248343515,0.999950297526443
DDX42,4.79475408889637e-11,-2.23020390807543,6.53768422263977e-06,0.997959899519226,0.999950297526443
GPR160,4.75531666555621e-11,-2.23519496809682,6.4305800513936e-06,0.997976679552498,0.999950297526443
SUSD6,4.71397695439815e-11,-2.24046970321589,6.31925926015216e-06,0.99799426898172,0.999950297526443
MDFIC,4.65125633653038e-11,-2.24855811975255,6.15221937154129e-06,0.998020955669041,0.999950297526443
KLHDC4,4.6369961969483e-11,-2.25041173411805,6.11455341034084e-06,0.99802702314603,0.999950297526443
RP11-489E7.4,4.63253985351465e-11,-2.25099211976997,6.10280638476811e-06,0.998028919253807,0.999950297526443
ID3,4.58314120783796e-11,-2.25746192571402,5.97334693941578e-06,0.998049937642757,0.999950297526443
AGPAT1,4.55148622681687e-11,-2.26164318062943,5.89111810014976e-06,0.998063406367038,0.999950297526443
DIMT1,4.53427444090344e-11,-2.2639284126896,5.84664693668796e-06,0.998070729726544,0.999950297526443
PTPRN2,4.50747068328789e-11,-2.26750385334107,5.77772789879226e-06,0.998082134328001,0.999950297526443
HGSNAT,4.38426809191263e-11,-2.28420583337911,5.46619938625639e-06,0.998134555208962,0.999950297526443
OBFC1,4.3032582544849e-11,-2.29543579478541,5.26606341242147e-06,0.998169023701381,0.999950297526443
FUNDC1,4.23010423671513e-11,-2.30575287972617,5.08854245091853e-06,0.998200149661202,0.999950297526443
ING2,4.20876736463024e-11,-2.30879441095673,5.03733815530699e-06,0.998209228187322,0.999950297526443
DLD,4.20716585796604e-11,-2.30902330081061,5.03350530114834e-06,0.998209909604928,0.999950297526443
DIAPH1,4.19921206230742e-11,-2.31016131307364,5.01449125239215e-06,0.998213293828386,0.999950297526443
ZNF7,4.18880661222405e-11,-2.31165323767214,4.98967069544772e-06,0.998217721194913,0.999950297526443
EFHC1,4.11636633242036e-11,-2.32213955616307,4.81858249310398e-06,0.998248543473925,0.999950297526443
TBK1,4.06711788846924e-11,-2.32937052655252,4.70397262150864e-06,0.998269497967652,0.999950297526443
RPF2,4.05117103568779e-11,-2.33173000625569,4.66715711737408e-06,0.998276283120895,0.999950297526443
CFAP20,4.03639337269982e-11,-2.33392448338914,4.63316996536923e-06,0.998282570801047,0.999950297526443
BCAP29,4.01503819565495e-11,-2.33710941168161,4.58427461687478e-06,0.998291657117723,0.999950297526443
UBE2R2,4.01059771051564e-11,-2.33777371531076,4.57414014462263e-06,0.998293546479477,0.999950297526443
SDHA,3.98728145678774e-11,-2.34127351733789,4.52110974807943e-06,0.998303467206011,0.999950297526443
HCFC1,3.94953306381724e-11,-2.34698155849655,4.43591046071954e-06,0.998319528598251,0.999950297526443
HCCS,3.86677524540049e-11,-2.35968149913437,4.25195953459892e-06,0.998354740848827,0.999950297526443
PTCD3,3.81662977217568e-11,-2.36750461107183,4.1423933030954e-06,0.998376077021428,0.999950297526443
ZC3H11A,3.78612854408306e-11,-2.37231156264736,4.07644862168933e-06,0.998389054852801,0.999950297526443
UFSP2,3.7714171194384e-11,-2.37464339510265,4.04483117645715e-06,0.99839531435135,0.999950297526443
SLC25A33,3.62748825473981e-11,-2.39792991270698,3.74199577955241e-06,0.998456554008087,0.999950297526443
RRAGA,3.60678285729552e-11,-2.40135278419012,3.6993997014032e-06,0.998465363856922,0.999950297526443
MED25,3.57984426437302e-11,-2.40583448893372,3.64434539658165e-06,0.99847682584107,0.999950297526443
AP5M1,3.46687869376204e-11,-2.42498854592522,3.4179724304439e-06,0.998524891071304,0.999950297526443
GSK3B,3.45001077155631e-11,-2.42790000787388,3.38479340019358e-06,0.99853206813076,0.999950297526443
UGCG,3.30892721736879e-11,-2.45280207522869,3.11362060525897e-06,0.998592097168234,0.999950297526443
FAM219B,3.22550577109903e-11,-2.46801147145796,2.95860447651483e-06,0.99862759180604,0.999950297526443
TMOD3,3.20305691849261e-11,-2.47216896888855,2.91756523785643e-06,0.99863714347371,0.999950297526443
RUFY1,3.15393064435096e-11,-2.48136574728657,2.82875634567095e-06,0.9986580460057,0.999950297526443
CSNK1D,2.95712923408322e-11,-2.51964528917942,2.48674854730324e-06,0.998741782220022,0.999950297526443
KXD1,2.89689923154153e-11,-2.53185136268932,2.38648132708006e-06,0.998767409236353,0.999950297526443
BIRC2,2.86735899756157e-11,-2.53792742571138,2.33805866933316e-06,0.998779978189612,0.999950297526443
MRPL46,2.85715327472584e-11,-2.54004062078982,2.32144469543059e-06,0.998784320580924,0.999950297526443
ZFC3H1,2.81460706863946e-11,-2.54892918463027,2.25282165207699e-06,0.998802423392706,0.999950297526443
FBXO25,2.77563821764539e-11,-2.55718452854518,2.19087187780497e-06,0.998819004090794,0.999950297526443
EXOC1,2.7240087663013e-11,-2.56829536133889,2.11012540007433e-06,0.998840971697073,0.999950297526443
RPRD1A,2.72229695937339e-11,-2.56866720779344,2.10747416607944e-06,0.998841700046889,0.999950297526443
AGGF1,2.70580095676515e-11,-2.5722621163943,2.08201069214932e-06,0.998848718864466,0.999950297526443
MAVS,2.70073470982333e-11,-2.57337041604822,2.07422142336283e-06,0.998850874481449,0.999950297526443
MTFR1L,2.61205082528505e-11,-2.5931019714486,1.94023578303137e-06,0.998888608231235,0.999950297526443
VAPB,2.57535222908714e-11,-2.60145631985085,1.88609921644875e-06,0.998904222970244,0.999950297526443
MXD4,2.46665796930928e-11,-2.62688963943391,1.73025108754635e-06,0.998950470858816,0.999950297526443
RNFT1,2.44127445529257e-11,-2.63298428202337,1.69482349980707e-06,0.998961271189818,0.999950297526443
GATAD1,2.41496895574796e-11,-2.63936495709828,1.65849576957237e-06,0.998972463812997,0.999950297526443
PRKAA1,2.4051599049184e-11,-2.64176137251432,1.64505027142333e-06,0.998976637427372,0.999950297526443
RXRB,2.31172040274013e-11,-2.66507258044984,1.51971403908872e-06,0.999016394634251,0.999950297526443
RARS,2.29765674037749e-11,-2.6686594212402,1.50127951463521e-06,0.99902237852694,0.999950297526443
AP2B1,2.28221115521796e-11,-2.67262312793758,1.48116319253344e-06,0.999028950408619,0.999950297526443
ATP6V0A1,2.2793656586707e-11,-2.67335616436451,1.47747202022613e-06,0.999030161127833,0.999950297526443
SDCCAG8,2.21796849092281e-11,-2.68939108329366,1.39894940460641e-06,0.999056284769534,0.999950297526443
BRD9,2.07510031324567e-11,-2.72842114698882,1.22453007312439e-06,0.999117073197705,0.999950297526443
ESCO1,2.0298745959451e-11,-2.74131645321064,1.17173574903521e-06,0.999136316114268,0.999950297526443
C6orf1,1.99308484015958e-11,-2.75201191151322,1.12964721280342e-06,0.999151969646373,0.999950297526443
CD7,1.89549289598564e-11,-2.78133128794841,1.02172868338834e-06,0.999193493670012,0.999950297526443
KLF3,1.81850216278103e-11,-2.80550495229667,9.40413613305987e-07,0.999226252164615,0.999950297526443
MED16,1.73531271956009e-11,-2.83275747006685,8.56341051179887e-07,0.99926164812626,0.999950297526443
LYST,1.70432254423754e-11,-2.84323217024493,8.26028137035457e-07,0.999274834019155,0.999950297526443
LYRM5,1.54249280221489e-11,-2.90109588711233,6.76608665754898e-07,0.999343690349281,0.999950297526443
TMEM107,1.52066557268202e-11,-2.90934372325392,6.57595285638775e-07,0.999352977535716,0.999950297526443
HERC1,1.4724646745635e-11,-2.92796831759792,6.16568073248083e-07,0.999373486356279,0.999950297526443
BMS1,1.42539764059227e-11,-2.94672960553501,5.77781104357523e-07,0.99939351273361,0.999950297526443
RAB5A,1.39469337829895e-11,-2.95929250413595,5.53157418815438e-07,0.999406576976249,0.999950297526443
RAB35,1.36218747277377e-11,-2.97288586647539,5.27673188046548e-07,0.999420407793555,0.999950297526443
ASCC3,1.33674977532433e-11,-2.98374286717573,5.08149500523217e-07,0.999431231185316,0.999950297526443
THAP5,1.32712216056398e-11,-2.98790392576176,5.00856213419668e-07,0.999435327603523,0.999950297526443
KMT5B,1.30906884491112e-11,-2.99578545761092,4.8732224642541e-07,0.99944300904209,0.999950297526443
GPN3,1.25535375341822e-11,-3.01986980187415,4.48150117192554e-07,0.999465864078184,0.999950297526443
USP47,1.15262498893879e-11,-3.06882699998329,3.77804672887526e-07,0.999509573762362,0.999950297526443
TAB2,1.14127008100134e-11,-3.07449382652072,3.70397569118237e-07,0.999514405120472,0.999950297526443
MED31,1.07769825435932e-11,-3.10725833463957,3.30282544894058e-07,0.999541454064026,0.999950297526443
SGTA,8.84908978699659e-12,-3.21938863074997,2.22683719547299e-07,0.999623483269528,0.999950297526443
CCDC107,7.90642298155345e-12,-3.28309325946959,1.77767085794766e-07,0.999663592457,0.999950297526443
MARCH5,7.8503849829853e-12,-3.28710689930063,1.75256112340803e-07,0.999665976797473,0.999950297526443
MVD,5.60360945659512e-12,-3.47611345593805,8.92949672922412e-08,0.999761574036525,0.999950297526443
CDKN2AIP,3.1267112776003e-12,-3.79751046125041,2.78014100712332e-08,0.999866962684983,0.999950297526443
TMEM140,2.97801364151433e-12,-3.82403068521717,2.52199736858555e-08,0.999873289567233,0.999950297526443
USP30-AS1,1.16813304565477e-12,-4.32397295305741,3.88039452769685e-09,0.999950297526443,0.999950297526443
