sample,cell_group,threshold_method,score,n_high,n_low,lower_cutoff,upper_cutoff,mean_high,mean_low,delta_high_minus_low,mannwhitney_p,mannwhitney_fdr
GSM4453576_P1,Plasma cells,within_sample_positive_median,UPR_ER_stress_score,45,225,,7.879715420061684,6.178457431746928,6.4535164694470994,-0.2750590377001716,0.41234453733342036,0.41234453733342036
GSM4453576_P1,Plasma cells,within_sample_positive_median,NRF2_redox_score,45,225,,7.879715420061684,4.086884098564045,2.399219422317464,1.6876646762465812,1.0044769409862157e-07,4.017907763944863e-07
GSM4453576_P1,Plasma cells,within_sample_positive_median,Ribosome_translation_score,45,225,,7.879715420061684,8.622077632294118,8.11575335955879,0.5063242727353288,0.09851477040858149,0.19702954081716298
GSM4453576_P1,Plasma cells,within_sample_positive_median,Apoptosis_DDR_score,45,225,,7.879715420061684,1.9027794768977575,1.787712235133526,0.11506724176423155,0.38525324461147004,0.41234453733342036
GSM4453576_P1,Plasma cells,within_sample_positive_quartiles,UPR_ER_stress_score,23,23,7.425272559321422,8.283361611150942,6.213731643482791,7.268959112363139,-1.0552274688803482,0.017659962540957454,0.03531992508191491
GSM4453576_P1,Plasma cells,within_sample_positive_quartiles,NRF2_redox_score,23,23,7.425272559321422,8.283361611150942,4.321580406266116,4.910094795943799,-0.588514389677683,0.4684624853723316,0.4684624853723316
GSM4453576_P1,Plasma cells,within_sample_positive_quartiles,Ribosome_translation_score,23,23,7.425272559321422,8.283361611150942,8.421755956637197,9.595654954884353,-1.1738989982471555,0.04801606175747826,0.06402141567663767
GSM4453576_P1,Plasma cells,within_sample_positive_quartiles,Apoptosis_DDR_score,23,23,7.425272559321422,8.283361611150942,1.9246460647213974,3.013685875905637,-1.0890398111842396,0.0064297826784719785,0.025719130713887914
GSM4453576_P1,Plasma cells,detected_vs_undetected,UPR_ER_stress_score,89,181,0.0,0.0,6.53939013116911,6.342906455138997,0.1964836760301134,0.17345752132975611,0.17345752132975611
GSM4453576_P1,Plasma cells,detected_vs_undetected,NRF2_redox_score,89,181,0.0,0.0,4.228750560205521,1.9192008541354704,2.3095497060700505,5.216298752398856e-17,2.0865195009595425e-16
GSM4453576_P1,Plasma cells,detected_vs_undetected,Ribosome_translation_score,89,181,0.0,0.0,8.965819580501009,7.823646722040736,1.142172858460273,2.3682349442773525e-07,4.736469888554705e-07
GSM4453576_P1,Plasma cells,detected_vs_undetected,Apoptosis_DDR_score,89,181,0.0,0.0,2.222614944542516,1.602472924315793,0.6201420202267229,0.0002326041646538024,0.00031013888620506984
GSM4453576_P1,B-lineage combined,within_sample_positive_median,UPR_ER_stress_score,48,231,,7.907791292034853,5.8986145753739345,6.418776073314744,-0.5201614979408093,0.104182897087784,0.13891052945037866
GSM4453576_P1,B-lineage combined,within_sample_positive_median,NRF2_redox_score,48,231,,7.907791292034853,4.197359726232227,2.436906818350417,1.76045290788181,2.005575296882359e-08,8.022301187529436e-08
GSM4453576_P1,B-lineage combined,within_sample_positive_median,Ribosome_translation_score,48,231,,7.907791292034853,8.686602894157259,8.138278493374614,0.5483244007826453,0.06417022493174526,0.12834044986349052
GSM4453576_P1,B-lineage combined,within_sample_positive_median,Apoptosis_DDR_score,48,231,,7.907791292034853,1.814999684009875,1.7861372300333822,0.028862453976492786,0.6133218934764157,0.6133218934764157
GSM4453576_P1,B-lineage combined,within_sample_positive_quartiles,UPR_ER_stress_score,24,24,7.467165523738305,8.362600767281826,5.847850171842098,7.170592415123436,-1.322742243281338,0.012235179952196243,0.024470359904392485
GSM4453576_P1,B-lineage combined,within_sample_positive_quartiles,NRF2_redox_score,24,24,7.467165523738305,8.362600767281826,4.372396842429122,4.936051881485952,-0.5636550390568296,0.3808478181551693,0.3808478181551693
GSM4453576_P1,B-lineage combined,within_sample_positive_quartiles,Ribosome_translation_score,24,24,7.467165523738305,8.362600767281826,8.461035960981699,9.667041099005283,-1.2060051380235848,0.031181114443719026,0.04157481925829203
GSM4453576_P1,B-lineage combined,within_sample_positive_quartiles,Apoptosis_DDR_score,24,24,7.467165523738305,8.362600767281826,1.9144813487682342,2.9536766823003773,-1.039195333532143,0.005896700179400514,0.023586800717602056
GSM4453576_P1,B-lineage combined,detected_vs_undetected,UPR_ER_stress_score,96,183,0.0,0.0,6.382116519795346,6.301571511766674,0.08054500802867182,0.4011798828472708,0.4011798828472708
GSM4453576_P1,B-lineage combined,detected_vs_undetected,NRF2_redox_score,96,183,0.0,0.0,4.301549970771878,1.9204915011147157,2.381058469657162,9.544333600117822e-19,3.817733440047129e-18
GSM4453576_P1,B-lineage combined,detected_vs_undetected,Ribosome_translation_score,96,183,0.0,0.0,8.984981888623874,7.837929014104876,1.147052874518998,7.986427377505944e-08,1.5972854755011887e-07
GSM4453576_P1,B-lineage combined,detected_vs_undetected,Apoptosis_DDR_score,96,183,0.0,0.0,2.169215731604408,1.5927484958260227,0.5764672357783853,0.000345516271027997,0.0004606883613706627
GSM4453577_P2,B-lineage combined,within_sample_positive_median,UPR_ER_stress_score,4,7,,8.037900370181985,4.770385287972129,3.70027294321655,1.0701123447555787,0.7878787878787878,0.7878787878787878
GSM4453577_P2,B-lineage combined,within_sample_positive_median,NRF2_redox_score,4,7,,8.037900370181985,3.88702747590488,2.7643889009944185,1.1226385749104617,0.635832942905231,0.7878787878787878
GSM4453577_P2,B-lineage combined,within_sample_positive_median,Ribosome_translation_score,4,7,,8.037900370181985,9.596038835966747,9.28732144427376,0.30871739169298706,0.3151515151515151,0.6669406765237753
GSM4453577_P2,B-lineage combined,within_sample_positive_median,Apoptosis_DDR_score,4,7,,8.037900370181985,3.0334769914681488,1.71999763093174,1.3134793605364088,0.33347033826188766,0.6669406765237753
GSM4453577_P2,B-lineage combined,detected_vs_undetected,UPR_ER_stress_score,7,4,0.0,0.0,5.490358456694416,1.6377356393858629,3.8526228173085535,0.07272727272727272,0.09696969696969697
GSM4453577_P2,B-lineage combined,detected_vs_undetected,NRF2_redox_score,7,4,0.0,0.0,4.54692655471754,0.7675865818894186,3.779339972828122,0.010555543856643567,0.04222217542657427
GSM4453577_P2,B-lineage combined,detected_vs_undetected,Ribosome_translation_score,7,4,0.0,0.0,10.195190246258445,8.007268432493547,2.1879218137648984,0.3151515151515151,0.3151515151515151
GSM4453577_P2,B-lineage combined,detected_vs_undetected,Apoptosis_DDR_score,7,4,0.0,0.0,3.2413330200754364,0.3711400604666811,2.8701929596087554,0.03335994528868356,0.06671989057736712
GSM4453578_P3,Plasma cells,within_sample_positive_median,UPR_ER_stress_score,5,29,,7.965091854698246,5.980528121559782,4.990368925200866,0.990159196358916,0.39288281294922656,0.603336495888678
GSM4453578_P3,Plasma cells,within_sample_positive_median,NRF2_redox_score,5,29,,7.965091854698246,5.276711608274465,2.928304278615095,2.3484073296593704,0.009937688779228234,0.039750755116912936
GSM4453578_P3,Plasma cells,within_sample_positive_median,Ribosome_translation_score,5,29,,7.965091854698246,8.611450273541605,7.7476032193612046,0.8638470541804004,0.603336495888678,0.603336495888678
GSM4453578_P3,Plasma cells,within_sample_positive_median,Apoptosis_DDR_score,5,29,,7.965091854698246,1.1792163849438553,1.66574524573868,-0.4865288607948248,0.5820343475221885,0.603336495888678
GSM4453578_P3,Plasma cells,detected_vs_undetected,UPR_ER_stress_score,9,25,0.0,0.0,6.704235751952186,4.571408706842175,2.1328270451100106,0.01392205756383962,0.02784411512767924
GSM4453578_P3,Plasma cells,detected_vs_undetected,NRF2_redox_score,9,25,0.0,0.0,5.209194451345644,2.576865282363971,2.6323291689816726,0.0004408907834391018,0.001763563133756407
GSM4453578_P3,Plasma cells,detected_vs_undetected,Ribosome_translation_score,9,25,0.0,0.0,9.191842892767916,7.4004463477708695,1.7913965449970464,0.06096790529868448,0.08129054039824597
GSM4453578_P3,Plasma cells,detected_vs_undetected,Apoptosis_DDR_score,9,25,0.0,0.0,2.296007695476762,1.341544991674006,0.9544627038027558,0.24405931271993697,0.24405931271993697
GSM4453578_P3,B-lineage combined,within_sample_positive_median,UPR_ER_stress_score,5,33,,7.965091854698246,5.980528121559782,4.8609759605108,1.1195521610489827,0.2900335098477513,0.5800670196955026
GSM4453578_P3,B-lineage combined,within_sample_positive_median,NRF2_redox_score,5,33,,7.965091854698246,5.276711608274465,2.8457546774592175,2.4309569308152477,0.006505587910913941,0.026022351643655763
GSM4453578_P3,B-lineage combined,within_sample_positive_median,Ribosome_translation_score,5,33,,7.965091854698246,8.611450273541605,7.660689658695431,0.9507606148461738,0.5011774268740213,0.6682365691653618
GSM4453578_P3,B-lineage combined,within_sample_positive_median,Apoptosis_DDR_score,5,33,,7.965091854698246,1.1792163849438553,1.4638367311036886,-0.28462034615983334,0.8210040852383539,0.8210040852383539
GSM4453578_P3,B-lineage combined,detected_vs_undetected,UPR_ER_stress_score,9,29,0.0,0.0,6.704235751952186,4.481956053002953,2.222279698949232,0.007403309537990848,0.014806619075981697
GSM4453578_P3,B-lineage combined,detected_vs_undetected,NRF2_redox_score,9,29,0.0,0.0,5.209194451345644,2.5314038736350244,2.6777905777106192,0.0002723044461292446,0.0010892177845169785
GSM4453578_P3,B-lineage combined,detected_vs_undetected,Ribosome_translation_score,9,29,0.0,0.0,9.191842892767916,7.349428416198136,1.8424144765697799,0.0427883872005614,0.057051182934081866
GSM4453578_P3,B-lineage combined,detected_vs_undetected,Apoptosis_DDR_score,9,29,0.0,0.0,2.296007695476762,1.1565043031672466,1.1395033923095153,0.12184125825884762,0.12184125825884762
GSM4453579_P4,B cells,detected_vs_undetected,UPR_ER_stress_score,3,12,0.0,0.0,3.1591139937468515,3.821729270510739,-0.6626152767638875,0.5362637362637362,0.7783050761563824
GSM4453579_P4,B cells,detected_vs_undetected,NRF2_redox_score,3,12,0.0,0.0,2.8466140344873856,2.4703726640790635,0.37624137040832206,0.8395604395604395,0.8395604395604395
GSM4453579_P4,B cells,detected_vs_undetected,Ribosome_translation_score,3,12,0.0,0.0,4.6082140597477315,6.426540964658812,-1.8183269049110802,0.5362637362637362,0.7783050761563824
GSM4453579_P4,B cells,detected_vs_undetected,Apoptosis_DDR_score,3,12,0.0,0.0,0.4749159276255781,0.7385439476276128,-0.26362802000203467,0.5837288071172868,0.7783050761563824
GSM4453579_P4,Plasma cells,within_sample_positive_median,UPR_ER_stress_score,36,431,,8.519762869660887,5.112569758087828,5.217041751452178,-0.10447199336435009,0.7552397433268683,0.8556606733841321
GSM4453579_P4,Plasma cells,within_sample_positive_median,NRF2_redox_score,36,431,,8.519762869660887,2.096516942680135,1.2168736612189122,0.879643281461223,3.988316294014245e-06,1.595326517605698e-05
GSM4453579_P4,Plasma cells,within_sample_positive_median,Ribosome_translation_score,36,431,,8.519762869660887,6.029521050941422,5.9875886317718985,0.04193241916952317,0.8556606733841321,0.8556606733841321
GSM4453579_P4,Plasma cells,within_sample_positive_median,Apoptosis_DDR_score,36,431,,8.519762869660887,0.6490061801671353,0.8144798708785442,-0.16547369071140894,0.5603809094135206,0.8556606733841321
GSM4453579_P4,Plasma cells,within_sample_positive_quartiles,UPR_ER_stress_score,18,18,7.734753187943744,9.187385744233502,4.829520039740787,6.463850997966871,-1.6343309582260837,0.016907445097637797,0.016907445097637797
GSM4453579_P4,Plasma cells,within_sample_positive_quartiles,NRF2_redox_score,18,18,7.734753187943744,9.187385744233502,1.9594579851310872,3.7191814972167685,-1.7597235120856813,0.001474381320485359,0.0019658417606471454
GSM4453579_P4,Plasma cells,within_sample_positive_quartiles,Ribosome_translation_score,18,18,7.734753187943744,9.187385744233502,5.866365684897272,8.672135421290248,-2.8057697363929757,0.00017741790259331663,0.0007096716103732665
GSM4453579_P4,Plasma cells,within_sample_positive_quartiles,Apoptosis_DDR_score,18,18,7.734753187943744,9.187385744233502,0.34788776737900917,1.8519953751473182,-1.5041076077683089,0.0005373899091588778,0.0010747798183177557
GSM4453579_P4,Plasma cells,detected_vs_undetected,UPR_ER_stress_score,71,396,0.0,0.0,5.590487825741921,5.140588056917612,0.4498997688243085,0.053547731587658874,0.053547731587658874
GSM4453579_P4,Plasma cells,detected_vs_undetected,NRF2_redox_score,71,396,0.0,0.0,2.681914809328023,1.034169713281683,1.6477450960463402,7.185962668610762e-17,2.8743850674443047e-16
GSM4453579_P4,Plasma cells,detected_vs_undetected,Ribosome_translation_score,71,396,0.0,0.0,6.853041098953669,5.836231161873406,1.0168099370802635,0.0020483591248256455,0.004096718249651291
GSM4453579_P4,Plasma cells,detected_vs_undetected,Apoptosis_DDR_score,71,396,0.0,0.0,1.0651512521620992,0.7544932018463644,0.3106580503157348,0.04935315058114003,0.053547731587658874
GSM4453579_P4,B-lineage combined,within_sample_positive_median,UPR_ER_stress_score,37,445,,8.550100357147151,4.92333313284064,5.181510726919813,-0.2581775940791724,0.4799865522324349,0.640358230472997
GSM4453579_P4,B-lineage combined,within_sample_positive_median,NRF2_redox_score,37,445,,8.550100357147151,2.163483343557845,1.25411817591597,0.909365167641875,5.468182721599231e-06,2.1872730886396923e-05
GSM4453579_P4,B-lineage combined,within_sample_positive_median,Ribosome_translation_score,37,445,,8.550100357147151,5.83710450342076,6.00603084327227,-0.1689263398515095,0.8125953042796522,0.8125953042796522
GSM4453579_P4,B-lineage combined,within_sample_positive_median,Apoptosis_DDR_score,37,445,,8.550100357147151,0.6314654725950506,0.8119732573102485,-0.1805077847151979,0.4802686728547477,0.640358230472997
GSM4453579_P4,B-lineage combined,within_sample_positive_quartiles,UPR_ER_stress_score,19,19,7.760633221663569,9.216105848179133,4.76067222762121,6.459880108112097,-1.6992078804908868,0.01538597833312297,0.01538597833312297
GSM4453579_P4,B-lineage combined,within_sample_positive_quartiles,NRF2_redox_score,19,19,7.760633221663569,9.216105848179133,2.201911235301207,3.7868205395013925,-1.5849093042001856,0.003506218345858004,0.0046749577944773385
GSM4453579_P4,B-lineage combined,within_sample_positive_quartiles,Ribosome_translation_score,19,19,7.760633221663569,9.216105848179133,5.647248608095015,8.756338017628087,-3.1090894095330723,6.34280927639105e-05,0.000253712371055642
GSM4453579_P4,B-lineage combined,within_sample_positive_quartiles,Apoptosis_DDR_score,19,19,7.760633221663569,9.216105848179133,0.32957788488537715,1.8312172233534252,-1.501639338468048,0.0002854994694015044,0.0005709989388030088
GSM4453579_P4,B-lineage combined,detected_vs_undetected,UPR_ER_stress_score,74,408,0.0,0.0,5.491918616336717,5.101798092611527,0.3901205237251899,0.08536366009451994,0.08536366009451994
GSM4453579_P4,B-lineage combined,detected_vs_undetected,NRF2_redox_score,74,408,0.0,0.0,2.688591804942592,1.0764109765404293,1.6121808284021626,2.3193763121886416e-16,9.277505248754567e-16
GSM4453579_P4,B-lineage combined,detected_vs_undetected,Ribosome_translation_score,74,408,0.0,0.0,6.762034597364239,5.853593214896505,0.9084413824677338,0.004514448400946143,0.009028896801892287
GSM4453579_P4,B-lineage combined,detected_vs_undetected,Apoptosis_DDR_score,74,408,0.0,0.0,1.0412227930592675,0.7540241061340482,0.2871986869252192,0.06675305989993766,0.08536366009451994
GSM4453580_P5,B cells,within_sample_positive_median,UPR_ER_stress_score,44,195,,8.566599480537093,3.565735131807046,3.9522624417835437,-0.38652730997649787,0.2200399372010038,0.25469358313040436
GSM4453580_P5,B cells,within_sample_positive_median,NRF2_redox_score,44,195,,8.566599480537093,3.6218330403312136,2.6926233931814876,0.929209647149726,0.0010277297494899423,0.004110918997959769
GSM4453580_P5,B cells,within_sample_positive_median,Ribosome_translation_score,44,195,,8.566599480537093,9.009004912082203,8.239846031847236,0.7691588802349667,0.03777696229642052,0.07555392459284103
GSM4453580_P5,B cells,within_sample_positive_median,Apoptosis_DDR_score,44,195,,8.566599480537093,0.9488949557127573,1.1801303541157309,-0.23123539840297358,0.25469358313040436,0.25469358313040436
GSM4453580_P5,B cells,within_sample_positive_quartiles,UPR_ER_stress_score,22,22,7.804147596322898,9.204822675431352,3.2314159550618395,5.431668186277893,-2.2002522312160533,0.00023916126339873568,0.0009566450535949427
GSM4453580_P5,B cells,within_sample_positive_quartiles,NRF2_redox_score,22,22,7.804147596322898,9.204822675431352,3.8578490756611497,4.756195354848605,-0.898346279187455,0.026543707627723956,0.026543707627723956
GSM4453580_P5,B cells,within_sample_positive_quartiles,Ribosome_translation_score,22,22,7.804147596322898,9.204822675431352,8.520578155107513,10.230352710206533,-1.7097745550990204,0.005815022136183173,0.007753362848244231
GSM4453580_P5,B cells,within_sample_positive_quartiles,Apoptosis_DDR_score,22,22,7.804147596322898,9.204822675431352,0.6110187502980122,2.1119120765935233,-1.500893326295511,0.0011687460267816641,0.0023374920535633283
GSM4453580_P5,B cells,detected_vs_undetected,UPR_ER_stress_score,87,152,0.0,0.0,4.292437317766537,3.645667600668502,0.6467697170980351,0.0063282557746977604,0.0063282557746977604
GSM4453580_P5,B cells,detected_vs_undetected,NRF2_redox_score,87,152,0.0,0.0,4.0809423466934485,2.1669752058067995,1.913967140886649,1.7760327002489681e-16,7.104130800995873e-16
GSM4453580_P5,B cells,detected_vs_undetected,Ribosome_translation_score,87,152,0.0,0.0,9.497113935637001,7.742876841719795,1.7542370939172063,8.882164514878515e-09,1.776432902975703e-08
GSM4453580_P5,B cells,detected_vs_undetected,Apoptosis_DDR_score,87,152,0.0,0.0,1.5146674337435657,0.9217153313699912,0.5929521023735745,0.003417216581080916,0.004556288774774555
GSM4453580_P5,Plasma cells,within_sample_positive_median,UPR_ER_stress_score,183,533,,7.654915183252654,5.558390028197117,5.284358946351682,0.27403108184543523,0.0527525331740088,0.0527525331740088
GSM4453580_P5,Plasma cells,within_sample_positive_median,NRF2_redox_score,183,533,,7.654915183252654,4.728766669469896,3.531626833513189,1.197139835956707,4.6554398942422965e-14,1.8621759576969186e-13
GSM4453580_P5,Plasma cells,within_sample_positive_median,Ribosome_translation_score,183,533,,7.654915183252654,9.872389951924562,9.285202971494403,0.5871869804301593,0.0008973264314910319,0.0017946528629820637
GSM4453580_P5,Plasma cells,within_sample_positive_median,Apoptosis_DDR_score,183,533,,7.654915183252654,2.1014777834882334,1.8125489537584152,0.28892882972981826,0.01380742445696687,0.018409899275955825
GSM4453580_P5,Plasma cells,within_sample_positive_quartiles,UPR_ER_stress_score,92,92,7.119241022973035,8.262746767927378,5.396383896396689,5.921231414153646,-0.5248475177569576,0.0126713146649135,0.025342629329827
GSM4453580_P5,Plasma cells,within_sample_positive_quartiles,NRF2_redox_score,92,92,7.119241022973035,8.262746767927378,4.442728567877986,5.066724277118903,-0.6239957092409165,0.02844249378697519,0.03792332504930025
GSM4453580_P5,Plasma cells,within_sample_positive_quartiles,Ribosome_translation_score,92,92,7.119241022973035,8.262746767927378,9.489903475879965,10.263056608794365,-0.7731531329144001,0.0006449771006567034,0.0025799084026268135
GSM4453580_P5,Plasma cells,within_sample_positive_quartiles,Apoptosis_DDR_score,92,92,7.119241022973035,8.262746767927378,2.0488111757582885,2.582748504629194,-0.5339373288709055,0.07918317687054785,0.07918317687054785
GSM4453580_P5,Plasma cells,detected_vs_undetected,UPR_ER_stress_score,366,350,0.0,0.0,5.683515499162157,5.010234345349055,0.673281153813102,1.012929198247425e-08,1.012929198247425e-08
GSM4453580_P5,Plasma cells,detected_vs_undetected,NRF2_redox_score,366,350,0.0,0.0,4.8746710111714435,2.75311946481935,2.1215515463520935,1.2130953976380652e-51,4.852381590552261e-51
GSM4453580_P5,Plasma cells,detected_vs_undetected,Ribosome_translation_score,366,350,0.0,0.0,10.030099112178073,8.81326934271868,1.2168297694593928,6.240693330424318e-16,1.2481386660848637e-15
GSM4453580_P5,Plasma cells,detected_vs_undetected,Apoptosis_DDR_score,366,350,0.0,0.0,2.3178690721379516,1.4351969895116907,0.8826720826262608,1.127052078854868e-13,1.502736105139824e-13
GSM4453580_P5,B-lineage combined,within_sample_positive_median,UPR_ER_stress_score,227,728,,7.796285579874241,5.028806624050449,4.972243285512868,0.056563338537580776,0.6097592391301776,0.6097592391301776
GSM4453580_P5,B-lineage combined,within_sample_positive_median,NRF2_redox_score,227,728,,7.796285579874241,4.448801035281459,3.327288163752188,1.121512871529271,9.071809806872837e-15,3.628723922749135e-14
GSM4453580_P5,B-lineage combined,within_sample_positive_median,Ribosome_translation_score,227,728,,7.796285579874241,9.671363963024904,9.015696590307536,0.6556673727173674,8.370535514542275e-05,0.0001674107102908455
GSM4453580_P5,B-lineage combined,within_sample_positive_median,Apoptosis_DDR_score,227,728,,7.796285579874241,1.8814346790210632,1.6421018567276502,0.23933282229341302,0.016364166166683916,0.02181888822224522
GSM4453580_P5,B-lineage combined,within_sample_positive_quartiles,UPR_ER_stress_score,114,114,7.225067542021575,8.482016955493336,4.714574346960405,5.92773472291055,-1.213160375950145,2.1059594532388915e-07,8.423837812955566e-07
GSM4453580_P5,B-lineage combined,within_sample_positive_quartiles,NRF2_redox_score,114,114,7.225067542021575,8.482016955493336,4.043405849440174,5.063878105358171,-1.0204722559179968,2.6562411429644237e-06,5.312482285928847e-06
GSM4453580_P5,B-lineage combined,within_sample_positive_quartiles,Ribosome_translation_score,114,114,7.225067542021575,8.482016955493336,9.237446068546102,10.25558142575003,-1.0181353572039278,4.966361989804687e-05,6.62181598640625e-05
GSM4453580_P5,B-lineage combined,within_sample_positive_quartiles,Apoptosis_DDR_score,114,114,7.225067542021575,8.482016955493336,1.5947070377313706,2.5123064339691874,-0.9175993962378168,8.003608411217655e-05,8.003608411217655e-05
GSM4453580_P5,B-lineage combined,detected_vs_undetected,UPR_ER_stress_score,453,502,0.0,0.0,5.416354788827898,4.5970587573182895,0.8192960315096087,5.5251275744490416e-14,5.5251275744490416e-14
GSM4453580_P5,B-lineage combined,detected_vs_undetected,NRF2_redox_score,453,502,0.0,0.0,4.722233055741895,2.5756415218514066,2.146591533890488,2.6239403724865634e-69,1.0495761489946254e-68
GSM4453580_P5,B-lineage combined,detected_vs_undetected,Ribosome_translation_score,453,502,0.0,0.0,9.927737720656939,8.489166434049697,1.4385712866072424,3.9965757408264736e-26,7.993151481652947e-26
GSM4453580_P5,B-lineage combined,detected_vs_undetected,Apoptosis_DDR_score,453,502,0.0,0.0,2.1636118038370427,1.2797204715086263,0.8838913323284163,4.862945001092204e-18,6.483926668122939e-18
GSM4453581_P6,B cells,within_sample_positive_median,UPR_ER_stress_score,10,87,,8.896708566246401,3.6852468980251936,3.1172839352187762,0.5679629628064173,0.33921651125349994,0.45228868167133324
GSM4453581_P6,B cells,within_sample_positive_median,NRF2_redox_score,10,87,,8.896708566246401,3.5985509388748786,2.6781404058699283,0.9204105330049503,0.13295525313855067,0.45228868167133324
GSM4453581_P6,B cells,within_sample_positive_median,Ribosome_translation_score,10,87,,8.896708566246401,5.308142293356613,6.192564215671667,-0.8844219223150542,0.23314527377884298,0.45228868167133324
GSM4453581_P6,B cells,within_sample_positive_median,Apoptosis_DDR_score,10,87,,8.896708566246401,1.1203141098022849,1.4295278578664479,-0.309213748064163,0.5935536333749272,0.5935536333749272
GSM4453581_P6,B cells,within_sample_positive_quartiles,UPR_ER_stress_score,5,5,8.520818483310578,9.589412690337817,3.277695210441594,5.668191633476721,-2.390496423035127,0.007936507936507936,0.031746031746031744
GSM4453581_P6,B cells,within_sample_positive_quartiles,NRF2_redox_score,5,5,8.520818483310578,9.589412690337817,2.674926500399797,5.019449217297502,-2.3445227168977048,0.05555555555555555,0.07407407407407407
GSM4453581_P6,B cells,within_sample_positive_quartiles,Ribosome_translation_score,5,5,8.520818483310578,9.589412690337817,5.4128806862402765,7.890092727329433,-2.4772120410891567,0.09523809523809523,0.09523809523809523
GSM4453581_P6,B cells,within_sample_positive_quartiles,Apoptosis_DDR_score,5,5,8.520818483310578,9.589412690337817,0.6687048969178708,2.786932407278224,-2.118227510360353,0.05241162867102868,0.07407407407407407
GSM4453581_P6,B cells,detected_vs_undetected,UPR_ER_stress_score,19,78,0.0,0.0,4.206252225469011,2.9248381930817224,1.2814140323872882,0.004105981667303751,0.008211963334607502
GSM4453581_P6,B cells,detected_vs_undetected,NRF2_redox_score,19,78,0.0,0.0,4.181026311589848,2.430054163836224,1.7509721477536244,0.00023211642716981649,0.0009284657086792659
GSM4453581_P6,B cells,detected_vs_undetected,Ribosome_translation_score,19,78,0.0,0.0,6.085190220357553,6.105331993720609,-0.020141773363056004,0.7332038312775302,0.7332038312775302
GSM4453581_P6,B cells,detected_vs_undetected,Apoptosis_DDR_score,19,78,0.0,0.0,1.643837032950391,1.3376815526454666,0.30615548030492445,0.3794441996447778,0.5059255995263704
GSM4453581_P6,Plasma cells,within_sample_positive_median,UPR_ER_stress_score,7,82,,8.40780021339641,4.964329557245286,4.310887901141151,0.6534416561041345,0.318013783222382,0.4240183776298427
GSM4453581_P6,Plasma cells,within_sample_positive_median,NRF2_redox_score,7,82,,8.40780021339641,4.086302634329899,1.9148050335269577,2.171497600802941,0.007091833536082799,0.028367334144331197
GSM4453581_P6,Plasma cells,within_sample_positive_median,Ribosome_translation_score,7,82,,8.40780021339641,6.762189860306425,7.235611061250646,-0.47342120094422047,0.44966129950151956,0.44966129950151956
GSM4453581_P6,Plasma cells,within_sample_positive_median,Apoptosis_DDR_score,7,82,,8.40780021339641,1.5208768056663662,0.942238441918434,0.5786383637479322,0.1975193938734826,0.3950387877469652
GSM4453581_P6,Plasma cells,within_sample_positive_quartiles,UPR_ER_stress_score,4,4,7.9487350112757245,8.835049299132706,4.931287123523391,6.202930721570487,-1.2716435980470964,0.2,0.4
GSM4453581_P6,Plasma cells,within_sample_positive_quartiles,NRF2_redox_score,4,4,7.9487350112757245,8.835049299132706,4.099934489567014,5.0207251900114755,-0.9207907004444618,0.6857142857142857,0.6857142857142857
GSM4453581_P6,Plasma cells,within_sample_positive_quartiles,Ribosome_translation_score,4,4,7.9487350112757245,8.835049299132706,7.971376215312429,8.776051443679385,-0.8046752283669569,0.4857142857142857,0.6476190476190476
GSM4453581_P6,Plasma cells,within_sample_positive_quartiles,Apoptosis_DDR_score,4,4,7.9487350112757245,8.835049299132706,0.7390023324453638,2.4177740139993986,-1.6787716815540348,0.19126698687886878,0.4
GSM4453581_P6,Plasma cells,detected_vs_undetected,UPR_ER_stress_score,14,75,0.0,0.0,5.341880735154736,4.179423793361668,1.1624569417930681,0.01141183232350416,0.01521577643133888
GSM4453581_P6,Plasma cells,detected_vs_undetected,NRF2_redox_score,14,75,0.0,0.0,4.631210150683479,1.6104158543993485,3.020794296284131,1.8434990359383113e-06,7.373996143753245e-06
GSM4453581_P6,Plasma cells,detected_vs_undetected,Ribosome_translation_score,14,75,0.0,0.0,7.775683231749042,7.090611610669486,0.6850716210795564,0.4269364160860587,0.4269364160860587
GSM4453581_P6,Plasma cells,detected_vs_undetected,Apoptosis_DDR_score,14,75,0.0,0.0,1.9530115412630613,0.8075670439905771,1.1454444972724842,0.002178862862945788,0.004357725725891576
GSM4453581_P6,B-lineage combined,within_sample_positive_median,UPR_ER_stress_score,17,169,,8.76059724650536,4.140736112714719,3.7035903681800395,0.43714574453467936,0.3005980284043277,0.40079737120577025
GSM4453581_P6,B-lineage combined,within_sample_positive_median,NRF2_redox_score,17,169,,8.76059724650536,3.6975854541031987,2.318005344196438,1.3795801099067608,0.0029100527515976485,0.011640211006390594
GSM4453581_P6,B-lineage combined,within_sample_positive_median,Ribosome_translation_score,17,169,,8.76059724650536,5.8030082671902745,6.709105356209851,-0.9060970890195765,0.085378352706541,0.170756705413082
GSM4453581_P6,B-lineage combined,within_sample_positive_median,Apoptosis_DDR_score,17,169,,8.76059724650536,1.1111512803816257,1.2106046322064634,-0.09945335182483772,0.9960352240738426,0.9960352240738426
GSM4453581_P6,B-lineage combined,within_sample_positive_quartiles,UPR_ER_stress_score,9,9,8.302695371341818,9.454856208166804,3.83979926121229,5.687678479419152,-1.8478792182068622,0.013418657920497472,0.0342364794095803
GSM4453581_P6,B-lineage combined,within_sample_positive_quartiles,NRF2_redox_score,9,9,8.302695371341818,9.454856208166804,3.498397812924178,4.965502252689561,-1.4671044397653827,0.0933976745287926,0.0933976745287926
GSM4453581_P6,B-lineage combined,within_sample_positive_quartiles,Ribosome_translation_score,9,9,8.302695371341818,9.454856208166804,5.895808475627754,8.599611773019035,-2.703803297391281,0.01711823970479015,0.0342364794095803
GSM4453581_P6,B-lineage combined,within_sample_positive_quartiles,Apoptosis_DDR_score,9,9,8.302695371341818,9.454856208166804,0.9233556726514798,2.6259389159266093,-1.7025832432751296,0.049644873304314725,0.06619316440575297
GSM4453581_P6,B-lineage combined,detected_vs_undetected,UPR_ER_stress_score,33,153,0.0,0.0,4.688034017456894,3.5398311343954214,1.1482028830614723,0.0006528418086872563,0.0013056836173745126
GSM4453581_P6,B-lineage combined,detected_vs_undetected,NRF2_redox_score,33,153,0.0,0.0,4.372013394841692,2.0282706788181475,2.3437427160235442,8.829508111968701e-10,3.5318032447874804e-09
GSM4453581_P6,B-lineage combined,detected_vs_undetected,Ribosome_translation_score,33,153,0.0,0.0,6.802369073675155,6.588312198107314,0.2140568755678416,0.8195186699985448,0.8195186699985448
GSM4453581_P6,B-lineage combined,detected_vs_undetected,Apoptosis_DDR_score,33,153,0.0,0.0,1.775001975870918,1.0778214993832658,0.6971804764876521,0.004877030929243538,0.006502707905658051
GSM4453582_P7,B cells,within_sample_positive_median,UPR_ER_stress_score,14,142,,9.13728204828852,2.4706431088220833,3.221062249538787,-0.7504191407167036,0.17835669130837084,0.23780892174449444
GSM4453582_P7,B cells,within_sample_positive_median,NRF2_redox_score,14,142,,9.13728204828852,2.2644456275961544,1.3461617502488883,0.9182838773472661,0.005184939981459566,0.020739759925838264
GSM4453582_P7,B cells,within_sample_positive_median,Ribosome_translation_score,14,142,,9.13728204828852,9.98297373586395,9.859060561986269,0.12391317387768197,0.9332886868640781,0.9332886868640781
GSM4453582_P7,B cells,within_sample_positive_median,Apoptosis_DDR_score,14,142,,9.13728204828852,0.4433917089623557,0.989623138142351,-0.5462314291799953,0.08246171431004784,0.16492342862009568
GSM4453582_P7,B cells,within_sample_positive_quartiles,UPR_ER_stress_score,7,7,8.49795406419198,9.706715696173836,1.5546786733017068,4.714277436469195,-3.1595987631674882,0.04069193939734579,0.08138387879469158
GSM4453582_P7,B cells,within_sample_positive_quartiles,NRF2_redox_score,7,7,8.49795406419198,9.706715696173836,1.7817615891364347,3.0384081712269255,-1.2566465820904908,0.20862470862470864,0.2781662781662782
GSM4453582_P7,B cells,within_sample_positive_quartiles,Ribosome_translation_score,7,7,8.49795406419198,9.706715696173836,9.888178345563933,10.037985814528088,-0.14980746896415553,1.0,1.0
GSM4453582_P7,B cells,within_sample_positive_quartiles,Apoptosis_DDR_score,7,7,8.49795406419198,9.706715696173836,0.22650137658102362,2.213218005537267,-1.9867166289562435,0.014047028367415306,0.056188113469661224
GSM4453582_P7,B cells,detected_vs_undetected,UPR_ER_stress_score,27,129,0.0,0.0,3.4820809995656807,3.0849895811608024,0.3970914184048784,0.42435422006914203,0.8487084401382841
GSM4453582_P7,B cells,detected_vs_undetected,NRF2_redox_score,27,129,0.0,0.0,2.3981379319539022,1.2256394043328136,1.1724985276210886,9.248306553871346e-05,0.0003699322621548538
GSM4453582_P7,B cells,detected_vs_undetected,Ribosome_translation_score,27,129,0.0,0.0,10.020448511994664,9.838729630079762,0.18171888191490204,0.858714074194965,0.9558197044095785
GSM4453582_P7,B cells,detected_vs_undetected,Apoptosis_DDR_score,27,129,0.0,0.0,1.079107374510764,0.9116129490689628,0.16749442544180115,0.9558197044095785,0.9558197044095785
GSM4453582_P7,Plasma cells,within_sample_positive_median,UPR_ER_stress_score,88,791,,8.152422141983191,5.299618616401389,5.56037074730162,-0.2607521309002312,0.28332347932026325,0.28332347932026325
GSM4453582_P7,Plasma cells,within_sample_positive_median,NRF2_redox_score,88,791,,8.152422141983191,2.545063697889402,1.0735368455097687,1.4715268523796334,5.2884304025090434e-23,2.1153721610036174e-22
GSM4453582_P7,Plasma cells,within_sample_positive_median,Ribosome_translation_score,88,791,,8.152422141983191,8.317027930077552,7.328608703435107,0.9884192266424456,4.4999629672360586e-05,8.999925934472117e-05
GSM4453582_P7,Plasma cells,within_sample_positive_median,Apoptosis_DDR_score,88,791,,8.152422141983191,1.0705136551863803,0.9218550316873318,0.14865862349904846,0.14932274770837292,0.19909699694449723
GSM4453582_P7,Plasma cells,within_sample_positive_quartiles,UPR_ER_stress_score,44,44,7.663725466453382,8.886562842194525,4.3627661900018175,7.209104328588938,-2.8463381385871207,8.710589437204982e-09,3.484235774881993e-08
GSM4453582_P7,Plasma cells,within_sample_positive_quartiles,NRF2_redox_score,44,44,7.663725466453382,8.886562842194525,2.5373840054505727,2.828940737456796,-0.2915567320062231,0.16723275318652342,0.16723275318652342
GSM4453582_P7,Plasma cells,within_sample_positive_quartiles,Ribosome_translation_score,44,44,7.663725466453382,8.886562842194525,8.20032690538883,9.080790252620368,-0.8804633472315384,0.11764216925630909,0.1568562256750788
GSM4453582_P7,Plasma cells,within_sample_positive_quartiles,Apoptosis_DDR_score,44,44,7.663725466453382,8.886562842194525,0.6837424750851858,1.5026125317964287,-0.8188700567112429,0.015812934625771234,0.03162586925154247
GSM4453582_P7,Plasma cells,detected_vs_undetected,UPR_ER_stress_score,175,704,0.0,0.0,6.044251444324958,5.407493887218802,0.6367575571061561,0.00020305394036468198,0.0002707385871529093
GSM4453582_P7,Plasma cells,detected_vs_undetected,NRF2_redox_score,175,704,0.0,0.0,2.59514824172711,0.87923623282706,1.71591200890005,1.485140910900196e-50,5.940563643600784e-50
GSM4453582_P7,Plasma cells,detected_vs_undetected,Ribosome_translation_score,175,704,0.0,0.0,8.578303860270882,7.141512452722427,1.436791407548455,3.574964246649079e-14,7.149928493298158e-14
GSM4453582_P7,Plasma cells,detected_vs_undetected,Apoptosis_DDR_score,175,704,0.0,0.0,1.225938881007077,0.8648483345807422,0.36109054642633487,0.0027737720863719693,0.0027737720863719693
GSM4453582_P7,B-lineage combined,within_sample_positive_median,UPR_ER_stress_score,101,934,,8.2372195349631,4.708125896626016,5.225994461196675,-0.5178685645706587,0.025897839526408173,0.034530452701877566
GSM4453582_P7,B-lineage combined,within_sample_positive_median,NRF2_redox_score,101,934,,8.2372195349631,2.45924527114621,1.1216345665400596,1.3376107046061505,1.8501490950690235e-23,7.400596380276094e-23
GSM4453582_P7,B-lineage combined,within_sample_positive_median,Ribosome_translation_score,101,934,,8.2372195349631,8.682608479542107,7.699820897146023,0.9827875823960843,1.4067323340824e-05,2.8134646681648e-05
GSM4453582_P7,B-lineage combined,within_sample_positive_median,Apoptosis_DDR_score,101,934,,8.2372195349631,0.960758146629416,0.9347857906351145,0.025972355994301588,0.7749523087739282,0.7749523087739282
GSM4453582_P7,B-lineage combined,within_sample_positive_quartiles,UPR_ER_stress_score,51,51,7.73364001459805,9.146427808952705,3.691766763292796,7.116409347415881,-3.424642584123085,4.723568124727609e-12,1.8894272498910435e-11
GSM4453582_P7,B-lineage combined,within_sample_positive_quartiles,NRF2_redox_score,51,51,7.73364001459805,9.146427808952705,2.4577821330259315,2.7955366529307133,-0.3377545199047818,0.10675700732027862,0.14234267642703816
GSM4453582_P7,B-lineage combined,within_sample_positive_quartiles,Ribosome_translation_score,51,51,7.73364001459805,9.146427808952705,8.668016133274032,8.945156025186906,-0.27713989191287425,0.8356397524555739,0.8356397524555739
GSM4453582_P7,B-lineage combined,within_sample_positive_quartiles,Apoptosis_DDR_score,51,51,7.73364001459805,9.146427808952705,0.5738585627964378,1.4605266777233141,-0.8866681149268764,0.00307210279634141,0.00614420559268282
GSM4453582_P7,B-lineage combined,detected_vs_undetected,UPR_ER_stress_score,202,833,0.0,0.0,5.701783117550204,5.047826353627588,0.6539567639226158,8.732637467563379e-05,0.00011643516623417839
GSM4453582_P7,B-lineage combined,detected_vs_undetected,NRF2_redox_score,202,833,0.0,0.0,2.5688151805198003,0.9328809016436772,1.635934278876123,2.6005556925055652e-53,1.0402222770022261e-52
GSM4453582_P7,B-lineage combined,detected_vs_undetected,Ribosome_translation_score,202,833,0.0,0.0,8.771065769164654,7.5592087502963725,1.2118570188682813,3.7358637434305386e-11,7.471727486861077e-11
GSM4453582_P7,B-lineage combined,detected_vs_undetected,Apoptosis_DDR_score,202,833,0.0,0.0,1.2063128875645006,0.8720903937271773,0.3342224938373233,0.005373533920830092,0.005373533920830092
GSM4453583_P8,B cells,within_sample_positive_median,UPR_ER_stress_score,13,117,,9.048406086279446,3.3358228401814958,2.9087330211630564,0.42708981901843934,0.4939810477165065,0.514476653727562
GSM4453583_P8,B cells,within_sample_positive_median,NRF2_redox_score,13,117,,9.048406086279446,3.135542189200255,1.6825785629483023,1.4529636262519527,0.0003110157876492432,0.0012440631505969727
GSM4453583_P8,B cells,within_sample_positive_median,Ribosome_translation_score,13,117,,9.048406086279446,9.400728234852686,10.094893051919689,-0.6941648170670032,0.514476653727562,0.514476653727562
GSM4453583_P8,B cells,within_sample_positive_median,Apoptosis_DDR_score,13,117,,9.048406086279446,0.4452062289484942,0.615214219425162,-0.17000799047666776,0.4871513744045972,0.514476653727562
GSM4453583_P8,B cells,within_sample_positive_quartiles,UPR_ER_stress_score,7,7,8.165943416615505,9.516222204366947,3.8088451400592507,5.694037919827745,-1.8851927797684946,0.20862470862470864,0.4172494172494173
GSM4453583_P8,B cells,within_sample_positive_quartiles,NRF2_redox_score,7,7,8.165943416615505,9.516222204366947,3.016129548450823,4.42143956808794,-1.4053100196371169,0.006993006993006993,0.027972027972027972
GSM4453583_P8,B cells,within_sample_positive_quartiles,Ribosome_translation_score,7,7,8.165943416615505,9.516222204366947,9.677034535150312,10.375836044165572,-0.6988015090152597,0.534965034965035,0.534965034965035
GSM4453583_P8,B cells,within_sample_positive_quartiles,Apoptosis_DDR_score,7,7,8.165943416615505,9.516222204366947,0.22663931593897282,0.728010494126914,-0.5013711781879412,0.33690650364849206,0.44920867153132277
GSM4453583_P8,B cells,detected_vs_undetected,UPR_ER_stress_score,26,104,0.0,0.0,4.057708373160503,2.674875410540999,1.3828329626195042,0.0025063135350716,0.0050126270701432
GSM4453583_P8,B cells,detected_vs_undetected,NRF2_redox_score,26,104,0.0,0.0,3.465301279402745,1.418518337116186,2.0467829422865593,1.0728333487375945e-09,4.291333394950378e-09
GSM4453583_P8,B cells,detected_vs_undetected,Ribosome_translation_score,26,104,0.0,0.0,9.6971492749807,10.107558394021058,-0.41040911904035937,0.7160267835129095,0.7160267835129095
GSM4453583_P8,B cells,detected_vs_undetected,Apoptosis_DDR_score,26,104,0.0,0.0,0.7798460761081457,0.5528052564448327,0.22704081966331302,0.6239369448091274,0.7160267835129095
GSM4453583_P8,Plasma cells,within_sample_positive_median,UPR_ER_stress_score,40,172,,8.007411600196528,5.757442741927432,5.573471279151345,0.18397146277608645,0.6802861119977364,0.6802861119977364
GSM4453583_P8,Plasma cells,within_sample_positive_median,NRF2_redox_score,40,172,,8.007411600196528,3.2227319532914604,2.1076842836651197,1.1150476696263407,7.674136419402063e-05,0.00030696545677608253
GSM4453583_P8,Plasma cells,within_sample_positive_median,Ribosome_translation_score,40,172,,8.007411600196528,9.786679455895985,9.094817231088776,0.6918622248072097,0.07770387435509711,0.11266171254091324
GSM4453583_P8,Plasma cells,within_sample_positive_median,Apoptosis_DDR_score,40,172,,8.007411600196528,1.234363362639007,0.9169330761664006,0.3174302864726063,0.08449628440568493,0.11266171254091324
GSM4453583_P8,Plasma cells,within_sample_positive_quartiles,UPR_ER_stress_score,20,20,7.294026012343175,8.709904315640756,4.855937899180537,6.731241160739472,-1.8753032615589351,0.004702532763389892,0.012060529046674012
GSM4453583_P8,Plasma cells,within_sample_positive_quartiles,NRF2_redox_score,20,20,7.294026012343175,8.709904315640756,2.922604079186796,4.243518937317828,-1.3209148581310317,0.00904539678500551,0.012060529046674012
GSM4453583_P8,Plasma cells,within_sample_positive_quartiles,Ribosome_translation_score,20,20,7.294026012343175,8.709904315640756,9.194827335905272,10.572867618354518,-1.3780402824492466,0.008354827335644516,0.012060529046674012
GSM4453583_P8,Plasma cells,within_sample_positive_quartiles,Apoptosis_DDR_score,20,20,7.294026012343175,8.709904315640756,1.220410040817177,1.6992775235663267,-0.4788674827491497,0.2667719110085678,0.2667719110085678
GSM4453583_P8,Plasma cells,detected_vs_undetected,UPR_ER_stress_score,80,132,0.0,0.0,6.058050092420249,5.335536078011429,0.7225140144088202,0.024465364242121777,0.024465364242121777
GSM4453583_P8,Plasma cells,detected_vs_undetected,NRF2_redox_score,80,132,0.0,0.0,3.461511261248691,1.6250763183497248,1.8364349428989661,6.05170253399711e-14,2.420681013598844e-13
GSM4453583_P8,Plasma cells,detected_vs_undetected,Ribosome_translation_score,80,132,0.0,0.0,10.044448431596921,8.728938389813298,1.3155100417836234,4.28113921732637e-05,8.56227843465274e-05
GSM4453583_P8,Plasma cells,detected_vs_undetected,Apoptosis_DDR_score,80,132,0.0,0.0,1.283324968829921,0.7910683795438445,0.49225658928607663,0.00236540426192688,0.00315387234923584
GSM4453583_P8,B-lineage combined,within_sample_positive_median,UPR_ER_stress_score,53,289,,8.16184109603293,4.772123119675357,4.566434964521701,0.20568815515365646,0.613643360977756,0.8181911479703413
GSM4453583_P8,B-lineage combined,within_sample_positive_median,NRF2_redox_score,53,289,,8.16184109603293,3.0865309526488116,1.9566386669765627,1.1298922856722489,9.974225041430637e-07,3.989690016572255e-06
GSM4453583_P8,B-lineage combined,within_sample_positive_median,Ribosome_translation_score,53,289,,8.16184109603293,9.51441067017814,9.532262735610228,-0.017852065432087727,0.9157470132924675,0.9157470132924675
GSM4453583_P8,B-lineage combined,within_sample_positive_median,Apoptosis_DDR_score,53,289,,8.16184109603293,1.0638189281990493,0.7905618168190518,0.27325711137999753,0.12439999878264432,0.24879999756528864
GSM4453583_P8,B-lineage combined,within_sample_positive_quartiles,UPR_ER_stress_score,27,27,7.452679516730864,8.932786431677563,3.963468124445853,6.459049693670965,-2.4955815692251124,9.226067261753814e-05,0.00036904269047015255
GSM4453583_P8,B-lineage combined,within_sample_positive_quartiles,NRF2_redox_score,27,27,7.452679516730864,8.932786431677563,2.942242162707794,4.1391123591418655,-1.1968701964340713,0.001456591377709781,0.002913182755419562
GSM4453583_P8,B-lineage combined,within_sample_positive_quartiles,Ribosome_translation_score,27,27,7.452679516730864,8.932786431677563,9.115059615177763,10.588226782776578,-1.473167167598815,0.009459188759354788,0.009459188759354788
GSM4453583_P8,B-lineage combined,within_sample_positive_quartiles,Apoptosis_DDR_score,27,27,7.452679516730864,8.932786431677563,0.6896818285139651,1.6032053940920197,-0.9135235655780546,0.0062937364131938015,0.00839164855092507
GSM4453583_P8,B-lineage combined,detected_vs_undetected,UPR_ER_stress_score,106,236,0.0,0.0,5.567400236752763,4.1630415465837824,1.4043586901689808,4.756984086132095e-07,9.51396817226419e-07
GSM4453583_P8,B-lineage combined,detected_vs_undetected,NRF2_redox_score,106,236,0.0,0.0,3.4624408883430817,1.534050767297657,1.9283901210454246,1.203522829462723e-22,4.814091317850892e-22
GSM4453583_P8,B-lineage combined,detected_vs_undetected,Ribosome_translation_score,106,236,0.0,0.0,9.95926184601181,9.336465849294685,0.6227959967171248,0.013517287591668608,0.013517287591668608
GSM4453583_P8,B-lineage combined,detected_vs_undetected,Apoptosis_DDR_score,106,236,0.0,0.0,1.159830146086844,0.6860710710595342,0.47375907502730985,0.0008320620252900418,0.0011094160337200558
GSM4453584_P9,Plasma cells,within_sample_positive_median,UPR_ER_stress_score,31,171,,8.201139739792964,6.3260076859734555,5.846402450996967,0.4796052349764883,0.20805198392113688,0.27740264522818253
GSM4453584_P9,Plasma cells,within_sample_positive_median,NRF2_redox_score,31,171,,8.201139739792964,3.445151055481465,1.7191052183955475,1.7260458370859173,1.4462112854155305e-07,5.784845141662122e-07
GSM4453584_P9,Plasma cells,within_sample_positive_median,Ribosome_translation_score,31,171,,8.201139739792964,8.346560239358228,7.655158995961263,0.6914012433969647,0.022959579471045724,0.04591915894209145
GSM4453584_P9,Plasma cells,within_sample_positive_median,Apoptosis_DDR_score,31,171,,8.201139739792964,1.2705598021467241,1.0716906796568348,0.1988691224898893,0.37281391066576275,0.37281391066576275
GSM4453584_P9,Plasma cells,within_sample_positive_quartiles,UPR_ER_stress_score,16,16,7.822799831426472,8.713014106488156,6.240258335308072,6.91825154424296,-0.6779932089348879,0.2503449209783549,0.3337932279711399
GSM4453584_P9,Plasma cells,within_sample_positive_quartiles,NRF2_redox_score,16,16,7.822799831426472,8.713014106488156,4.019815450385835,3.2189864906305843,0.8008289597552505,0.136563154180369,0.273126308360738
GSM4453584_P9,Plasma cells,within_sample_positive_quartiles,Ribosome_translation_score,16,16,7.822799831426472,8.713014106488156,8.953470188922605,9.440480076686693,-0.4870098877640885,0.8653246192630564,0.8653246192630564
GSM4453584_P9,Plasma cells,within_sample_positive_quartiles,Apoptosis_DDR_score,16,16,7.822799831426472,8.713014106488156,1.1705186627802202,2.011327948257425,-0.8408092854772049,0.05045389227163516,0.20181556908654064
GSM4453584_P9,Plasma cells,detected_vs_undetected,UPR_ER_stress_score,62,140,0.0,0.0,6.503873500180407,5.6614350026748115,0.8424384975055954,0.0038500837901592833,0.0038500837901592833
GSM4453584_P9,Plasma cells,detected_vs_undetected,NRF2_redox_score,62,140,0.0,0.0,3.383079553726852,1.3643981623892805,2.018681391337571,8.893121362941467e-14,3.5572485451765867e-13
GSM4453584_P9,Plasma cells,detected_vs_undetected,Ribosome_translation_score,62,140,0.0,0.0,8.668043492912433,7.3596918512065,1.3083516417059338,3.5293006380440134e-07,7.058601276088027e-07
GSM4453584_P9,Plasma cells,detected_vs_undetected,Apoptosis_DDR_score,62,140,0.0,0.0,1.5500388590005059,0.9038860773559704,0.6461527816445355,0.0014033513026661822,0.0018711350702215763
GSM4453584_P9,B-lineage combined,within_sample_positive_median,UPR_ER_stress_score,32,171,,8.226018987095816,6.244978964904309,5.846402450996967,0.39857651390734183,0.3055540079630493,0.3078973860554213
GSM4453584_P9,B-lineage combined,within_sample_positive_median,NRF2_redox_score,32,171,,8.226018987095816,3.504936722007239,1.7191052183955475,1.7858315036116916,5.6961639992242285e-08,2.2784655996896914e-07
GSM4453584_P9,B-lineage combined,within_sample_positive_median,Ribosome_translation_score,32,171,,8.226018987095816,8.346726355381742,7.655158995961263,0.6915673594204792,0.020715647361588284,0.04143129472317657
GSM4453584_P9,B-lineage combined,within_sample_positive_median,Apoptosis_DDR_score,32,171,,8.226018987095816,1.2786716821072757,1.0716906796568348,0.20698100245044082,0.3078973860554213,0.3078973860554213
GSM4453584_P9,B-lineage combined,within_sample_positive_quartiles,UPR_ER_stress_score,16,16,7.829794753722306,8.730440137957354,6.144332805024826,6.91825154424296,-0.7739187392181339,0.20674060673155448,0.2756541423087393
GSM4453584_P9,B-lineage combined,within_sample_positive_quartiles,NRF2_redox_score,16,16,7.829794753722306,8.730440137957354,4.021979044345713,3.2189864906305843,0.8029925537151286,0.136563154180369,0.273126308360738
GSM4453584_P9,B-lineage combined,within_sample_positive_quartiles,Ribosome_translation_score,16,16,7.829794753722306,8.730440137957354,8.899809420785376,9.440480076686693,-0.5406706559013177,0.8064734910574618,0.8064734910574618
GSM4453584_P9,B-lineage combined,within_sample_positive_quartiles,Apoptosis_DDR_score,16,16,7.829794753722306,8.730440137957354,1.2661524103354935,2.011327948257425,-0.7451755379219316,0.0719424201709289,0.273126308360738
GSM4453584_P9,B-lineage combined,detected_vs_undetected,UPR_ER_stress_score,63,140,0.0,0.0,6.459892787665809,5.6614350026748115,0.7984577849909975,0.00626495178674933,0.00626495178674933
GSM4453584_P9,B-lineage combined,detected_vs_undetected,NRF2_redox_score,63,140,0.0,0.0,3.4144321383392238,1.3643981623892805,2.050033975949943,4.0386964342265e-14,1.6154785736906e-13
GSM4453584_P9,B-lineage combined,detected_vs_undetected,Ribosome_translation_score,63,140,0.0,0.0,8.663024960518756,7.3596918512065,1.3033331093122564,3.0583219382034357e-07,6.116643876406871e-07
GSM4453584_P9,B-lineage combined,detected_vs_undetected,Apoptosis_DDR_score,63,140,0.0,0.0,1.549723003474853,0.9038860773559704,0.6458369261188827,0.0010588157958996884,0.001411754394532918
GSM4453585_P10,Plasma cells,within_sample_positive_median,UPR_ER_stress_score,21,97,,7.515972762841598,6.776902277020458,6.799140715591859,-0.022238438571401176,0.8936534808118812,0.8936534808118812
GSM4453585_P10,Plasma cells,within_sample_positive_median,NRF2_redox_score,21,97,,7.515972762841598,3.952426309765762,3.1111795016761024,0.8412468080896596,0.06839085153026893,0.16828854409975624
GSM4453585_P10,Plasma cells,within_sample_positive_median,Ribosome_translation_score,21,97,,7.515972762841598,9.096152040815925,8.604409802212873,0.49174223860305233,0.3280770268838339,0.43743603584511187
GSM4453585_P10,Plasma cells,within_sample_positive_median,Apoptosis_DDR_score,21,97,,7.515972762841598,1.5517466432691387,2.1771821771258386,-0.6254355338566999,0.08414427204987812,0.16828854409975624
GSM4453585_P10,Plasma cells,within_sample_positive_quartiles,UPR_ER_stress_score,11,11,6.9296519313803255,7.985079592838332,6.380111103362134,7.343257652171913,-0.963146548809779,0.21216467995625798,0.21216467995625798
GSM4453585_P10,Plasma cells,within_sample_positive_quartiles,NRF2_redox_score,11,11,6.9296519313803255,7.985079592838332,3.743842336138906,5.99724624098705,-2.2534039048481445,0.021546120951385805,0.08618448380554322
GSM4453585_P10,Plasma cells,within_sample_positive_quartiles,Ribosome_translation_score,11,11,6.9296519313803255,7.985079592838332,8.930231812768888,10.19959017788947,-1.269358365120583,0.11503496229473922,0.15337994972631896
GSM4453585_P10,Plasma cells,within_sample_positive_quartiles,Apoptosis_DDR_score,11,11,6.9296519313803255,7.985079592838332,2.0671893419881258,3.3552086709497075,-1.2880193289615818,0.11493240879293366,0.15337994972631896
GSM4453585_P10,Plasma cells,detected_vs_undetected,UPR_ER_stress_score,42,76,0.0,0.0,7.108853896170902,6.6218385998771305,0.48701529629377127,0.1711163302844354,0.1886151897066689
GSM4453585_P10,Plasma cells,detected_vs_undetected,NRF2_redox_score,42,76,0.0,0.0,4.636676448373193,2.5005914912630107,2.1360849571101825,1.6412952022707533e-07,6.565180809083013e-07
GSM4453585_P10,Plasma cells,detected_vs_undetected,Ribosome_translation_score,42,76,0.0,0.0,9.519248052051337,8.234717440600354,1.2845306114509825,0.0002007643375211629,0.0004015286750423258
GSM4453585_P10,Plasma cells,detected_vs_undetected,Apoptosis_DDR_score,42,76,0.0,0.0,2.374737402636171,1.8951892076202512,0.47954819501591994,0.1886151897066689,0.1886151897066689
GSM4453585_P10,B-lineage combined,within_sample_positive_median,UPR_ER_stress_score,23,100,,7.609737899320654,6.562599500512684,6.787253456787608,-0.22465395627492413,0.4815610298531441,0.4815610298531441
GSM4453585_P10,B-lineage combined,within_sample_positive_median,NRF2_redox_score,23,100,,7.609737899320654,4.065982654607626,3.1221715872402287,0.9438110673673972,0.03529005431865814,0.14116021727463257
GSM4453585_P10,B-lineage combined,within_sample_positive_median,Ribosome_translation_score,23,100,,7.609737899320654,9.18696132857757,8.643437430790332,0.5435238977872388,0.22389580114431484,0.29852773485908646
GSM4453585_P10,B-lineage combined,within_sample_positive_median,Apoptosis_DDR_score,23,100,,7.609737899320654,1.5912567745315371,2.136989316006923,-0.545732541475386,0.10989654449605797,0.21979308899211594
GSM4453585_P10,B-lineage combined,within_sample_positive_quartiles,UPR_ER_stress_score,12,12,6.93445817927562,8.00903160928444,6.556870145500003,7.29488511432801,-0.7380149688280069,0.23658409332187613,0.23658409332187613
GSM4453585_P10,B-lineage combined,within_sample_positive_quartiles,NRF2_redox_score,12,12,6.93445817927562,8.00903160928444,3.8191355926322967,5.6258916131136045,-1.8067560204813078,0.053097957285583426,0.16802949569383077
GSM4453585_P10,B-lineage combined,within_sample_positive_quartiles,Ribosome_translation_score,12,12,6.93445817927562,8.00903160928444,8.993993742598521,10.10916223469127,-1.1151684920927494,0.12602212177037309,0.16802949569383077
GSM4453585_P10,B-lineage combined,within_sample_positive_quartiles,Apoptosis_DDR_score,12,12,6.93445817927562,8.00903160928444,2.07201680327528,3.1995744034325906,-1.1275576001573104,0.09980368806986796,0.16802949569383077
GSM4453585_P10,B-lineage combined,detected_vs_undetected,UPR_ER_stress_score,45,78,0.0,0.0,7.032119265641109,6.579740605598752,0.45237866004235716,0.19737249597831152,0.20116181943281142
GSM4453585_P10,B-lineage combined,detected_vs_undetected,NRF2_redox_score,45,78,0.0,0.0,4.6493393032616845,2.5194165529900303,2.1299227502716542,5.245816017326484e-08,2.0983264069305937e-07
GSM4453585_P10,B-lineage combined,detected_vs_undetected,Ribosome_translation_score,45,78,0.0,0.0,9.525021211273733,8.295101270884608,1.2299199403891254,0.0002447515751332898,0.0004895031502665796
GSM4453585_P10,B-lineage combined,detected_vs_undetected,Apoptosis_DDR_score,45,78,0.0,0.0,2.3297986248074976,1.864832042289491,0.4649665825180065,0.20116181943281142,0.20116181943281142
GSM4453586_P11,B cells,within_sample_positive_median,UPR_ER_stress_score,31,93,,8.362154741379541,4.399374360429807,4.303571532183589,0.09580282824621822,0.9035474980550714,0.9035474980550714
GSM4453586_P11,B cells,within_sample_positive_median,NRF2_redox_score,31,93,,8.362154741379541,4.270136180634679,3.2881257317822246,0.9820104488524541,0.0017971294408050348,0.007188517763220139
GSM4453586_P11,B cells,within_sample_positive_median,Ribosome_translation_score,31,93,,8.362154741379541,10.2598845437249,9.77010789815021,0.4897766455746897,0.346914406073514,0.5925291379687323
GSM4453586_P11,B cells,within_sample_positive_median,Apoptosis_DDR_score,31,93,,8.362154741379541,3.6622222255553543,3.3685898477441647,0.29363237781118956,0.4443968534765492,0.5925291379687323
GSM4453586_P11,B cells,within_sample_positive_quartiles,UPR_ER_stress_score,16,16,7.587871704149474,9.156842964756668,3.9128017112347075,5.466759462802377,-1.553957751567669,0.005603298066936478,0.02241319226774591
GSM4453586_P11,B cells,within_sample_positive_quartiles,NRF2_redox_score,16,16,7.587871704149474,9.156842964756668,4.076601308769715,4.5800572898047065,-0.5034559810349917,0.11779641058356675,0.157061880778089
GSM4453586_P11,B cells,within_sample_positive_quartiles,Ribosome_translation_score,16,16,7.587871704149474,9.156842964756668,10.258714279354248,10.614879633758534,-0.3561653544042862,0.3558099957673745,0.3558099957673745
GSM4453586_P11,B cells,within_sample_positive_quartiles,Apoptosis_DDR_score,16,16,7.587871704149474,9.156842964756668,3.0797214210009187,4.556056222095052,-1.4763348010941328,0.03022625498203607,0.06045250996407214
GSM4453586_P11,B cells,detected_vs_undetected,UPR_ER_stress_score,61,63,0.0,0.0,4.823853242452727,3.846947775821926,0.976905466630801,0.007954849381603258,0.010606465842137676
GSM4453586_P11,B cells,detected_vs_undetected,NRF2_redox_score,61,63,0.0,0.0,4.400059454988912,2.6947029825571165,1.7053564724317956,5.55320008619898e-10,2.221280034479592e-09
GSM4453586_P11,B cells,detected_vs_undetected,Ribosome_translation_score,61,63,0.0,0.0,10.355460954359454,9.444338685198645,0.9111222691608099,0.005624268452202017,0.010606465842137676
GSM4453586_P11,B cells,detected_vs_undetected,Apoptosis_DDR_score,61,63,0.0,0.0,3.8343600207128334,3.062091802681594,0.7722682180312392,0.03258006110960296,0.03258006110960296
GSM4453586_P11,Plasma cells,within_sample_positive_median,UPR_ER_stress_score,25,67,,7.7652743335106695,5.690706850943849,5.677369866241448,0.013336984702401189,0.9370388209501612,0.9370388209501612
GSM4453586_P11,Plasma cells,within_sample_positive_median,NRF2_redox_score,25,67,,7.7652743335106695,4.162894518305332,3.073672023544901,1.0892224947604308,0.013313177958146794,0.053252711832587174
GSM4453586_P11,Plasma cells,within_sample_positive_median,Ribosome_translation_score,25,67,,7.7652743335106695,10.016197276789729,9.449180942635337,0.5670163341543919,0.14512538236683759,0.19350050982245012
GSM4453586_P11,Plasma cells,within_sample_positive_median,Apoptosis_DDR_score,25,67,,7.7652743335106695,3.5965110684736583,2.7476392303113992,0.8488718381622591,0.08352773575174259,0.16705547150348518
GSM4453586_P11,Plasma cells,within_sample_positive_quartiles,UPR_ER_stress_score,13,13,6.981270720869308,8.484733015817854,5.004417542230805,6.130915376712009,-1.1264978344812038,0.18242243945173575,0.3648448789034715
GSM4453586_P11,Plasma cells,within_sample_positive_quartiles,NRF2_redox_score,13,13,6.981270720869308,8.484733015817854,4.20062252903254,4.276386181061318,-0.07576365202877877,0.7196142711598057,0.8776480118069371
GSM4453586_P11,Plasma cells,within_sample_positive_quartiles,Ribosome_translation_score,13,13,6.981270720869308,8.484733015817854,10.174068679048892,10.435345000766151,-0.26127632171725956,0.1239358056727424,0.3648448789034715
GSM4453586_P11,Plasma cells,within_sample_positive_quartiles,Apoptosis_DDR_score,13,13,6.981270720869308,8.484733015817854,3.675601771952927,4.26488169061119,-0.5892799186582636,0.8776480118069371,0.8776480118069371
GSM4453586_P11,Plasma cells,detected_vs_undetected,UPR_ER_stress_score,50,42,0.0,0.0,5.8756464295958635,5.449265019809051,0.4263814097868126,0.40382310721266923,0.40382310721266923
GSM4453586_P11,Plasma cells,detected_vs_undetected,NRF2_redox_score,50,42,0.0,0.0,4.276641285272182,2.289912482655537,1.9867288026166445,7.066765234418555e-08,2.826706093767422e-07
GSM4453586_P11,Plasma cells,detected_vs_undetected,Ribosome_translation_score,50,42,0.0,0.0,10.241305792142667,8.843684892123273,1.397620900019394,4.120932324461698e-06,8.241864648923396e-06
GSM4453586_P11,Plasma cells,detected_vs_undetected,Apoptosis_DDR_score,50,42,0.0,0.0,3.8845935658988373,1.8994030201848406,1.9851905457139967,1.7573475172897407e-05,2.3431300230529877e-05
GSM4453586_P11,B-lineage combined,within_sample_positive_median,UPR_ER_stress_score,56,160,,7.993383286427973,4.841782362950797,4.925777485330789,-0.08399512237999218,0.6271904291315651,0.6271904291315651
GSM4453586_P11,B-lineage combined,within_sample_positive_median,NRF2_redox_score,56,160,,7.993383286427973,4.292927649987045,3.1735897174455565,1.1193379325414887,6.624215148951584e-06,2.6496860595806337e-05
GSM4453586_P11,B-lineage combined,within_sample_positive_median,Ribosome_translation_score,56,160,,7.993383286427973,10.166667698500175,9.630269495898391,0.5363982026017844,0.1785423029169425,0.23805640388925667
GSM4453586_P11,B-lineage combined,within_sample_positive_median,Apoptosis_DDR_score,56,160,,7.993383286427973,3.5979160701485022,3.120806562792578,0.4771095073559244,0.12629642152757634,0.23805640388925667
GSM4453586_P11,B-lineage combined,within_sample_positive_quartiles,UPR_ER_stress_score,28,28,7.180609178294169,8.884209514388875,4.239841874888243,5.81913391710508,-1.5792920422168368,0.0015199194327442137,0.006079677730976855
GSM4453586_P11,B-lineage combined,within_sample_positive_quartiles,NRF2_redox_score,28,28,7.180609178294169,8.884209514388875,4.054934430441411,4.5914143170419,-0.536479886600489,0.036678759712578786,0.05088685243663685
GSM4453586_P11,B-lineage combined,within_sample_positive_quartiles,Ribosome_translation_score,28,28,7.180609178294169,8.884209514388875,10.279808726335284,10.412118913117357,-0.13231018678207285,0.25475101835032765,0.25475101835032765
GSM4453586_P11,B-lineage combined,within_sample_positive_quartiles,Apoptosis_DDR_score,28,28,7.180609178294169,8.884209514388875,3.3473172140260776,4.344024314387431,-0.9967071003613532,0.038165139327477636,0.05088685243663685
GSM4453586_P11,B-lineage combined,detected_vs_undetected,UPR_ER_stress_score,111,105,0.0,0.0,5.297633957382069,4.487874673416776,0.8097592839652927,0.006139675210130323,0.006139675210130323
GSM4453586_P11,B-lineage combined,detected_vs_undetected,NRF2_redox_score,111,105,0.0,0.0,4.3444656848462415,2.5327867825964847,1.8116789022497568,1.8787813224651636e-16,7.515125289860654e-16
GSM4453586_P11,B-lineage combined,detected_vs_undetected,Ribosome_translation_score,111,105,0.0,0.0,10.30403971011766,9.204077167968496,1.0999625421491643,1.4891059682534376e-07,2.978211936506875e-07
GSM4453586_P11,B-lineage combined,detected_vs_undetected,Apoptosis_DDR_score,111,105,0.0,0.0,3.8569877437695914,2.5970162896828928,1.2599714540866986,5.4070823131051e-06,7.209443084140133e-06
GSM4453587_P12,B cells,within_sample_positive_median,UPR_ER_stress_score,17,128,,8.9568797651044,2.806665862604932,3.1256112687733326,-0.3189454061684005,0.2318636177615616,0.4637272355231232
GSM4453587_P12,B cells,within_sample_positive_median,NRF2_redox_score,17,128,,8.9568797651044,2.3096303770942965,1.7915114057512984,0.5181189713429981,0.05145532356171848,0.20582129424687393
GSM4453587_P12,B cells,within_sample_positive_median,Ribosome_translation_score,17,128,,8.9568797651044,9.182348786605342,9.388413617199303,-0.2060648305939612,0.49317565205501124,0.6575675360733483
GSM4453587_P12,B cells,within_sample_positive_median,Apoptosis_DDR_score,17,128,,8.9568797651044,0.638119135649747,0.724716250448481,-0.086597114798734,0.97508254838656,0.97508254838656
GSM4453587_P12,B cells,within_sample_positive_quartiles,UPR_ER_stress_score,9,9,8.408483113022935,9.429855111982777,1.8749561469539229,4.3870555984400665,-2.5120994514861437,0.006193318174044277,0.012386636348088554
GSM4453587_P12,B cells,within_sample_positive_quartiles,NRF2_redox_score,9,9,8.408483113022935,9.429855111982777,1.6829498432429422,3.8563836395942963,-2.173433796351354,0.00041229480206169127,0.001649179208246765
GSM4453587_P12,B cells,within_sample_positive_quartiles,Ribosome_translation_score,9,9,8.408483113022935,9.429855111982777,8.38541084532134,9.964832043132029,-1.5794211978106887,0.01711823970479015,0.022824319606386867
GSM4453587_P12,B cells,within_sample_positive_quartiles,Apoptosis_DDR_score,9,9,8.408483113022935,9.429855111982777,0.5369153285033201,1.760846932325942,-1.2239316038226218,0.22005820538387388,0.22005820538387388
GSM4453587_P12,B cells,detected_vs_undetected,UPR_ER_stress_score,34,111,0.0,0.0,3.288981875919913,3.0267223269008414,0.2622595490190718,0.7848155938110326,0.9534824247359376
GSM4453587_P12,B cells,detected_vs_undetected,NRF2_redox_score,34,111,0.0,0.0,2.9414296299898544,1.5186357561001274,1.422793873889727,6.819847501307584e-07,2.7279390005230337e-06
GSM4453587_P12,B cells,detected_vs_undetected,Ribosome_translation_score,34,111,0.0,0.0,9.404405423916412,9.351955747393186,0.052449676523226074,0.9534824247359376,0.9534824247359376
GSM4453587_P12,B cells,detected_vs_undetected,Apoptosis_DDR_score,34,111,0.0,0.0,1.0055197881157463,0.6254417348424856,0.3800780532732607,0.22242087191526438,0.44484174383052877
GSM4453587_P12,Plasma cells,within_sample_positive_median,UPR_ER_stress_score,48,228,,7.812586702756091,5.642056958914888,5.451937993199483,0.19011896571540543,0.7046757359973823,0.7046757359973823
GSM4453587_P12,Plasma cells,within_sample_positive_median,NRF2_redox_score,48,228,,7.812586702756091,3.6854138277492283,2.545487621227032,1.1399262065221962,1.9664821474002394e-05,7.865928589600958e-05
GSM4453587_P12,Plasma cells,within_sample_positive_median,Ribosome_translation_score,48,228,,7.812586702756091,9.879268373293753,9.206048377010188,0.6732199962835654,0.18746995216341833,0.30415837663886575
GSM4453587_P12,Plasma cells,within_sample_positive_median,Apoptosis_DDR_score,48,228,,7.812586702756091,1.2340248213874305,1.0358765450263234,0.1981482763611071,0.2281187824791493,0.30415837663886575
GSM4453587_P12,Plasma cells,within_sample_positive_quartiles,UPR_ER_stress_score,24,24,7.2958703892015855,8.623209978539656,5.672784376187793,6.680315016050538,-1.007530639862745,0.016297262912258043,0.06518905164903217
GSM4453587_P12,Plasma cells,within_sample_positive_quartiles,NRF2_redox_score,24,24,7.2958703892015855,8.623209978539656,3.69381295126783,4.556131211110615,-0.8623182598427848,0.0489327907878939,0.0978655815757878
GSM4453587_P12,Plasma cells,within_sample_positive_quartiles,Ribosome_translation_score,24,24,7.2958703892015855,8.623209978539656,9.8872114433247,10.390674966419317,-0.5034635230946165,0.09693818842839903,0.12076571939385644
GSM4453587_P12,Plasma cells,within_sample_positive_quartiles,Apoptosis_DDR_score,24,24,7.2958703892015855,8.623209978539656,1.2539756712262944,2.072660930827775,-0.8186852596014804,0.12076571939385644,0.12076571939385644
GSM4453587_P12,Plasma cells,detected_vs_undetected,UPR_ER_stress_score,95,181,0.0,0.0,6.032124332230502,5.197838590693366,0.8342857415371361,0.0006585598424743866,0.0006585598424743866
GSM4453587_P12,Plasma cells,detected_vs_undetected,NRF2_redox_score,95,181,0.0,0.0,3.952297807176721,2.109407456850484,1.842890350326237,2.2118347282187169e-16,8.847338912874867e-16
GSM4453587_P12,Plasma cells,detected_vs_undetected,Ribosome_translation_score,95,181,0.0,0.0,10.060818350161393,8.935945682934204,1.124872667227189,7.005446040223328e-05,9.34059472029777e-05
GSM4453587_P12,Plasma cells,detected_vs_undetected,Apoptosis_DDR_score,95,181,0.0,0.0,1.5855035975984892,0.799945866965425,0.7855577306330642,7.316985730809374e-06,1.4633971461618748e-05
GSM4453587_P12,B-lineage combined,within_sample_positive_median,UPR_ER_stress_score,65,356,,8.09568094140363,4.46974899986563,4.694153015599443,-0.2244040157338123,0.28823557054035065,0.38431409405380085
GSM4453587_P12,B-lineage combined,within_sample_positive_median,NRF2_redox_score,65,356,,8.09568094140363,3.231874172558851,2.291506731747669,0.940367440811182,1.5113470268604358e-05,6.045388107441743e-05
GSM4453587_P12,B-lineage combined,within_sample_positive_median,Ribosome_translation_score,65,356,,8.09568094140363,9.5583213193455,9.296937917114514,0.26138340223098666,0.8648831918910982,0.8648831918910982
GSM4453587_P12,B-lineage combined,within_sample_positive_median,Apoptosis_DDR_score,65,356,,8.09568094140363,1.065174256899801,0.9263719729145018,0.13880228398529926,0.27672563378887716,0.38431409405380085
GSM4453587_P12,B-lineage combined,within_sample_positive_quartiles,UPR_ER_stress_score,33,33,7.474265883198693,8.921224868839252,4.095450236317224,6.686748171324453,-2.591297935007229,7.170521613434013e-06,2.868208645373605e-05
GSM4453587_P12,B-lineage combined,within_sample_positive_quartiles,NRF2_redox_score,33,33,7.474265883198693,8.921224868839252,2.8316302703956415,4.238568755385731,-1.4069384849900892,0.0006776056957906637,0.0009034742610542182
GSM4453587_P12,B-lineage combined,within_sample_positive_quartiles,Ribosome_translation_score,33,33,7.474265883198693,8.921224868839252,9.434318301702774,10.344124118142485,-0.9098058164397109,0.000346199096608233,0.000692398193216466
GSM4453587_P12,B-lineage combined,within_sample_positive_quartiles,Apoptosis_DDR_score,33,33,7.474265883198693,8.921224868839252,0.804874925376645,2.018723182916872,-1.213848257540227,0.001736650257533553,0.001736650257533553
GSM4453587_P12,B-lineage combined,detected_vs_undetected,UPR_ER_stress_score,129,292,0.0,0.0,5.309125545295929,4.372516997265385,0.9366085480305442,3.6870907726115056e-05,4.916121030148674e-05
GSM4453587_P12,B-lineage combined,detected_vs_undetected,NRF2_redox_score,129,292,0.0,0.0,3.685867434894911,1.884833282935109,1.801034151959802,2.5362538725495027e-22,1.014501549019801e-21
GSM4453587_P12,B-lineage combined,detected_vs_undetected,Ribosome_translation_score,129,292,0.0,0.0,9.88781029208132,9.094086495108678,0.7937237969726407,0.00023161128326225686,0.00023161128326225686
GSM4453587_P12,B-lineage combined,detected_vs_undetected,Apoptosis_DDR_score,129,292,0.0,0.0,1.43263964781234,0.7336103920830747,0.6990292557292653,1.999892451368878e-06,3.999784902737756e-06
GSM4453588_P13,B cells,within_sample_positive_median,UPR_ER_stress_score,26,181,,8.913757504342785,3.471165667572485,2.9434524937137687,0.5277131738587162,0.13606854903321847,0.27213709806643693
GSM4453588_P13,B cells,within_sample_positive_median,NRF2_redox_score,26,181,,8.913757504342785,2.5238203220739,1.7590366890357019,0.7647836330381983,0.004790535051281103,0.01916214020512441
GSM4453588_P13,B cells,within_sample_positive_median,Ribosome_translation_score,26,181,,8.913757504342785,9.933591172448736,10.10361549992846,-0.17002432747972485,0.47397782556677404,0.4824233734948594
GSM4453588_P13,B cells,within_sample_positive_median,Apoptosis_DDR_score,26,181,,8.913757504342785,0.8913744883949319,1.074324873388116,-0.18295038499318417,0.4824233734948594,0.4824233734948594
GSM4453588_P13,B cells,within_sample_positive_quartiles,UPR_ER_stress_score,13,13,8.25151675183838,9.337611282169068,3.8437779336098936,5.223365499710714,-1.3795875661008203,0.024044949905367985,0.04808989981073597
GSM4453588_P13,B cells,within_sample_positive_quartiles,NRF2_redox_score,13,13,8.25151675183838,9.337611282169068,2.178398861559332,3.7375657176959294,-1.5591668561365974,0.002091492660477514,0.008365970641910057
GSM4453588_P13,B cells,within_sample_positive_quartiles,Ribosome_translation_score,13,13,8.25151675183838,9.337611282169068,9.905271545730669,10.604382280306213,-0.6991107345755445,0.08123065302087974,0.08123065302087974
GSM4453588_P13,B cells,within_sample_positive_quartiles,Apoptosis_DDR_score,13,13,8.25151675183838,9.337611282169068,0.996558615801568,1.9991820428478206,-1.0026234270462526,0.07844494261396669,0.08123065302087974
GSM4453588_P13,B cells,detected_vs_undetected,UPR_ER_stress_score,52,155,0.0,0.0,3.9079593524525267,2.708395628332551,1.1995637241199755,0.000148012767627528,0.000296025535255056
GSM4453588_P13,B cells,detected_vs_undetected,NRF2_redox_score,52,155,0.0,0.0,2.999793115033765,1.4710692071459848,1.5287239078877803,1.1997512904997818e-10,4.799005161999127e-10
GSM4453588_P13,B cells,detected_vs_undetected,Ribosome_translation_score,52,155,0.0,0.0,10.00458636067188,10.108317969134069,-0.10373160846218887,0.5516561773503378,0.5516561773503378
GSM4453588_P13,B cells,detected_vs_undetected,Apoptosis_DDR_score,52,155,0.0,0.0,1.4270327251940869,0.9253086262672564,0.5017240989268305,0.06662976770342258,0.0888396902712301
GSM4453588_P13,Plasma cells,within_sample_positive_median,UPR_ER_stress_score,36,137,,7.536084181880427,6.686382387344451,6.2257384472080375,0.4606439401364133,0.14943017113846188,0.19924022818461584
GSM4453588_P13,Plasma cells,within_sample_positive_median,NRF2_redox_score,36,137,,7.536084181880427,3.1108598318252874,2.124185160057637,0.9866746717676502,0.00155641769055185,0.0062256707622074
GSM4453588_P13,Plasma cells,within_sample_positive_median,Ribosome_translation_score,36,137,,7.536084181880427,9.053940723906722,8.510511091505464,0.5434296324012582,0.057237072489978905,0.11447414497995781
GSM4453588_P13,Plasma cells,within_sample_positive_median,Apoptosis_DDR_score,36,137,,7.536084181880427,1.7545467784747073,1.603419706185407,0.15112707228930033,0.7171815363573062,0.7171815363573062
GSM4453588_P13,Plasma cells,within_sample_positive_quartiles,UPR_ER_stress_score,18,18,6.8858280246250825,8.094803104868312,6.25077285684711,6.877489295064698,-0.6267164382175876,0.45717472658891667,0.45717472658891667
GSM4453588_P13,Plasma cells,within_sample_positive_quartiles,NRF2_redox_score,18,18,6.8858280246250825,8.094803104868312,2.9835043425355265,4.200579954106332,-1.2170756115708055,0.03271158352982045,0.0654231670596409
GSM4453588_P13,Plasma cells,within_sample_positive_quartiles,Ribosome_translation_score,18,18,6.8858280246250825,8.094803104868312,8.870697696822871,10.157002415702022,-1.2863047188791512,0.05976860866093005,0.0796914782145734
GSM4453588_P13,Plasma cells,within_sample_positive_quartiles,Apoptosis_DDR_score,18,18,6.8858280246250825,8.094803104868312,1.4425790594428598,3.3529184923973117,-1.9103394329544519,0.0012104479412981413,0.004841791765192565
GSM4453588_P13,Plasma cells,detected_vs_undetected,UPR_ER_stress_score,71,102,0.0,0.0,6.8076772389537465,5.983243620060638,0.8244336188931083,0.0012138625937159894,0.0012138625937159894
GSM4453588_P13,Plasma cells,detected_vs_undetected,NRF2_redox_score,71,102,0.0,0.0,3.5164267836519607,1.5033139140619363,2.0131128695900244,1.1636690445115133e-12,4.654676178046053e-12
GSM4453588_P13,Plasma cells,detected_vs_undetected,Ribosome_translation_score,71,102,0.0,0.0,9.332734842057185,8.129977566772846,1.2027572752843394,1.7654633833622715e-06,3.530926766724543e-06
GSM4453588_P13,Plasma cells,detected_vs_undetected,Apoptosis_DDR_score,71,102,0.0,0.0,2.20447592525814,1.2383764027368847,0.9660995225212552,0.00019068627512668426,0.000254248366835579
GSM4453588_P13,B-lineage combined,within_sample_positive_median,UPR_ER_stress_score,62,318,,8.027340822266485,4.448285929191572,4.530998158242455,-0.08271222905088305,0.7390812114681697,0.8215053260295941
GSM4453588_P13,B-lineage combined,within_sample_positive_median,NRF2_redox_score,62,318,,8.027340822266485,2.8852254147493044,1.912343755498532,0.9728816592507723,4.642966861906577e-06,1.8571867447626308e-05
GSM4453588_P13,B-lineage combined,within_sample_positive_median,Ribosome_translation_score,62,318,,8.027340822266485,9.487144928559234,9.404737974833134,0.08240695372609963,0.8215053260295941,0.8215053260295941
GSM4453588_P13,B-lineage combined,within_sample_positive_median,Apoptosis_DDR_score,62,318,,8.027340822266485,1.2810574965434474,1.324009930089037,-0.04295243354558953,0.6998611580807999,0.8215053260295941
GSM4453588_P13,B-lineage combined,within_sample_positive_quartiles,UPR_ER_stress_score,31,31,7.264282216477611,8.971387184124772,3.815406630073613,6.9409644641390615,-3.1255578340654484,1.0328982177383763e-06,4.131592870953505e-06
GSM4453588_P13,B-lineage combined,within_sample_positive_quartiles,NRF2_redox_score,31,31,7.264282216477611,8.971387184124772,2.5851839782773056,4.037436471458809,-1.4522524931815037,0.00014398837230272557,0.0001919844964036341
GSM4453588_P13,B-lineage combined,within_sample_positive_quartiles,Ribosome_translation_score,31,31,7.264282216477611,8.971387184124772,9.672862485861575,9.830272090280642,-0.15740960441906715,0.9550914317372012,0.9550914317372012
GSM4453588_P13,B-lineage combined,within_sample_positive_quartiles,Apoptosis_DDR_score,31,31,7.264282216477611,8.971387184124772,1.0663346486845589,2.82686782976019,-1.760533181075631,5.133739848379119e-05,0.00010267479696758238
GSM4453588_P13,B-lineage combined,detected_vs_undetected,UPR_ER_stress_score,123,257,0.0,0.0,5.5817802462865655,4.008140745672104,1.573639500614462,7.210773303425574e-09,1.4421546606851148e-08
GSM4453588_P13,B-lineage combined,detected_vs_undetected,NRF2_redox_score,123,257,0.0,0.0,3.2980125497645933,1.4838667172838331,1.8141458324807602,1.1336925388134652e-22,4.534770155253861e-22
GSM4453588_P13,B-lineage combined,detected_vs_undetected,Ribosome_translation_score,123,257,0.0,0.0,9.61676963041462,9.323140066251405,0.29362956416321495,0.2534879709121326,0.2534879709121326
GSM4453588_P13,B-lineage combined,detected_vs_undetected,Apoptosis_DDR_score,123,257,0.0,0.0,1.875800751247321,1.0495612068116225,0.8262395444356985,6.657203478693461e-06,8.876271304924615e-06
GSM4453589_P14,Plasma cells,within_sample_positive_median,UPR_ER_stress_score,26,190,,8.608839174179561,6.235389046129782,6.2817781214409925,-0.04638907531121017,0.8842834337765321,0.8842834337765321
GSM4453589_P14,Plasma cells,within_sample_positive_median,NRF2_redox_score,26,190,,8.608839174179561,4.422449902929369,2.691785086082461,1.7306648168469079,0.00017038586915074094,0.0006815434766029637
GSM4453589_P14,Plasma cells,within_sample_positive_median,Ribosome_translation_score,26,190,,8.608839174179561,6.577556193447638,5.805695593692393,0.7718605997552448,0.13784672657719516,0.23485757859678857
GSM4453589_P14,Plasma cells,within_sample_positive_median,Apoptosis_DDR_score,26,190,,8.608839174179561,2.2523276048330767,1.8652509078626573,0.38707669697041935,0.17614318394759143,0.23485757859678857
GSM4453589_P14,Plasma cells,within_sample_positive_quartiles,UPR_ER_stress_score,13,13,8.058892559240906,8.924205775539066,6.26175829334667,7.010508197249025,-0.7487499039023549,0.10079209270783758,0.20137537097487376
GSM4453589_P14,Plasma cells,within_sample_positive_quartiles,NRF2_redox_score,13,13,8.058892559240906,8.924205775539066,4.127364139901046,5.3860257753605465,-1.2586616354595002,0.3298783320498747,0.3298783320498747
GSM4453589_P14,Plasma cells,within_sample_positive_quartiles,Ribosome_translation_score,13,13,8.058892559240906,8.924205775539066,6.504435859417209,7.99387384052739,-1.4894379811101803,0.15103152823115532,0.20137537097487376
GSM4453589_P14,Plasma cells,within_sample_positive_quartiles,Apoptosis_DDR_score,13,13,8.058892559240906,8.924205775539066,2.0888005286559643,3.413353693001228,-1.3245531643452635,0.04244682651582164,0.16978730606328657
GSM4453589_P14,Plasma cells,detected_vs_undetected,UPR_ER_stress_score,51,165,0.0,0.0,6.526051941907954,6.198965510520346,0.32708643138760785,0.19903189810035782,0.19903189810035782
GSM4453589_P14,Plasma cells,detected_vs_undetected,NRF2_redox_score,51,165,0.0,0.0,4.694731787679896,2.3454032888494325,2.349328498830464,1.1911238823687213e-09,4.764495529474885e-09
GSM4453589_P14,Plasma cells,detected_vs_undetected,Ribosome_translation_score,51,165,0.0,0.0,7.045356187749502,5.544154292460415,1.5012018952890873,0.00021415281722761935,0.0004283056344552387
GSM4453589_P14,Plasma cells,detected_vs_undetected,Apoptosis_DDR_score,51,165,0.0,0.0,2.4999425434010183,1.7300673970067455,0.7698751463942728,0.001649814410358189,0.002199752547144252
GSM4453589_P14,B-lineage combined,within_sample_positive_median,UPR_ER_stress_score,27,202,,8.608839174179561,6.157524405474301,6.168923128451498,-0.011398722977197018,0.9395968181667735,0.9395968181667735
GSM4453589_P14,B-lineage combined,within_sample_positive_median,NRF2_redox_score,27,202,,8.608839174179561,4.336658265458546,2.731334131218263,1.6053241342402829,0.0003396808179765227,0.0013587232719060908
GSM4453589_P14,B-lineage combined,within_sample_positive_median,Ribosome_translation_score,27,202,,8.608839174179561,6.571457715459786,5.815636588825749,0.7558211266340376,0.13642253642622698,0.27284507285245396
GSM4453589_P14,B-lineage combined,within_sample_positive_median,Apoptosis_DDR_score,27,202,,8.608839174179561,2.1689080639133334,1.8384583750753334,0.33044968883799997,0.22482383870745482,0.2997651182766064
GSM4453589_P14,B-lineage combined,within_sample_positive_quartiles,UPR_ER_stress_score,14,14,8.079320215379505,8.963636255167344,6.109707254424181,6.970378094552427,-0.8606708401282468,0.07689626394376972,0.15379252788753944
GSM4453589_P14,B-lineage combined,within_sample_positive_quartiles,NRF2_redox_score,14,14,8.079320215379505,8.963636255167344,3.9829863935664815,5.1374681480666125,-1.154481754500131,0.3462297896371177,0.3462297896371177
GSM4453589_P14,B-lineage combined,within_sample_positive_quartiles,Ribosome_translation_score,14,14,8.079320215379505,8.963636255167344,6.497897390014239,7.891950791527825,-1.3940534015135864,0.16109322449890162,0.2147909659985355
GSM4453589_P14,B-lineage combined,within_sample_positive_quartiles,Apoptosis_DDR_score,14,14,8.079320215379505,8.963636255167344,1.939600490894824,3.1695427149297117,-1.2299422240348878,0.06150356059377804,0.15379252788753944
GSM4453589_P14,B-lineage combined,detected_vs_undetected,UPR_ER_stress_score,53,176,0.0,0.0,6.432088330124676,6.0879258488545505,0.34416248127012583,0.20198334301812848,0.20198334301812848
GSM4453589_P14,B-lineage combined,detected_vs_undetected,NRF2_redox_score,53,176,0.0,0.0,4.676394573139463,2.3918770187333993,2.284517554406064,1.2978459024668234e-09,5.1913836098672934e-09
GSM4453589_P14,B-lineage combined,detected_vs_undetected,Ribosome_translation_score,53,176,0.0,0.0,7.014412523753991,5.570591394893489,1.4438211288605025,0.00023219105492152753,0.00046438210984305506
GSM4453589_P14,B-lineage combined,detected_vs_undetected,Apoptosis_DDR_score,53,176,0.0,0.0,2.4311919225212697,1.7106587363480117,0.720533186173258,0.0028974627223877164,0.0038632836298502886
GSM4453590_P15,B cells,within_sample_positive_median,UPR_ER_stress_score,3,47,,10.606066745380069,4.027223641193591,3.0009037742022975,1.0263198669912934,0.4615498016897973,0.8120625648707804
GSM4453590_P15,B cells,within_sample_positive_median,NRF2_redox_score,3,47,,10.606066745380069,1.601315388871971,1.4298608197165195,0.17145456915545143,0.6215762535505163,0.8120625648707804
GSM4453590_P15,B cells,within_sample_positive_median,Ribosome_translation_score,3,47,,10.606066745380069,4.767898293589417,3.396602084998904,1.3712962085905134,0.17705500891260118,0.7082200356504047
GSM4453590_P15,B cells,within_sample_positive_median,Apoptosis_DDR_score,3,47,,10.606066745380069,1.1787270391996134,0.7358070240030155,0.44292001519659796,0.8120625648707804,0.8120625648707804
GSM4453590_P15,B cells,detected_vs_undetected,UPR_ER_stress_score,6,44,0.0,0.0,3.0454674521721494,3.0648032635921783,-0.019335811420028826,0.9880743467405853,0.9880743467405853
GSM4453590_P15,B cells,detected_vs_undetected,NRF2_redox_score,6,44,0.0,0.0,2.3403578922972117,1.3173922122615693,1.0229656800356424,0.03947097719523314,0.15788390878093256
GSM4453590_P15,B cells,detected_vs_undetected,Ribosome_translation_score,6,44,0.0,0.0,2.881026579533522,3.5604053045117183,-0.6793787249781964,0.7086434042082651,0.9880743467405853
GSM4453590_P15,B cells,detected_vs_undetected,Apoptosis_DDR_score,6,44,0.0,0.0,0.8754668089753849,0.7469615998156424,0.1285052091597425,0.9722770111835739,0.9880743467405853
GSM4453590_P15,Plasma cells,within_sample_positive_median,UPR_ER_stress_score,4,107,,9.619387248236407,3.0554232935356653,4.9212168094531865,-1.8657935159175212,0.05069957935487566,0.09233754770826332
GSM4453590_P15,Plasma cells,within_sample_positive_median,NRF2_redox_score,4,107,,9.619387248236407,2.4941309255257336,1.1158691155792009,1.3782618099465327,0.06925316078119749,0.09233754770826332
GSM4453590_P15,Plasma cells,within_sample_positive_median,Ribosome_translation_score,4,107,,9.619387248236407,6.94889378337052,4.338099566030831,2.6107942173396896,0.058649303014626765,0.09233754770826332
GSM4453590_P15,Plasma cells,within_sample_positive_median,Apoptosis_DDR_score,4,107,,9.619387248236407,1.6785784999232511,1.1424232828192755,0.5361552171039756,0.2894085854206734,0.2894085854206734
GSM4453590_P15,Plasma cells,detected_vs_undetected,UPR_ER_stress_score,7,104,0.0,0.0,4.181114332498278,4.899270110174475,-0.7181557776761975,0.3348155948656315,0.4464207931541753
GSM4453590_P15,Plasma cells,detected_vs_undetected,NRF2_redox_score,7,104,0.0,0.0,2.565827669596999,1.0712858209797924,1.4945418486172064,0.012161555051537695,0.04864622020615078
GSM4453590_P15,Plasma cells,detected_vs_undetected,Ribosome_translation_score,7,104,0.0,0.0,6.403713180529729,4.2994830426449315,2.104230137884797,0.09056373733689736,0.18112747467379472
GSM4453590_P15,Plasma cells,detected_vs_undetected,Apoptosis_DDR_score,7,104,0.0,0.0,1.182250821860102,1.1603639375801422,0.021886884279959773,0.7932929103466699,0.7932929103466699
GSM4453590_P15,B-lineage combined,within_sample_positive_median,UPR_ER_stress_score,7,154,,10.299718417520817,3.0709086303183932,4.353374543405802,-1.2824659130874085,0.13455778584511702,0.26911557169023403
GSM4453590_P15,B-lineage combined,within_sample_positive_median,NRF2_redox_score,7,154,,10.299718417520817,2.1645743137790077,1.2092850880903683,0.9552892256886394,0.019080182736778823,0.07632073094711529
GSM4453590_P15,B-lineage combined,within_sample_positive_median,Ribosome_translation_score,7,154,,10.299718417520817,4.271243785071149,4.129983864149348,0.14125992092180084,0.6845474501915548,0.8983521173567499
GSM4453590_P15,B-lineage combined,within_sample_positive_median,Apoptosis_DDR_score,7,154,,10.299718417520817,0.9755879332825191,1.0405428634683016,-0.06495493018578247,0.8983521173567499,0.8983521173567499
GSM4453590_P15,B-lineage combined,within_sample_positive_quartiles,UPR_ER_stress_score,4,4,9.578106166578488,10.60382099679489,3.0204177308951934,5.073616063019295,-2.0531983321241016,0.2,0.8
GSM4453590_P15,B-lineage combined,within_sample_positive_quartiles,NRF2_redox_score,4,4,9.578106166578488,10.60382099679489,2.1124031913066874,2.8219945646569893,-0.7095913733503019,0.6857142857142857,0.9142857142857143
GSM4453590_P15,B-lineage combined,within_sample_positive_quartiles,Ribosome_translation_score,4,4,9.578106166578488,10.60382099679489,3.575923720192063,4.59967950279145,-1.0237557825993875,0.6857142857142857,0.9142857142857143
GSM4453590_P15,B-lineage combined,within_sample_positive_quartiles,Apoptosis_DDR_score,4,4,9.578106166578488,10.60382099679489,0.88404527939971,0.39036043833192746,0.49368484106778254,1.0,1.0
GSM4453590_P15,B-lineage combined,detected_vs_undetected,UPR_ER_stress_score,13,148,0.0,0.0,3.6569696185016034,4.353888074704064,-0.6969184562024604,0.23715650761778917,0.47431301523557834
GSM4453590_P15,B-lineage combined,detected_vs_undetected,NRF2_redox_score,13,148,0.0,0.0,2.4617646954586356,1.144452585955456,1.3173121095031797,0.000661440130211825,0.0026457605208473
GSM4453590_P15,B-lineage combined,detected_vs_undetected,Ribosome_translation_score,13,148,0.0,0.0,4.777857826223787,4.079757228605328,0.6981005976184589,0.494812712206701,0.659750282942268
GSM4453590_P15,B-lineage combined,detected_vs_undetected,Apoptosis_DDR_score,13,148,0.0,0.0,1.0406582005286942,1.037460539866372,0.003197660662322077,0.915690187321491,0.915690187321491
GSM4453591_P16,B cells,detected_vs_undetected,UPR_ER_stress_score,3,14,0.0,0.0,3.0074451838833074,3.7518617928098563,-0.7444166089265489,0.5911764705882353,0.8249930877884685
GSM4453591_P16,B cells,detected_vs_undetected,NRF2_redox_score,3,14,0.0,0.0,1.7880975777664077,2.8140206337178326,-1.025923055951425,0.12058823529411763,0.48235294117647054
GSM4453591_P16,B cells,detected_vs_undetected,Ribosome_translation_score,3,14,0.0,0.0,5.3445759680650005,5.490341065028395,-0.14576509696339457,0.7676470588235295,0.8249930877884685
GSM4453591_P16,B cells,detected_vs_undetected,Apoptosis_DDR_score,3,14,0.0,0.0,0.5443757182043544,0.613595168070159,-0.06921944986580464,0.8249930877884685,0.8249930877884685
GSM4453591_P16,Plasma cells,within_sample_positive_median,UPR_ER_stress_score,8,42,,8.150155784800813,5.777765537805033,5.250764410176225,0.5270011276288082,0.3543498442338879,0.4724664589785172
GSM4453591_P16,Plasma cells,within_sample_positive_median,NRF2_redox_score,8,42,,8.150155784800813,4.340696444503163,2.3927497828268067,1.9479466616763559,0.0024127565361818986,0.009651026144727595
GSM4453591_P16,Plasma cells,within_sample_positive_median,Ribosome_translation_score,8,42,,8.150155784800813,7.381187508178944,7.311123180740337,0.07006432743860724,0.6872561164427009,0.6872561164427009
GSM4453591_P16,Plasma cells,within_sample_positive_median,Apoptosis_DDR_score,8,42,,8.150155784800813,2.2334926001955253,1.4480977029399948,0.7853948972555305,0.03194994944120066,0.06389989888240132
GSM4453591_P16,Plasma cells,within_sample_positive_quartiles,UPR_ER_stress_score,4,4,7.902821549549637,8.84345547491859,5.241484257184824,5.961384311737486,-0.7199000545526619,0.8857142857142857,0.8857142857142857
GSM4453591_P16,Plasma cells,within_sample_positive_quartiles,NRF2_redox_score,4,4,7.902821549549637,8.84345547491859,4.173578279270959,4.090010153902875,0.08356812536808444,0.8857142857142857,0.8857142857142857
GSM4453591_P16,Plasma cells,within_sample_positive_quartiles,Ribosome_translation_score,4,4,7.902821549549637,8.84345547491859,7.893189549991748,9.697346659830883,-1.8041571098391351,0.02857142857142857,0.11428571428571428
GSM4453591_P16,Plasma cells,within_sample_positive_quartiles,Apoptosis_DDR_score,4,4,7.902821549549637,8.84345547491859,2.5117935934431186,2.05714650380792,0.4546470896351984,0.34285714285714286,0.6857142857142857
GSM4453591_P16,Plasma cells,detected_vs_undetected,UPR_ER_stress_score,16,34,0.0,0.0,5.846866776374626,5.094245914936697,0.7526208614379293,0.11161176829829222,0.14881569106438963
GSM4453591_P16,Plasma cells,detected_vs_undetected,NRF2_redox_score,16,34,0.0,0.0,4.132494851995033,2.03238661184796,2.100108240147073,3.567866994576648e-05,0.00014271467978306591
GSM4453591_P16,Plasma cells,detected_vs_undetected,Ribosome_translation_score,16,34,0.0,0.0,8.107696430225452,6.952750905085837,1.154945525139615,0.16037396596026166,0.16037396596026166
GSM4453591_P16,Plasma cells,detected_vs_undetected,Apoptosis_DDR_score,16,34,0.0,0.0,2.0892136533081973,1.3311948785915537,0.7580187747166436,0.04550905693881134,0.09101811387762268
GSM4453591_P16,B-lineage combined,within_sample_positive_median,UPR_ER_stress_score,10,57,,8.640567326176958,4.958128855968803,4.889848098616518,0.06828075735228456,0.6160414893647346,0.8213886524863128
GSM4453591_P16,B-lineage combined,within_sample_positive_median,NRF2_redox_score,10,57,,8.640567326176958,3.5413528489863553,2.5362827289515177,1.0050701200348375,0.1110990439371942,0.30660370342992194
GSM4453591_P16,B-lineage combined,within_sample_positive_median,Ribosome_translation_score,10,57,,8.640567326176958,6.941632189917167,6.835067624069237,0.10656456584792995,0.881111168548594,0.881111168548594
GSM4453591_P16,B-lineage combined,within_sample_positive_median,Apoptosis_DDR_score,10,57,,8.640567326176958,1.7745078650001234,1.2485337751340009,0.5259740898661225,0.15330185171496097,0.30660370342992194
GSM4453591_P16,B-lineage combined,within_sample_positive_quartiles,UPR_ER_stress_score,5,5,7.928816631506088,9.064217694881542,3.5068980580009828,6.344273565117098,-2.8373755071161155,0.09523809523809523,0.19047619047619047
GSM4453591_P16,B-lineage combined,within_sample_positive_quartiles,NRF2_redox_score,5,5,7.928816631506088,9.064217694881542,3.4091770324478787,3.965635366605082,-0.5564583341572034,0.6904761904761905,0.9206349206349206
GSM4453591_P16,B-lineage combined,within_sample_positive_quartiles,Ribosome_translation_score,5,5,7.928816631506088,9.064217694881542,5.827233866042675,9.707289547175685,-3.880055681133011,0.007936507936507936,0.031746031746031744
GSM4453591_P16,B-lineage combined,within_sample_positive_quartiles,Apoptosis_DDR_score,5,5,7.928816631506088,9.064217694881542,1.5545461393655788,2.192220203315808,-0.6376740639502292,1.0,1.0
GSM4453591_P16,B-lineage combined,detected_vs_undetected,UPR_ER_stress_score,19,48,0.0,0.0,5.398537051244417,4.702717212649701,0.6958198385947156,0.08580920990535126,0.08580920990535126
GSM4453591_P16,B-lineage combined,detected_vs_undetected,NRF2_redox_score,19,48,0.0,0.0,3.762326861327356,2.2603632015600064,1.5019636597673496,0.0006665326338645001,0.0026661305354580005
GSM4453591_P16,B-lineage combined,detected_vs_undetected,Ribosome_translation_score,19,48,0.0,0.0,7.671414251989592,6.52621470173575,1.1451995502538423,0.0784651204173516,0.08580920990535126
GSM4453591_P16,B-lineage combined,detected_vs_undetected,Apoptosis_DDR_score,19,48,0.0,0.0,1.8452918740812747,1.1218949630228137,0.723396911058461,0.036214525693663714,0.07242905138732743
GSM4453592_P17,Plasma cells,within_sample_positive_median,UPR_ER_stress_score,8,35,,8.486962709526308,4.513198111307364,5.424498470473907,-0.9113003591665425,0.23453372009959172,0.46906744019918345
GSM4453592_P17,Plasma cells,within_sample_positive_median,NRF2_redox_score,8,35,,8.486962709526308,3.171206417904477,3.5222976684111775,-0.35109125050670054,0.6734700325739762,0.6734700325739762
GSM4453592_P17,Plasma cells,within_sample_positive_median,Ribosome_translation_score,8,35,,8.486962709526308,6.607426742051974,7.450785043284304,-0.84335830123233,0.3979914199933904,0.5306552266578538
GSM4453592_P17,Plasma cells,within_sample_positive_median,Apoptosis_DDR_score,8,35,,8.486962709526308,1.478705295293651,2.277349539006541,-0.7986442437128898,0.22206914403678946,0.46906744019918345
GSM4453592_P17,Plasma cells,within_sample_positive_quartiles,UPR_ER_stress_score,4,4,7.4212732505056875,9.351635573591961,4.092529688570768,7.034549263528961,-2.9420195749581923,0.11428571428571428,0.15238095238095237
GSM4453592_P17,Plasma cells,within_sample_positive_quartiles,NRF2_redox_score,4,4,7.4212732505056875,9.351635573591961,3.767399999509363,6.3829428358155855,-2.6155428363062225,0.02857142857142857,0.05714285714285714
GSM4453592_P17,Plasma cells,within_sample_positive_quartiles,Ribosome_translation_score,4,4,7.4212732505056875,9.351635573591961,7.231211758930822,10.607032955571576,-3.3758211966407536,0.02857142857142857,0.05714285714285714
GSM4453592_P17,Plasma cells,within_sample_positive_quartiles,Apoptosis_DDR_score,4,4,7.4212732505056875,9.351635573591961,1.7021126322509683,3.43910777531961,-1.736995143068642,0.2,0.2
GSM4453592_P17,Plasma cells,detected_vs_undetected,UPR_ER_stress_score,15,28,0.0,0.0,5.672358713058168,5.031344666470469,0.6410140465876992,0.18095385629771277,0.24127180839695037
GSM4453592_P17,Plasma cells,detected_vs_undetected,NRF2_redox_score,15,28,0.0,0.0,4.355595615950744,2.9755762677987816,1.3800193481519623,0.02748519301587363,0.09656288430025221
GSM4453592_P17,Plasma cells,detected_vs_undetected,Ribosome_translation_score,15,28,0.0,0.0,8.205123591572441,6.805715592063563,1.3994079995088784,0.04828144215012611,0.09656288430025221
GSM4453592_P17,Plasma cells,detected_vs_undetected,Apoptosis_DDR_score,15,28,0.0,0.0,2.2377971851846405,2.070354230350304,0.16744295483433635,0.6091612121738403,0.6091612121738403
GSM4453592_P17,B-lineage combined,within_sample_positive_median,UPR_ER_stress_score,8,36,,8.511838807172829,3.88427050348401,5.507502538178187,-1.623232034694177,0.025299675775837818,0.10119870310335127
GSM4453592_P17,B-lineage combined,within_sample_positive_median,NRF2_redox_score,8,36,,8.511838807172829,3.2283009908860074,3.476844725211647,-0.2485437343256396,0.8431885700900554,0.8431885700900554
GSM4453592_P17,B-lineage combined,within_sample_positive_median,Ribosome_translation_score,8,36,,8.511838807172829,5.744335368508462,7.43561687509163,-1.6912815065831674,0.17921550076668447,0.2587122854762451
GSM4453592_P17,B-lineage combined,within_sample_positive_median,Apoptosis_DDR_score,8,36,,8.511838807172829,1.3018935721785196,2.2533813236152773,-0.9514877514367577,0.1940342141071838,0.2587122854762451
GSM4453592_P17,B-lineage combined,within_sample_positive_quartiles,UPR_ER_stress_score,4,4,7.491912840860177,9.777551944594657,3.4964552197267107,7.034549263528961,-3.53809404380225,0.05714285714285714,0.05907186801551649
GSM4453592_P17,B-lineage combined,within_sample_positive_quartiles,NRF2_redox_score,4,4,7.491912840860177,9.777551944594657,3.5175240655728963,6.3829428358155855,-2.865418770242689,0.02857142857142857,0.05714285714285714
GSM4453592_P17,B-lineage combined,within_sample_positive_quartiles,Ribosome_translation_score,4,4,7.491912840860177,9.777551944594657,4.9903736911919525,10.607032955571576,-5.616659264379623,0.02857142857142857,0.05714285714285714
GSM4453592_P17,B-lineage combined,within_sample_positive_quartiles,Apoptosis_DDR_score,4,4,7.491912840860177,9.777551944594657,0.8526728368098417,3.43910777531961,-2.5864349385097682,0.05907186801551649,0.05907186801551649
GSM4453592_P17,B-lineage combined,detected_vs_undetected,UPR_ER_stress_score,16,28,0.0,0.0,5.529162796319603,5.031344666470469,0.49781812984913376,0.31130080262479454,0.41506773683305936
GSM4453592_P17,B-lineage combined,detected_vs_undetected,NRF2_redox_score,16,28,0.0,0.0,4.229792658521341,2.9755762677987816,1.2542163907225596,0.0441064608358867,0.1764258433435468
GSM4453592_P17,B-lineage combined,detected_vs_undetected,Ribosome_translation_score,16,28,0.0,0.0,7.692303367099164,6.805715592063563,0.8865877750356015,0.12132370894752827,0.24264741789505653
GSM4453592_P17,B-lineage combined,detected_vs_undetected,Apoptosis_DDR_score,16,28,0.0,0.0,2.097934861110601,2.070354230350304,0.02758063076029682,0.8350250000724675,0.8350250000724675
GSM4453593_P18,B cells,within_sample_positive_median,UPR_ER_stress_score,5,20,,9.115249541249488,4.639342171949813,3.7139412647990078,0.9254009071508049,0.24306418219461695,0.447405734362256
GSM4453593_P18,B cells,within_sample_positive_median,NRF2_redox_score,5,20,,9.115249541249488,4.118892855105445,3.5379123189319612,0.5809805361734837,0.335554300771692,0.447405734362256
GSM4453593_P18,B cells,within_sample_positive_median,Ribosome_translation_score,5,20,,9.115249541249488,2.634760994356502,5.305418102603548,-2.6706571082470463,0.08322981366459627,0.33291925465838507
GSM4453593_P18,B cells,within_sample_positive_median,Apoptosis_DDR_score,5,20,,9.115249541249488,0.9847238760663395,1.1218320416083576,-0.1371081655420181,1.0,1.0
GSM4453593_P18,B cells,detected_vs_undetected,UPR_ER_stress_score,10,15,0.0,0.0,4.289133698275391,3.638946611531687,0.6501870867437041,0.233023941435602,0.466047882871204
GSM4453593_P18,B cells,detected_vs_undetected,NRF2_redox_score,10,15,0.0,0.0,4.795771478163742,2.892999724835269,1.902771753328473,0.007138867747109106,0.028555470988436422
GSM4453593_P18,B cells,detected_vs_undetected,Ribosome_translation_score,10,15,0.0,0.0,4.607300034775486,4.880611111739907,-0.27331107696442114,0.9336885136995062,0.9761408800367541
GSM4453593_P18,B cells,detected_vs_undetected,Apoptosis_DDR_score,10,15,0.0,0.0,1.1097674441286745,1.084172384747474,0.025595059381200436,0.9761408800367541,0.9761408800367541
GSM4453593_P18,Plasma cells,within_sample_positive_median,UPR_ER_stress_score,9,48,,8.326659617696802,7.202122073412302,5.6243153891139315,1.5778066842983707,0.07100218973598015,0.09466958631464019
GSM4453593_P18,Plasma cells,within_sample_positive_median,NRF2_redox_score,9,48,,8.326659617696802,4.403208297998227,2.064017302310893,2.3391909956873342,0.013125308554860982,0.026250617109721965
GSM4453593_P18,Plasma cells,within_sample_positive_median,Ribosome_translation_score,9,48,,8.326659617696802,8.908502911257537,6.250217034895836,2.6582858763617017,0.008362536096656404,0.026250617109721965
GSM4453593_P18,Plasma cells,within_sample_positive_median,Apoptosis_DDR_score,9,48,,8.326659617696802,1.7262571626322079,1.1346232757436754,0.5916338868885325,0.38208155270165767,0.38208155270165767
GSM4453593_P18,Plasma cells,within_sample_positive_quartiles,UPR_ER_stress_score,5,5,7.962947735129192,8.490054426159041,6.33493741696301,6.886412756652883,-0.5514753396898735,0.8412698412698413,0.8412698412698413
GSM4453593_P18,Plasma cells,within_sample_positive_quartiles,NRF2_redox_score,5,5,7.962947735129192,8.490054426159041,3.016286854191573,6.065884933201469,-3.0495980790098955,0.031746031746031744,0.12698412698412698
GSM4453593_P18,Plasma cells,within_sample_positive_quartiles,Ribosome_translation_score,5,5,7.962947735129192,8.490054426159041,8.375083439034436,9.26507017136208,-0.8899867323276442,0.8412698412698413,0.8412698412698413
GSM4453593_P18,Plasma cells,within_sample_positive_quartiles,Apoptosis_DDR_score,5,5,7.962947735129192,8.490054426159041,1.2898677017921834,2.4829712720711026,-1.1931035702789192,0.2903468336607644,0.5806936673215288
GSM4453593_P18,Plasma cells,detected_vs_undetected,UPR_ER_stress_score,17,40,0.0,0.0,7.291860096637508,5.2706153923835455,2.021244704253962,0.0014557913308254906,0.0019410551077673208
GSM4453593_P18,Plasma cells,detected_vs_undetected,NRF2_redox_score,17,40,0.0,0.0,4.778662559817659,1.4366110419001676,3.3420515179174908,5.555332000078193e-06,2.2221328000312772e-05
GSM4453593_P18,Plasma cells,detected_vs_undetected,Ribosome_translation_score,17,40,0.0,0.0,8.94531250941064,5.702915780408427,3.2423967290022127,8.375078860364337e-05,0.00016750157720728674
GSM4453593_P18,Plasma cells,detected_vs_undetected,Apoptosis_DDR_score,17,40,0.0,0.0,1.8747332455018988,0.9531941631463503,0.9215390823555485,0.06812224167308989,0.06812224167308989
GSM4453593_P18,B-lineage combined,within_sample_positive_median,UPR_ER_stress_score,14,68,,8.490054426159041,5.123847874091948,5.301880930244431,-0.17803305615248366,0.4940050170355199,0.9459614819815232
GSM4453593_P18,B-lineage combined,within_sample_positive_median,NRF2_redox_score,14,68,,8.490054426159041,4.067832807686556,2.545658184403846,1.52217462328271,0.007480449797727622,0.029921799190910488
GSM4453593_P18,B-lineage combined,within_sample_positive_median,Ribosome_translation_score,14,68,,8.490054426159041,5.977705231352229,6.1144299656064725,-0.13672473425424325,0.9459614819815232,0.9459614819815232
GSM4453593_P18,B-lineage combined,within_sample_positive_median,Apoptosis_DDR_score,14,68,,8.490054426159041,1.2533580678748328,1.1736982200240806,0.0796598478507522,0.8602119413168954,0.9459614819815232
GSM4453593_P18,B-lineage combined,within_sample_positive_quartiles,UPR_ER_stress_score,7,7,8.255074605253359,9.118677147563691,4.188039025287541,7.3099998637948085,-3.1219608385072677,0.002331002331002331,0.008158508158508158
GSM4453593_P18,B-lineage combined,within_sample_positive_quartiles,NRF2_redox_score,7,7,8.255074605253359,9.118677147563691,3.418720509215144,5.466553386681027,-2.047832877465883,0.07284382284382285,0.09643068958139478
GSM4453593_P18,B-lineage combined,within_sample_positive_quartiles,Ribosome_translation_score,7,7,8.255074605253359,9.118677147563691,3.550729725003481,9.109609673519454,-5.5588799485159734,0.004079254079254079,0.008158508158508158
GSM4453593_P18,B-lineage combined,within_sample_positive_quartiles,Apoptosis_DDR_score,7,7,8.255074605253359,9.118677147563691,0.7033741971902424,2.160311342738395,-1.4569371455481526,0.09643068958139478,0.09643068958139478
GSM4453593_P18,B-lineage combined,detected_vs_undetected,UPR_ER_stress_score,27,55,0.0,0.0,6.179739208355243,4.825614815787584,1.354124392567659,0.02446845992822102,0.032624613237628025
GSM4453593_P18,B-lineage combined,detected_vs_undetected,NRF2_redox_score,27,55,0.0,0.0,4.784999196242135,1.8338079554279227,2.9511912408142127,9.220017193964257e-08,3.688006877585703e-07
GSM4453593_P18,B-lineage combined,detected_vs_undetected,Ribosome_translation_score,27,55,0.0,0.0,7.338641222508731,5.478650870771558,1.8599903517371734,0.007066140773601332,0.014132281547202663
GSM4453593_P18,B-lineage combined,detected_vs_undetected,Apoptosis_DDR_score,27,55,0.0,0.0,1.5914125783266309,0.9889154963102932,0.6024970820163377,0.16479285051492143,0.16479285051492143
GSM4453594_P19,B cells,within_sample_positive_median,UPR_ER_stress_score,5,30,,9.76580856953812,2.001218839283114,2.719102709535001,-0.717883870251887,0.40906722788228844,0.9879304715075634
GSM4453594_P19,B cells,within_sample_positive_median,NRF2_redox_score,5,30,,9.76580856953812,3.2919694192756572,2.7836369080044716,0.5083325112711856,0.4939652357537817,0.9879304715075634
GSM4453594_P19,B cells,within_sample_positive_median,Ribosome_translation_score,5,30,,9.76580856953812,7.047863798057151,6.899263503166853,0.14860029489029714,1.0,1.0
GSM4453594_P19,B cells,within_sample_positive_median,Apoptosis_DDR_score,5,30,,9.76580856953812,0.6885188778591136,0.9142417841982851,-0.22572290633917147,0.7697057146530955,1.0
GSM4453594_P19,B cells,detected_vs_undetected,UPR_ER_stress_score,9,26,0.0,0.0,3.1946105767983877,2.416449241972312,0.7781613348260756,0.4387740776333585,0.5850321035111447
GSM4453594_P19,B cells,detected_vs_undetected,NRF2_redox_score,9,26,0.0,0.0,3.8810631061482193,2.5015148608145563,1.379548245333663,0.0473815207959167,0.1895260831836668
GSM4453594_P19,B cells,detected_vs_undetected,Ribosome_translation_score,9,26,0.0,0.0,7.727908910536676,6.641001688094665,1.0869072224420107,0.4170985652617908,0.5850321035111447
GSM4453594_P19,B cells,detected_vs_undetected,Apoptosis_DDR_score,9,26,0.0,0.0,0.8617276704062404,0.8890114954456906,-0.02728382503945015,0.9490291185594251,0.9490291185594251
GSM4453594_P19,B-lineage combined,within_sample_positive_median,UPR_ER_stress_score,5,37,,9.76580856953812,2.001218839283114,3.2044080719501196,-1.2031892326670057,0.24375636879775353,0.5882787875769886
GSM4453594_P19,B-lineage combined,within_sample_positive_median,NRF2_redox_score,5,37,,9.76580856953812,3.2919694192756572,2.55420590603842,0.7377635132372373,0.2941393937884943,0.5882787875769886
GSM4453594_P19,B-lineage combined,within_sample_positive_median,Ribosome_translation_score,5,37,,9.76580856953812,7.047863798057151,6.642533005764763,0.40533079229238744,0.821312192300639,0.821312192300639
GSM4453594_P19,B-lineage combined,within_sample_positive_median,Apoptosis_DDR_score,5,37,,9.76580856953812,0.6885188778591136,1.0273800720315103,-0.3388611941723967,0.6204795304692331,0.821312192300639
GSM4453594_P19,B-lineage combined,detected_vs_undetected,UPR_ER_stress_score,9,33,0.0,0.0,3.1946105767983877,3.0247787171934704,0.1698318596049173,0.8540175678680705,0.8540175678680705
GSM4453594_P19,B-lineage combined,detected_vs_undetected,NRF2_redox_score,9,33,0.0,0.0,3.8810631061482193,2.3041181110444193,1.5769449951038,0.016759954378183818,0.06703981751273527
GSM4453594_P19,B-lineage combined,detected_vs_undetected,Ribosome_translation_score,9,33,0.0,0.0,7.727908910536676,6.407935151780361,1.3199737587563147,0.22014801232201842,0.44029602464403683
GSM4453594_P19,B-lineage combined,detected_vs_undetected,Apoptosis_DDR_score,9,33,0.0,0.0,0.8617276704062404,1.0212153945698572,-0.15948772416361678,0.7468157819281794,0.8540175678680705
GSM4453595_P20,Plasma cells,within_sample_positive_median,UPR_ER_stress_score,3,14,,7.286204379056805,5.79502948660227,5.456567743371205,0.3384617432310648,0.7676470588235295,0.7676470588235295
GSM4453595_P20,Plasma cells,within_sample_positive_median,NRF2_redox_score,3,14,,7.286204379056805,5.131822913481178,2.398646079842017,2.7331768336391615,0.0643660284017885,0.257464113607154
GSM4453595_P20,Plasma cells,within_sample_positive_median,Ribosome_translation_score,3,14,,7.286204379056805,9.42271312860129,8.37753412208622,1.0451790065150703,0.4323529411764706,0.5764705882352942
GSM4453595_P20,Plasma cells,within_sample_positive_median,Apoptosis_DDR_score,3,14,,7.286204379056805,2.3220890324640338,1.490253187583128,0.8318358448809058,0.1831703277765645,0.366340655553129
GSM4453595_P20,Plasma cells,detected_vs_undetected,UPR_ER_stress_score,6,11,0.0,0.0,6.342735522132345,5.06551124856451,1.2772242735678345,0.5248868778280543,0.5248868778280543
GSM4453595_P20,Plasma cells,detected_vs_undetected,NRF2_redox_score,6,11,0.0,0.0,5.3331978722281415,1.5433933295329927,3.7898045426951485,0.0013487743057055803,0.005395097222822321
GSM4453595_P20,Plasma cells,detected_vs_undetected,Ribosome_translation_score,6,11,0.0,0.0,9.381922326240026,8.114734830688251,1.2671874955517755,0.14899806076276664,0.19866408101702218
GSM4453595_P20,Plasma cells,detected_vs_undetected,Apoptosis_DDR_score,6,11,0.0,0.0,2.9216698519207593,0.9363447829119398,1.9853250690088196,0.002852540449105126,0.005705080898210252
GSM4453595_P20,B-lineage combined,within_sample_positive_median,UPR_ER_stress_score,3,17,,7.286204379056805,5.79502948660227,5.092650447606672,0.7023790389955984,0.9210526315789475,0.9210526315789475
GSM4453595_P20,B-lineage combined,within_sample_positive_median,NRF2_redox_score,3,17,,7.286204379056805,5.131822913481178,2.424030158558769,2.7077927549224095,0.04271689123434012,0.17086756493736047
GSM4453595_P20,B-lineage combined,within_sample_positive_median,Ribosome_translation_score,3,17,,7.286204379056805,9.42271312860129,8.369393764529221,1.0533193640720686,0.30526315789473685,0.4070175438596491
GSM4453595_P20,B-lineage combined,within_sample_positive_median,Apoptosis_DDR_score,3,17,,7.286204379056805,2.3220890324640338,1.4997422109184344,0.8223468215455993,0.19800182604999372,0.39600365209998745
GSM4453595_P20,B-lineage combined,detected_vs_undetected,UPR_ER_stress_score,6,14,0.0,0.0,6.342735522132345,4.707409495451869,1.6353260266804757,0.20743034055727555,0.20743034055727555
GSM4453595_P20,B-lineage combined,detected_vs_undetected,NRF2_redox_score,6,14,0.0,0.0,5.3331978722281415,1.7574853001838402,3.575712572044301,0.0007632583558383137,0.003053033423353255
GSM4453595_P20,B-lineage combined,detected_vs_undetected,Ribosome_translation_score,6,14,0.0,0.0,9.381922326240026,8.161164244668601,1.2207580815714252,0.07574819401444788,0.10099759201926384
GSM4453595_P20,B-lineage combined,detected_vs_undetected,Apoptosis_DDR_score,6,14,0.0,0.0,2.9216698519207593,1.0665618265343524,1.855108025386407,0.005108317154205752,0.010216634308411503
GSM4453596_P21,B cells,within_sample_positive_median,UPR_ER_stress_score,4,19,,8.282022425280347,5.672282272116049,5.1484664684987305,0.5238158036173184,0.5574251835121402,0.743233578016187
GSM4453596_P21,B cells,within_sample_positive_median,NRF2_redox_score,4,19,,8.282022425280347,3.593414307762335,2.0587198978825545,1.5346944098797803,0.0960295127544681,0.3841180510178724
GSM4453596_P21,B cells,within_sample_positive_median,Ribosome_translation_score,4,19,,8.282022425280347,9.226782023069145,8.825874262317457,0.40090776075168755,0.7846414455110109,0.7846414455110109
GSM4453596_P21,B cells,within_sample_positive_median,Apoptosis_DDR_score,4,19,,8.282022425280347,0.6896502395022013,1.4003278370957806,-0.7106775975935793,0.26337508092820705,0.5267501618564141
GSM4453596_P21,B cells,detected_vs_undetected,UPR_ER_stress_score,7,16,0.0,0.0,5.664473859209374,5.053667185967154,0.6108066732422204,0.45152290165077896,0.7127840526682903
GSM4453596_P21,B cells,detected_vs_undetected,NRF2_redox_score,7,16,0.0,0.0,3.7752850610654294,1.6913962414599917,2.0838888196054377,0.00362190094458815,0.0144876037783526
GSM4453596_P21,B cells,detected_vs_undetected,Ribosome_translation_score,7,16,0.0,0.0,9.425317964057726,8.66384458299401,0.7614733810637162,0.5345880395012177,0.7127840526682903
GSM4453596_P21,B cells,detected_vs_undetected,Apoptosis_DDR_score,7,16,0.0,0.0,1.3516116724640306,1.2439717597237763,0.1076399127402543,0.9727788686905016,0.9727788686905016
GSM4453596_P21,Plasma cells,within_sample_positive_median,UPR_ER_stress_score,240,629,,7.787730369353232,7.558857419449093,7.14650994333643,0.41234747611266265,0.00012398111763396057,0.00016530815684528077
GSM4453596_P21,Plasma cells,within_sample_positive_median,NRF2_redox_score,240,629,,7.787730369353232,4.316036470679023,3.0875433618862487,1.2284931087927746,3.904590533977731e-20,1.5618362135910923e-19
GSM4453596_P21,Plasma cells,within_sample_positive_median,Ribosome_translation_score,240,629,,7.787730369353232,9.332461033502074,8.767174501971478,0.5652865315305959,2.263930113304427e-06,4.527860226608854e-06
GSM4453596_P21,Plasma cells,within_sample_positive_median,Apoptosis_DDR_score,240,629,,7.787730369353232,1.4593839717736217,1.4100438286864727,0.04934014308714896,0.42034232309360153,0.42034232309360153
GSM4453596_P21,Plasma cells,within_sample_positive_quartiles,UPR_ER_stress_score,120,120,7.191187111939009,8.31886247552683,7.640913296058779,7.695320328194251,-0.05440703213547238,0.6831528049313456,0.9045314378126036
GSM4453596_P21,Plasma cells,within_sample_positive_quartiles,NRF2_redox_score,120,120,7.191187111939009,8.31886247552683,4.5271370358788525,4.548590650217486,-0.021453614338633464,0.9045314378126036,0.9045314378126036
GSM4453596_P21,Plasma cells,within_sample_positive_quartiles,Ribosome_translation_score,120,120,7.191187111939009,8.31886247552683,9.323094348278191,9.57895945916995,-0.255865110891758,0.30423930381083153,0.6084786076216631
GSM4453596_P21,Plasma cells,within_sample_positive_quartiles,Apoptosis_DDR_score,120,120,7.191187111939009,8.31886247552683,1.4148060380846157,1.7591247460447903,-0.3443187079601746,0.14001096091760065,0.5600438436704026
GSM4453596_P21,Plasma cells,detected_vs_undetected,UPR_ER_stress_score,480,389,0.0,0.0,7.614354693363195,6.823625404144122,0.7907292892190725,1.2747858832289992e-16,1.699714510971999e-16
GSM4453596_P21,Plasma cells,detected_vs_undetected,NRF2_redox_score,480,389,0.0,0.0,4.391434268214651,2.236568326083249,2.154865942131402,5.6110224237670865e-71,2.2444089695068346e-70
GSM4453596_P21,Plasma cells,detected_vs_undetected,Ribosome_translation_score,480,389,0.0,0.0,9.428523354349272,8.299877120033177,1.1286462343160952,2.2574948905060466e-25,4.514989781012093e-25
GSM4453596_P21,Plasma cells,detected_vs_undetected,Apoptosis_DDR_score,480,389,0.0,0.0,1.669684083318438,1.120106327703368,0.54957775561507,5.071767743053434e-09,5.071767743053434e-09
GSM4453596_P21,B-lineage combined,within_sample_positive_median,UPR_ER_stress_score,244,648,,7.791315131925456,7.519325154218599,7.091165415720678,0.42815973849792144,7.793540756823452e-05,0.00010391387675764604
GSM4453596_P21,B-lineage combined,within_sample_positive_median,NRF2_redox_score,244,648,,7.791315131925456,4.311856503091553,3.054490549576998,1.257365953514555,2.3428846420012017e-21,9.371538568004807e-21
GSM4453596_P21,B-lineage combined,within_sample_positive_median,Ribosome_translation_score,244,648,,7.791315131925456,9.335993187192955,8.766913288860778,0.569079898332177,2.0162895142492457e-06,4.0325790284984915e-06
GSM4453596_P21,B-lineage combined,within_sample_positive_median,Apoptosis_DDR_score,244,648,,7.791315131925456,1.4461996719147086,1.4099719620140434,0.03622770990066515,0.5353509308643606,0.5353509308643606
GSM4453596_P21,B-lineage combined,within_sample_positive_quartiles,UPR_ER_stress_score,122,122,7.192816383263564,8.32138481272532,7.581747660694055,7.69499398964815,-0.11324632895409525,0.5343956919732458,0.712527589297661
GSM4453596_P21,B-lineage combined,within_sample_positive_quartiles,NRF2_redox_score,122,122,7.192816383263564,8.32138481272532,4.515996420794588,4.538531513567551,-0.02253509277296306,0.9198049436002214,0.9198049436002214
GSM4453596_P21,B-lineage combined,within_sample_positive_quartiles,Ribosome_translation_score,122,122,7.192816383263564,8.32138481272532,9.316477935980867,9.561506695928028,-0.24502875994716078,0.30496619504148015,0.6099323900829603
GSM4453596_P21,B-lineage combined,within_sample_positive_quartiles,Apoptosis_DDR_score,122,122,7.192816383263564,8.32138481272532,1.402909741453136,1.7560502000057059,-0.3531404585525699,0.12360434409444446,0.49441737637777783
GSM4453596_P21,B-lineage combined,detected_vs_undetected,UPR_ER_stress_score,487,405,0.0,0.0,7.586327658786035,6.753701128858118,0.832626529927917,4.900391215692676e-18,6.533854954256902e-18
GSM4453596_P21,B-lineage combined,detected_vs_undetected,NRF2_redox_score,487,405,0.0,0.0,4.382577914107783,2.2150306634808485,2.167547250626934,1.4111521944551606e-73,5.6446087778206424e-73
GSM4453596_P21,B-lineage combined,detected_vs_undetected,Ribosome_translation_score,487,405,0.0,0.0,9.428477280977525,8.314256081532866,1.1142211994446587,1.7296834238764494e-25,3.459366847752899e-25
GSM4453596_P21,B-lineage combined,detected_vs_undetected,Apoptosis_DDR_score,487,405,0.0,0.0,1.665112200616219,1.1249997768696063,0.5401124237466126,6.6154924793626865e-09,6.6154924793626865e-09
GSM4453597_P22,B cells,detected_vs_undetected,UPR_ER_stress_score,5,18,0.0,0.0,3.8850271646876466,4.229629781977557,-0.34460261728990993,0.6911349520045171,0.6911349520045171
GSM4453597_P22,B cells,detected_vs_undetected,NRF2_redox_score,5,18,0.0,0.0,2.2294984438896854,0.9700407428285927,1.2594577010610928,0.05972899096607546,0.23891596386430183
GSM4453597_P22,B cells,detected_vs_undetected,Ribosome_translation_score,5,18,0.0,0.0,8.928976716194073,7.280608077001334,1.6483686391927392,0.4032809295967191,0.5654208906734087
GSM4453597_P22,B cells,detected_vs_undetected,Apoptosis_DDR_score,5,18,0.0,0.0,1.4336181144804332,1.2042535088745454,0.22936460560588778,0.4240656680050565,0.5654208906734087
GSM4453597_P22,B-lineage combined,within_sample_positive_median,UPR_ER_stress_score,4,25,,9.82072524263012,4.152545474596218,4.637042208409173,-0.48449673381295444,0.7374847374847374,0.8787840511978442
GSM4453597_P22,B-lineage combined,within_sample_positive_median,NRF2_redox_score,4,25,,9.82072524263012,2.54727568642131,1.0393043992790678,1.5079712871422422,0.03455445459161107,0.13821781836644428
GSM4453597_P22,B-lineage combined,within_sample_positive_median,Ribosome_translation_score,4,25,,9.82072524263012,7.907364905558772,7.788997998475736,0.11836690708303621,0.8787840511978442,0.8787840511978442
GSM4453597_P22,B-lineage combined,within_sample_positive_median,Apoptosis_DDR_score,4,25,,9.82072524263012,1.7543275852908777,1.2814339431760795,0.47289364211479823,0.3518943460210272,0.7037886920420544
GSM4453597_P22,B-lineage combined,detected_vs_undetected,UPR_ER_stress_score,7,22,0.0,0.0,4.293080347028303,4.658394303609821,-0.36531395658151844,0.7841566396289035,0.7841566396289035
GSM4453597_P22,B-lineage combined,detected_vs_undetected,NRF2_redox_score,7,22,0.0,0.0,2.2060865977338375,0.9422321156147759,1.2638544821190616,0.02263215569147238,0.09052862276588952
GSM4453597_P22,B-lineage combined,detected_vs_undetected,Ribosome_translation_score,7,22,0.0,0.0,8.5085754912201,7.581562779344899,0.927012711875201,0.5660759363907789,0.7547679151877053
GSM4453597_P22,B-lineage combined,detected_vs_undetected,Apoptosis_DDR_score,7,22,0.0,0.0,1.7343536267388615,1.2233037969724305,0.511049829766431,0.2240715037837866,0.4481430075675732
GSM4453598_P23,Plasma cells,within_sample_positive_median,UPR_ER_stress_score,37,247,,7.95760144776418,6.9384177406902525,7.167109670685738,-0.2286919299954855,0.645991271746702,0.923742868923487
GSM4453598_P23,Plasma cells,within_sample_positive_median,NRF2_redox_score,37,247,,7.95760144776418,4.1783579151886965,3.338008059603139,0.8403498555855573,0.018104028233074883,0.07241611293229953
GSM4453598_P23,Plasma cells,within_sample_positive_median,Ribosome_translation_score,37,247,,7.95760144776418,9.027211696218007,8.792115571166756,0.23509612505125155,0.7851622928684566,0.923742868923487
GSM4453598_P23,Plasma cells,within_sample_positive_median,Apoptosis_DDR_score,37,247,,7.95760144776418,2.079912161580722,2.1169320964695433,-0.03701993488882138,0.923742868923487,0.923742868923487
GSM4453598_P23,Plasma cells,within_sample_positive_quartiles,UPR_ER_stress_score,19,19,7.523950854558693,8.506657054600822,6.573277370733845,8.119714078840753,-1.5464367081069073,0.01108705352151141,0.04434821408604564
GSM4453598_P23,Plasma cells,within_sample_positive_quartiles,NRF2_redox_score,19,19,7.523950854558693,8.506657054600822,4.235570641118404,5.466789508164801,-1.2312188670463975,0.02277486537233766,0.04554973074467532
GSM4453598_P23,Plasma cells,within_sample_positive_quartiles,Ribosome_translation_score,19,19,7.523950854558693,8.506657054600822,9.034856437174206,9.607275185736883,-0.5724187485626775,0.17928545425907827,0.17928545425907827
GSM4453598_P23,Plasma cells,within_sample_positive_quartiles,Apoptosis_DDR_score,19,19,7.523950854558693,8.506657054600822,2.304993031564359,3.042096647630137,-0.7371036160657778,0.1442744322628964,0.17928545425907827
GSM4453598_P23,Plasma cells,detected_vs_undetected,UPR_ER_stress_score,73,211,0.0,0.0,7.553538221108773,6.993314004379034,0.5602242167297389,0.005283741656180871,0.010567483312361741
GSM4453598_P23,Plasma cells,detected_vs_undetected,NRF2_redox_score,73,211,0.0,0.0,4.395055242836924,3.1196597197007656,1.2753955231361584,6.11414358304019e-06,2.445657433216076e-05
GSM4453598_P23,Plasma cells,detected_vs_undetected,Ribosome_translation_score,73,211,0.0,0.0,9.163565256630433,8.704829929403948,0.4587353272264849,0.04780887959822053,0.06374517279762737
GSM4453598_P23,Plasma cells,detected_vs_undetected,Apoptosis_DDR_score,73,211,0.0,0.0,2.27608121003816,2.0553793813918397,0.22070182864632049,0.3125596975771505,0.3125596975771505
GSM4453598_P23,B-lineage combined,within_sample_positive_median,UPR_ER_stress_score,37,251,,7.976343980693615,6.825381348971964,7.145385549538843,-0.3200042005668786,0.4477933288019287,0.7459886263993319
GSM4453598_P23,B-lineage combined,within_sample_positive_median,NRF2_redox_score,37,251,,7.976343980693615,4.213450947706002,3.3124235174326295,0.9010274302733721,0.010251040013995162,0.04100416005598065
GSM4453598_P23,B-lineage combined,within_sample_positive_median,Ribosome_translation_score,37,251,,7.976343980693615,9.09800453758632,8.799012794711043,0.29899174287527686,0.5594914697994989,0.7459886263993319
GSM4453598_P23,B-lineage combined,within_sample_positive_median,Apoptosis_DDR_score,37,251,,7.976343980693615,2.0680989653285033,2.1109378083485417,-0.042838843020038375,0.8173296896564136,0.8173296896564136
GSM4453598_P23,B-lineage combined,within_sample_positive_quartiles,UPR_ER_stress_score,19,19,7.525596204512884,8.514119168090158,6.616364811270252,8.119714078840753,-1.503349267570501,0.01108705352151141,0.03608210220190638
GSM4453598_P23,B-lineage combined,within_sample_positive_quartiles,NRF2_redox_score,19,19,7.525596204512884,8.514119168090158,4.173844970053198,5.466789508164801,-1.2929445381116036,0.01804105110095319,0.03608210220190638
GSM4453598_P23,B-lineage combined,within_sample_positive_quartiles,Ribosome_translation_score,19,19,7.525596204512884,8.514119168090158,9.219031620480921,9.607275185736883,-0.38824356525596215,0.3811157081784654,0.3811157081784654
GSM4453598_P23,B-lineage combined,within_sample_positive_quartiles,Apoptosis_DDR_score,19,19,7.525596204512884,8.514119168090158,2.207667187808967,3.042096647630137,-0.8344294598211701,0.07976206453864834,0.10634941938486446
GSM4453598_P23,B-lineage combined,detected_vs_undetected,UPR_ER_stress_score,74,214,0.0,0.0,7.503702216265006,6.966153826367298,0.537548389897708,0.007067355327622993,0.014134710655245986
GSM4453598_P23,B-lineage combined,detected_vs_undetected,NRF2_redox_score,74,214,0.0,0.0,4.3905513122986966,3.0953980879934977,1.2951532243051989,3.729473525649756e-06,1.4917894102599024e-05
GSM4453598_P23,B-lineage combined,detected_vs_undetected,Ribosome_translation_score,74,214,0.0,0.0,9.185768156948317,8.716969793219583,0.46879836372873385,0.039971577846177664,0.05329543712823689
GSM4453598_P23,B-lineage combined,detected_vs_undetected,Apoptosis_DDR_score,74,214,0.0,0.0,2.263150360170138,2.050896845607703,0.21225351456243535,0.3630449971622649,0.3630449971622649
GSM4453599_P24,Plasma cells,within_sample_positive_median,UPR_ER_stress_score,18,110,,7.7178877955714,5.8256011659448905,4.819157209669364,1.0064439562755263,0.18917891981377244,0.18917891981377244
GSM4453599_P24,Plasma cells,within_sample_positive_median,NRF2_redox_score,18,110,,7.7178877955714,3.2596810195528554,1.41352033618473,1.8461606833681254,2.5297128992069738e-06,1.0118851596827895e-05
GSM4453599_P24,Plasma cells,within_sample_positive_median,Ribosome_translation_score,18,110,,7.7178877955714,8.302421151981692,7.365333099548769,0.937088052432923,0.09647909528875237,0.1286387937183365
GSM4453599_P24,Plasma cells,within_sample_positive_median,Apoptosis_DDR_score,18,110,,7.7178877955714,1.3154821257563851,0.8516895884548422,0.4637925373015429,0.08412087084050224,0.1286387937183365
GSM4453599_P24,Plasma cells,within_sample_positive_quartiles,UPR_ER_stress_score,9,9,7.126944040782749,8.758083661388268,4.4817405711572755,8.558332421494002,-4.076591850336727,0.003568628436933387,0.014274513747733548
GSM4453599_P24,Plasma cells,within_sample_positive_quartiles,NRF2_redox_score,9,9,7.126944040782749,8.758083661388268,3.3994922245255093,2.415035873355089,0.9844563511704201,0.034069195144143936,0.04542559352552525
GSM4453599_P24,Plasma cells,within_sample_positive_quartiles,Ribosome_translation_score,9,9,7.126944040782749,8.758083661388268,7.618469456240092,8.978196126499032,-1.3597266702589401,0.013418657920497472,0.026837315840994944
GSM4453599_P24,Plasma cells,within_sample_positive_quartiles,Apoptosis_DDR_score,9,9,7.126944040782749,8.758083661388268,1.017539009878731,1.535194210984132,-0.517655201105401,0.3762376593385316,0.3762376593385316
GSM4453599_P24,Plasma cells,detected_vs_undetected,UPR_ER_stress_score,36,92,0.0,0.0,6.973040963379772,4.173246080097462,2.79979488328231,1.132854058845875e-07,2.26570811769175e-07
GSM4453599_P24,Plasma cells,detected_vs_undetected,NRF2_redox_score,36,92,0.0,0.0,3.080894102860857,1.1222750829269652,1.9586190199338918,1.6800841062306979e-10,6.720336424922791e-10
GSM4453599_P24,Plasma cells,detected_vs_undetected,Ribosome_translation_score,36,92,0.0,0.0,8.680830644239947,7.033916505363011,1.6469141388769364,1.4391757025905687e-05,1.918900936787425e-05
GSM4453599_P24,Plasma cells,detected_vs_undetected,Apoptosis_DDR_score,36,92,0.0,0.0,1.4986277349275987,0.6892818971331961,0.8093458377944026,6.619259206659597e-05,6.619259206659597e-05
GSM4453599_P24,B-lineage combined,within_sample_positive_median,UPR_ER_stress_score,19,123,,7.771552299920208,5.733630164260656,4.514204206681057,1.2194259575795998,0.09558342090244201,0.10828812832759975
GSM4453599_P24,B-lineage combined,within_sample_positive_median,NRF2_redox_score,19,123,,7.771552299920208,3.3282375069294723,1.380024823470376,1.9482126834590963,6.111400797052806e-07,2.4445603188211223e-06
GSM4453599_P24,B-lineage combined,within_sample_positive_median,Ribosome_translation_score,19,123,,7.771552299920208,8.418485891882778,7.515262090554789,0.9032238013279885,0.10828812832759975,0.10828812832759975
GSM4453599_P24,B-lineage combined,within_sample_positive_median,Apoptosis_DDR_score,19,123,,7.771552299920208,1.32971717451076,0.8128781603251896,0.5168390141855705,0.044641202957943514,0.08928240591588703
GSM4453599_P24,B-lineage combined,within_sample_positive_quartiles,UPR_ER_stress_score,10,10,7.155048771660531,8.948649455122167,4.441381727435992,8.517286235174671,-4.075904507738679,0.0017062493689195967,0.006824997475678387
GSM4453599_P24,B-lineage combined,within_sample_positive_quartiles,NRF2_redox_score,10,10,7.155048771660531,8.948649455122167,3.515768430043816,2.44062422417851,1.075144205865306,0.017257456083119765,0.03451491216623953
GSM4453599_P24,B-lineage combined,within_sample_positive_quartiles,Ribosome_translation_score,10,10,7.155048771660531,8.948649455122167,7.907387631626314,8.913804330152677,-1.0064166985263636,0.06402210128302689,0.08536280171070253
GSM4453599_P24,B-lineage combined,within_sample_positive_quartiles,Apoptosis_DDR_score,10,10,7.155048771660531,8.948649455122167,1.0743799140998085,1.5009256027467275,-0.426545688646919,0.5701699724963722,0.5701699724963722
GSM4453599_P24,B-lineage combined,detected_vs_undetected,UPR_ER_stress_score,37,105,0.0,0.0,6.894800724746385,3.8959853688295825,2.9988153559168023,1.698458759200981e-08,3.396917518401962e-08
GSM4453599_P24,B-lineage combined,detected_vs_undetected,NRF2_redox_score,37,105,0.0,0.0,3.1209308643972817,1.1190964184363505,2.001834445960931,4.023853222534315e-11,1.609541289013726e-10
GSM4453599_P24,B-lineage combined,detected_vs_undetected,Ribosome_translation_score,37,105,0.0,0.0,8.730204173047039,7.250580139821633,1.4796240332254058,0.0001307931797741883,0.0001307931797741883
GSM4453599_P24,B-lineage combined,detected_vs_undetected,Apoptosis_DDR_score,37,105,0.0,0.0,1.5009877434995422,0.6639247002497115,0.8370630432498307,1.8605767681709626e-05,2.4807690242279503e-05
GSM4453601_P26,B-lineage combined,detected_vs_undetected,UPR_ER_stress_score,4,50,0.0,0.0,2.7367039907696182,2.741468892994139,-0.00476490222452064,0.7748178597076819,0.8638565052669869
GSM4453601_P26,B-lineage combined,detected_vs_undetected,NRF2_redox_score,4,50,0.0,0.0,1.993937680205555,0.8088787915940695,1.1850588886114855,0.01158659640679442,0.04634638562717768
GSM4453601_P26,B-lineage combined,detected_vs_undetected,Ribosome_translation_score,4,50,0.0,0.0,9.113572033245752,8.514383484346327,0.5991885488994253,0.5128458091832121,0.8638565052669869
GSM4453601_P26,B-lineage combined,detected_vs_undetected,Apoptosis_DDR_score,4,50,0.0,0.0,0.9136611377678783,0.5095232975760045,0.4041378401918738,0.8638565052669869,0.8638565052669869
GSM4453602_P27,B-lineage combined,detected_vs_undetected,UPR_ER_stress_score,4,61,0.0,0.0,4.05691639638511,2.028250220877005,2.028666175508105,0.28966154418489,0.28966154418489
GSM4453602_P27,B-lineage combined,detected_vs_undetected,NRF2_redox_score,4,61,0.0,0.0,4.089309812611529,1.4524682503246713,2.636841562286858,0.003216747142373414,0.006433494284746828
GSM4453602_P27,B-lineage combined,detected_vs_undetected,Ribosome_translation_score,4,61,0.0,0.0,8.141023455313205,2.9395233448013145,5.2015001105118905,0.002713414359271732,0.006433494284746828
GSM4453602_P27,B-lineage combined,detected_vs_undetected,Apoptosis_DDR_score,4,61,0.0,0.0,0.6438502944591491,0.25309069657991834,0.39075959787923076,0.11254209238102066,0.15005612317469422
GSM4453603_P28,B cells,detected_vs_undetected,UPR_ER_stress_score,4,36,0.0,0.0,4.395506425669257,3.193095016623683,1.2024114090455744,0.37910826595211977,0.4740681253268887
GSM4453603_P28,B cells,detected_vs_undetected,NRF2_redox_score,4,36,0.0,0.0,3.5727539825929178,2.2645217371731268,1.308232245419791,0.28916320495259895,0.4740681253268887
GSM4453603_P28,B cells,detected_vs_undetected,Ribosome_translation_score,4,36,0.0,0.0,7.64388895229138,6.3115823201483146,1.3323066321430659,0.4718240507714192,0.4740681253268887
GSM4453603_P28,B cells,detected_vs_undetected,Apoptosis_DDR_score,4,36,0.0,0.0,0.9885543366333872,0.7808911372020995,0.20766319943128775,0.4740681253268887,0.4740681253268887
GSM4453603_P28,Plasma cells,within_sample_positive_median,UPR_ER_stress_score,28,164,,7.987074698585125,6.197837200710386,5.7610478737673905,0.43678932694299544,0.37617549253566596,0.5015673233808879
GSM4453603_P28,Plasma cells,within_sample_positive_median,NRF2_redox_score,28,164,,7.987074698585125,3.5000528256593317,2.045662821794591,1.4543900038647406,9.211133374391647e-05,0.00036844533497566587
GSM4453603_P28,Plasma cells,within_sample_positive_median,Ribosome_translation_score,28,164,,7.987074698585125,8.162675830442408,8.06333481582494,0.09934101461746891,0.5797204611351789,0.5797204611351789
GSM4453603_P28,Plasma cells,within_sample_positive_median,Apoptosis_DDR_score,28,164,,7.987074698585125,1.7736575106735637,1.1820132936750158,0.5916442169985479,0.09546936228112449,0.19093872456224897
GSM4453603_P28,Plasma cells,within_sample_positive_quartiles,UPR_ER_stress_score,14,14,7.388021139032978,8.751069224982482,5.759967398423454,7.561330432552505,-1.801363034129051,0.007189446789606673,0.028757787158426692
GSM4453603_P28,Plasma cells,within_sample_positive_quartiles,NRF2_redox_score,14,14,7.388021139032978,8.751069224982482,3.6004789968093704,5.04136656005632,-1.440887563246949,0.09352482094264832,0.09352482094264832
GSM4453603_P28,Plasma cells,within_sample_positive_quartiles,Ribosome_translation_score,14,14,7.388021139032978,8.751069224982482,7.919726916767421,9.638546776605793,-1.718819859838372,0.05654277060892085,0.07539036081189447
GSM4453603_P28,Plasma cells,within_sample_positive_quartiles,Apoptosis_DDR_score,14,14,7.388021139032978,8.751069224982482,1.4934457297664996,2.943066258122962,-1.4496205283564625,0.045623588296890304,0.07539036081189447
GSM4453603_P28,Plasma cells,detected_vs_undetected,UPR_ER_stress_score,55,137,0.0,0.0,6.84743821005328,5.414176579305201,1.4332616307480794,7.522792746693649e-06,1.0030390328924864e-05
GSM4453603_P28,Plasma cells,detected_vs_undetected,NRF2_redox_score,55,137,0.0,0.0,4.148067637190898,1.4988792835567506,2.649188353634148,1.3125051040608546e-14,5.2500204162434183e-14
GSM4453603_P28,Plasma cells,detected_vs_undetected,Ribosome_translation_score,55,137,0.0,0.0,8.751557999572999,7.807344110008487,0.9442138895645114,0.00015306408126602533,0.00015306408126602533
GSM4453603_P28,Plasma cells,detected_vs_undetected,Apoptosis_DDR_score,55,137,0.0,0.0,2.239997629934735,0.8781950424463648,1.36180258748837,1.0164828705500331e-07,2.0329657411000662e-07
GSM4453603_P28,B-lineage combined,within_sample_positive_median,UPR_ER_stress_score,30,202,,8.016796790734402,5.810259505635981,5.32958888143462,0.48067062420136164,0.3747038275753264,0.4996051034337685
GSM4453603_P28,B-lineage combined,within_sample_positive_median,NRF2_redox_score,30,202,,8.016796790734402,3.3076623148143853,2.1290797570145887,1.1785825577997966,0.0006252132306736254,0.0025008529226945016
GSM4453603_P28,B-lineage combined,within_sample_positive_median,Ribosome_translation_score,30,202,,8.016796790734402,7.928352692224277,7.776652334729971,0.1517003574943061,0.7210030398143756,0.7210030398143756
GSM4453603_P28,B-lineage combined,within_sample_positive_median,Apoptosis_DDR_score,30,202,,8.016796790734402,1.608212720415186,1.1254084511629503,0.48280426925223563,0.17991091506360235,0.3598218301272047
GSM4453603_P28,B-lineage combined,within_sample_positive_quartiles,UPR_ER_stress_score,15,15,7.388021139032978,8.828791219856168,5.337537471042863,7.565163290594456,-2.2276258195515934,0.001619713575230349,0.006478854300921396
GSM4453603_P28,B-lineage combined,within_sample_positive_quartiles,NRF2_redox_score,15,15,7.388021139032978,8.828791219856168,3.580533131989947,5.160532894115822,-1.5799997621258752,0.05123941919274439,0.05123941919274439
GSM4453603_P28,B-lineage combined,within_sample_positive_quartiles,Ribosome_translation_score,15,15,7.388021139032978,8.828791219856168,7.7563993076498585,9.68959935984276,-1.933200052192901,0.02792505735330741,0.05123941919274439
GSM4453603_P28,B-lineage combined,within_sample_positive_quartiles,Apoptosis_DDR_score,15,15,7.388021139032978,8.828791219856168,1.502700944001956,2.901658067797111,-1.3989571237951548,0.046714517930723384,0.05123941919274439
GSM4453603_P28,B-lineage combined,detected_vs_undetected,UPR_ER_stress_score,59,173,0.0,0.0,6.681205546705209,4.951986196319451,1.7292193503857582,2.594758482643718e-07,3.459677976858291e-07
GSM4453603_P28,B-lineage combined,detected_vs_undetected,NRF2_redox_score,59,173,0.0,0.0,4.109063321624934,1.658203724771719,2.4508595968532148,2.927106731686795e-14,1.170842692674718e-13
GSM4453603_P28,B-lineage combined,detected_vs_undetected,Ribosome_translation_score,59,173,0.0,0.0,8.676461792977635,7.496087321367066,1.1803744716105697,4.061537602582306e-05,4.061537602582306e-05
GSM4453603_P28,B-lineage combined,detected_vs_undetected,Apoptosis_DDR_score,59,173,0.0,0.0,2.155154016829559,0.8579468309504483,1.2972071858791108,5.31214255939825e-08,1.06242851187965e-07
GSM4453604_P29,B cells,within_sample_positive_median,UPR_ER_stress_score,39,85,,8.805200383851442,5.2758908287865784,5.991516027362994,-0.7156251985764159,0.04588030297123755,0.0917606059424751
GSM4453604_P29,B cells,within_sample_positive_median,NRF2_redox_score,39,85,,8.805200383851442,4.985483926568154,4.231699580934528,0.7537843456336262,0.004568409103367023,0.018273636413468092
GSM4453604_P29,B cells,within_sample_positive_median,Ribosome_translation_score,39,85,,8.805200383851442,10.370604484076473,10.22587153582405,0.14473294825242355,0.7427118166562368,0.7427118166562368
GSM4453604_P29,B cells,within_sample_positive_median,Apoptosis_DDR_score,39,85,,8.805200383851442,1.466000100180844,1.1406457708544415,0.3253543293264025,0.19309604972167171,0.25746139962889564
GSM4453604_P29,B cells,within_sample_positive_quartiles,UPR_ER_stress_score,20,20,8.277349296312504,9.228122385558358,5.595997697149645,6.756987492249249,-1.1609897950996038,0.06011064176288863,0.22700917448109081
GSM4453604_P29,B cells,within_sample_positive_quartiles,NRF2_redox_score,20,20,8.277349296312504,9.228122385558358,5.195122366740901,4.977872038538047,0.21725032820285417,0.507505297961912,0.507505297961912
GSM4453604_P29,B cells,within_sample_positive_quartiles,Ribosome_translation_score,20,20,8.277349296312504,9.228122385558358,10.61212805812281,10.778865056193263,-0.16673699807045317,0.33691523838231996,0.4492203178430933
GSM4453604_P29,B cells,within_sample_positive_quartiles,Apoptosis_DDR_score,20,20,8.277349296312504,9.228122385558358,1.8025680055258522,1.1498928738546161,0.652675131671236,0.11350458724054541,0.22700917448109081
GSM4453604_P29,B cells,detected_vs_undetected,UPR_ER_stress_score,78,46,0.0,0.0,5.778445358718972,5.746084058009813,0.03236130070915966,0.9319847330122519,0.9319847330122519
GSM4453604_P29,B cells,detected_vs_undetected,NRF2_redox_score,78,46,0.0,0.0,4.984723874457022,3.593910332781415,1.3908135416756071,1.4133584413149524e-08,5.6534337652598096e-08
GSM4453604_P29,B cells,detected_vs_undetected,Ribosome_translation_score,78,46,0.0,0.0,10.447199922570334,9.973283944859583,0.47391597771075133,0.08734980609381297,0.11646640812508396
GSM4453604_P29,B cells,detected_vs_undetected,Apoptosis_DDR_score,78,46,0.0,0.0,1.4645358378117281,0.8672847626166444,0.5972510751950837,0.01846328159986396,0.03692656319972792
GSM4453604_P29,B-lineage combined,within_sample_positive_median,UPR_ER_stress_score,39,85,,8.805200383851442,5.2758908287865784,5.991516027362994,-0.7156251985764159,0.04588030297123755,0.0917606059424751
GSM4453604_P29,B-lineage combined,within_sample_positive_median,NRF2_redox_score,39,85,,8.805200383851442,4.985483926568154,4.231699580934528,0.7537843456336262,0.004568409103367023,0.018273636413468092
GSM4453604_P29,B-lineage combined,within_sample_positive_median,Ribosome_translation_score,39,85,,8.805200383851442,10.370604484076473,10.22587153582405,0.14473294825242355,0.7427118166562368,0.7427118166562368
GSM4453604_P29,B-lineage combined,within_sample_positive_median,Apoptosis_DDR_score,39,85,,8.805200383851442,1.466000100180844,1.1406457708544415,0.3253543293264025,0.19309604972167171,0.25746139962889564
GSM4453604_P29,B-lineage combined,within_sample_positive_quartiles,UPR_ER_stress_score,20,20,8.277349296312504,9.228122385558358,5.595997697149645,6.756987492249249,-1.1609897950996038,0.06011064176288863,0.22700917448109081
GSM4453604_P29,B-lineage combined,within_sample_positive_quartiles,NRF2_redox_score,20,20,8.277349296312504,9.228122385558358,5.195122366740901,4.977872038538047,0.21725032820285417,0.507505297961912,0.507505297961912
GSM4453604_P29,B-lineage combined,within_sample_positive_quartiles,Ribosome_translation_score,20,20,8.277349296312504,9.228122385558358,10.61212805812281,10.778865056193263,-0.16673699807045317,0.33691523838231996,0.4492203178430933
GSM4453604_P29,B-lineage combined,within_sample_positive_quartiles,Apoptosis_DDR_score,20,20,8.277349296312504,9.228122385558358,1.8025680055258522,1.1498928738546161,0.652675131671236,0.11350458724054541,0.22700917448109081
GSM4453604_P29,B-lineage combined,detected_vs_undetected,UPR_ER_stress_score,78,46,0.0,0.0,5.778445358718972,5.746084058009813,0.03236130070915966,0.9319847330122519,0.9319847330122519
GSM4453604_P29,B-lineage combined,detected_vs_undetected,NRF2_redox_score,78,46,0.0,0.0,4.984723874457022,3.593910332781415,1.3908135416756071,1.4133584413149524e-08,5.6534337652598096e-08
GSM4453604_P29,B-lineage combined,detected_vs_undetected,Ribosome_translation_score,78,46,0.0,0.0,10.447199922570334,9.973283944859583,0.47391597771075133,0.08734980609381297,0.11646640812508396
GSM4453604_P29,B-lineage combined,detected_vs_undetected,Apoptosis_DDR_score,78,46,0.0,0.0,1.4645358378117281,0.8672847626166444,0.5972510751950837,0.01846328159986396,0.03692656319972792
GSM4453605_P30,Plasma cells,within_sample_positive_median,UPR_ER_stress_score,13,21,,7.253706210040153,7.025659290184776,6.998504998776305,0.027154291408471032,0.8872743336436232,0.8872743336436232
GSM4453605_P30,Plasma cells,within_sample_positive_median,NRF2_redox_score,13,21,,7.253706210040153,5.975982099171055,5.322712940108512,0.6532691590625426,0.16694059070590372,0.6677623628236149
GSM4453605_P30,Plasma cells,within_sample_positive_median,Ribosome_translation_score,13,21,,7.253706210040153,10.829529068816028,10.916783638061501,-0.08725456924547359,0.723050407364281,0.8872743336436232
GSM4453605_P30,Plasma cells,within_sample_positive_median,Apoptosis_DDR_score,13,21,,7.253706210040153,2.974504366847818,3.122887252910241,-0.14838288606242322,0.5827730681374965,0.8872743336436232
GSM4453605_P30,Plasma cells,within_sample_positive_quartiles,UPR_ER_stress_score,7,7,7.027922503940178,7.737451916788018,7.006678810781764,6.9948699038944655,0.011808906887298853,1.0,1.0
GSM4453605_P30,Plasma cells,within_sample_positive_quartiles,NRF2_redox_score,7,7,7.027922503940178,7.737451916788018,6.068236533179203,5.727077973499827,0.3411585596793758,0.9015151515151516,1.0
GSM4453605_P30,Plasma cells,within_sample_positive_quartiles,Ribosome_translation_score,7,7,7.027922503940178,7.737451916788018,10.808359173248755,11.28539288320259,-0.4770337099538349,0.45571095571095577,0.9114219114219115
GSM4453605_P30,Plasma cells,within_sample_positive_quartiles,Apoptosis_DDR_score,7,7,7.027922503940178,7.737451916788018,2.580052416423018,3.273777060855027,-0.6937246444320091,0.45571095571095577,0.9114219114219115
GSM4453605_P30,Plasma cells,detected_vs_undetected,UPR_ER_stress_score,26,8,0.0,0.0,7.224476967726119,6.308221823228177,0.9162551444979421,0.011857544671782714,0.023715089343565428
GSM4453605_P30,Plasma cells,detected_vs_undetected,NRF2_redox_score,26,8,0.0,0.0,6.004662606445939,4.167938907988502,1.8367236984574378,8.757337161446302e-05,0.0003502934864578521
GSM4453605_P30,Plasma cells,detected_vs_undetected,Ribosome_translation_score,26,8,0.0,0.0,10.908326891794717,10.802479388404663,0.10584750339005389,0.6758669378246686,0.6758669378246686
GSM4453605_P30,Plasma cells,detected_vs_undetected,Apoptosis_DDR_score,26,8,0.0,0.0,3.179351968382174,2.698254737775023,0.48109723060715126,0.46486834563913315,0.6198244608521776
GSM4453605_P30,B-lineage combined,within_sample_positive_median,UPR_ER_stress_score,15,26,,7.288652682428179,7.072392670303992,6.741700775088893,0.33069189521509834,0.5072462396300886,0.6763283195067848
GSM4453605_P30,B-lineage combined,within_sample_positive_median,NRF2_redox_score,15,26,,7.288652682428179,5.812560670603627,5.125566230350785,0.6869944402528425,0.14759943264843695,0.5903977305937478
GSM4453605_P30,B-lineage combined,within_sample_positive_median,Ribosome_translation_score,15,26,,7.288652682428179,10.682150794594543,10.915082946783608,-0.23293215218906482,0.7148135321309732,0.7148135321309732
GSM4453605_P30,B-lineage combined,within_sample_positive_median,Apoptosis_DDR_score,15,26,,7.288652682428179,2.748911619299306,3.016192590537776,-0.26728097123847006,0.3574137003975427,0.6763283195067848
GSM4453605_P30,B-lineage combined,within_sample_positive_quartiles,UPR_ER_stress_score,8,8,7.046005769171436,8.008478561900533,6.83581239039166,7.227610138475122,-0.39179774808346224,0.4418026418026417,0.5890701890701889
GSM4453605_P30,B-lineage combined,within_sample_positive_quartiles,NRF2_redox_score,8,8,7.046005769171436,8.008478561900533,5.456078127577863,5.986246422224158,-0.5301682946462956,0.2786324786324786,0.5572649572649572
GSM4453605_P30,B-lineage combined,within_sample_positive_quartiles,Ribosome_translation_score,8,8,7.046005769171436,8.008478561900533,10.679214728835692,11.083489693074437,-0.40427496423874487,0.8784770784770783,0.8784770784770783
GSM4453605_P30,B-lineage combined,within_sample_positive_quartiles,Apoptosis_DDR_score,8,8,7.046005769171436,8.008478561900533,2.2940744882617254,3.4183366165164504,-1.124262128254725,0.08298368298368297,0.3319347319347319
GSM4453605_P30,B-lineage combined,detected_vs_undetected,UPR_ER_stress_score,29,12,0.0,0.0,7.252301786465241,5.92111319994826,1.3311885865169808,0.001035073327893332,0.002070146655786664
GSM4453605_P30,B-lineage combined,detected_vs_undetected,NRF2_redox_score,29,12,0.0,0.0,5.914023566945926,4.078870717228578,1.835152849717348,0.00010337209903666709,0.00041348839614666836
GSM4453605_P30,B-lineage combined,detected_vs_undetected,Ribosome_translation_score,29,12,0.0,0.0,10.80530150478076,10.889222908054174,-0.0839214032734148,0.9885693332090099,0.9885693332090099
GSM4453605_P30,B-lineage combined,detected_vs_undetected,Apoptosis_DDR_score,29,12,0.0,0.0,3.085215914338529,2.515285010637868,0.5699309037006612,0.2287845335433536,0.30504604472447144
GSM4453606_P31,Plasma cells,detected_vs_undetected,UPR_ER_stress_score,4,12,0.0,0.0,7.8676330040256355,6.658574965957439,1.2090580380681963,0.21208791208791208,0.34239526965072253
GSM4453606_P31,Plasma cells,detected_vs_undetected,NRF2_redox_score,4,12,0.0,0.0,2.8902708714991587,1.7570330762103348,1.133237795288824,0.3012195985764794,0.34239526965072253
GSM4453606_P31,Plasma cells,detected_vs_undetected,Ribosome_translation_score,4,12,0.0,0.0,9.348314788491003,8.214598697776568,1.1337160907144348,0.17032967032967034,0.34239526965072253
GSM4453606_P31,Plasma cells,detected_vs_undetected,Apoptosis_DDR_score,4,12,0.0,0.0,0.7825013909874675,1.5144545026774647,-0.7319531116899972,0.34239526965072253,0.34239526965072253
GSM4453606_P31,B-lineage combined,detected_vs_undetected,UPR_ER_stress_score,4,12,0.0,0.0,7.8676330040256355,6.658574965957439,1.2090580380681963,0.21208791208791208,0.34239526965072253
GSM4453606_P31,B-lineage combined,detected_vs_undetected,NRF2_redox_score,4,12,0.0,0.0,2.8902708714991587,1.7570330762103348,1.133237795288824,0.3012195985764794,0.34239526965072253
GSM4453606_P31,B-lineage combined,detected_vs_undetected,Ribosome_translation_score,4,12,0.0,0.0,9.348314788491003,8.214598697776568,1.1337160907144348,0.17032967032967034,0.34239526965072253
GSM4453606_P31,B-lineage combined,detected_vs_undetected,Apoptosis_DDR_score,4,12,0.0,0.0,0.7825013909874675,1.5144545026774647,-0.7319531116899972,0.34239526965072253,0.34239526965072253
GSM4453607_P32,B cells,within_sample_positive_median,UPR_ER_stress_score,9,78,,9.60139045736512,3.0644267224362864,3.089897279185494,-0.025470556749207507,0.9721767068822351,0.9721767068822351
GSM4453607_P32,B cells,within_sample_positive_median,NRF2_redox_score,9,78,,9.60139045736512,3.9897130758175225,1.4830068149628726,2.50670626085465,0.00022769658015475998,0.0009107863206190399
GSM4453607_P32,B cells,within_sample_positive_median,Ribosome_translation_score,9,78,,9.60139045736512,6.2112756948614445,7.2575686137045565,-1.046292918843112,0.47289640543663114,0.6305285405821749
GSM4453607_P32,B cells,within_sample_positive_median,Apoptosis_DDR_score,9,78,,9.60139045736512,1.097228524930156,0.6901500219100724,0.40707850302008375,0.1912147770045638,0.3824295540091276
GSM4453607_P32,B cells,within_sample_positive_quartiles,UPR_ER_stress_score,5,5,9.191728355559585,10.136810946627312,2.9259954299374487,4.461657041212963,-1.535661611275514,0.30952380952380953,0.5608465608465608
GSM4453607_P32,B cells,within_sample_positive_quartiles,NRF2_redox_score,5,5,9.191728355559585,10.136810946627312,4.629797406512627,3.476369404383173,1.1534280021294538,0.42063492063492064,0.5608465608465608
GSM4453607_P32,B cells,within_sample_positive_quartiles,Ribosome_translation_score,5,5,9.191728355559585,10.136810946627312,5.427829258255387,7.136762635608666,-1.7089333773532793,0.42063492063492064,0.5608465608465608
GSM4453607_P32,B cells,within_sample_positive_quartiles,Apoptosis_DDR_score,5,5,9.191728355559585,10.136810946627312,1.3273900284513167,1.3317513718391685,-0.004361343387851768,1.0,1.0
GSM4453607_P32,B cells,detected_vs_undetected,UPR_ER_stress_score,17,70,0.0,0.0,3.548809584661315,2.975172361987896,0.573637222673419,0.21985178644577086,0.34715363233329005
GSM4453607_P32,B cells,detected_vs_undetected,NRF2_redox_score,17,70,0.0,0.0,3.6960596398435626,1.2678419338874451,2.4282177059561176,5.591990716489267e-07,2.2367962865957066e-06
GSM4453607_P32,B cells,detected_vs_undetected,Ribosome_translation_score,17,70,0.0,0.0,6.670347615100959,7.265656052371316,-0.595308437270357,0.5172202152110199,0.5172202152110199
GSM4453607_P32,B cells,detected_vs_undetected,Apoptosis_DDR_score,17,70,0.0,0.0,0.9725772696216026,0.6738992121398544,0.29867805748174825,0.26036522424996755,0.34715363233329005
GSM4453607_P32,Plasma cells,within_sample_positive_median,UPR_ER_stress_score,6,38,,9.119582060228488,4.622182934132427,4.794331356604708,-0.17214842247228113,0.9601402567936881,0.9601402567936881
GSM4453607_P32,Plasma cells,within_sample_positive_median,NRF2_redox_score,6,38,,9.119582060228488,3.312939005162503,2.040056466667125,1.2728825384953781,0.09576856221746803,0.3830742488698721
GSM4453607_P32,Plasma cells,within_sample_positive_median,Ribosome_translation_score,6,38,,9.119582060228488,6.373914027097379,6.3802348055091365,-0.006320778411757821,0.8776868684909912,0.9601402567936881
GSM4453607_P32,Plasma cells,within_sample_positive_median,Apoptosis_DDR_score,6,38,,9.119582060228488,0.723858348496624,0.8989018492286781,-0.1750435007320541,0.9107578582249747,0.9601402567936881
GSM4453607_P32,Plasma cells,detected_vs_undetected,UPR_ER_stress_score,11,33,0.0,0.0,5.7696984270912655,4.437909286599077,1.3317891404921882,0.05779233879858739,0.06936696263601576
GSM4453607_P32,Plasma cells,detected_vs_undetected,NRF2_redox_score,11,33,0.0,0.0,3.8392136467772064,1.6717705954477717,2.1674430513294345,0.00029442964308575606,0.0011777185723430242
GSM4453607_P32,Plasma cells,detected_vs_undetected,Ribosome_translation_score,11,33,0.0,0.0,7.524326244090506,5.997721760210177,1.5266044838803294,0.06936696263601576,0.06936696263601576
GSM4453607_P32,Plasma cells,detected_vs_undetected,Apoptosis_DDR_score,11,33,0.0,0.0,1.7534051307353324,0.5822413310176014,1.171163799717731,0.02174816819108507,0.04349633638217014
GSM4453607_P32,B-lineage combined,within_sample_positive_median,UPR_ER_stress_score,14,117,,9.455629206236624,3.128718562067867,3.7154483552582778,-0.5867297931904107,0.4674879674898029,0.6233172899864039
GSM4453607_P32,B-lineage combined,within_sample_positive_median,NRF2_redox_score,14,117,,9.455629206236624,3.6553004006739647,1.69066259319959,1.9646378074743747,7.617315711658273e-05,0.0003046926284663309
GSM4453607_P32,B-lineage combined,within_sample_positive_median,Ribosome_translation_score,14,117,,9.455629206236624,5.98365168515244,6.999257404294922,-1.0156057191424823,0.3614478119467226,0.6233172899864039
GSM4453607_P32,B-lineage combined,within_sample_positive_median,Apoptosis_DDR_score,14,117,,9.455629206236624,0.8185182786680529,0.7756318196040498,0.042886459064003124,0.6673606252708761,0.6673606252708761
GSM4453607_P32,B-lineage combined,within_sample_positive_quartiles,UPR_ER_stress_score,7,7,8.92887679918576,10.04571595600876,3.329526399859557,5.843230656289795,-2.513704256430238,0.03787878787878788,0.10606060606060606
GSM4453607_P32,B-lineage combined,within_sample_positive_quartiles,NRF2_redox_score,7,7,8.92887679918576,10.04571595600876,3.9634042223079775,3.8480067773333198,0.11539744497465776,1.0,1.0
GSM4453607_P32,B-lineage combined,within_sample_positive_quartiles,Ribosome_translation_score,7,7,8.92887679918576,10.04571595600876,5.003737740884048,7.946867701837644,-2.9431299609535957,0.05303030303030303,0.10606060606060606
GSM4453607_P32,B-lineage combined,within_sample_positive_quartiles,Apoptosis_DDR_score,7,7,8.92887679918576,10.04571595600876,0.9481357346080833,1.7761234450115335,-0.8279877104034502,0.2873549303224483,0.38313990709659773
GSM4453607_P32,B-lineage combined,detected_vs_undetected,UPR_ER_stress_score,28,103,0.0,0.0,4.421301629901653,3.4438162310380807,0.9774853988635726,0.028708623274937433,0.038278164366583246
GSM4453607_P32,B-lineage combined,detected_vs_undetected,NRF2_redox_score,28,103,0.0,0.0,3.7522987139960655,1.3972559710863852,2.3550427429096805,3.6932095408484763e-10,1.4772838163393905e-09
GSM4453607_P32,B-lineage combined,detected_vs_undetected,Ribosome_translation_score,28,103,0.0,0.0,7.005839219346853,6.859424677212893,0.14641454213396,0.7983692712716661,0.7983692712716661
GSM4453607_P32,B-lineage combined,detected_vs_undetected,Apoptosis_DDR_score,28,103,0.0,0.0,1.2793310722019966,0.6445330948870936,0.634797977314903,0.01671039022990349,0.03342078045980698
GSM4453608_P33,B cells,within_sample_positive_median,UPR_ER_stress_score,10,30,,9.186972397905048,3.329257186743611,3.5420535037057945,-0.2127963169621836,0.6506026372994211,0.833801422953713
GSM4453608_P33,B cells,within_sample_positive_median,NRF2_redox_score,10,30,,9.186972397905048,3.2770189083722414,3.1716824893751787,0.1053364189970627,0.2953929127117212,0.833801422953713
GSM4453608_P33,B cells,within_sample_positive_median,Ribosome_translation_score,10,30,,9.186972397905048,7.351407327060275,7.6805317035390255,-0.3291243764787506,0.46293857169058417,0.833801422953713
GSM4453608_P33,B cells,within_sample_positive_median,Apoptosis_DDR_score,10,30,,9.186972397905048,0.8857235721617741,1.2560175106475946,-0.3702939384858205,0.833801422953713,0.833801422953713
GSM4453608_P33,B cells,within_sample_positive_quartiles,UPR_ER_stress_score,5,5,8.594906170739607,9.661737392262243,4.185353047772855,4.955333377640537,-0.769980329867682,0.5476190476190477,0.5476190476190477
GSM4453608_P33,B cells,within_sample_positive_quartiles,NRF2_redox_score,5,5,8.594906170739607,9.661737392262243,3.6990040840891654,4.887187328371182,-1.1881832442820164,0.30952380952380953,0.5476190476190477
GSM4453608_P33,B cells,within_sample_positive_quartiles,Ribosome_translation_score,5,5,8.594906170739607,9.661737392262243,7.412618047024654,8.861016870419892,-1.4483988233952383,0.30952380952380953,0.5476190476190477
GSM4453608_P33,B cells,within_sample_positive_quartiles,Apoptosis_DDR_score,5,5,8.594906170739607,9.661737392262243,1.181503237083058,1.4979443780389416,-0.3164411409558836,0.4633438825652173,0.5476190476190477
GSM4453608_P33,B cells,detected_vs_undetected,UPR_ER_stress_score,20,20,0.0,0.0,3.653214236998894,3.3244946119316032,0.3287196250672908,0.694877426962106,0.694877426962106
GSM4453608_P33,B cells,detected_vs_undetected,NRF2_redox_score,20,20,0.0,0.0,3.816434922292406,2.579598265956481,1.236836656335925,0.0004155021525085159,0.0016620086100340636
GSM4453608_P33,B cells,detected_vs_undetected,Ribosome_translation_score,20,20,0.0,0.0,8.068398150579052,7.128103068259625,0.9402950823194267,0.14784658271436188,0.29569316542872376
GSM4453608_P33,B cells,detected_vs_undetected,Apoptosis_DDR_score,20,20,0.0,0.0,0.9018551316824546,1.4250329203698242,-0.5231777886873696,0.2403265704464811,0.32043542726197477
GSM4453608_P33,Plasma cells,within_sample_positive_median,UPR_ER_stress_score,4,11,,8.402365305486867,5.802541425284525,4.659479223948374,1.1430622013361509,0.48937728937728936,0.48937728937728936
GSM4453608_P33,Plasma cells,within_sample_positive_median,NRF2_redox_score,4,11,,8.402365305486867,4.979961596516787,3.1600762240893716,1.8198853724274158,0.13772893772893774,0.48937728937728936
GSM4453608_P33,Plasma cells,within_sample_positive_median,Ribosome_translation_score,4,11,,8.402365305486867,8.96251073157756,8.84187009551133,0.12064063606622888,0.48937728937728936,0.48937728937728936
GSM4453608_P33,Plasma cells,within_sample_positive_median,Apoptosis_DDR_score,4,11,,8.402365305486867,2.7642108800926977,1.5761948012159834,1.1880160788767142,0.26668147222931493,0.48937728937728936
GSM4453608_P33,Plasma cells,detected_vs_undetected,UPR_ER_stress_score,8,7,0.0,0.0,5.540905159523604,4.305313698340197,1.2355914611834065,0.151981351981352,0.303962703962704
GSM4453608_P33,Plasma cells,detected_vs_undetected,NRF2_redox_score,8,7,0.0,0.0,5.11156969285633,1.9697324725999426,3.141837220256387,0.0021756021756021756,0.008702408702408702
GSM4453608_P33,Plasma cells,detected_vs_undetected,Ribosome_translation_score,8,7,0.0,0.0,8.930792186252205,8.80918235527389,0.1216098309783149,0.46340326340326343,0.617871017871018
GSM4453608_P33,Plasma cells,detected_vs_undetected,Apoptosis_DDR_score,8,7,0.0,0.0,2.1017099878526926,1.6544723472750094,0.4472376405776832,0.9077864979090875,0.9077864979090875
GSM4453608_P33,B-lineage combined,within_sample_positive_median,UPR_ER_stress_score,14,41,,9.032330756143804,3.6594408235203106,3.970401039363312,-0.3109602158430014,0.40062806228132297,0.6899429626154655
GSM4453608_P33,B-lineage combined,within_sample_positive_median,NRF2_redox_score,14,41,,9.032330756143804,3.576944204324995,3.232295847694587,0.3446483566304077,0.16126388327176921,0.6450555330870769
GSM4453608_P33,B-lineage combined,within_sample_positive_median,Ribosome_translation_score,14,41,,9.032330756143804,7.767708944401626,8.007139344685015,-0.23943040028338913,0.5174572219615992,0.6899429626154655
GSM4453608_P33,B-lineage combined,within_sample_positive_median,Apoptosis_DDR_score,14,41,,9.032330756143804,1.2826114113725886,1.389663112575023,-0.10705170120243435,0.9216610462236574,0.9216610462236574
GSM4453608_P33,B-lineage combined,within_sample_positive_quartiles,UPR_ER_stress_score,7,7,8.307620114351955,9.661737392262243,4.769652723749203,5.5911893806728346,-0.821536656923632,0.25932400932400934,0.3457653457653458
GSM4453608_P33,B-lineage combined,within_sample_positive_quartiles,NRF2_redox_score,7,7,8.307620114351955,9.661737392262243,3.73339824941253,5.45061663783123,-1.7172183884186998,0.011072261072261072,0.04428904428904429
GSM4453608_P33,B-lineage combined,within_sample_positive_quartiles,Ribosome_translation_score,7,7,8.307620114351955,9.661737392262243,7.879041437754251,8.98486162888926,-1.1058201911350087,0.25932400932400934,0.3457653457653458
GSM4453608_P33,B-lineage combined,within_sample_positive_quartiles,Apoptosis_DDR_score,7,7,8.307620114351955,9.661737392262243,1.9023850287395923,1.6943247107385335,0.20806031800105873,0.5648708373596065,0.5648708373596065
GSM4453608_P33,B-lineage combined,detected_vs_undetected,UPR_ER_stress_score,28,27,0.0,0.0,4.192554500577382,3.5787810417412382,0.6137734588361434,0.3767505103664388,0.3767505103664388
GSM4453608_P33,B-lineage combined,detected_vs_undetected,NRF2_redox_score,28,27,0.0,0.0,4.1864734281678135,2.4214849121233044,1.7649885160445091,3.511720689949787e-06,1.4046882759799148e-05
GSM4453608_P33,B-lineage combined,detected_vs_undetected,Ribosome_translation_score,28,27,0.0,0.0,8.314796446485667,7.5639384389670274,0.75085800751864,0.19776528544679628,0.3767505103664388
GSM4453608_P33,B-lineage combined,detected_vs_undetected,Apoptosis_DDR_score,28,27,0.0,0.0,1.2446708048739512,1.4845172162341316,-0.23984641136018037,0.3078631198841849,0.3767505103664388
GSM4453609_P34,Plasma cells,within_sample_positive_median,UPR_ER_stress_score,4,22,,8.066211367177019,6.404852422440689,5.822197963508455,0.5826544589322333,0.757859531772575,0.757859531772575
GSM4453609_P34,Plasma cells,within_sample_positive_median,NRF2_redox_score,4,22,,8.066211367177019,1.6662797525028952,0.9320738897704668,0.7342058627324284,0.1228845726500648,0.4915382906002592
GSM4453609_P34,Plasma cells,within_sample_positive_median,Ribosome_translation_score,4,22,,8.066211367177019,8.376121521113504,7.479010792976923,0.8971107281365809,0.4706354515050167,0.6275139353400222
GSM4453609_P34,Plasma cells,within_sample_positive_median,Apoptosis_DDR_score,4,22,,8.066211367177019,1.2698814159818084,1.386300802576444,-0.11641938659463569,0.403877157194773,0.6275139353400222
GSM4453609_P34,Plasma cells,detected_vs_undetected,UPR_ER_stress_score,7,19,0.0,0.0,7.087771435655958,5.478598149334584,1.609173286321374,0.1353146853146853,0.1804195804195804
GSM4453609_P34,Plasma cells,detected_vs_undetected,NRF2_redox_score,7,19,0.0,0.0,1.53730728527633,0.8636628204225021,0.673644464853828,0.11503572826882895,0.1804195804195804
GSM4453609_P34,Plasma cells,detected_vs_undetected,Ribosome_translation_score,7,19,0.0,0.0,8.54106642934228,7.276592553923704,1.2644738754185756,0.12036485253876557,0.1804195804195804
GSM4453609_P34,Plasma cells,detected_vs_undetected,Apoptosis_DDR_score,7,19,0.0,0.0,1.0983254435285292,1.4678876429425947,-0.36956219941406543,0.7453870527864725,0.7453870527864725
GSM4453609_P34,B-lineage combined,within_sample_positive_median,UPR_ER_stress_score,5,24,,8.306321296618288,5.155106895086634,5.747402073021328,-0.5922951779346937,0.44759378552482004,0.6390627788227113
GSM4453609_P34,B-lineage combined,within_sample_positive_median,NRF2_redox_score,5,24,,8.306321296618288,2.0343928241956997,1.019672948658747,1.0147198755369526,0.03902942648152575,0.156117705926103
GSM4453609_P34,B-lineage combined,within_sample_positive_median,Ribosome_translation_score,5,24,,8.306321296618288,6.665910474289457,7.46234208784811,-0.7964316135586529,0.9776935707970194,0.9776935707970194
GSM4453609_P34,B-lineage combined,within_sample_positive_median,Apoptosis_DDR_score,5,24,,8.306321296618288,1.2744806321089182,1.3447110222780274,-0.07023039016910926,0.47929708411703353,0.6390627788227113
GSM4453609_P34,B-lineage combined,detected_vs_undetected,UPR_ER_stress_score,9,20,0.0,0.0,6.451929940968423,5.282290737961462,1.1696392030069607,0.2679479306138439,0.3572639074851252
GSM4453609_P34,B-lineage combined,detected_vs_undetected,NRF2_redox_score,9,20,0.0,0.0,1.7844986136477172,0.9291813682979486,0.8553172453497686,0.04365057157659626,0.17460228630638505
GSM4453609_P34,B-lineage combined,detected_vs_undetected,Ribosome_translation_score,9,20,0.0,0.0,7.604159960223364,7.199416141889581,0.4047438183337828,0.22933194239164756,0.3572639074851252
GSM4453609_P34,B-lineage combined,detected_vs_undetected,Apoptosis_DDR_score,9,20,0.0,0.0,1.1950669421453277,1.394493260795465,-0.19942631865013727,0.4702813455723649,0.4702813455723649
GSM4453610_P35,B cells,within_sample_positive_median,UPR_ER_stress_score,17,100,,8.786363193472626,3.9827828643995247,3.87122401180342,0.11155885259610487,0.7248928643353965,0.73071119670801
GSM4453610_P35,B cells,within_sample_positive_median,NRF2_redox_score,17,100,,8.786363193472626,2.5455619650686114,2.047198332379158,0.4983636326894536,0.09393170581567192,0.3757268232626877
GSM4453610_P35,B cells,within_sample_positive_median,Ribosome_translation_score,17,100,,8.786363193472626,8.65989898706929,8.66016272848634,-0.00026374141704899046,0.73071119670801,0.73071119670801
GSM4453610_P35,B cells,within_sample_positive_median,Apoptosis_DDR_score,17,100,,8.786363193472626,1.2703976154979275,0.848021477028726,0.4223761384692015,0.2200100294795716,0.4400200589591432
GSM4453610_P35,B cells,within_sample_positive_quartiles,UPR_ER_stress_score,9,9,8.281576307871381,9.622786847889286,3.1064965006552296,5.580338377485246,-2.4738418768300163,0.0026797144168214837,0.010718857667285935
GSM4453610_P35,B cells,within_sample_positive_quartiles,NRF2_redox_score,9,9,8.281576307871381,9.622786847889286,2.2904325646068546,3.4768477328053162,-1.1864151681984616,0.034069195144143936,0.06813839028828787
GSM4453610_P35,B cells,within_sample_positive_quartiles,Ribosome_translation_score,9,9,8.281576307871381,9.622786847889286,8.413993127421609,9.396938057735683,-0.9829449303140745,0.37722461666745344,0.37722461666745344
GSM4453610_P35,B cells,within_sample_positive_quartiles,Apoptosis_DDR_score,9,9,8.281576307871381,9.622786847889286,0.6798889917669159,1.628612858938195,-0.9487238671712791,0.1958143333334431,0.26108577777792413
GSM4453610_P35,B cells,detected_vs_undetected,UPR_ER_stress_score,33,84,0.0,0.0,4.38538573765431,3.691809292054067,0.6935764456002436,0.08705368172763632,0.11607157563684843
GSM4453610_P35,B cells,detected_vs_undetected,NRF2_redox_score,33,84,0.0,0.0,3.007506782106022,1.7707936051736124,1.2367131769324096,3.7295802746315313e-06,1.4918321098526125e-05
GSM4453610_P35,B cells,detected_vs_undetected,Ribosome_translation_score,33,84,0.0,0.0,8.969208006504727,8.53869870731138,0.4305092991933481,0.6087832087961129,0.6087832087961129
GSM4453610_P35,B cells,detected_vs_undetected,Apoptosis_DDR_score,33,84,0.0,0.0,1.3263119376817123,0.7456025383671532,0.5807093993145591,0.03629942641912939,0.07259885283825877
GSM4453610_P35,Plasma cells,within_sample_positive_median,UPR_ER_stress_score,39,151,,8.109854732147484,5.532750814872838,5.496434169879355,0.03631664499348286,0.9843643235487195,0.9843643235487195
GSM4453610_P35,Plasma cells,within_sample_positive_median,NRF2_redox_score,39,151,,8.109854732147484,3.559534663329779,2.776699785381404,0.7828348779483747,0.0023302707057159997,0.009321082822863999
GSM4453610_P35,Plasma cells,within_sample_positive_median,Ribosome_translation_score,39,151,,8.109854732147484,9.081702521986184,9.110681214489803,-0.028978692503619286,0.6241751407568745,0.832233521009166
GSM4453610_P35,Plasma cells,within_sample_positive_median,Apoptosis_DDR_score,39,151,,8.109854732147484,1.3680238399244204,1.008446354678508,0.3595774852459124,0.027298132099990647,0.054596264199981294
GSM4453610_P35,Plasma cells,within_sample_positive_quartiles,UPR_ER_stress_score,20,20,7.721070471843241,8.861647496700796,4.690925558868321,6.456360603781813,-1.7654350449134917,0.001782375537505441,0.003564751075010882
GSM4453610_P35,Plasma cells,within_sample_positive_quartiles,NRF2_redox_score,20,20,7.721070471843241,8.861647496700796,3.3875500608553764,4.554981667057193,-1.1674316062018169,0.0007578810699193656,0.0030315242796774625
GSM4453610_P35,Plasma cells,within_sample_positive_quartiles,Ribosome_translation_score,20,20,7.721070471843241,8.861647496700796,8.945956438410732,10.00787334052298,-1.061916902112248,0.03604832666418314,0.048064435552244184
GSM4453610_P35,Plasma cells,within_sample_positive_quartiles,Apoptosis_DDR_score,20,20,7.721070471843241,8.861647496700796,1.323803488497374,1.5144990254632846,-0.19069553696591068,0.9457783931806456,0.9457783931806456
GSM4453610_P35,Plasma cells,detected_vs_undetected,UPR_ER_stress_score,77,113,0.0,0.0,5.937618875006864,5.20833794740084,0.7292809276060241,0.009890083282120665,0.010281562504395533
GSM4453610_P35,Plasma cells,detected_vs_undetected,NRF2_redox_score,77,113,0.0,0.0,3.9462253600061072,2.2499483782476375,1.6962769817584697,3.941438756748276e-16,1.5765755026993103e-15
GSM4453610_P35,Plasma cells,detected_vs_undetected,Ribosome_translation_score,77,113,0.0,0.0,9.437766646678165,8.87779849514339,0.5599681515347754,0.010281562504395533,0.010281562504395533
GSM4453610_P35,Plasma cells,detected_vs_undetected,Apoptosis_DDR_score,77,113,0.0,0.0,1.3786858604274737,0.8802612217751475,0.4984246386523261,0.0018131688128395019,0.0036263376256790037
GSM4453610_P35,B-lineage combined,within_sample_positive_median,UPR_ER_stress_score,55,252,,8.447384875307854,4.692329156202132,4.930517649666032,-0.23818849346390003,0.3995065905551577,0.3995065905551577
GSM4453610_P35,B-lineage combined,within_sample_positive_median,NRF2_redox_score,55,252,,8.447384875307854,3.160615589753191,2.508984320119484,0.651631269633707,0.001595052513472291,0.006380210053889164
GSM4453610_P35,B-lineage combined,within_sample_positive_median,Ribosome_translation_score,55,252,,8.447384875307854,8.832951438769975,8.957624953340812,-0.12467351457083709,0.14350908331081882,0.1913454444144251
GSM4453610_P35,B-lineage combined,within_sample_positive_median,Apoptosis_DDR_score,55,252,,8.447384875307854,1.24833814611943,0.9657485652510948,0.2825895808683353,0.03195518175050587,0.06391036350101174
GSM4453610_P35,B-lineage combined,within_sample_positive_quartiles,UPR_ER_stress_score,28,28,7.93427091414737,9.069312273489935,4.008576270582859,6.339021530110695,-2.3304452595278358,1.1679880490273268e-05,2.3359760980546536e-05
GSM4453610_P35,B-lineage combined,within_sample_positive_quartiles,NRF2_redox_score,28,28,7.93427091414737,9.069312273489935,2.8065400606303936,4.443087786446808,-1.6365477258164147,7.786987555294009e-07,3.1147950221176035e-06
GSM4453610_P35,B-lineage combined,within_sample_positive_quartiles,Ribosome_translation_score,28,28,7.93427091414737,9.069312273489935,8.796290570200163,10.03663827157017,-1.2403477013700073,0.0012104740515622512,0.0016139654020830016
GSM4453610_P35,B-lineage combined,within_sample_positive_quartiles,Apoptosis_DDR_score,28,28,7.93427091414737,9.069312273489935,1.1626020561973118,1.4462957130596517,-0.2836936568623398,0.8552790213369126,0.8552790213369126
GSM4453610_P35,B-lineage combined,detected_vs_undetected,UPR_ER_stress_score,110,197,0.0,0.0,5.471948933801097,4.5616962872529765,0.9102526465481207,0.0001374177123259054,0.00018322361643454053
GSM4453610_P35,B-lineage combined,detected_vs_undetected,NRF2_redox_score,110,197,0.0,0.0,3.664609786636083,2.045638728815058,1.618971057821025,2.1582291020265133e-21,8.632916408106053e-21
GSM4453610_P35,B-lineage combined,detected_vs_undetected,Ribosome_translation_score,110,197,0.0,0.0,9.297199054626134,8.733207722666796,0.5639913319593379,0.013848782503862355,0.013848782503862355
GSM4453610_P35,B-lineage combined,detected_vs_undetected,Apoptosis_DDR_score,110,197,0.0,0.0,1.3629736836037447,0.8228433060072718,0.5401303775964729,0.00010580596592500168,0.00018322361643454053
GSM4453612_P37,B cells,within_sample_positive_median,UPR_ER_stress_score,4,88,,8.112230727730694,3.1538271538900644,2.6532534052395085,0.5005737486505559,0.8176142861785427,0.9910987073901613
GSM4453612_P37,B cells,within_sample_positive_median,NRF2_redox_score,4,88,,8.112230727730694,3.7793966376468666,2.688010242275826,1.0913863953710408,0.10558503763539005,0.2111700752707801
GSM4453612_P37,B cells,within_sample_positive_median,Ribosome_translation_score,4,88,,8.112230727730694,9.613781279540621,5.348957653127295,4.264823626413326,0.0067380044668650056,0.026952017867460022
GSM4453612_P37,B cells,within_sample_positive_median,Apoptosis_DDR_score,4,88,,8.112230727730694,0.6699629919065373,0.6423184081470261,0.027644583759511177,0.9910987073901613,0.9910987073901613
GSM4453612_P37,B cells,detected_vs_undetected,UPR_ER_stress_score,7,85,0.0,0.0,3.928805288246842,2.5717643677518716,1.3570409204949705,0.20103830422002145,0.26805107229336195
GSM4453612_P37,B cells,detected_vs_undetected,NRF2_redox_score,7,85,0.0,0.0,4.755193633468932,2.569130969842089,2.1860626636268425,0.0030671712549410752,0.0061343425098821505
GSM4453612_P37,B cells,detected_vs_undetected,Ribosome_translation_score,7,85,0.0,0.0,9.366984081127594,5.218758941476133,4.148225139651461,0.0005379258453778162,0.002151703381511265
GSM4453612_P37,B cells,detected_vs_undetected,Apoptosis_DDR_score,7,85,0.0,0.0,0.9361760263764626,0.6194192905874025,0.31675673578906005,0.4003859535044276,0.4003859535044276
GSM4453612_P37,Plasma cells,within_sample_positive_median,UPR_ER_stress_score,7,36,,7.906581741927966,6.230149531516649,4.530340973631554,1.6998085578850954,0.15555158475419992,0.23766622081801966
GSM4453612_P37,Plasma cells,within_sample_positive_median,NRF2_redox_score,7,36,,7.906581741927966,3.111011485976962,1.787095226110767,1.323916259866195,0.006638377867348003,0.026553511469392013
GSM4453612_P37,Plasma cells,within_sample_positive_median,Ribosome_translation_score,7,36,,7.906581741927966,7.206633693147737,6.231304989064844,0.9753287040828926,0.4285940026155568,0.4285940026155568
GSM4453612_P37,Plasma cells,within_sample_positive_median,Apoptosis_DDR_score,7,36,,7.906581741927966,1.2299822381496048,0.62435246185074,0.6056297762988648,0.17824966561351474,0.23766622081801966
GSM4453612_P37,Plasma cells,within_sample_positive_quartiles,UPR_ER_stress_score,4,4,7.028092837862755,8.743878438871722,6.911228828167476,6.554753867755398,0.35647496041207827,0.8857142857142857,1.0
GSM4453612_P37,Plasma cells,within_sample_positive_quartiles,NRF2_redox_score,4,4,7.028092837862755,8.743878438871722,2.8391157767217066,2.8611378927967817,-0.022022116075075093,0.6857142857142857,1.0
GSM4453612_P37,Plasma cells,within_sample_positive_quartiles,Ribosome_translation_score,4,4,7.028092837862755,8.743878438871722,7.247963482749288,8.426999977053622,-1.1790364943043343,0.6857142857142857,1.0
GSM4453612_P37,Plasma cells,within_sample_positive_quartiles,Apoptosis_DDR_score,4,4,7.028092837862755,8.743878438871722,1.206854332635622,1.1556031576919175,0.05125117494370457,1.0,1.0
GSM4453612_P37,Plasma cells,detected_vs_undetected,UPR_ER_stress_score,13,30,0.0,0.0,6.2257504643967305,4.192285524473165,2.033464939923565,0.022170652108301665,0.029560869477735553
GSM4453612_P37,Plasma cells,detected_vs_undetected,NRF2_redox_score,13,30,0.0,0.0,2.8182730711025976,1.6491652872497533,1.1691077838528443,0.0017236905961551443,0.006894762384620577
GSM4453612_P37,Plasma cells,detected_vs_undetected,Ribosome_translation_score,13,30,0.0,0.0,7.658342746263274,5.840498658564867,1.8178440876984068,0.043074332000644665,0.043074332000644665
GSM4453612_P37,Plasma cells,detected_vs_undetected,Apoptosis_DDR_score,13,30,0.0,0.0,1.4205830942175113,0.42063280229487415,0.9999502919226371,0.00480915391889492,0.00961830783778984
GSM4453612_P37,B-lineage combined,within_sample_positive_median,UPR_ER_stress_score,10,125,,8.005448655433481,5.210096250346277,3.205631740356213,2.004464509990064,0.04132586421463937,0.05510115228618583
GSM4453612_P37,B-lineage combined,within_sample_positive_median,NRF2_redox_score,10,125,,8.005448655433481,3.293342945880218,2.438732535631075,0.8546104102491432,0.029824203142106803,0.05510115228618583
GSM4453612_P37,B-lineage combined,within_sample_positive_median,Ribosome_translation_score,10,125,,8.005448655433481,8.48694880886175,5.592538607704925,2.894410201156826,0.0031437920596134447,0.012575168238453779
GSM4453612_P37,B-lineage combined,within_sample_positive_median,Apoptosis_DDR_score,10,125,,8.005448655433481,1.1461571652603768,0.6306309162050765,0.5155262490553003,0.13421668718248278,0.13421668718248278
GSM4453612_P37,B-lineage combined,within_sample_positive_quartiles,UPR_ER_stress_score,5,5,7.35781289441636,8.76025245036516,4.021706265550822,6.333073885654952,-2.3113676201041295,0.30952380952380953,1.0
GSM4453612_P37,B-lineage combined,within_sample_positive_quartiles,NRF2_redox_score,5,5,7.35781289441636,8.76025245036516,3.076203779739017,3.92648733332424,-0.8502835535852231,0.8412698412698413,1.0
GSM4453612_P37,B-lineage combined,within_sample_positive_quartiles,Ribosome_translation_score,5,5,7.35781289441636,8.76025245036516,8.375400162361721,8.464865836609622,-0.08946567424790075,0.5476190476190477,1.0
GSM4453612_P37,B-lineage combined,within_sample_positive_quartiles,Apoptosis_DDR_score,5,5,7.35781289441636,8.76025245036516,1.231046168709371,1.3985054972795556,-0.16745932857018464,1.0,1.0
GSM4453612_P37,B-lineage combined,detected_vs_undetected,UPR_ER_stress_score,20,115,0.0,0.0,5.42181965274427,2.9945090173313393,2.427310635412931,0.00036622800183652276,0.0007324560036730455
GSM4453612_P37,B-lineage combined,detected_vs_undetected,NRF2_redox_score,20,115,0.0,0.0,3.496195267930814,2.3291399222093063,1.1670553457215078,0.002232205828952998,0.0029762744386039974
GSM4453612_P37,B-lineage combined,detected_vs_undetected,Ribosome_translation_score,20,115,0.0,0.0,8.256367213465785,5.380951911151456,2.8754153023143285,8.489835814692335e-05,0.0003395934325876934
GSM4453612_P37,B-lineage combined,detected_vs_undetected,Apoptosis_DDR_score,20,115,0.0,0.0,1.2510406204731443,0.5675619458154385,0.6834786746577058,0.007142450116604291,0.007142450116604291
GSM4453613_P38,B cells,within_sample_positive_median,UPR_ER_stress_score,5,51,,8.694825955369701,3.582447742690898,3.5835549402677036,-0.001107197576805774,0.9541581121550344,0.9541581121550344
GSM4453613_P38,B cells,within_sample_positive_median,NRF2_redox_score,5,51,,8.694825955369701,3.19442860166447,2.2411373568453574,0.9532912448191126,0.24425840418721323,0.48851680837442646
GSM4453613_P38,B cells,within_sample_positive_median,Ribosome_translation_score,5,51,,8.694825955369701,6.610176120362816,7.901157235445014,-1.2909811150821984,0.13864332732257262,0.48851680837442646
GSM4453613_P38,B cells,within_sample_positive_median,Apoptosis_DDR_score,5,51,,8.694825955369701,0.907332289194408,0.780562560244373,0.12676972895003502,0.48340378367593495,0.6445383782345799
GSM4453613_P38,B cells,detected_vs_undetected,UPR_ER_stress_score,10,46,0.0,0.0,4.773088806013772,3.3248402740645577,1.448248531949214,0.021417216764539258,0.042834433529078515
GSM4453613_P38,B cells,detected_vs_undetected,NRF2_redox_score,10,46,0.0,0.0,3.678759419407284,2.0322294350731034,1.6465299843341805,0.009012789898738108,0.036051159594952434
GSM4453613_P38,B cells,detected_vs_undetected,Ribosome_translation_score,10,46,0.0,0.0,7.552101976148658,7.836714779304852,-0.2846128031561941,0.5853926623056043,0.5853926623056043
GSM4453613_P38,B cells,detected_vs_undetected,Apoptosis_DDR_score,10,46,0.0,0.0,1.3975606613261622,0.6602118566342052,0.737348804691957,0.06780187206945328,0.09040249609260437
GSM4453613_P38,Plasma cells,within_sample_positive_median,UPR_ER_stress_score,10,25,,8.432795415755914,5.596100120950818,6.065852762710017,-0.4697526417591993,0.4541259686860524,0.4541259686860524
GSM4453613_P38,Plasma cells,within_sample_positive_median,NRF2_redox_score,10,25,,8.432795415755914,3.758676444471162,2.881993618519969,0.876682825951193,0.17087355769816337,0.4541259686860524
GSM4453613_P38,Plasma cells,within_sample_positive_median,Ribosome_translation_score,10,25,,8.432795415755914,9.160359495495694,8.42759396059136,0.7327655349043347,0.23533326650958586,0.4541259686860524
GSM4453613_P38,Plasma cells,within_sample_positive_median,Apoptosis_DDR_score,10,25,,8.432795415755914,1.2474811728808954,1.7774553312621526,-0.5299741583812572,0.361196401143286,0.4541259686860524
GSM4453613_P38,Plasma cells,within_sample_positive_quartiles,UPR_ER_stress_score,5,5,7.821036733552752,9.133539387982127,5.095086935510133,7.02214223111236,-1.9270552956022273,0.031746031746031744,0.12698412698412698
GSM4453613_P38,Plasma cells,within_sample_positive_quartiles,NRF2_redox_score,5,5,7.821036733552752,9.133539387982127,3.7854799809848885,4.460585068056342,-0.6751050870714534,0.5476190476190477,0.5476190476190477
GSM4453613_P38,Plasma cells,within_sample_positive_quartiles,Ribosome_translation_score,5,5,7.821036733552752,9.133539387982127,9.5944126749603,9.002735110341069,0.5916775646192303,0.30952380952380953,0.41269841269841273
GSM4453613_P38,Plasma cells,within_sample_positive_quartiles,Apoptosis_DDR_score,5,5,7.821036733552752,9.133539387982127,1.7628919783018624,2.7666556204640007,-1.0037636421621383,0.30952380952380953,0.41269841269841273
GSM4453613_P38,Plasma cells,detected_vs_undetected,UPR_ER_stress_score,20,15,0.0,0.0,6.333291405684496,5.396099477571245,0.9371919281132506,0.0745320583716847,0.1490641167433694
GSM4453613_P38,Plasma cells,detected_vs_undetected,NRF2_redox_score,20,15,0.0,0.0,3.8440974862284074,2.18364367887618,1.6604538073522273,0.003932386097421589,0.015729544389686358
GSM4453613_P38,Plasma cells,detected_vs_undetected,Ribosome_translation_score,20,15,0.0,0.0,8.796246887469907,8.424567081356185,0.37167980611372187,0.3593173383295707,0.47908978443942757
GSM4453613_P38,Plasma cells,detected_vs_undetected,Apoptosis_DDR_score,20,15,0.0,0.0,1.7389355413963,1.4754989454957843,0.2634365959005156,0.5745536602902057,0.5745536602902057
GSM4453613_P38,B-lineage combined,within_sample_positive_median,UPR_ER_stress_score,15,76,,8.44351427649328,4.868747612898926,4.411179562511609,0.4575680503873176,0.3276721236016418,0.6553442472032835
GSM4453613_P38,B-lineage combined,within_sample_positive_median,NRF2_redox_score,15,76,,8.44351427649328,3.6222296970054586,2.441754048158745,1.1804756488467136,0.019667023273829607,0.07866809309531843
GSM4453613_P38,B-lineage combined,within_sample_positive_median,Ribosome_translation_score,15,76,,8.44351427649328,8.129641166824308,8.109983237853765,0.019657928970543637,1.0,1.0
GSM4453613_P38,B-lineage combined,within_sample_positive_median,Apoptosis_DDR_score,15,76,,8.44351427649328,1.256952093054525,1.0842403372760518,0.1727117557784732,0.5284725973851501,0.7046301298468668
GSM4453613_P38,B-lineage combined,within_sample_positive_quartiles,UPR_ER_stress_score,8,8,7.607407003757113,9.27573089762273,4.102292809132534,6.524720535641853,-2.4224277265093193,0.0003108003108003108,0.0012432012432012432
GSM4453613_P38,B-lineage combined,within_sample_positive_quartiles,NRF2_redox_score,8,8,7.607407003757113,9.27573089762273,3.379500215612937,4.3724185560166156,-0.9929183404036785,0.4418026418026417,0.5737373737373737
GSM4453613_P38,B-lineage combined,within_sample_positive_quartiles,Ribosome_translation_score,8,8,7.607407003757113,9.27573089762273,7.8812230639989345,9.011677728996577,-1.130454664997643,0.5737373737373737,0.5737373737373737
GSM4453613_P38,B-lineage combined,within_sample_positive_quartiles,Apoptosis_DDR_score,8,8,7.607407003757113,9.27573089762273,1.4882146092449349,2.1959956270789727,-0.7077810178340378,0.3706183398171955,0.5737373737373737
GSM4453613_P38,B-lineage combined,detected_vs_undetected,UPR_ER_stress_score,30,61,0.0,0.0,5.813223872460921,3.8341663077137422,1.9790575647471789,7.797830941850683e-06,2.62745483299961e-05
GSM4453613_P38,B-lineage combined,detected_vs_undetected,NRF2_redox_score,30,61,0.0,0.0,3.788984797288033,2.0694624458443514,1.7195223514436817,1.313727416499805e-05,2.62745483299961e-05
GSM4453613_P38,B-lineage combined,detected_vs_undetected,Ribosome_translation_score,30,61,0.0,0.0,8.381531917029491,7.981268624071574,0.4002632929579173,0.3914924493435058,0.3914924493435058
GSM4453613_P38,B-lineage combined,detected_vs_undetected,Apoptosis_DDR_score,30,61,0.0,0.0,1.625143914706254,0.8606922883214788,0.7644516263847753,0.007356151667213925,0.0098082022229519
GSM4453614_P39,B cells,within_sample_positive_median,UPR_ER_stress_score,14,82,,8.684220698563696,3.962526930034805,4.462846205828143,-0.5003192757933377,0.2305315815826009,0.4610631631652018
GSM4453614_P39,B cells,within_sample_positive_median,NRF2_redox_score,14,82,,8.684220698563696,3.103622761360889,2.595923127896322,0.5076996334645671,0.18899617932730417,0.4610631631652018
GSM4453614_P39,B cells,within_sample_positive_median,Ribosome_translation_score,14,82,,8.684220698563696,9.209724115829511,9.294375871791603,-0.08465175596209207,0.6970670484628394,0.9294227312837858
GSM4453614_P39,B cells,within_sample_positive_median,Apoptosis_DDR_score,14,82,,8.684220698563696,0.9630685614230793,1.1007100693987855,-0.13764150797570618,0.978439287888504,0.978439287888504
GSM4453614_P39,B cells,within_sample_positive_quartiles,UPR_ER_stress_score,7,7,7.98975762661853,8.964967131525157,3.2686551620196425,5.705338015515944,-2.436682853496302,0.006993006993006993,0.013986013986013986
GSM4453614_P39,B cells,within_sample_positive_quartiles,NRF2_redox_score,7,7,7.98975762661853,8.964967131525157,3.128763203134098,5.08168626077147,-1.9529230576373715,0.004079254079254079,0.013986013986013986
GSM4453614_P39,B cells,within_sample_positive_quartiles,Ribosome_translation_score,7,7,7.98975762661853,8.964967131525157,9.295948194978138,10.325327903687917,-1.0293797087097794,0.20862470862470864,0.20862470862470864
GSM4453614_P39,B cells,within_sample_positive_quartiles,Apoptosis_DDR_score,7,7,7.98975762661853,8.964967131525157,0.6474542466914172,1.9145696352006816,-1.2671153885092643,0.0365392982839635,0.048719064378618004
GSM4453614_P39,B cells,detected_vs_undetected,UPR_ER_stress_score,28,68,0.0,0.0,4.458761973364871,4.3615210388849786,0.0972409344798928,0.8751005340175358,0.8751005340175358
GSM4453614_P39,B cells,detected_vs_undetected,NRF2_redox_score,28,68,0.0,0.0,3.7121345258759355,2.2408330650297743,1.4713014608461612,4.131141823764615e-05,0.0001652456729505846
GSM4453614_P39,B cells,detected_vs_undetected,Ribosome_translation_score,28,68,0.0,0.0,9.53601102936317,9.17745073950523,0.3585602898579392,0.3951022007244306,0.5268029342992407
GSM4453614_P39,B cells,detected_vs_undetected,Apoptosis_DDR_score,28,68,0.0,0.0,1.248444756335126,1.0115401819594114,0.23690457437571455,0.27332912748771176,0.5268029342992407
GSM4453614_P39,Plasma cells,within_sample_positive_median,UPR_ER_stress_score,112,504,,7.713252271981737,6.089316433075235,6.141888247491555,-0.05257181441631964,0.49760932517545087,0.49760932517545087
GSM4453614_P39,Plasma cells,within_sample_positive_median,NRF2_redox_score,112,504,,7.713252271981737,3.4955392240008547,3.0346633109096914,0.46087591309116327,0.015194743158088572,0.030389486316177144
GSM4453614_P39,Plasma cells,within_sample_positive_median,Ribosome_translation_score,112,504,,7.713252271981737,9.2836967648181,9.173387432319753,0.11030933249834618,0.04618707245815364,0.06158276327753819
GSM4453614_P39,Plasma cells,within_sample_positive_median,Apoptosis_DDR_score,112,504,,7.713252271981737,1.3321828578867039,1.8752842568796748,-0.5431013989929709,0.001197121582140632,0.004788486328562528
GSM4453614_P39,Plasma cells,within_sample_positive_quartiles,UPR_ER_stress_score,56,56,7.031734115198394,8.466119933265794,5.987857103992162,6.911124324752584,-0.9232672207604216,0.0015629407144375058,0.0015629407144375058
GSM4453614_P39,Plasma cells,within_sample_positive_quartiles,NRF2_redox_score,56,56,7.031734115198394,8.466119933265794,3.3285733126718995,5.339473646298535,-2.010900333626635,2.3857507570628005e-10,4.771501514125601e-10
GSM4453614_P39,Plasma cells,within_sample_positive_quartiles,Ribosome_translation_score,56,56,7.031734115198394,8.466119933265794,8.732300984510742,10.334207799283996,-1.6019068147732547,0.00010764582486813012,0.00014352776649084016
GSM4453614_P39,Plasma cells,within_sample_positive_quartiles,Apoptosis_DDR_score,56,56,7.031734115198394,8.466119933265794,0.9279103594925674,3.203838083618915,-2.2759277241263476,3.891047025514052e-12,1.556418810205621e-11
GSM4453614_P39,Plasma cells,detected_vs_undetected,UPR_ER_stress_score,223,393,0.0,0.0,6.4075025356773745,5.976188426931593,0.4313141087457817,0.003944461072799485,0.003944461072799485
GSM4453614_P39,Plasma cells,detected_vs_undetected,NRF2_redox_score,223,393,0.0,0.0,4.3108566704018685,2.441856652129678,1.8690000182721906,1.1233121798025384e-31,4.493248719210154e-31
GSM4453614_P39,Plasma cells,detected_vs_undetected,Ribosome_translation_score,223,393,0.0,0.0,9.741209590680645,8.882624846888039,0.8585847437926066,4.464041611694116e-12,8.928083223388232e-12
GSM4453614_P39,Plasma cells,detected_vs_undetected,Apoptosis_DDR_score,223,393,0.0,0.0,2.0902361130008114,1.5985371306653586,0.49169898233545273,0.0003831403593110076,0.0005108538124146768
GSM4453614_P39,B-lineage combined,within_sample_positive_median,UPR_ER_stress_score,126,586,,7.820645839838757,5.690805860895453,5.9418128748562085,-0.25100701396075564,0.060514667197813704,0.08068622293041827
GSM4453614_P39,B-lineage combined,within_sample_positive_median,NRF2_redox_score,126,586,,7.820645839838757,3.4946828606939975,2.9640905742076575,0.5305922864863399,0.002226850019450237,0.0047381351823966725
GSM4453614_P39,B-lineage combined,within_sample_positive_median,Ribosome_translation_score,126,586,,7.820645839838757,9.28521285560791,9.188224305205992,0.09698855040191745,0.11552085844720215,0.11552085844720215
GSM4453614_P39,B-lineage combined,within_sample_positive_median,Apoptosis_DDR_score,126,586,,7.820645839838757,1.2819711780572918,1.7688746803175281,-0.4869035022602364,0.0023690675911983363,0.0047381351823966725
GSM4453614_P39,B-lineage combined,within_sample_positive_quartiles,UPR_ER_stress_score,63,63,7.079156073600441,8.577764064201745,5.459688710350429,6.936091573931202,-1.4764028635807733,1.2351112195161562e-06,1.646814959354875e-06
GSM4453614_P39,B-lineage combined,within_sample_positive_quartiles,NRF2_redox_score,63,63,7.079156073600441,8.577764064201745,3.359577289722895,5.32036004862606,-1.9607827589031648,3.340211551362181e-12,6.680423102724362e-12
GSM4453614_P39,B-lineage combined,within_sample_positive_quartiles,Ribosome_translation_score,63,63,7.079156073600441,8.577764064201745,8.732739758823808,10.299132107249582,-1.566392348425774,1.9184614953100274e-05,1.9184614953100274e-05
GSM4453614_P39,B-lineage combined,within_sample_positive_quartiles,Apoptosis_DDR_score,63,63,7.079156073600441,8.577764064201745,0.952788498425961,3.1433212105233195,-2.1905327120973586,2.6847644413869426e-13,1.073905776554777e-12
GSM4453614_P39,B-lineage combined,detected_vs_undetected,UPR_ER_stress_score,251,461,0.0,0.0,6.190113150240124,5.7380162308639795,0.45209691937614416,0.002670060249062332,0.002670060249062332
GSM4453614_P39,B-lineage combined,detected_vs_undetected,NRF2_redox_score,251,461,0.0,0.0,4.244066949100172,2.4122045828828376,1.8318623662173343,1.5723930551528742e-35,6.289572220611497e-35
GSM4453614_P39,B-lineage combined,detected_vs_undetected,Ribosome_translation_score,251,461,0.0,0.0,9.71831891451774,8.926113264887972,0.7922056496297678,1.1939143042263448e-11,2.3878286084526897e-11
GSM4453614_P39,B-lineage combined,detected_vs_undetected,Apoptosis_DDR_score,251,461,0.0,0.0,1.9963311011018505,1.5119518974505983,0.4843792036512522,0.00011381356115219276,0.00015175141486959036
GSM4453615_P40,B cells,within_sample_positive_median,UPR_ER_stress_score,13,134,,9.728098822029157,2.375724484758228,2.2617945250724154,0.11392995968581277,0.5448765386174224,0.7265020514898964
GSM4453615_P40,B cells,within_sample_positive_median,NRF2_redox_score,13,134,,9.728098822029157,3.5648336660841844,2.11899320136559,1.4458404647185943,0.008959411564866203,0.03583764625946481
GSM4453615_P40,B cells,within_sample_positive_median,Ribosome_translation_score,13,134,,9.728098822029157,5.939605146977443,7.409310785659697,-1.469705638682254,0.09262364773358758,0.18524729546717517
GSM4453615_P40,B cells,within_sample_positive_median,Apoptosis_DDR_score,13,134,,9.728098822029157,0.7785756786354298,0.9916723307969117,-0.213096652161482,0.7532319677580305,0.7532319677580305
GSM4453615_P40,B cells,within_sample_positive_quartiles,UPR_ER_stress_score,7,7,9.038304519386925,10.035477879041595,2.510313602681225,3.611143022382553,-1.100829419701328,0.25932400932400934,0.3457653457653458
GSM4453615_P40,B cells,within_sample_positive_quartiles,NRF2_redox_score,7,7,9.038304519386925,10.035477879041595,2.8534427985630697,5.1400509599938635,-2.286608161430794,0.01748251748251748,0.03496503496503496
GSM4453615_P40,B cells,within_sample_positive_quartiles,Ribosome_translation_score,7,7,9.038304519386925,10.035477879041595,6.242730183571642,6.793866430976889,-0.551136247405247,0.9015151515151516,0.9015151515151516
GSM4453615_P40,B cells,within_sample_positive_quartiles,Apoptosis_DDR_score,7,7,9.038304519386925,10.035477879041595,0.23700745370517845,2.2605543182880465,-2.023546864582868,0.00781742411821831,0.03126969647287324
GSM4453615_P40,B cells,detected_vs_undetected,UPR_ER_stress_score,26,121,0.0,0.0,3.031572795555859,2.1086280328686637,0.9229447626871954,0.013644901829851888,0.027289803659703776
GSM4453615_P40,B cells,detected_vs_undetected,NRF2_redox_score,26,121,0.0,0.0,4.1541382808514955,1.8370275317350795,2.317110749116416,3.332428575778108e-07,1.3329714303112432e-06
GSM4453615_P40,B cells,detected_vs_undetected,Ribosome_translation_score,26,121,0.0,0.0,6.7411839982082,7.394972960625562,-0.6537889624173623,0.19112843328058338,0.25483791104077785
GSM4453615_P40,B cells,detected_vs_undetected,Apoptosis_DDR_score,26,121,0.0,0.0,1.1724394570231835,0.9299351261689586,0.24250433085422496,0.4376762362446083,0.4376762362446083
GSM4453615_P40,Plasma cells,within_sample_positive_median,UPR_ER_stress_score,5,59,,8.552611784348546,5.233095197873844,4.11316491760929,1.1199302802645539,0.3416872275911855,0.4555829701215807
GSM4453615_P40,Plasma cells,within_sample_positive_median,NRF2_redox_score,5,59,,8.552611784348546,4.962652706074127,1.5145755532367846,3.448077152837342,0.014952387659003167,0.05980955063601267
GSM4453615_P40,Plasma cells,within_sample_positive_median,Ribosome_translation_score,5,59,,8.552611784348546,6.064672860053859,6.740236557460069,-0.6755636974062096,0.6976312713521864,0.6976312713521864
GSM4453615_P40,Plasma cells,within_sample_positive_median,Apoptosis_DDR_score,5,59,,8.552611784348546,1.9151488447693517,0.8213778963551892,1.0937709484141624,0.1324968166573709,0.2649936333147418
GSM4453615_P40,Plasma cells,detected_vs_undetected,UPR_ER_stress_score,9,55,0.0,0.0,6.037770186033717,3.9000413537093435,2.137728832324374,0.03696111534674794,0.06942451228122046
GSM4453615_P40,Plasma cells,detected_vs_undetected,NRF2_redox_score,9,55,0.0,0.0,4.3831516138857,1.3586337572067206,3.0245178566789797,0.0005326911541205361,0.0021307646164821442
GSM4453615_P40,Plasma cells,detected_vs_undetected,Ribosome_translation_score,9,55,0.0,0.0,7.673840670719489,6.526050093707961,1.147790577011528,0.27948267835854745,0.27948267835854745
GSM4453615_P40,Plasma cells,detected_vs_undetected,Apoptosis_DDR_score,9,55,0.0,0.0,1.7454740859331825,0.7695958788255324,0.9758782071076502,0.05206838421091534,0.06942451228122046
GSM4453615_P40,B-lineage combined,within_sample_positive_median,UPR_ER_stress_score,18,193,,9.558443765959767,3.21856309482211,2.823175933072954,0.3953871617491558,0.2723542944087972,0.3631390592117296
GSM4453615_P40,B-lineage combined,within_sample_positive_median,NRF2_redox_score,18,193,,9.558443765959767,4.0446129513921045,1.9256897134112256,2.118923237980879,0.00010735132673133778,0.00042940530692535113
GSM4453615_P40,B-lineage combined,within_sample_positive_median,Ribosome_translation_score,18,193,,9.558443765959767,5.801111509667527,7.22093174199743,-1.4198202323299025,0.0753887292998729,0.1507774585997458
GSM4453615_P40,B-lineage combined,within_sample_positive_median,Apoptosis_DDR_score,18,193,,9.558443765959767,0.7152806581403003,0.9749614736338046,-0.2596808154935043,0.48131162140108485,0.48131162140108485
GSM4453615_P40,B-lineage combined,within_sample_positive_quartiles,UPR_ER_stress_score,9,9,8.42749613147522,9.910407711720891,2.2840211433892734,5.194166893444903,-2.9101457500556296,0.021616393562166825,0.04590215939977372
GSM4453615_P40,B-lineage combined,within_sample_positive_quartiles,NRF2_redox_score,9,9,8.42749613147522,9.910407711720891,3.3779563421172276,4.806007477329242,-1.4280511352120144,0.07738861114200664,0.10318481485600885
GSM4453615_P40,B-lineage combined,within_sample_positive_quartiles,Ribosome_translation_score,9,9,8.42749613147522,9.910407711720891,6.063832483933951,7.953181922733078,-1.889349438799127,0.1333202155896274,0.1333202155896274
GSM4453615_P40,B-lineage combined,within_sample_positive_quartiles,Apoptosis_DDR_score,9,9,8.42749613147522,9.910407711720891,0.5542730053921597,2.0975393230984585,-1.5432663177062986,0.02295107969988686,0.04590215939977372
GSM4453615_P40,B-lineage combined,detected_vs_undetected,UPR_ER_stress_score,35,176,0.0,0.0,3.804594981678737,2.668444695631376,1.1361502860473611,0.005242740878946711,0.010485481757893421
GSM4453615_P40,B-lineage combined,detected_vs_undetected,NRF2_redox_score,35,176,0.0,0.0,4.21302742363172,1.6875294771949674,2.5254979464367526,4.522222743514136e-10,1.8088890974056544e-09
GSM4453615_P40,B-lineage combined,detected_vs_undetected,Ribosome_translation_score,35,176,0.0,0.0,6.981009999711103,7.123434564713813,-0.1424245650027105,0.6287430514276671,0.6287430514276671
GSM4453615_P40,B-lineage combined,detected_vs_undetected,Apoptosis_DDR_score,35,176,0.0,0.0,1.3197912187428975,0.8798291113741379,0.4399621073687596,0.06477740933729205,0.0863698791163894
GSM4453616_P41,B cells,detected_vs_undetected,UPR_ER_stress_score,3,7,0.0,0.0,2.7739664567010096,3.075024509566734,-0.3010580528657245,0.5166666666666666,0.5166666666666666
GSM4453616_P41,B cells,detected_vs_undetected,NRF2_redox_score,3,7,0.0,0.0,3.9303228184125127,2.889115870531445,1.0412069478810677,0.5166666666666666,0.5166666666666666
GSM4453616_P41,B cells,detected_vs_undetected,Ribosome_translation_score,3,7,0.0,0.0,8.738132416599855,6.260006644155432,2.4781257724444234,0.03333333333333333,0.13333333333333333
GSM4453616_P41,B cells,detected_vs_undetected,Apoptosis_DDR_score,3,7,0.0,0.0,2.205360160654386,1.1487812287905184,1.0565789318638676,0.4657589694018267,0.5166666666666666
GSM4453616_P41,Plasma cells,detected_vs_undetected,UPR_ER_stress_score,4,7,0.0,0.0,5.701107507385751,6.536030022863729,-0.8349225154779782,0.4121212121212121,0.5494949494949495
GSM4453616_P41,Plasma cells,detected_vs_undetected,NRF2_redox_score,4,7,0.0,0.0,5.073182087071243,1.4964220005183353,3.5767600865529072,0.006060606060606061,0.024242424242424242
GSM4453616_P41,Plasma cells,detected_vs_undetected,Ribosome_translation_score,4,7,0.0,0.0,10.425398765601813,8.651283811935851,1.7741149536659613,0.04242424242424242,0.08484848484848484
GSM4453616_P41,Plasma cells,detected_vs_undetected,Apoptosis_DDR_score,4,7,0.0,0.0,1.8987783645138867,1.669832983397203,0.22894538111668372,0.7748122022199504,0.7748122022199504
GSM4453616_P41,B-lineage combined,within_sample_positive_median,UPR_ER_stress_score,4,17,,8.563067138465183,3.0752324079382336,5.0648694997003725,-1.9896370917621389,0.09857978279030911,0.19715956558061823
GSM4453616_P41,B-lineage combined,within_sample_positive_median,NRF2_redox_score,4,17,,8.563067138465183,4.527606660345187,2.6277667799700133,1.8998398803751737,0.09857978279030911,0.19715956558061823
GSM4453616_P41,B-lineage combined,within_sample_positive_median,Ribosome_translation_score,4,17,,8.563067138465183,9.272488891455415,7.953239408177891,1.319249483277524,0.3167919799498747,0.35700074813013727
GSM4453616_P41,B-lineage combined,within_sample_positive_median,Apoptosis_DDR_score,4,17,,8.563067138465183,2.129985429537727,1.4953853945401083,0.6346000349976189,0.35700074813013727,0.35700074813013727
GSM4453616_P41,B-lineage combined,detected_vs_undetected,UPR_ER_stress_score,7,14,0.0,0.0,4.446618485663719,4.805527266215231,-0.3589087805515119,0.6888200894392846,0.6888200894392846
GSM4453616_P41,B-lineage combined,detected_vs_undetected,NRF2_redox_score,7,14,0.0,0.0,4.583385257646073,2.1927689355248896,2.3906163221211836,0.004231166150670795,0.01692466460268318
GSM4453616_P41,B-lineage combined,detected_vs_undetected,Ribosome_translation_score,7,14,0.0,0.0,9.702284616029546,7.4556452280456424,2.2466393879839037,0.012469900240798073,0.024939800481596146
GSM4453616_P41,B-lineage combined,detected_vs_undetected,Apoptosis_DDR_score,7,14,0.0,0.0,2.030170562859815,1.4093071060938607,0.6208634567659541,0.28274545993277467,0.3769939465770329
GSM4453617_P42,B cells,within_sample_positive_median,UPR_ER_stress_score,19,74,,8.694264341464729,3.738929365816812,3.379748547509879,0.35918081830693316,0.5700873563141131,0.7601164750854842
GSM4453617_P42,B cells,within_sample_positive_median,NRF2_redox_score,19,74,,8.694264341464729,5.036595544408118,3.2411818206270637,1.7954137237810541,0.0009818150863612058,0.003927260345444823
GSM4453617_P42,B cells,within_sample_positive_median,Ribosome_translation_score,19,74,,8.694264341464729,8.919912727838385,8.55667672483775,0.36323600300063497,0.5017276208861272,0.7601164750854842
GSM4453617_P42,B cells,within_sample_positive_median,Apoptosis_DDR_score,19,74,,8.694264341464729,1.2384916138718243,1.238629597307516,-0.00013798343569182414,0.81655971621247,0.81655971621247
GSM4453617_P42,B cells,within_sample_positive_quartiles,UPR_ER_stress_score,10,10,7.9751404379590705,9.292271219892452,2.9152290238776044,5.292619375218329,-2.377390351340724,0.031145570791027408,0.10780511433877435
GSM4453617_P42,B cells,within_sample_positive_quartiles,NRF2_redox_score,10,10,7.9751404379590705,9.292271219892452,4.68903819613662,5.906892989708157,-1.2178547935715374,0.053902557169387175,0.10780511433877435
GSM4453617_P42,B cells,within_sample_positive_quartiles,Ribosome_translation_score,10,10,7.9751404379590705,9.292271219892452,8.21297679834556,9.503535699147358,-1.2905589008017984,0.21229383619233155,0.21229383619233155
GSM4453617_P42,B cells,within_sample_positive_quartiles,Apoptosis_DDR_score,10,10,7.9751404379590705,9.292271219892452,1.144937732687659,2.264443313407406,-1.1195055807197467,0.14551855657456617,0.19402474209942155
GSM4453617_P42,B cells,detected_vs_undetected,UPR_ER_stress_score,37,56,0.0,0.0,4.311596756541261,2.885928044182567,1.4256687123586942,0.004820835950755138,0.006427781267673517
GSM4453617_P42,B cells,detected_vs_undetected,NRF2_redox_score,37,56,0.0,0.0,5.372056589004176,2.442440647803615,2.9296159412005607,8.783341528498472e-11,3.513336611399389e-10
GSM4453617_P42,B cells,detected_vs_undetected,Ribosome_translation_score,37,56,0.0,0.0,9.15674840653832,8.283441579017945,0.8733068275203753,0.0922438552978454,0.0922438552978454
GSM4453617_P42,B cells,detected_vs_undetected,Apoptosis_DDR_score,37,56,0.0,0.0,1.7303192590497836,0.9137163978478368,0.8166028612019468,0.004541704382767814,0.006427781267673517
GSM4453617_P42,Plasma cells,within_sample_positive_median,UPR_ER_stress_score,30,113,,8.327074953570607,5.784764759968263,5.431456553232118,0.3533082067361448,0.39515186439315886,0.39515186439315886
GSM4453617_P42,Plasma cells,within_sample_positive_median,NRF2_redox_score,30,113,,8.327074953570607,4.8833231568556785,2.4101524665683933,2.473170690287285,2.911596165687991e-06,1.1646384662751963e-05
GSM4453617_P42,Plasma cells,within_sample_positive_median,Ribosome_translation_score,30,113,,8.327074953570607,9.375239575162599,8.09903402081978,1.2762055543428197,0.00010894889917585227,0.00021789779835170453
GSM4453617_P42,Plasma cells,within_sample_positive_median,Apoptosis_DDR_score,30,113,,8.327074953570607,1.679783662058918,0.8694722093877457,0.8103114526711722,0.0019663492623366464,0.002621799016448862
GSM4453617_P42,Plasma cells,within_sample_positive_quartiles,UPR_ER_stress_score,15,15,7.660668506242753,8.675534805981929,5.2561934566818875,5.932428660505496,-0.6762352038236088,0.6186695570822622,0.9044032874629765
GSM4453617_P42,Plasma cells,within_sample_positive_quartiles,NRF2_redox_score,15,15,7.660668506242753,8.675534805981929,5.0920482373238345,4.666118943392686,0.42592929393114876,0.6783024655972324,0.9044032874629765
GSM4453617_P42,Plasma cells,within_sample_positive_quartiles,Ribosome_translation_score,15,15,7.660668506242753,8.675534805981929,9.307623536299557,9.376056049260082,-0.06843251296052522,0.10573920209087935,0.4229568083635174
GSM4453617_P42,Plasma cells,within_sample_positive_quartiles,Apoptosis_DDR_score,15,15,7.660668506242753,8.675534805981929,1.7157483339194786,1.7592324373275097,-0.043484103408031105,0.9664643700749312,0.9664643700749312
GSM4453617_P42,Plasma cells,detected_vs_undetected,UPR_ER_stress_score,60,83,0.0,0.0,5.863844484117597,5.246588726111101,0.6172557580064959,0.17769363608776134,0.17769363608776134
GSM4453617_P42,Plasma cells,detected_vs_undetected,NRF2_redox_score,60,83,0.0,0.0,5.049713476985224,1.3959531904672928,3.6537602865179313,3.024183076231587e-16,1.2096732304926348e-15
GSM4453617_P42,Plasma cells,detected_vs_undetected,Ribosome_translation_score,60,83,0.0,0.0,9.4813124671689,7.561075705751556,1.9202367614173443,1.5140997977336845e-10,3.028199595467369e-10
GSM4453617_P42,Plasma cells,detected_vs_undetected,Apoptosis_DDR_score,60,83,0.0,0.0,1.7883970239622498,0.49807286849214244,1.2903241554701073,8.19617281498263e-09,1.092823041997684e-08
GSM4453617_P42,B-lineage combined,within_sample_positive_median,UPR_ER_stress_score,49,187,,8.411514943777167,4.796536110518849,4.6706326971395935,0.12590341337925537,0.7455832399365169,0.7455832399365169
GSM4453617_P42,B-lineage combined,within_sample_positive_median,NRF2_redox_score,49,187,,8.411514943777167,4.940151880175792,2.739691183793807,2.200460696381985,4.317653641298238e-08,1.7270614565192953e-07
GSM4453617_P42,B-lineage combined,within_sample_positive_median,Ribosome_translation_score,49,187,,8.411514943777167,9.23744697574738,8.269976199266386,0.9674707764809938,0.0004180736460935241,0.0008361472921870482
GSM4453617_P42,B-lineage combined,within_sample_positive_median,Apoptosis_DDR_score,49,187,,8.411514943777167,1.5475670759914093,1.0053637094295433,0.542203366561866,0.008929396875693116,0.011905862500924154
GSM4453617_P42,B-lineage combined,within_sample_positive_quartiles,UPR_ER_stress_score,25,25,7.719864884341822,8.900354766919778,3.8893187563062424,5.8468920090132,-1.957573252706958,0.003608539908221878,0.014434159632887512
GSM4453617_P42,B-lineage combined,within_sample_positive_quartiles,NRF2_redox_score,25,25,7.719864884341822,8.900354766919778,4.773421926330564,5.103325367960231,-0.3299034416296669,0.361803488317166,0.4824046510895547
GSM4453617_P42,B-lineage combined,within_sample_positive_quartiles,Ribosome_translation_score,25,25,7.719864884341822,8.900354766919778,8.813761170538442,9.50289225463848,-0.6891310841000386,0.6276258050283593,0.6276258050283593
GSM4453617_P42,B-lineage combined,within_sample_positive_quartiles,Apoptosis_DDR_score,25,25,7.719864884341822,8.900354766919778,1.399076719866775,1.989850165747711,-0.5907734458809359,0.24585443358586112,0.4824046510895547
GSM4453617_P42,B-lineage combined,detected_vs_undetected,UPR_ER_stress_score,97,139,0.0,0.0,5.271749990093634,4.295531185190253,0.9762188049033815,0.004147311607361631,0.004147311607361631
GSM4453617_P42,B-lineage combined,detected_vs_undetected,NRF2_redox_score,97,139,0.0,0.0,5.17266909703369,1.8175596480991922,3.355109448934498,5.5063141684454484e-24,2.2025256673781794e-23
GSM4453617_P42,B-lineage combined,detected_vs_undetected,Ribosome_translation_score,97,139,0.0,0.0,9.357509681155172,7.8521008057725465,1.5054088753826251,1.1657030465307443e-09,1.5542707287076591e-09
GSM4453617_P42,B-lineage combined,detected_vs_undetected,Apoptosis_DDR_score,97,139,0.0,0.0,1.7662436497172886,0.6655263767217747,1.100717272995514,4.377882583748675e-10,8.75576516749735e-10
